p 257 h 125 constraints 15991
0 0 1 0
1 0 1 1
2 0 1 2
3 0 1 3
4 0 1 4
5 0 1 5
6 0 1 6
7 0 1 7
8 0 1 8
9 0 1 9
10 0 1 10
11 0 1 11
12 0 1 12
13 0 1 13
14 0 1 14
15 0 1 15
16 0 1 16
17 0 1 17
18 0 1 18
19 0 1 19
20 0 1 20
21 0 1 21
22 0 1 22
23 0 1 23
24 0 1 24
25 0 1 25
26 0 1 26
27 0 1 27
28 0 1 28
29 0 1 29
30 0 1 30
31 0 1 31
32 0 1 32
33 0 1 33
34 0 1 34
35 0 1 35
36 0 1 36
37 0 1 37
38 0 1 38
39 0 1 39
40 0 1 40
41 0 1 41
42 0 1 42
43 0 1 43
44 0 1 44
45 0 1 45
46 0 1 46
47 0 1 47
48 0 1 48
49 0 1 49
50 0 1 50
51 0 1 51
52 0 1 52
53 0 1 53
54 0 1 54
55 0 1 55
56 0 1 56
57 0 1 57
58 0 1 58
59 0 1 59
60 0 1 60
61 0 1 61
62 0 1 62
63 1 1 2
64 1 1 3
65 1 1 4
66 1 1 5
67 1 1 6
68 1 1 7
69 1 1 8
70 1 1 9
71 1 1 10
72 1 1 11
73 1 1 12
74 1 1 13
75 1 1 14
76 1 1 15
77 1 1 16
78 1 1 17
79 1 1 18
80 1 1 19
81 1 1 20
82 1 1 21
83 1 1 22
84 1 1 23
85 1 1 24
86 1 1 25
87 1 1 26
88 1 1 27
89 1 1 28
90 1 1 29
91 1 1 30
92 1 1 31
93 1 1 32
94 1 1 33
95 1 1 34
96 1 1 35
97 1 1 36
98 1 1 37
99 1 1 38
100 1 1 39
101 1 1 40
102 1 1 41
103 1 1 42
104 1 1 43
105 1 1 44
106 1 1 45
107 1 1 46
108 1 1 47
109 1 1 48
110 1 1 49
111 1 1 50
112 1 1 51
113 1 1 52
114 1 1 53
115 1 1 54
116 1 1 55
117 1 1 56
118 1 1 57
119 1 1 58
120 1 1 59
121 1 1 60
122 1 1 61
123 1 1 62
124 1 1 63
125 2 1 4
126 2 1 5
127 2 1 6
128 2 1 7
129 2 1 8
130 2 1 9
131 2 1 10
132 2 1 11
133 2 1 12
134 2 1 13
135 2 1 14
136 2 1 15
137 2 1 16
138 2 1 17
139 2 1 18
140 2 1 19
141 2 1 20
142 2 1 21
143 2 1 22
144 2 1 23
145 2 1 24
146 2 1 25
147 2 1 26
148 2 1 27
149 2 1 28
150 2 1 29
151 2 1 30
152 2 1 31
153 2 1 32
154 2 1 33
155 2 1 34
156 2 1 35
157 2 1 36
158 2 1 37
159 2 1 38
160 2 1 39
161 2 1 40
162 2 1 41
163 2 1 42
164 2 1 43
165 2 1 44
166 2 1 45
167 2 1 46
168 2 1 47
169 2 1 48
170 2 1 49
171 2 1 50
172 2 1 51
173 2 1 52
174 2 1 53
175 2 1 54
176 2 1 55
177 2 1 56
178 2 1 57
179 2 1 58
180 2 1 59
181 2 1 60
182 2 1 61
183 2 1 62
184 2 1 63
185 2 1 64
186 3 1 6
187 3 1 7
188 3 1 8
189 3 1 9
190 3 1 10
191 3 1 11
192 3 1 12
193 3 1 13
194 3 1 14
195 3 1 15
196 3 1 16
197 3 1 17
198 3 1 18
199 3 1 19
200 3 1 20
201 3 1 21
202 3 1 22
203 3 1 23
204 3 1 24
205 3 1 25
206 3 1 26
207 3 1 27
208 3 1 28
209 3 1 29
210 3 1 30
211 3 1 31
212 3 1 32
213 3 1 33
214 3 1 34
215 3 1 35
216 3 1 36
217 3 1 37
218 3 1 38
219 3 1 39
220 3 1 40
221 3 1 41
222 3 1 42
223 3 1 43
224 3 1 44
225 3 1 45
226 3 1 46
227 3 1 47
228 3 1 48
229 3 1 49
230 3 1 50
231 3 1 51
232 3 1 52
233 3 1 53
234 3 1 54
235 3 1 55
236 3 1 56
237 3 1 57
238 3 1 58
239 3 1 59
240 3 1 60
241 3 1 61
242 3 1 62
243 3 1 63
244 3 1 64
245 3 1 65
246 4 1 8
247 4 1 9
248 4 1 10
249 4 1 11
250 4 1 12
251 4 1 13
252 4 1 14
253 4 1 15
254 4 1 16
255 4 1 17
256 4 1 18
257 4 1 19
258 4 1 20
259 4 1 21
260 4 1 22
261 4 1 23
262 4 1 24
263 4 1 25
264 4 1 26
265 4 1 27
266 4 1 28
267 4 1 29
268 4 1 30
269 4 1 31
270 4 1 32
271 4 1 33
272 4 1 34
273 4 1 35
274 4 1 36
275 4 1 37
276 4 1 38
277 4 1 39
278 4 1 40
279 4 1 41
280 4 1 42
281 4 1 43
282 4 1 44
283 4 1 45
284 4 1 46
285 4 1 47
286 4 1 48
287 4 1 49
288 4 1 50
289 4 1 51
290 4 1 52
291 4 1 53
292 4 1 54
293 4 1 55
294 4 1 56
295 4 1 57
296 4 1 58
297 4 1 59
298 4 1 60
299 4 1 61
300 4 1 62
301 4 1 63
302 4 1 64
303 4 1 65
304 4 1 66
305 5 1 10
306 5 1 11
307 5 1 12
308 5 1 13
309 5 1 14
310 5 1 15
311 5 1 16
312 5 1 17
313 5 1 18
314 5 1 19
315 5 1 20
316 5 1 21
317 5 1 22
318 5 1 23
319 5 1 24
320 5 1 25
321 5 1 26
322 5 1 27
323 5 1 28
324 5 1 29
325 5 1 30
326 5 1 31
327 5 1 32
328 5 1 33
329 5 1 34
330 5 1 35
331 5 1 36
332 5 1 37
333 5 1 38
334 5 1 39
335 5 1 40
336 5 1 41
337 5 1 42
338 5 1 43
339 5 1 44
340 5 1 45
341 5 1 46
342 5 1 47
343 5 1 48
344 5 1 49
345 5 1 50
346 5 1 51
347 5 1 52
348 5 1 53
349 5 1 54
350 5 1 55
351 5 1 56
352 5 1 57
353 5 1 58
354 5 1 59
355 5 1 60
356 5 1 61
357 5 1 62
358 5 1 63
359 5 1 64
360 5 1 65
361 5 1 66
362 5 1 67
363 6 1 12
364 6 1 13
365 6 1 14
366 6 1 15
367 6 1 16
368 6 1 17
369 6 1 18
370 6 1 19
371 6 1 20
372 6 1 21
373 6 1 22
374 6 1 23
375 6 1 24
376 6 1 25
377 6 1 26
378 6 1 27
379 6 1 28
380 6 1 29
381 6 1 30
382 6 1 31
383 6 1 32
384 6 1 33
385 6 1 34
386 6 1 35
387 6 1 36
388 6 1 37
389 6 1 38
390 6 1 39
391 6 1 40
392 6 1 41
393 6 1 42
394 6 1 43
395 6 1 44
396 6 1 45
397 6 1 46
398 6 1 47
399 6 1 48
400 6 1 49
401 6 1 50
402 6 1 51
403 6 1 52
404 6 1 53
405 6 1 54
406 6 1 55
407 6 1 56
408 6 1 57
409 6 1 58
410 6 1 59
411 6 1 60
412 6 1 61
413 6 1 62
414 6 1 63
415 6 1 64
416 6 1 65
417 6 1 66
418 6 1 67
419 6 1 68
420 7 1 14
421 7 1 15
422 7 1 16
423 7 1 17
424 7 1 18
425 7 1 19
426 7 1 20
427 7 1 21
428 7 1 22
429 7 1 23
430 7 1 24
431 7 1 25
432 7 1 26
433 7 1 27
434 7 1 28
435 7 1 29
436 7 1 30
437 7 1 31
438 7 1 32
439 7 1 33
440 7 1 34
441 7 1 35
442 7 1 36
443 7 1 37
444 7 1 38
445 7 1 39
446 7 1 40
447 7 1 41
448 7 1 42
449 7 1 43
450 7 1 44
451 7 1 45
452 7 1 46
453 7 1 47
454 7 1 48
455 7 1 49
456 7 1 50
457 7 1 51
458 7 1 52
459 7 1 53
460 7 1 54
461 7 1 55
462 7 1 56
463 7 1 57
464 7 1 58
465 7 1 59
466 7 1 60
467 7 1 61
468 7 1 62
469 7 1 63
470 7 1 64
471 7 1 65
472 7 1 66
473 7 1 67
474 7 1 68
475 7 1 69
476 8 1 16
477 8 1 17
478 8 1 18
479 8 1 19
480 8 1 20
481 8 1 21
482 8 1 22
483 8 1 23
484 8 1 24
485 8 1 25
486 8 1 26
487 8 1 27
488 8 1 28
489 8 1 29
490 8 1 30
491 8 1 31
492 8 1 32
493 8 1 33
494 8 1 34
495 8 1 35
496 8 1 36
497 8 1 37
498 8 1 38
499 8 1 39
500 8 1 40
501 8 1 41
502 8 1 42
503 8 1 43
504 8 1 44
505 8 1 45
506 8 1 46
507 8 1 47
508 8 1 48
509 8 1 49
510 8 1 50
511 8 1 51
512 8 1 52
513 8 1 53
514 8 1 54
515 8 1 55
516 8 1 56
517 8 1 57
518 8 1 58
519 8 1 59
520 8 1 60
521 8 1 61
522 8 1 62
523 8 1 63
524 8 1 64
525 8 1 65
526 8 1 66
527 8 1 67
528 8 1 68
529 8 1 69
530 8 1 70
531 9 1 18
532 9 1 19
533 9 1 20
534 9 1 21
535 9 1 22
536 9 1 23
537 9 1 24
538 9 1 25
539 9 1 26
540 9 1 27
541 9 1 28
542 9 1 29
543 9 1 30
544 9 1 31
545 9 1 32
546 9 1 33
547 9 1 34
548 9 1 35
549 9 1 36
550 9 1 37
551 9 1 38
552 9 1 39
553 9 1 40
554 9 1 41
555 9 1 42
556 9 1 43
557 9 1 44
558 9 1 45
559 9 1 46
560 9 1 47
561 9 1 48
562 9 1 49
563 9 1 50
564 9 1 51
565 9 1 52
566 9 1 53
567 9 1 54
568 9 1 55
569 9 1 56
570 9 1 57
571 9 1 58
572 9 1 59
573 9 1 60
574 9 1 61
575 9 1 62
576 9 1 63
577 9 1 64
578 9 1 65
579 9 1 66
580 9 1 67
581 9 1 68
582 9 1 69
583 9 1 70
584 9 1 71
585 10 1 20
586 10 1 21
587 10 1 22
588 10 1 23
589 10 1 24
590 10 1 25
591 10 1 26
592 10 1 27
593 10 1 28
594 10 1 29
595 10 1 30
596 10 1 31
597 10 1 32
598 10 1 33
599 10 1 34
600 10 1 35
601 10 1 36
602 10 1 37
603 10 1 38
604 10 1 39
605 10 1 40
606 10 1 41
607 10 1 42
608 10 1 43
609 10 1 44
610 10 1 45
611 10 1 46
612 10 1 47
613 10 1 48
614 10 1 49
615 10 1 50
616 10 1 51
617 10 1 52
618 10 1 53
619 10 1 54
620 10 1 55
621 10 1 56
622 10 1 57
623 10 1 58
624 10 1 59
625 10 1 60
626 10 1 61
627 10 1 62
628 10 1 63
629 10 1 64
630 10 1 65
631 10 1 66
632 10 1 67
633 10 1 68
634 10 1 69
635 10 1 70
636 10 1 71
637 10 1 72
638 11 1 22
639 11 1 23
640 11 1 24
641 11 1 25
642 11 1 26
643 11 1 27
644 11 1 28
645 11 1 29
646 11 1 30
647 11 1 31
648 11 1 32
649 11 1 33
650 11 1 34
651 11 1 35
652 11 1 36
653 11 1 37
654 11 1 38
655 11 1 39
656 11 1 40
657 11 1 41
658 11 1 42
659 11 1 43
660 11 1 44
661 11 1 45
662 11 1 46
663 11 1 47
664 11 1 48
665 11 1 49
666 11 1 50
667 11 1 51
668 11 1 52
669 11 1 53
670 11 1 54
671 11 1 55
672 11 1 56
673 11 1 57
674 11 1 58
675 11 1 59
676 11 1 60
677 11 1 61
678 11 1 62
679 11 1 63
680 11 1 64
681 11 1 65
682 11 1 66
683 11 1 67
684 11 1 68
685 11 1 69
686 11 1 70
687 11 1 71
688 11 1 72
689 11 1 73
690 12 1 24
691 12 1 25
692 12 1 26
693 12 1 27
694 12 1 28
695 12 1 29
696 12 1 30
697 12 1 31
698 12 1 32
699 12 1 33
700 12 1 34
701 12 1 35
702 12 1 36
703 12 1 37
704 12 1 38
705 12 1 39
706 12 1 40
707 12 1 41
708 12 1 42
709 12 1 43
710 12 1 44
711 12 1 45
712 12 1 46
713 12 1 47
714 12 1 48
715 12 1 49
716 12 1 50
717 12 1 51
718 12 1 52
719 12 1 53
720 12 1 54
721 12 1 55
722 12 1 56
723 12 1 57
724 12 1 58
725 12 1 59
726 12 1 60
727 12 1 61
728 12 1 62
729 12 1 63
730 12 1 64
731 12 1 65
732 12 1 66
733 12 1 67
734 12 1 68
735 12 1 69
736 12 1 70
737 12 1 71
738 12 1 72
739 12 1 73
740 12 1 74
741 13 1 26
742 13 1 27
743 13 1 28
744 13 1 29
745 13 1 30
746 13 1 31
747 13 1 32
748 13 1 33
749 13 1 34
750 13 1 35
751 13 1 36
752 13 1 37
753 13 1 38
754 13 1 39
755 13 1 40
756 13 1 41
757 13 1 42
758 13 1 43
759 13 1 44
760 13 1 45
761 13 1 46
762 13 1 47
763 13 1 48
764 13 1 49
765 13 1 50
766 13 1 51
767 13 1 52
768 13 1 53
769 13 1 54
770 13 1 55
771 13 1 56
772 13 1 57
773 13 1 58
774 13 1 59
775 13 1 60
776 13 1 61
777 13 1 62
778 13 1 63
779 13 1 64
780 13 1 65
781 13 1 66
782 13 1 67
783 13 1 68
784 13 1 69
785 13 1 70
786 13 1 71
787 13 1 72
788 13 1 73
789 13 1 74
790 13 1 75
791 14 1 28
792 14 1 29
793 14 1 30
794 14 1 31
795 14 1 32
796 14 1 33
797 14 1 34
798 14 1 35
799 14 1 36
800 14 1 37
801 14 1 38
802 14 1 39
803 14 1 40
804 14 1 41
805 14 1 42
806 14 1 43
807 14 1 44
808 14 1 45
809 14 1 46
810 14 1 47
811 14 1 48
812 14 1 49
813 14 1 50
814 14 1 51
815 14 1 52
816 14 1 53
817 14 1 54
818 14 1 55
819 14 1 56
820 14 1 57
821 14 1 58
822 14 1 59
823 14 1 60
824 14 1 61
825 14 1 62
826 14 1 63
827 14 1 64
828 14 1 65
829 14 1 66
830 14 1 67
831 14 1 68
832 14 1 69
833 14 1 70
834 14 1 71
835 14 1 72
836 14 1 73
837 14 1 74
838 14 1 75
839 14 1 76
840 15 1 30
841 15 1 31
842 15 1 32
843 15 1 33
844 15 1 34
845 15 1 35
846 15 1 36
847 15 1 37
848 15 1 38
849 15 1 39
850 15 1 40
851 15 1 41
852 15 1 42
853 15 1 43
854 15 1 44
855 15 1 45
856 15 1 46
857 15 1 47
858 15 1 48
859 15 1 49
860 15 1 50
861 15 1 51
862 15 1 52
863 15 1 53
864 15 1 54
865 15 1 55
866 15 1 56
867 15 1 57
868 15 1 58
869 15 1 59
870 15 1 60
871 15 1 61
872 15 1 62
873 15 1 63
874 15 1 64
875 15 1 65
876 15 1 66
877 15 1 67
878 15 1 68
879 15 1 69
880 15 1 70
881 15 1 71
882 15 1 72
883 15 1 73
884 15 1 74
885 15 1 75
886 15 1 76
887 15 1 77
888 16 1 32
889 16 1 33
890 16 1 34
891 16 1 35
892 16 1 36
893 16 1 37
894 16 1 38
895 16 1 39
896 16 1 40
897 16 1 41
898 16 1 42
899 16 1 43
900 16 1 44
901 16 1 45
902 16 1 46
903 16 1 47
904 16 1 48
905 16 1 49
906 16 1 50
907 16 1 51
908 16 1 52
909 16 1 53
910 16 1 54
911 16 1 55
912 16 1 56
913 16 1 57
914 16 1 58
915 16 1 59
916 16 1 60
917 16 1 61
918 16 1 62
919 16 1 63
920 16 1 64
921 16 1 65
922 16 1 66
923 16 1 67
924 16 1 68
925 16 1 69
926 16 1 70
927 16 1 71
928 16 1 72
929 16 1 73
930 16 1 74
931 16 1 75
932 16 1 76
933 16 1 77
934 16 1 78
935 17 1 34
936 17 1 35
937 17 1 36
938 17 1 37
939 17 1 38
940 17 1 39
941 17 1 40
942 17 1 41
943 17 1 42
944 17 1 43
945 17 1 44
946 17 1 45
947 17 1 46
948 17 1 47
949 17 1 48
950 17 1 49
951 17 1 50
952 17 1 51
953 17 1 52
954 17 1 53
955 17 1 54
956 17 1 55
957 17 1 56
958 17 1 57
959 17 1 58
960 17 1 59
961 17 1 60
962 17 1 61
963 17 1 62
964 17 1 63
965 17 1 64
966 17 1 65
967 17 1 66
968 17 1 67
969 17 1 68
970 17 1 69
971 17 1 70
972 17 1 71
973 17 1 72
974 17 1 73
975 17 1 74
976 17 1 75
977 17 1 76
978 17 1 77
979 17 1 78
980 17 1 79
981 18 1 36
982 18 1 37
983 18 1 38
984 18 1 39
985 18 1 40
986 18 1 41
987 18 1 42
988 18 1 43
989 18 1 44
990 18 1 45
991 18 1 46
992 18 1 47
993 18 1 48
994 18 1 49
995 18 1 50
996 18 1 51
997 18 1 52
998 18 1 53
999 18 1 54
1000 18 1 55
1001 18 1 56
1002 18 1 57
1003 18 1 58
1004 18 1 59
1005 18 1 60
1006 18 1 61
1007 18 1 62
1008 18 1 63
1009 18 1 64
1010 18 1 65
1011 18 1 66
1012 18 1 67
1013 18 1 68
1014 18 1 69
1015 18 1 70
1016 18 1 71
1017 18 1 72
1018 18 1 73
1019 18 1 74
1020 18 1 75
1021 18 1 76
1022 18 1 77
1023 18 1 78
1024 18 1 79
1025 18 1 80
1026 19 1 38
1027 19 1 39
1028 19 1 40
1029 19 1 41
1030 19 1 42
1031 19 1 43
1032 19 1 44
1033 19 1 45
1034 19 1 46
1035 19 1 47
1036 19 1 48
1037 19 1 49
1038 19 1 50
1039 19 1 51
1040 19 1 52
1041 19 1 53
1042 19 1 54
1043 19 1 55
1044 19 1 56
1045 19 1 57
1046 19 1 58
1047 19 1 59
1048 19 1 60
1049 19 1 61
1050 19 1 62
1051 19 1 63
1052 19 1 64
1053 19 1 65
1054 19 1 66
1055 19 1 67
1056 19 1 68
1057 19 1 69
1058 19 1 70
1059 19 1 71
1060 19 1 72
1061 19 1 73
1062 19 1 74
1063 19 1 75
1064 19 1 76
1065 19 1 77
1066 19 1 78
1067 19 1 79
1068 19 1 80
1069 19 1 81
1070 20 1 40
1071 20 1 41
1072 20 1 42
1073 20 1 43
1074 20 1 44
1075 20 1 45
1076 20 1 46
1077 20 1 47
1078 20 1 48
1079 20 1 49
1080 20 1 50
1081 20 1 51
1082 20 1 52
1083 20 1 53
1084 20 1 54
1085 20 1 55
1086 20 1 56
1087 20 1 57
1088 20 1 58
1089 20 1 59
1090 20 1 60
1091 20 1 61
1092 20 1 62
1093 20 1 63
1094 20 1 64
1095 20 1 65
1096 20 1 66
1097 20 1 67
1098 20 1 68
1099 20 1 69
1100 20 1 70
1101 20 1 71
1102 20 1 72
1103 20 1 73
1104 20 1 74
1105 20 1 75
1106 20 1 76
1107 20 1 77
1108 20 1 78
1109 20 1 79
1110 20 1 80
1111 20 1 81
1112 20 1 82
1113 21 1 42
1114 21 1 43
1115 21 1 44
1116 21 1 45
1117 21 1 46
1118 21 1 47
1119 21 1 48
1120 21 1 49
1121 21 1 50
1122 21 1 51
1123 21 1 52
1124 21 1 53
1125 21 1 54
1126 21 1 55
1127 21 1 56
1128 21 1 57
1129 21 1 58
1130 21 1 59
1131 21 1 60
1132 21 1 61
1133 21 1 62
1134 21 1 63
1135 21 1 64
1136 21 1 65
1137 21 1 66
1138 21 1 67
1139 21 1 68
1140 21 1 69
1141 21 1 70
1142 21 1 71
1143 21 1 72
1144 21 1 73
1145 21 1 74
1146 21 1 75
1147 21 1 76
1148 21 1 77
1149 21 1 78
1150 21 1 79
1151 21 1 80
1152 21 1 81
1153 21 1 82
1154 21 1 83
1155 22 1 44
1156 22 1 45
1157 22 1 46
1158 22 1 47
1159 22 1 48
1160 22 1 49
1161 22 1 50
1162 22 1 51
1163 22 1 52
1164 22 1 53
1165 22 1 54
1166 22 1 55
1167 22 1 56
1168 22 1 57
1169 22 1 58
1170 22 1 59
1171 22 1 60
1172 22 1 61
1173 22 1 62
1174 22 1 63
1175 22 1 64
1176 22 1 65
1177 22 1 66
1178 22 1 67
1179 22 1 68
1180 22 1 69
1181 22 1 70
1182 22 1 71
1183 22 1 72
1184 22 1 73
1185 22 1 74
1186 22 1 75
1187 22 1 76
1188 22 1 77
1189 22 1 78
1190 22 1 79
1191 22 1 80
1192 22 1 81
1193 22 1 82
1194 22 1 83
1195 22 1 84
1196 23 1 46
1197 23 1 47
1198 23 1 48
1199 23 1 49
1200 23 1 50
1201 23 1 51
1202 23 1 52
1203 23 1 53
1204 23 1 54
1205 23 1 55
1206 23 1 56
1207 23 1 57
1208 23 1 58
1209 23 1 59
1210 23 1 60
1211 23 1 61
1212 23 1 62
1213 23 1 63
1214 23 1 64
1215 23 1 65
1216 23 1 66
1217 23 1 67
1218 23 1 68
1219 23 1 69
1220 23 1 70
1221 23 1 71
1222 23 1 72
1223 23 1 73
1224 23 1 74
1225 23 1 75
1226 23 1 76
1227 23 1 77
1228 23 1 78
1229 23 1 79
1230 23 1 80
1231 23 1 81
1232 23 1 82
1233 23 1 83
1234 23 1 84
1235 23 1 85
1236 24 1 48
1237 24 1 49
1238 24 1 50
1239 24 1 51
1240 24 1 52
1241 24 1 53
1242 24 1 54
1243 24 1 55
1244 24 1 56
1245 24 1 57
1246 24 1 58
1247 24 1 59
1248 24 1 60
1249 24 1 61
1250 24 1 62
1251 24 1 63
1252 24 1 64
1253 24 1 65
1254 24 1 66
1255 24 1 67
1256 24 1 68
1257 24 1 69
1258 24 1 70
1259 24 1 71
1260 24 1 72
1261 24 1 73
1262 24 1 74
1263 24 1 75
1264 24 1 76
1265 24 1 77
1266 24 1 78
1267 24 1 79
1268 24 1 80
1269 24 1 81
1270 24 1 82
1271 24 1 83
1272 24 1 84
1273 24 1 85
1274 24 1 86
1275 25 1 50
1276 25 1 51
1277 25 1 52
1278 25 1 53
1279 25 1 54
1280 25 1 55
1281 25 1 56
1282 25 1 57
1283 25 1 58
1284 25 1 59
1285 25 1 60
1286 25 1 61
1287 25 1 62
1288 25 1 63
1289 25 1 64
1290 25 1 65
1291 25 1 66
1292 25 1 67
1293 25 1 68
1294 25 1 69
1295 25 1 70
1296 25 1 71
1297 25 1 72
1298 25 1 73
1299 25 1 74
1300 25 1 75
1301 25 1 76
1302 25 1 77
1303 25 1 78
1304 25 1 79
1305 25 1 80
1306 25 1 81
1307 25 1 82
1308 25 1 83
1309 25 1 84
1310 25 1 85
1311 25 1 86
1312 25 1 87
1313 26 1 52
1314 26 1 53
1315 26 1 54
1316 26 1 55
1317 26 1 56
1318 26 1 57
1319 26 1 58
1320 26 1 59
1321 26 1 60
1322 26 1 61
1323 26 1 62
1324 26 1 63
1325 26 1 64
1326 26 1 65
1327 26 1 66
1328 26 1 67
1329 26 1 68
1330 26 1 69
1331 26 1 70
1332 26 1 71
1333 26 1 72
1334 26 1 73
1335 26 1 74
1336 26 1 75
1337 26 1 76
1338 26 1 77
1339 26 1 78
1340 26 1 79
1341 26 1 80
1342 26 1 81
1343 26 1 82
1344 26 1 83
1345 26 1 84
1346 26 1 85
1347 26 1 86
1348 26 1 87
1349 26 1 88
1350 27 1 54
1351 27 1 55
1352 27 1 56
1353 27 1 57
1354 27 1 58
1355 27 1 59
1356 27 1 60
1357 27 1 61
1358 27 1 62
1359 27 1 63
1360 27 1 64
1361 27 1 65
1362 27 1 66
1363 27 1 67
1364 27 1 68
1365 27 1 69
1366 27 1 70
1367 27 1 71
1368 27 1 72
1369 27 1 73
1370 27 1 74
1371 27 1 75
1372 27 1 76
1373 27 1 77
1374 27 1 78
1375 27 1 79
1376 27 1 80
1377 27 1 81
1378 27 1 82
1379 27 1 83
1380 27 1 84
1381 27 1 85
1382 27 1 86
1383 27 1 87
1384 27 1 88
1385 27 1 89
1386 28 1 56
1387 28 1 57
1388 28 1 58
1389 28 1 59
1390 28 1 60
1391 28 1 61
1392 28 1 62
1393 28 1 63
1394 28 1 64
1395 28 1 65
1396 28 1 66
1397 28 1 67
1398 28 1 68
1399 28 1 69
1400 28 1 70
1401 28 1 71
1402 28 1 72
1403 28 1 73
1404 28 1 74
1405 28 1 75
1406 28 1 76
1407 28 1 77
1408 28 1 78
1409 28 1 79
1410 28 1 80
1411 28 1 81
1412 28 1 82
1413 28 1 83
1414 28 1 84
1415 28 1 85
1416 28 1 86
1417 28 1 87
1418 28 1 88
1419 28 1 89
1420 28 1 90
1421 29 1 58
1422 29 1 59
1423 29 1 60
1424 29 1 61
1425 29 1 62
1426 29 1 63
1427 29 1 64
1428 29 1 65
1429 29 1 66
1430 29 1 67
1431 29 1 68
1432 29 1 69
1433 29 1 70
1434 29 1 71
1435 29 1 72
1436 29 1 73
1437 29 1 74
1438 29 1 75
1439 29 1 76
1440 29 1 77
1441 29 1 78
1442 29 1 79
1443 29 1 80
1444 29 1 81
1445 29 1 82
1446 29 1 83
1447 29 1 84
1448 29 1 85
1449 29 1 86
1450 29 1 87
1451 29 1 88
1452 29 1 89
1453 29 1 90
1454 29 1 91
1455 30 1 60
1456 30 1 61
1457 30 1 62
1458 30 1 63
1459 30 1 64
1460 30 1 65
1461 30 1 66
1462 30 1 67
1463 30 1 68
1464 30 1 69
1465 30 1 70
1466 30 1 71
1467 30 1 72
1468 30 1 73
1469 30 1 74
1470 30 1 75
1471 30 1 76
1472 30 1 77
1473 30 1 78
1474 30 1 79
1475 30 1 80
1476 30 1 81
1477 30 1 82
1478 30 1 83
1479 30 1 84
1480 30 1 85
1481 30 1 86
1482 30 1 87
1483 30 1 88
1484 30 1 89
1485 30 1 90
1486 30 1 91
1487 30 1 92
1488 31 1 62
1489 31 1 63
1490 31 1 64
1491 31 1 65
1492 31 1 66
1493 31 1 67
1494 31 1 68
1495 31 1 69
1496 31 1 70
1497 31 1 71
1498 31 1 72
1499 31 1 73
1500 31 1 74
1501 31 1 75
1502 31 1 76
1503 31 1 77
1504 31 1 78
1505 31 1 79
1506 31 1 80
1507 31 1 81
1508 31 1 82
1509 31 1 83
1510 31 1 84
1511 31 1 85
1512 31 1 86
1513 31 1 87
1514 31 1 88
1515 31 1 89
1516 31 1 90
1517 31 1 91
1518 31 1 92
1519 31 1 93
1520 32 1 64
1521 32 1 65
1522 32 1 66
1523 32 1 67
1524 32 1 68
1525 32 1 69
1526 32 1 70
1527 32 1 71
1528 32 1 72
1529 32 1 73
1530 32 1 74
1531 32 1 75
1532 32 1 76
1533 32 1 77
1534 32 1 78
1535 32 1 79
1536 32 1 80
1537 32 1 81
1538 32 1 82
1539 32 1 83
1540 32 1 84
1541 32 1 85
1542 32 1 86
1543 32 1 87
1544 32 1 88
1545 32 1 89
1546 32 1 90
1547 32 1 91
1548 32 1 92
1549 32 1 93
1550 32 1 94
1551 33 1 66
1552 33 1 67
1553 33 1 68
1554 33 1 69
1555 33 1 70
1556 33 1 71
1557 33 1 72
1558 33 1 73
1559 33 1 74
1560 33 1 75
1561 33 1 76
1562 33 1 77
1563 33 1 78
1564 33 1 79
1565 33 1 80
1566 33 1 81
1567 33 1 82
1568 33 1 83
1569 33 1 84
1570 33 1 85
1571 33 1 86
1572 33 1 87
1573 33 1 88
1574 33 1 89
1575 33 1 90
1576 33 1 91
1577 33 1 92
1578 33 1 93
1579 33 1 94
1580 33 1 95
1581 34 1 68
1582 34 1 69
1583 34 1 70
1584 34 1 71
1585 34 1 72
1586 34 1 73
1587 34 1 74
1588 34 1 75
1589 34 1 76
1590 34 1 77
1591 34 1 78
1592 34 1 79
1593 34 1 80
1594 34 1 81
1595 34 1 82
1596 34 1 83
1597 34 1 84
1598 34 1 85
1599 34 1 86
1600 34 1 87
1601 34 1 88
1602 34 1 89
1603 34 1 90
1604 34 1 91
1605 34 1 92
1606 34 1 93
1607 34 1 94
1608 34 1 95
1609 34 1 96
1610 35 1 70
1611 35 1 71
1612 35 1 72
1613 35 1 73
1614 35 1 74
1615 35 1 75
1616 35 1 76
1617 35 1 77
1618 35 1 78
1619 35 1 79
1620 35 1 80
1621 35 1 81
1622 35 1 82
1623 35 1 83
1624 35 1 84
1625 35 1 85
1626 35 1 86
1627 35 1 87
1628 35 1 88
1629 35 1 89
1630 35 1 90
1631 35 1 91
1632 35 1 92
1633 35 1 93
1634 35 1 94
1635 35 1 95
1636 35 1 96
1637 35 1 97
1638 36 1 72
1639 36 1 73
1640 36 1 74
1641 36 1 75
1642 36 1 76
1643 36 1 77
1644 36 1 78
1645 36 1 79
1646 36 1 80
1647 36 1 81
1648 36 1 82
1649 36 1 83
1650 36 1 84
1651 36 1 85
1652 36 1 86
1653 36 1 87
1654 36 1 88
1655 36 1 89
1656 36 1 90
1657 36 1 91
1658 36 1 92
1659 36 1 93
1660 36 1 94
1661 36 1 95
1662 36 1 96
1663 36 1 97
1664 36 1 98
1665 37 1 74
1666 37 1 75
1667 37 1 76
1668 37 1 77
1669 37 1 78
1670 37 1 79
1671 37 1 80
1672 37 1 81
1673 37 1 82
1674 37 1 83
1675 37 1 84
1676 37 1 85
1677 37 1 86
1678 37 1 87
1679 37 1 88
1680 37 1 89
1681 37 1 90
1682 37 1 91
1683 37 1 92
1684 37 1 93
1685 37 1 94
1686 37 1 95
1687 37 1 96
1688 37 1 97
1689 37 1 98
1690 37 1 99
1691 38 1 76
1692 38 1 77
1693 38 1 78
1694 38 1 79
1695 38 1 80
1696 38 1 81
1697 38 1 82
1698 38 1 83
1699 38 1 84
1700 38 1 85
1701 38 1 86
1702 38 1 87
1703 38 1 88
1704 38 1 89
1705 38 1 90
1706 38 1 91
1707 38 1 92
1708 38 1 93
1709 38 1 94
1710 38 1 95
1711 38 1 96
1712 38 1 97
1713 38 1 98
1714 38 1 99
1715 38 1 100
1716 39 1 78
1717 39 1 79
1718 39 1 80
1719 39 1 81
1720 39 1 82
1721 39 1 83
1722 39 1 84
1723 39 1 85
1724 39 1 86
1725 39 1 87
1726 39 1 88
1727 39 1 89
1728 39 1 90
1729 39 1 91
1730 39 1 92
1731 39 1 93
1732 39 1 94
1733 39 1 95
1734 39 1 96
1735 39 1 97
1736 39 1 98
1737 39 1 99
1738 39 1 100
1739 39 1 101
1740 40 1 80
1741 40 1 81
1742 40 1 82
1743 40 1 83
1744 40 1 84
1745 40 1 85
1746 40 1 86
1747 40 1 87
1748 40 1 88
1749 40 1 89
1750 40 1 90
1751 40 1 91
1752 40 1 92
1753 40 1 93
1754 40 1 94
1755 40 1 95
1756 40 1 96
1757 40 1 97
1758 40 1 98
1759 40 1 99
1760 40 1 100
1761 40 1 101
1762 40 1 102
1763 41 1 82
1764 41 1 83
1765 41 1 84
1766 41 1 85
1767 41 1 86
1768 41 1 87
1769 41 1 88
1770 41 1 89
1771 41 1 90
1772 41 1 91
1773 41 1 92
1774 41 1 93
1775 41 1 94
1776 41 1 95
1777 41 1 96
1778 41 1 97
1779 41 1 98
1780 41 1 99
1781 41 1 100
1782 41 1 101
1783 41 1 102
1784 41 1 103
1785 42 1 84
1786 42 1 85
1787 42 1 86
1788 42 1 87
1789 42 1 88
1790 42 1 89
1791 42 1 90
1792 42 1 91
1793 42 1 92
1794 42 1 93
1795 42 1 94
1796 42 1 95
1797 42 1 96
1798 42 1 97
1799 42 1 98
1800 42 1 99
1801 42 1 100
1802 42 1 101
1803 42 1 102
1804 42 1 103
1805 42 1 104
1806 43 1 86
1807 43 1 87
1808 43 1 88
1809 43 1 89
1810 43 1 90
1811 43 1 91
1812 43 1 92
1813 43 1 93
1814 43 1 94
1815 43 1 95
1816 43 1 96
1817 43 1 97
1818 43 1 98
1819 43 1 99
1820 43 1 100
1821 43 1 101
1822 43 1 102
1823 43 1 103
1824 43 1 104
1825 43 1 105
1826 44 1 88
1827 44 1 89
1828 44 1 90
1829 44 1 91
1830 44 1 92
1831 44 1 93
1832 44 1 94
1833 44 1 95
1834 44 1 96
1835 44 1 97
1836 44 1 98
1837 44 1 99
1838 44 1 100
1839 44 1 101
1840 44 1 102
1841 44 1 103
1842 44 1 104
1843 44 1 105
1844 44 1 106
1845 45 1 90
1846 45 1 91
1847 45 1 92
1848 45 1 93
1849 45 1 94
1850 45 1 95
1851 45 1 96
1852 45 1 97
1853 45 1 98
1854 45 1 99
1855 45 1 100
1856 45 1 101
1857 45 1 102
1858 45 1 103
1859 45 1 104
1860 45 1 105
1861 45 1 106
1862 45 1 107
1863 46 1 92
1864 46 1 93
1865 46 1 94
1866 46 1 95
1867 46 1 96
1868 46 1 97
1869 46 1 98
1870 46 1 99
1871 46 1 100
1872 46 1 101
1873 46 1 102
1874 46 1 103
1875 46 1 104
1876 46 1 105
1877 46 1 106
1878 46 1 107
1879 46 1 108
1880 47 1 94
1881 47 1 95
1882 47 1 96
1883 47 1 97
1884 47 1 98
1885 47 1 99
1886 47 1 100
1887 47 1 101
1888 47 1 102
1889 47 1 103
1890 47 1 104
1891 47 1 105
1892 47 1 106
1893 47 1 107
1894 47 1 108
1895 47 1 109
1896 48 1 96
1897 48 1 97
1898 48 1 98
1899 48 1 99
1900 48 1 100
1901 48 1 101
1902 48 1 102
1903 48 1 103
1904 48 1 104
1905 48 1 105
1906 48 1 106
1907 48 1 107
1908 48 1 108
1909 48 1 109
1910 48 1 110
1911 49 1 98
1912 49 1 99
1913 49 1 100
1914 49 1 101
1915 49 1 102
1916 49 1 103
1917 49 1 104
1918 49 1 105
1919 49 1 106
1920 49 1 107
1921 49 1 108
1922 49 1 109
1923 49 1 110
1924 49 1 111
1925 50 1 100
1926 50 1 101
1927 50 1 102
1928 50 1 103
1929 50 1 104
1930 50 1 105
1931 50 1 106
1932 50 1 107
1933 50 1 108
1934 50 1 109
1935 50 1 110
1936 50 1 111
1937 50 1 112
1938 51 1 102
1939 51 1 103
1940 51 1 104
1941 51 1 105
1942 51 1 106
1943 51 1 107
1944 51 1 108
1945 51 1 109
1946 51 1 110
1947 51 1 111
1948 51 1 112
1949 51 1 113
1950 52 1 104
1951 52 1 105
1952 52 1 106
1953 52 1 107
1954 52 1 108
1955 52 1 109
1956 52 1 110
1957 52 1 111
1958 52 1 112
1959 52 1 113
1960 52 1 114
1961 53 1 106
1962 53 1 107
1963 53 1 108
1964 53 1 109
1965 53 1 110
1966 53 1 111
1967 53 1 112
1968 53 1 113
1969 53 1 114
1970 53 1 115
1971 54 1 108
1972 54 1 109
1973 54 1 110
1974 54 1 111
1975 54 1 112
1976 54 1 113
1977 54 1 114
1978 54 1 115
1979 54 1 116
1980 55 1 110
1981 55 1 111
1982 55 1 112
1983 55 1 113
1984 55 1 114
1985 55 1 115
1986 55 1 116
1987 55 1 117
1988 56 1 112
1989 56 1 113
1990 56 1 114
1991 56 1 115
1992 56 1 116
1993 56 1 117
1994 56 1 118
1995 57 1 114
1996 57 1 115
1997 57 1 116
1998 57 1 117
1999 57 1 118
2000 57 1 119
2001 58 1 116
2002 58 1 117
2003 58 1 118
2004 58 1 119
2005 58 1 120
2006 59 1 118
2007 59 1 119
2008 59 1 120
2009 59 1 121
2010 60 1 120
2011 60 1 121
2012 60 1 122
2013 61 1 122
2014 61 1 123
2015 62 1 124
2016 63 129 126
2017 62 193 125
2018 61 225 124
2019 60 241 123
2020 59 249 122
2021 58 253 121
2022 57 255 120
2023 56 256 119
2024 55 128 118
2025 54 64 117
2026 53 32 116
2027 52 16 115
2028 51 8 114
2029 50 4 113
2030 49 2 112
2031 48 1 111
2032 47 129 110
2033 46 193 109
2034 45 225 108
2035 44 241 107
2036 43 249 106
2037 42 253 105
2038 41 255 104
2039 40 256 103
2040 39 128 102
2041 38 64 101
2042 37 32 100
2043 36 16 99
2044 35 8 98
2045 34 4 97
2046 33 2 96
2047 32 1 95
2048 31 129 94
2049 30 193 93
2050 29 225 92
2051 28 241 91
2052 27 249 90
2053 26 253 89
2054 25 255 88
2055 24 256 87
2056 23 128 86
2057 22 64 85
2058 21 32 84
2059 20 16 83
2060 19 8 82
2061 18 4 81
2062 17 2 80
2063 16 1 79
2064 15 129 78
2065 14 193 77
2066 13 225 76
2067 12 241 75
2068 11 249 74
2069 10 253 73
2070 9 255 72
2071 8 256 71
2072 7 128 70
2073 6 64 69
2074 5 32 68
2075 4 16 67
2076 3 8 66
2077 64 129 128
2078 63 193 127
2079 62 225 126
2080 61 241 125
2081 60 249 124
2082 59 253 123
2083 58 255 122
2084 57 256 121
2085 56 128 120
2086 55 64 119
2087 54 32 118
2088 53 16 117
2089 52 8 116
2090 51 4 115
2091 50 2 114
2092 49 1 113
2093 48 129 112
2094 47 193 111
2095 46 225 110
2096 45 241 109
2097 44 249 108
2098 43 253 107
2099 42 255 106
2100 41 256 105
2101 40 128 104
2102 39 64 103
2103 38 32 102
2104 37 16 101
2105 36 8 100
2106 35 4 99
2107 34 2 98
2108 33 1 97
2109 32 129 96
2110 31 193 95
2111 30 225 94
2112 29 241 93
2113 28 249 92
2114 27 253 91
2115 26 255 90
2116 25 256 89
2117 24 128 88
2118 23 64 87
2119 22 32 86
2120 21 16 85
2121 20 8 84
2122 19 4 83
2123 18 2 82
2124 17 1 81
2125 16 129 80
2126 15 193 79
2127 14 225 78
2128 13 241 77
2129 12 249 76
2130 11 253 75
2131 10 255 74
2132 9 256 73
2133 8 128 72
2134 7 64 71
2135 6 32 70
2136 5 16 69
2137 65 129 130
2138 64 193 129
2139 63 225 128
2140 62 241 127
2141 61 249 126
2142 60 253 125
2143 59 255 124
2144 58 256 123
2145 57 128 122
2146 56 64 121
2147 55 32 120
2148 54 16 119
2149 53 8 118
2150 52 4 117
2151 51 2 116
2152 50 1 115
2153 49 129 114
2154 48 193 113
2155 47 225 112
2156 46 241 111
2157 45 249 110
2158 44 253 109
2159 43 255 108
2160 42 256 107
2161 41 128 106
2162 40 64 105
2163 39 32 104
2164 38 16 103
2165 37 8 102
2166 36 4 101
2167 35 2 100
2168 34 1 99
2169 33 129 98
2170 32 193 97
2171 31 225 96
2172 30 241 95
2173 29 249 94
2174 28 253 93
2175 27 255 92
2176 26 256 91
2177 25 128 90
2178 24 64 89
2179 23 32 88
2180 22 16 87
2181 21 8 86
2182 20 4 85
2183 19 2 84
2184 18 1 83
2185 17 129 82
2186 16 193 81
2187 15 225 80
2188 14 241 79
2189 13 249 78
2190 12 253 77
2191 11 255 76
2192 10 256 75
2193 9 128 74
2194 8 64 73
2195 7 32 72
2196 66 129 132
2197 65 193 131
2198 64 225 130
2199 63 241 129
2200 62 249 128
2201 61 253 127
2202 60 255 126
2203 59 256 125
2204 58 128 124
2205 57 64 123
2206 56 32 122
2207 55 16 121
2208 54 8 120
2209 53 4 119
2210 52 2 118
2211 51 1 117
2212 50 129 116
2213 49 193 115
2214 48 225 114
2215 47 241 113
2216 46 249 112
2217 45 253 111
2218 44 255 110
2219 43 256 109
2220 42 128 108
2221 41 64 107
2222 40 32 106
2223 39 16 105
2224 38 8 104
2225 37 4 103
2226 36 2 102
2227 35 1 101
2228 34 129 100
2229 33 193 99
2230 32 225 98
2231 31 241 97
2232 30 249 96
2233 29 253 95
2234 28 255 94
2235 27 256 93
2236 26 128 92
2237 25 64 91
2238 24 32 90
2239 23 16 89
2240 22 8 88
2241 21 4 87
2242 20 2 86
2243 19 1 85
2244 18 129 84
2245 17 193 83
2246 16 225 82
2247 15 241 81
2248 14 249 80
2249 13 253 79
2250 12 255 78
2251 11 256 77
2252 10 128 76
2253 9 64 75
2254 67 129 134
2255 66 193 133
2256 65 225 132
2257 64 241 131
2258 63 249 130
2259 62 253 129
2260 61 255 128
2261 60 256 127
2262 59 128 126
2263 58 64 125
2264 57 32 124
2265 56 16 123
2266 55 8 122
2267 54 4 121
2268 53 2 120
2269 52 1 119
2270 51 129 118
2271 50 193 117
2272 49 225 116
2273 48 241 115
2274 47 249 114
2275 46 253 113
2276 45 255 112
2277 44 256 111
2278 43 128 110
2279 42 64 109
2280 41 32 108
2281 40 16 107
2282 39 8 106
2283 38 4 105
2284 37 2 104
2285 36 1 103
2286 35 129 102
2287 34 193 101
2288 33 225 100
2289 32 241 99
2290 31 249 98
2291 30 253 97
2292 29 255 96
2293 28 256 95
2294 27 128 94
2295 26 64 93
2296 25 32 92
2297 24 16 91
2298 23 8 90
2299 22 4 89
2300 21 2 88
2301 20 1 87
2302 19 129 86
2303 18 193 85
2304 17 225 84
2305 16 241 83
2306 15 249 82
2307 14 253 81
2308 13 255 80
2309 12 256 79
2310 11 128 78
2311 68 129 136
2312 67 193 135
2313 66 225 134
2314 65 241 133
2315 64 249 132
2316 63 253 131
2317 62 255 130
2318 61 256 129
2319 60 128 128
2320 59 64 127
2321 58 32 126
2322 57 16 125
2323 56 8 124
2324 55 4 123
2325 54 2 122
2326 53 1 121
2327 52 129 120
2328 51 193 119
2329 50 225 118
2330 49 241 117
2331 48 249 116
2332 47 253 115
2333 46 255 114
2334 45 256 113
2335 44 128 112
2336 43 64 111
2337 42 32 110
2338 41 16 109
2339 40 8 108
2340 39 4 107
2341 38 2 106
2342 37 1 105
2343 36 129 104
2344 35 193 103
2345 34 225 102
2346 33 241 101
2347 32 249 100
2348 31 253 99
2349 30 255 98
2350 29 256 97
2351 28 128 96
2352 27 64 95
2353 26 32 94
2354 25 16 93
2355 24 8 92
2356 23 4 91
2357 22 2 90
2358 21 1 89
2359 20 129 88
2360 19 193 87
2361 18 225 86
2362 17 241 85
2363 16 249 84
2364 15 253 83
2365 14 255 82
2366 13 256 81
2367 69 129 138
2368 68 193 137
2369 67 225 136
2370 66 241 135
2371 65 249 134
2372 64 253 133
2373 63 255 132
2374 62 256 131
2375 61 128 130
2376 60 64 129
2377 59 32 128
2378 58 16 127
2379 57 8 126
2380 56 4 125
2381 55 2 124
2382 54 1 123
2383 53 129 122
2384 52 193 121
2385 51 225 120
2386 50 241 119
2387 49 249 118
2388 48 253 117
2389 47 255 116
2390 46 256 115
2391 45 128 114
2392 44 64 113
2393 43 32 112
2394 42 16 111
2395 41 8 110
2396 40 4 109
2397 39 2 108
2398 38 1 107
2399 37 129 106
2400 36 193 105
2401 35 225 104
2402 34 241 103
2403 33 249 102
2404 32 253 101
2405 31 255 100
2406 30 256 99
2407 29 128 98
2408 28 64 97
2409 27 32 96
2410 26 16 95
2411 25 8 94
2412 24 4 93
2413 23 2 92
2414 22 1 91
2415 21 129 90
2416 20 193 89
2417 19 225 88
2418 18 241 87
2419 17 249 86
2420 16 253 85
2421 15 255 84
2422 70 129 140
2423 69 193 139
2424 68 225 138
2425 67 241 137
2426 66 249 136
2427 65 253 135
2428 64 255 134
2429 63 256 133
2430 62 128 132
2431 61 64 131
2432 60 32 130
2433 59 16 129
2434 58 8 128
2435 57 4 127
2436 56 2 126
2437 55 1 125
2438 54 129 124
2439 53 193 123
2440 52 225 122
2441 51 241 121
2442 50 249 120
2443 49 253 119
2444 48 255 118
2445 47 256 117
2446 46 128 116
2447 45 64 115
2448 44 32 114
2449 43 16 113
2450 42 8 112
2451 41 4 111
2452 40 2 110
2453 39 1 109
2454 38 129 108
2455 37 193 107
2456 36 225 106
2457 35 241 105
2458 34 249 104
2459 33 253 103
2460 32 255 102
2461 31 256 101
2462 30 128 100
2463 29 64 99
2464 28 32 98
2465 27 16 97
2466 26 8 96
2467 25 4 95
2468 24 2 94
2469 23 1 93
2470 22 129 92
2471 21 193 91
2472 20 225 90
2473 19 241 89
2474 18 249 88
2475 17 253 87
2476 71 129 142
2477 70 193 141
2478 69 225 140
2479 68 241 139
2480 67 249 138
2481 66 253 137
2482 65 255 136
2483 64 256 135
2484 63 128 134
2485 62 64 133
2486 61 32 132
2487 60 16 131
2488 59 8 130
2489 58 4 129
2490 57 2 128
2491 56 1 127
2492 55 129 126
2493 54 193 125
2494 53 225 124
2495 52 241 123
2496 51 249 122
2497 50 253 121
2498 49 255 120
2499 48 256 119
2500 47 128 118
2501 46 64 117
2502 45 32 116
2503 44 16 115
2504 43 8 114
2505 42 4 113
2506 41 2 112
2507 40 1 111
2508 39 129 110
2509 38 193 109
2510 37 225 108
2511 36 241 107
2512 35 249 106
2513 34 253 105
2514 33 255 104
2515 32 256 103
2516 31 128 102
2517 30 64 101
2518 29 32 100
2519 28 16 99
2520 27 8 98
2521 26 4 97
2522 25 2 96
2523 24 1 95
2524 23 129 94
2525 22 193 93
2526 21 225 92
2527 20 241 91
2528 19 249 90
2529 72 129 144
2530 71 193 143
2531 70 225 142
2532 69 241 141
2533 68 249 140
2534 67 253 139
2535 66 255 138
2536 65 256 137
2537 64 128 136
2538 63 64 135
2539 62 32 134
2540 61 16 133
2541 60 8 132
2542 59 4 131
2543 58 2 130
2544 57 1 129
2545 56 129 128
2546 55 193 127
2547 54 225 126
2548 53 241 125
2549 52 249 124
2550 51 253 123
2551 50 255 122
2552 49 256 121
2553 48 128 120
2554 47 64 119
2555 46 32 118
2556 45 16 117
2557 44 8 116
2558 43 4 115
2559 42 2 114
2560 41 1 113
2561 40 129 112
2562 39 193 111
2563 38 225 110
2564 37 241 109
2565 36 249 108
2566 35 253 107
2567 34 255 106
2568 33 256 105
2569 32 128 104
2570 31 64 103
2571 30 32 102
2572 29 16 101
2573 28 8 100
2574 27 4 99
2575 26 2 98
2576 25 1 97
2577 24 129 96
2578 23 193 95
2579 22 225 94
2580 21 241 93
2581 73 129 146
2582 72 193 145
2583 71 225 144
2584 70 241 143
2585 69 249 142
2586 68 253 141
2587 67 255 140
2588 66 256 139
2589 65 128 138
2590 64 64 137
2591 63 32 136
2592 62 16 135
2593 61 8 134
2594 60 4 133
2595 59 2 132
2596 58 1 131
2597 57 129 130
2598 56 193 129
2599 55 225 128
2600 54 241 127
2601 53 249 126
2602 52 253 125
2603 51 255 124
2604 50 256 123
2605 49 128 122
2606 48 64 121
2607 47 32 120
2608 46 16 119
2609 45 8 118
2610 44 4 117
2611 43 2 116
2612 42 1 115
2613 41 129 114
2614 40 193 113
2615 39 225 112
2616 38 241 111
2617 37 249 110
2618 36 253 109
2619 35 255 108
2620 34 256 107
2621 33 128 106
2622 32 64 105
2623 31 32 104
2624 30 16 103
2625 29 8 102
2626 28 4 101
2627 27 2 100
2628 26 1 99
2629 25 129 98
2630 24 193 97
2631 23 225 96
2632 74 129 148
2633 73 193 147
2634 72 225 146
2635 71 241 145
2636 70 249 144
2637 69 253 143
2638 68 255 142
2639 67 256 141
2640 66 128 140
2641 65 64 139
2642 64 32 138
2643 63 16 137
2644 62 8 136
2645 61 4 135
2646 60 2 134
2647 59 1 133
2648 58 129 132
2649 57 193 131
2650 56 225 130
2651 55 241 129
2652 54 249 128
2653 53 253 127
2654 52 255 126
2655 51 256 125
2656 50 128 124
2657 49 64 123
2658 48 32 122
2659 47 16 121
2660 46 8 120
2661 45 4 119
2662 44 2 118
2663 43 1 117
2664 42 129 116
2665 41 193 115
2666 40 225 114
2667 39 241 113
2668 38 249 112
2669 37 253 111
2670 36 255 110
2671 35 256 109
2672 34 128 108
2673 33 64 107
2674 32 32 106
2675 31 16 105
2676 30 8 104
2677 29 4 103
2678 28 2 102
2679 27 1 101
2680 26 129 100
2681 25 193 99
2682 75 129 150
2683 74 193 149
2684 73 225 148
2685 72 241 147
2686 71 249 146
2687 70 253 145
2688 69 255 144
2689 68 256 143
2690 67 128 142
2691 66 64 141
2692 65 32 140
2693 64 16 139
2694 63 8 138
2695 62 4 137
2696 61 2 136
2697 60 1 135
2698 59 129 134
2699 58 193 133
2700 57 225 132
2701 56 241 131
2702 55 249 130
2703 54 253 129
2704 53 255 128
2705 52 256 127
2706 51 128 126
2707 50 64 125
2708 49 32 124
2709 48 16 123
2710 47 8 122
2711 46 4 121
2712 45 2 120
2713 44 1 119
2714 43 129 118
2715 42 193 117
2716 41 225 116
2717 40 241 115
2718 39 249 114
2719 38 253 113
2720 37 255 112
2721 36 256 111
2722 35 128 110
2723 34 64 109
2724 33 32 108
2725 32 16 107
2726 31 8 106
2727 30 4 105
2728 29 2 104
2729 28 1 103
2730 27 129 102
2731 76 129 152
2732 75 193 151
2733 74 225 150
2734 73 241 149
2735 72 249 148
2736 71 253 147
2737 70 255 146
2738 69 256 145
2739 68 128 144
2740 67 64 143
2741 66 32 142
2742 65 16 141
2743 64 8 140
2744 63 4 139
2745 62 2 138
2746 61 1 137
2747 60 129 136
2748 59 193 135
2749 58 225 134
2750 57 241 133
2751 56 249 132
2752 55 253 131
2753 54 255 130
2754 53 256 129
2755 52 128 128
2756 51 64 127
2757 50 32 126
2758 49 16 125
2759 48 8 124
2760 47 4 123
2761 46 2 122
2762 45 1 121
2763 44 129 120
2764 43 193 119
2765 42 225 118
2766 41 241 117
2767 40 249 116
2768 39 253 115
2769 38 255 114
2770 37 256 113
2771 36 128 112
2772 35 64 111
2773 34 32 110
2774 33 16 109
2775 32 8 108
2776 31 4 107
2777 30 2 106
2778 29 1 105
2779 77 129 154
2780 76 193 153
2781 75 225 152
2782 74 241 151
2783 73 249 150
2784 72 253 149
2785 71 255 148
2786 70 256 147
2787 69 128 146
2788 68 64 145
2789 67 32 144
2790 66 16 143
2791 65 8 142
2792 64 4 141
2793 63 2 140
2794 62 1 139
2795 61 129 138
2796 60 193 137
2797 59 225 136
2798 58 241 135
2799 57 249 134
2800 56 253 133
2801 55 255 132
2802 54 256 131
2803 53 128 130
2804 52 64 129
2805 51 32 128
2806 50 16 127
2807 49 8 126
2808 48 4 125
2809 47 2 124
2810 46 1 123
2811 45 129 122
2812 44 193 121
2813 43 225 120
2814 42 241 119
2815 41 249 118
2816 40 253 117
2817 39 255 116
2818 38 256 115
2819 37 128 114
2820 36 64 113
2821 35 32 112
2822 34 16 111
2823 33 8 110
2824 32 4 109
2825 31 2 108
2826 78 129 156
2827 77 193 155
2828 76 225 154
2829 75 241 153
2830 74 249 152
2831 73 253 151
2832 72 255 150
2833 71 256 149
2834 70 128 148
2835 69 64 147
2836 68 32 146
2837 67 16 145
2838 66 8 144
2839 65 4 143
2840 64 2 142
2841 63 1 141
2842 62 129 140
2843 61 193 139
2844 60 225 138
2845 59 241 137
2846 58 249 136
2847 57 253 135
2848 56 255 134
2849 55 256 133
2850 54 128 132
2851 53 64 131
2852 52 32 130
2853 51 16 129
2854 50 8 128
2855 49 4 127
2856 48 2 126
2857 47 1 125
2858 46 129 124
2859 45 193 123
2860 44 225 122
2861 43 241 121
2862 42 249 120
2863 41 253 119
2864 40 255 118
2865 39 256 117
2866 38 128 116
2867 37 64 115
2868 36 32 114
2869 35 16 113
2870 34 8 112
2871 33 4 111
2872 79 129 158
2873 78 193 157
2874 77 225 156
2875 76 241 155
2876 75 249 154
2877 74 253 153
2878 73 255 152
2879 72 256 151
2880 71 128 150
2881 70 64 149
2882 69 32 148
2883 68 16 147
2884 67 8 146
2885 66 4 145
2886 65 2 144
2887 64 1 143
2888 63 129 142
2889 62 193 141
2890 61 225 140
2891 60 241 139
2892 59 249 138
2893 58 253 137
2894 57 255 136
2895 56 256 135
2896 55 128 134
2897 54 64 133
2898 53 32 132
2899 52 16 131
2900 51 8 130
2901 50 4 129
2902 49 2 128
2903 48 1 127
2904 47 129 126
2905 46 193 125
2906 45 225 124
2907 44 241 123
2908 43 249 122
2909 42 253 121
2910 41 255 120
2911 40 256 119
2912 39 128 118
2913 38 64 117
2914 37 32 116
2915 36 16 115
2916 35 8 114
2917 80 129 160
2918 79 193 159
2919 78 225 158
2920 77 241 157
2921 76 249 156
2922 75 253 155
2923 74 255 154
2924 73 256 153
2925 72 128 152
2926 71 64 151
2927 70 32 150
2928 69 16 149
2929 68 8 148
2930 67 4 147
2931 66 2 146
2932 65 1 145
2933 64 129 144
2934 63 193 143
2935 62 225 142
2936 61 241 141
2937 60 249 140
2938 59 253 139
2939 58 255 138
2940 57 256 137
2941 56 128 136
2942 55 64 135
2943 54 32 134
2944 53 16 133
2945 52 8 132
2946 51 4 131
2947 50 2 130
2948 49 1 129
2949 48 129 128
2950 47 193 127
2951 46 225 126
2952 45 241 125
2953 44 249 124
2954 43 253 123
2955 42 255 122
2956 41 256 121
2957 40 128 120
2958 39 64 119
2959 38 32 118
2960 37 16 117
2961 81 129 162
2962 80 193 161
2963 79 225 160
2964 78 241 159
2965 77 249 158
2966 76 253 157
2967 75 255 156
2968 74 256 155
2969 73 128 154
2970 72 64 153
2971 71 32 152
2972 70 16 151
2973 69 8 150
2974 68 4 149
2975 67 2 148
2976 66 1 147
2977 65 129 146
2978 64 193 145
2979 63 225 144
2980 62 241 143
2981 61 249 142
2982 60 253 141
2983 59 255 140
2984 58 256 139
2985 57 128 138
2986 56 64 137
2987 55 32 136
2988 54 16 135
2989 53 8 134
2990 52 4 133
2991 51 2 132
2992 50 1 131
2993 49 129 130
2994 48 193 129
2995 47 225 128
2996 46 241 127
2997 45 249 126
2998 44 253 125
2999 43 255 124
3000 42 256 123
3001 41 128 122
3002 40 64 121
3003 39 32 120
3004 82 129 164
3005 81 193 163
3006 80 225 162
3007 79 241 161
3008 78 249 160
3009 77 253 159
3010 76 255 158
3011 75 256 157
3012 74 128 156
3013 73 64 155
3014 72 32 154
3015 71 16 153
3016 70 8 152
3017 69 4 151
3018 68 2 150
3019 67 1 149
3020 66 129 148
3021 65 193 147
3022 64 225 146
3023 63 241 145
3024 62 249 144
3025 61 253 143
3026 60 255 142
3027 59 256 141
3028 58 128 140
3029 57 64 139
3030 56 32 138
3031 55 16 137
3032 54 8 136
3033 53 4 135
3034 52 2 134
3035 51 1 133
3036 50 129 132
3037 49 193 131
3038 48 225 130
3039 47 241 129
3040 46 249 128
3041 45 253 127
3042 44 255 126
3043 43 256 125
3044 42 128 124
3045 41 64 123
3046 83 129 166
3047 82 193 165
3048 81 225 164
3049 80 241 163
3050 79 249 162
3051 78 253 161
3052 77 255 160
3053 76 256 159
3054 75 128 158
3055 74 64 157
3056 73 32 156
3057 72 16 155
3058 71 8 154
3059 70 4 153
3060 69 2 152
3061 68 1 151
3062 67 129 150
3063 66 193 149
3064 65 225 148
3065 64 241 147
3066 63 249 146
3067 62 253 145
3068 61 255 144
3069 60 256 143
3070 59 128 142
3071 58 64 141
3072 57 32 140
3073 56 16 139
3074 55 8 138
3075 54 4 137
3076 53 2 136
3077 52 1 135
3078 51 129 134
3079 50 193 133
3080 49 225 132
3081 48 241 131
3082 47 249 130
3083 46 253 129
3084 45 255 128
3085 44 256 127
3086 43 128 126
3087 84 129 168
3088 83 193 167
3089 82 225 166
3090 81 241 165
3091 80 249 164
3092 79 253 163
3093 78 255 162
3094 77 256 161
3095 76 128 160
3096 75 64 159
3097 74 32 158
3098 73 16 157
3099 72 8 156
3100 71 4 155
3101 70 2 154
3102 69 1 153
3103 68 129 152
3104 67 193 151
3105 66 225 150
3106 65 241 149
3107 64 249 148
3108 63 253 147
3109 62 255 146
3110 61 256 145
3111 60 128 144
3112 59 64 143
3113 58 32 142
3114 57 16 141
3115 56 8 140
3116 55 4 139
3117 54 2 138
3118 53 1 137
3119 52 129 136
3120 51 193 135
3121 50 225 134
3122 49 241 133
3123 48 249 132
3124 47 253 131
3125 46 255 130
3126 45 256 129
3127 85 129 170
3128 84 193 169
3129 83 225 168
3130 82 241 167
3131 81 249 166
3132 80 253 165
3133 79 255 164
3134 78 256 163
3135 77 128 162
3136 76 64 161
3137 75 32 160
3138 74 16 159
3139 73 8 158
3140 72 4 157
3141 71 2 156
3142 70 1 155
3143 69 129 154
3144 68 193 153
3145 67 225 152
3146 66 241 151
3147 65 249 150
3148 64 253 149
3149 63 255 148
3150 62 256 147
3151 61 128 146
3152 60 64 145
3153 59 32 144
3154 58 16 143
3155 57 8 142
3156 56 4 141
3157 55 2 140
3158 54 1 139
3159 53 129 138
3160 52 193 137
3161 51 225 136
3162 50 241 135
3163 49 249 134
3164 48 253 133
3165 47 255 132
3166 86 129 172
3167 85 193 171
3168 84 225 170
3169 83 241 169
3170 82 249 168
3171 81 253 167
3172 80 255 166
3173 79 256 165
3174 78 128 164
3175 77 64 163
3176 76 32 162
3177 75 16 161
3178 74 8 160
3179 73 4 159
3180 72 2 158
3181 71 1 157
3182 70 129 156
3183 69 193 155
3184 68 225 154
3185 67 241 153
3186 66 249 152
3187 65 253 151
3188 64 255 150
3189 63 256 149
3190 62 128 148
3191 61 64 147
3192 60 32 146
3193 59 16 145
3194 58 8 144
3195 57 4 143
3196 56 2 142
3197 55 1 141
3198 54 129 140
3199 53 193 139
3200 52 225 138
3201 51 241 137
3202 50 249 136
3203 49 253 135
3204 87 129 174
3205 86 193 173
3206 85 225 172
3207 84 241 171
3208 83 249 170
3209 82 253 169
3210 81 255 168
3211 80 256 167
3212 79 128 166
3213 78 64 165
3214 77 32 164
3215 76 16 163
3216 75 8 162
3217 74 4 161
3218 73 2 160
3219 72 1 159
3220 71 129 158
3221 70 193 157
3222 69 225 156
3223 68 241 155
3224 67 249 154
3225 66 253 153
3226 65 255 152
3227 64 256 151
3228 63 128 150
3229 62 64 149
3230 61 32 148
3231 60 16 147
3232 59 8 146
3233 58 4 145
3234 57 2 144
3235 56 1 143
3236 55 129 142
3237 54 193 141
3238 53 225 140
3239 52 241 139
3240 51 249 138
3241 88 129 176
3242 87 193 175
3243 86 225 174
3244 85 241 173
3245 84 249 172
3246 83 253 171
3247 82 255 170
3248 81 256 169
3249 80 128 168
3250 79 64 167
3251 78 32 166
3252 77 16 165
3253 76 8 164
3254 75 4 163
3255 74 2 162
3256 73 1 161
3257 72 129 160
3258 71 193 159
3259 70 225 158
3260 69 241 157
3261 68 249 156
3262 67 253 155
3263 66 255 154
3264 65 256 153
3265 64 128 152
3266 63 64 151
3267 62 32 150
3268 61 16 149
3269 60 8 148
3270 59 4 147
3271 58 2 146
3272 57 1 145
3273 56 129 144
3274 55 193 143
3275 54 225 142
3276 53 241 141
3277 89 129 178
3278 88 193 177
3279 87 225 176
3280 86 241 175
3281 85 249 174
3282 84 253 173
3283 83 255 172
3284 82 256 171
3285 81 128 170
3286 80 64 169
3287 79 32 168
3288 78 16 167
3289 77 8 166
3290 76 4 165
3291 75 2 164
3292 74 1 163
3293 73 129 162
3294 72 193 161
3295 71 225 160
3296 70 241 159
3297 69 249 158
3298 68 253 157
3299 67 255 156
3300 66 256 155
3301 65 128 154
3302 64 64 153
3303 63 32 152
3304 62 16 151
3305 61 8 150
3306 60 4 149
3307 59 2 148
3308 58 1 147
3309 57 129 146
3310 56 193 145
3311 55 225 144
3312 90 129 180
3313 89 193 179
3314 88 225 178
3315 87 241 177
3316 86 249 176
3317 85 253 175
3318 84 255 174
3319 83 256 173
3320 82 128 172
3321 81 64 171
3322 80 32 170
3323 79 16 169
3324 78 8 168
3325 77 4 167
3326 76 2 166
3327 75 1 165
3328 74 129 164
3329 73 193 163
3330 72 225 162
3331 71 241 161
3332 70 249 160
3333 69 253 159
3334 68 255 158
3335 67 256 157
3336 66 128 156
3337 65 64 155
3338 64 32 154
3339 63 16 153
3340 62 8 152
3341 61 4 151
3342 60 2 150
3343 59 1 149
3344 58 129 148
3345 57 193 147
3346 91 129 182
3347 90 193 181
3348 89 225 180
3349 88 241 179
3350 87 249 178
3351 86 253 177
3352 85 255 176
3353 84 256 175
3354 83 128 174
3355 82 64 173
3356 81 32 172
3357 80 16 171
3358 79 8 170
3359 78 4 169
3360 77 2 168
3361 76 1 167
3362 75 129 166
3363 74 193 165
3364 73 225 164
3365 72 241 163
3366 71 249 162
3367 70 253 161
3368 69 255 160
3369 68 256 159
3370 67 128 158
3371 66 64 157
3372 65 32 156
3373 64 16 155
3374 63 8 154
3375 62 4 153
3376 61 2 152
3377 60 1 151
3378 59 129 150
3379 92 129 184
3380 91 193 183
3381 90 225 182
3382 89 241 181
3383 88 249 180
3384 87 253 179
3385 86 255 178
3386 85 256 177
3387 84 128 176
3388 83 64 175
3389 82 32 174
3390 81 16 173
3391 80 8 172
3392 79 4 171
3393 78 2 170
3394 77 1 169
3395 76 129 168
3396 75 193 167
3397 74 225 166
3398 73 241 165
3399 72 249 164
3400 71 253 163
3401 70 255 162
3402 69 256 161
3403 68 128 160
3404 67 64 159
3405 66 32 158
3406 65 16 157
3407 64 8 156
3408 63 4 155
3409 62 2 154
3410 61 1 153
3411 93 129 186
3412 92 193 185
3413 91 225 184
3414 90 241 183
3415 89 249 182
3416 88 253 181
3417 87 255 180
3418 86 256 179
3419 85 128 178
3420 84 64 177
3421 83 32 176
3422 82 16 175
3423 81 8 174
3424 80 4 173
3425 79 2 172
3426 78 1 171
3427 77 129 170
3428 76 193 169
3429 75 225 168
3430 74 241 167
3431 73 249 166
3432 72 253 165
3433 71 255 164
3434 70 256 163
3435 69 128 162
3436 68 64 161
3437 67 32 160
3438 66 16 159
3439 65 8 158
3440 64 4 157
3441 63 2 156
3442 94 129 188
3443 93 193 187
3444 92 225 186
3445 91 241 185
3446 90 249 184
3447 89 253 183
3448 88 255 182
3449 87 256 181
3450 86 128 180
3451 85 64 179
3452 84 32 178
3453 83 16 177
3454 82 8 176
3455 81 4 175
3456 80 2 174
3457 79 1 173
3458 78 129 172
3459 77 193 171
3460 76 225 170
3461 75 241 169
3462 74 249 168
3463 73 253 167
3464 72 255 166
3465 71 256 165
3466 70 128 164
3467 69 64 163
3468 68 32 162
3469 67 16 161
3470 66 8 160
3471 65 4 159
3472 95 129 190
3473 94 193 189
3474 93 225 188
3475 92 241 187
3476 91 249 186
3477 90 253 185
3478 89 255 184
3479 88 256 183
3480 87 128 182
3481 86 64 181
3482 85 32 180
3483 84 16 179
3484 83 8 178
3485 82 4 177
3486 81 2 176
3487 80 1 175
3488 79 129 174
3489 78 193 173
3490 77 225 172
3491 76 241 171
3492 75 249 170
3493 74 253 169
3494 73 255 168
3495 72 256 167
3496 71 128 166
3497 70 64 165
3498 69 32 164
3499 68 16 163
3500 67 8 162
3501 96 129 192
3502 95 193 191
3503 94 225 190
3504 93 241 189
3505 92 249 188
3506 91 253 187
3507 90 255 186
3508 89 256 185
3509 88 128 184
3510 87 64 183
3511 86 32 182
3512 85 16 181
3513 84 8 180
3514 83 4 179
3515 82 2 178
3516 81 1 177
3517 80 129 176
3518 79 193 175
3519 78 225 174
3520 77 241 173
3521 76 249 172
3522 75 253 171
3523 74 255 170
3524 73 256 169
3525 72 128 168
3526 71 64 167
3527 70 32 166
3528 69 16 165
3529 97 129 194
3530 96 193 193
3531 95 225 192
3532 94 241 191
3533 93 249 190
3534 92 253 189
3535 91 255 188
3536 90 256 187
3537 89 128 186
3538 88 64 185
3539 87 32 184
3540 86 16 183
3541 85 8 182
3542 84 4 181
3543 83 2 180
3544 82 1 179
3545 81 129 178
3546 80 193 177
3547 79 225 176
3548 78 241 175
3549 77 249 174
3550 76 253 173
3551 75 255 172
3552 74 256 171
3553 73 128 170
3554 72 64 169
3555 71 32 168
3556 98 129 196
3557 97 193 195
3558 96 225 194
3559 95 241 193
3560 94 249 192
3561 93 253 191
3562 92 255 190
3563 91 256 189
3564 90 128 188
3565 89 64 187
3566 88 32 186
3567 87 16 185
3568 86 8 184
3569 85 4 183
3570 84 2 182
3571 83 1 181
3572 82 129 180
3573 81 193 179
3574 80 225 178
3575 79 241 177
3576 78 249 176
3577 77 253 175
3578 76 255 174
3579 75 256 173
3580 74 128 172
3581 73 64 171
3582 99 129 198
3583 98 193 197
3584 97 225 196
3585 96 241 195
3586 95 249 194
3587 94 253 193
3588 93 255 192
3589 92 256 191
3590 91 128 190
3591 90 64 189
3592 89 32 188
3593 88 16 187
3594 87 8 186
3595 86 4 185
3596 85 2 184
3597 84 1 183
3598 83 129 182
3599 82 193 181
3600 81 225 180
3601 80 241 179
3602 79 249 178
3603 78 253 177
3604 77 255 176
3605 76 256 175
3606 75 128 174
3607 100 129 200
3608 99 193 199
3609 98 225 198
3610 97 241 197
3611 96 249 196
3612 95 253 195
3613 94 255 194
3614 93 256 193
3615 92 128 192
3616 91 64 191
3617 90 32 190
3618 89 16 189
3619 88 8 188
3620 87 4 187
3621 86 2 186
3622 85 1 185
3623 84 129 184
3624 83 193 183
3625 82 225 182
3626 81 241 181
3627 80 249 180
3628 79 253 179
3629 78 255 178
3630 77 256 177
3631 101 129 202
3632 100 193 201
3633 99 225 200
3634 98 241 199
3635 97 249 198
3636 96 253 197
3637 95 255 196
3638 94 256 195
3639 93 128 194
3640 92 64 193
3641 91 32 192
3642 90 16 191
3643 89 8 190
3644 88 4 189
3645 87 2 188
3646 86 1 187
3647 85 129 186
3648 84 193 185
3649 83 225 184
3650 82 241 183
3651 81 249 182
3652 80 253 181
3653 79 255 180
3654 102 129 204
3655 101 193 203
3656 100 225 202
3657 99 241 201
3658 98 249 200
3659 97 253 199
3660 96 255 198
3661 95 256 197
3662 94 128 196
3663 93 64 195
3664 92 32 194
3665 91 16 193
3666 90 8 192
3667 89 4 191
3668 88 2 190
3669 87 1 189
3670 86 129 188
3671 85 193 187
3672 84 225 186
3673 83 241 185
3674 82 249 184
3675 81 253 183
3676 103 129 206
3677 102 193 205
3678 101 225 204
3679 100 241 203
3680 99 249 202
3681 98 253 201
3682 97 255 200
3683 96 256 199
3684 95 128 198
3685 94 64 197
3686 93 32 196
3687 92 16 195
3688 91 8 194
3689 90 4 193
3690 89 2 192
3691 88 1 191
3692 87 129 190
3693 86 193 189
3694 85 225 188
3695 84 241 187
3696 83 249 186
3697 104 129 208
3698 103 193 207
3699 102 225 206
3700 101 241 205
3701 100 249 204
3702 99 253 203
3703 98 255 202
3704 97 256 201
3705 96 128 200
3706 95 64 199
3707 94 32 198
3708 93 16 197
3709 92 8 196
3710 91 4 195
3711 90 2 194
3712 89 1 193
3713 88 129 192
3714 87 193 191
3715 86 225 190
3716 85 241 189
3717 105 129 210
3718 104 193 209
3719 103 225 208
3720 102 241 207
3721 101 249 206
3722 100 253 205
3723 99 255 204
3724 98 256 203
3725 97 128 202
3726 96 64 201
3727 95 32 200
3728 94 16 199
3729 93 8 198
3730 92 4 197
3731 91 2 196
3732 90 1 195
3733 89 129 194
3734 88 193 193
3735 87 225 192
3736 106 129 212
3737 105 193 211
3738 104 225 210
3739 103 241 209
3740 102 249 208
3741 101 253 207
3742 100 255 206
3743 99 256 205
3744 98 128 204
3745 97 64 203
3746 96 32 202
3747 95 16 201
3748 94 8 200
3749 93 4 199
3750 92 2 198
3751 91 1 197
3752 90 129 196
3753 89 193 195
3754 107 129 214
3755 106 193 213
3756 105 225 212
3757 104 241 211
3758 103 249 210
3759 102 253 209
3760 101 255 208
3761 100 256 207
3762 99 128 206
3763 98 64 205
3764 97 32 204
3765 96 16 203
3766 95 8 202
3767 94 4 201
3768 93 2 200
3769 92 1 199
3770 91 129 198
3771 108 129 216
3772 107 193 215
3773 106 225 214
3774 105 241 213
3775 104 249 212
3776 103 253 211
3777 102 255 210
3778 101 256 209
3779 100 128 208
3780 99 64 207
3781 98 32 206
3782 97 16 205
3783 96 8 204
3784 95 4 203
3785 94 2 202
3786 93 1 201
3787 109 129 218
3788 108 193 217
3789 107 225 216
3790 106 241 215
3791 105 249 214
3792 104 253 213
3793 103 255 212
3794 102 256 211
3795 101 128 210
3796 100 64 209
3797 99 32 208
3798 98 16 207
3799 97 8 206
3800 96 4 205
3801 95 2 204
3802 110 129 220
3803 109 193 219
3804 108 225 218
3805 107 241 217
3806 106 249 216
3807 105 253 215
3808 104 255 214
3809 103 256 213
3810 102 128 212
3811 101 64 211
3812 100 32 210
3813 99 16 209
3814 98 8 208
3815 97 4 207
3816 111 129 222
3817 110 193 221
3818 109 225 220
3819 108 241 219
3820 107 249 218
3821 106 253 217
3822 105 255 216
3823 104 256 215
3824 103 128 214
3825 102 64 213
3826 101 32 212
3827 100 16 211
3828 99 8 210
3829 112 129 224
3830 111 193 223
3831 110 225 222
3832 109 241 221
3833 108 249 220
3834 107 253 219
3835 106 255 218
3836 105 256 217
3837 104 128 216
3838 103 64 215
3839 102 32 214
3840 101 16 213
3841 113 129 226
3842 112 193 225
3843 111 225 224
3844 110 241 223
3845 109 249 222
3846 108 253 221
3847 107 255 220
3848 106 256 219
3849 105 128 218
3850 104 64 217
3851 103 32 216
3852 114 129 228
3853 113 193 227
3854 112 225 226
3855 111 241 225
3856 110 249 224
3857 109 253 223
3858 108 255 222
3859 107 256 221
3860 106 128 220
3861 105 64 219
3862 115 129 230
3863 114 193 229
3864 113 225 228
3865 112 241 227
3866 111 249 226
3867 110 253 225
3868 109 255 224
3869 108 256 223
3870 107 128 222
3871 116 129 232
3872 115 193 231
3873 114 225 230
3874 113 241 229
3875 112 249 228
3876 111 253 227
3877 110 255 226
3878 109 256 225
3879 117 129 234
3880 116 193 233
3881 115 225 232
3882 114 241 231
3883 113 249 230
3884 112 253 229
3885 111 255 228
3886 118 129 236
3887 117 193 235
3888 116 225 234
3889 115 241 233
3890 114 249 232
3891 113 253 231
3892 119 129 238
3893 118 193 237
3894 117 225 236
3895 116 241 235
3896 115 249 234
3897 120 129 240
3898 119 193 239
3899 118 225 238
3900 117 241 237
3901 121 129 242
3902 120 193 241
3903 119 225 240
3904 122 129 244
3905 121 193 243
3906 123 129 246
3907 0 1 63
3908 0 1 64
3909 0 1 65
3910 0 1 66
3911 0 1 67
3912 0 1 68
3913 0 1 69
3914 0 1 70
3915 0 1 71
3916 0 1 72
3917 0 1 73
3918 0 1 74
3919 0 1 75
3920 0 1 76
3921 0 1 77
3922 0 1 78
3923 0 1 79
3924 0 1 80
3925 0 1 81
3926 0 1 82
3927 0 1 83
3928 0 1 84
3929 0 1 85
3930 0 1 86
3931 0 1 87
3932 0 1 88
3933 0 1 89
3934 0 1 90
3935 0 1 91
3936 0 1 92
3937 0 1 93
3938 0 1 94
3939 0 1 95
3940 0 1 96
3941 0 1 97
3942 0 1 98
3943 0 1 99
3944 0 1 100
3945 0 1 101
3946 0 1 102
3947 0 1 103
3948 0 1 104
3949 0 1 105
3950 0 1 106
3951 0 1 107
3952 0 1 108
3953 0 1 109
3954 0 1 110
3955 0 1 111
3956 0 1 112
3957 0 1 113
3958 0 1 114
3959 0 1 115
3960 0 1 116
3961 0 1 117
3962 0 1 118
3963 1 1 64
3964 1 1 65
3965 1 1 66
3966 1 1 67
3967 1 1 68
3968 1 1 69
3969 1 1 70
3970 1 1 71
3971 1 1 72
3972 1 1 73
3973 1 1 74
3974 1 1 75
3975 1 1 76
3976 1 1 77
3977 1 1 78
3978 1 1 79
3979 1 1 80
3980 1 1 81
3981 1 1 82
3982 1 1 83
3983 1 1 84
3984 1 1 85
3985 1 1 86
3986 1 1 87
3987 1 1 88
3988 1 1 89
3989 1 1 90
3990 1 1 91
3991 1 1 92
3992 1 1 93
3993 1 1 94
3994 1 1 95
3995 1 1 96
3996 1 1 97
3997 1 1 98
3998 1 1 99
3999 1 1 100
4000 1 1 101
4001 1 1 102
4002 1 1 103
4003 1 1 104
4004 1 1 105
4005 1 1 106
4006 1 1 107
4007 1 1 108
4008 1 1 109
4009 1 1 110
4010 1 1 111
4011 1 1 112
4012 1 1 113
4013 1 1 114
4014 1 1 115
4015 1 1 116
4016 1 1 117
4017 1 1 118
4018 2 1 65
4019 2 1 66
4020 2 1 67
4021 2 1 68
4022 2 1 69
4023 2 1 70
4024 2 1 71
4025 2 1 72
4026 2 1 73
4027 2 1 74
4028 2 1 75
4029 2 1 76
4030 2 1 77
4031 2 1 78
4032 2 1 79
4033 2 1 80
4034 2 1 81
4035 2 1 82
4036 2 1 83
4037 2 1 84
4038 2 1 85
4039 2 1 86
4040 2 1 87
4041 2 1 88
4042 2 1 89
4043 2 1 90
4044 2 1 91
4045 2 1 92
4046 2 1 93
4047 2 1 94
4048 2 1 95
4049 2 1 96
4050 2 1 97
4051 2 1 98
4052 2 1 99
4053 2 1 100
4054 2 1 101
4055 2 1 102
4056 2 1 103
4057 2 1 104
4058 2 1 105
4059 2 1 106
4060 2 1 107
4061 2 1 108
4062 2 1 109
4063 2 1 110
4064 2 1 111
4065 2 1 112
4066 2 1 113
4067 2 1 114
4068 2 1 115
4069 2 1 116
4070 2 1 117
4071 2 1 118
4072 3 1 67
4073 3 1 68
4074 4 255 68
4075 3 1 69
4076 3 1 70
4077 3 1 71
4078 3 1 72
4079 3 1 73
4080 3 1 74
4081 3 1 75
4082 3 1 76
4083 3 1 77
4084 3 1 78
4085 3 1 79
4086 3 1 80
4087 3 1 81
4088 3 1 82
4089 3 1 83
4090 3 1 84
4091 3 1 85
4092 3 1 86
4093 3 1 87
4094 3 1 88
4095 3 1 89
4096 3 1 90
4097 3 1 91
4098 3 1 92
4099 3 1 93
4100 3 1 94
4101 3 1 95
4102 3 1 96
4103 3 1 97
4104 3 1 98
4105 3 1 99
4106 3 1 100
4107 3 1 101
4108 3 1 102
4109 3 1 103
4110 3 1 104
4111 3 1 105
4112 3 1 106
4113 3 1 107
4114 3 1 108
4115 3 1 109
4116 3 1 110
4117 3 1 111
4118 3 1 112
4119 3 1 113
4120 3 1 114
4121 3 1 115
4122 3 1 116
4123 3 1 117
4124 3 1 118
4125 4 1 69
4126 4 1 70
4127 5 255 70
4128 4 1 71
4129 6 4 71
4130 4 1 72
4131 4 1 73
4132 4 1 74
4133 4 1 75
4134 4 1 76
4135 4 1 77
4136 4 1 78
4137 4 1 79
4138 4 1 80
4139 4 1 81
4140 4 1 82
4141 4 1 83
4142 4 1 84
4143 4 1 85
4144 4 1 86
4145 4 1 87
4146 4 1 88
4147 4 1 89
4148 4 1 90
4149 4 1 91
4150 4 1 92
4151 4 1 93
4152 4 1 94
4153 4 1 95
4154 4 1 96
4155 4 1 97
4156 4 1 98
4157 4 1 99
4158 4 1 100
4159 4 1 101
4160 4 1 102
4161 4 1 103
4162 4 1 104
4163 4 1 105
4164 4 1 106
4165 4 1 107
4166 4 1 108
4167 4 1 109
4168 4 1 110
4169 4 1 111
4170 4 1 112
4171 4 1 113
4172 4 1 114
4173 4 1 115
4174 4 1 116
4175 4 1 117
4176 4 1 118
4177 5 1 71
4178 5 1 72
4179 6 255 72
4180 5 1 73
4181 7 4 73
4182 5 1 74
4183 8 249 74
4184 5 1 75
4185 5 1 76
4186 5 1 77
4187 5 1 78
4188 5 1 79
4189 5 1 80
4190 5 1 81
4191 5 1 82
4192 5 1 83
4193 5 1 84
4194 5 1 85
4195 5 1 86
4196 5 1 87
4197 5 1 88
4198 5 1 89
4199 5 1 90
4200 5 1 91
4201 5 1 92
4202 5 1 93
4203 5 1 94
4204 5 1 95
4205 5 1 96
4206 5 1 97
4207 5 1 98
4208 5 1 99
4209 5 1 100
4210 5 1 101
4211 5 1 102
4212 5 1 103
4213 5 1 104
4214 5 1 105
4215 5 1 106
4216 5 1 107
4217 5 1 108
4218 5 1 109
4219 5 1 110
4220 5 1 111
4221 5 1 112
4222 5 1 113
4223 5 1 114
4224 5 1 115
4225 5 1 116
4226 5 1 117
4227 5 1 118
4228 6 1 73
4229 6 1 74
4230 7 255 74
4231 6 1 75
4232 8 4 75
4233 6 1 76
4234 9 249 76
4235 6 1 77
4236 10 16 77
4237 6 1 78
4238 6 1 79
4239 6 1 80
4240 6 1 81
4241 6 1 82
4242 6 1 83
4243 6 1 84
4244 6 1 85
4245 6 1 86
4246 6 1 87
4247 6 1 88
4248 6 1 89
4249 6 1 90
4250 6 1 91
4251 6 1 92
4252 6 1 93
4253 6 1 94
4254 6 1 95
4255 6 1 96
4256 6 1 97
4257 6 1 98
4258 6 1 99
4259 6 1 100
4260 6 1 101
4261 6 1 102
4262 6 1 103
4263 6 1 104
4264 6 1 105
4265 6 1 106
4266 6 1 107
4267 6 1 108
4268 6 1 109
4269 6 1 110
4270 6 1 111
4271 6 1 112
4272 6 1 113
4273 6 1 114
4274 6 1 115
4275 6 1 116
4276 6 1 117
4277 6 1 118
4278 7 1 75
4279 7 1 76
4280 8 255 76
4281 7 1 77
4282 9 4 77
4283 7 1 78
4284 10 249 78
4285 7 1 79
4286 11 16 79
4287 7 1 80
4288 12 225 80
4289 7 1 81
4290 7 1 82
4291 7 1 83
4292 7 1 84
4293 7 1 85
4294 7 1 86
4295 7 1 87
4296 7 1 88
4297 7 1 89
4298 7 1 90
4299 7 1 91
4300 7 1 92
4301 7 1 93
4302 7 1 94
4303 7 1 95
4304 7 1 96
4305 7 1 97
4306 7 1 98
4307 7 1 99
4308 7 1 100
4309 7 1 101
4310 7 1 102
4311 7 1 103
4312 7 1 104
4313 7 1 105
4314 7 1 106
4315 7 1 107
4316 7 1 108
4317 7 1 109
4318 7 1 110
4319 7 1 111
4320 7 1 112
4321 7 1 113
4322 7 1 114
4323 7 1 115
4324 7 1 116
4325 7 1 117
4326 7 1 118
4327 8 1 77
4328 8 1 78
4329 9 255 78
4330 8 1 79
4331 10 4 79
4332 8 1 80
4333 11 249 80
4334 8 1 81
4335 12 16 81
4336 8 1 82
4337 13 225 82
4338 8 1 83
4339 14 64 83
4340 8 1 84
4341 8 1 85
4342 8 1 86
4343 8 1 87
4344 8 1 88
4345 8 1 89
4346 8 1 90
4347 8 1 91
4348 8 1 92
4349 8 1 93
4350 8 1 94
4351 8 1 95
4352 8 1 96
4353 8 1 97
4354 8 1 98
4355 8 1 99
4356 8 1 100
4357 8 1 101
4358 8 1 102
4359 8 1 103
4360 8 1 104
4361 8 1 105
4362 8 1 106
4363 8 1 107
4364 8 1 108
4365 8 1 109
4366 8 1 110
4367 8 1 111
4368 8 1 112
4369 8 1 113
4370 8 1 114
4371 8 1 115
4372 8 1 116
4373 8 1 117
4374 8 1 118
4375 9 1 79
4376 9 1 80
4377 10 255 80
4378 9 1 81
4379 11 4 81
4380 9 1 82
4381 12 249 82
4382 9 1 83
4383 13 16 83
4384 9 1 84
4385 14 225 84
4386 9 1 85
4387 15 64 85
4388 9 1 86
4389 16 129 86
4390 9 1 87
4391 9 1 88
4392 9 1 89
4393 9 1 90
4394 9 1 91
4395 9 1 92
4396 9 1 93
4397 9 1 94
4398 9 1 95
4399 9 1 96
4400 9 1 97
4401 9 1 98
4402 9 1 99
4403 9 1 100
4404 9 1 101
4405 9 1 102
4406 9 1 103
4407 9 1 104
4408 9 1 105
4409 9 1 106
4410 9 1 107
4411 9 1 108
4412 9 1 109
4413 9 1 110
4414 9 1 111
4415 9 1 112
4416 9 1 113
4417 9 1 114
4418 9 1 115
4419 9 1 116
4420 9 1 117
4421 9 1 118
4422 10 1 81
4423 10 1 82
4424 11 255 82
4425 10 1 83
4426 12 4 83
4427 10 1 84
4428 13 249 84
4429 10 1 85
4430 14 16 85
4431 10 1 86
4432 15 225 86
4433 10 1 87
4434 16 64 87
4435 10 1 88
4436 17 129 88
4437 10 1 89
4438 18 256 89
4439 10 1 90
4440 10 1 91
4441 10 1 92
4442 10 1 93
4443 10 1 94
4444 10 1 95
4445 10 1 96
4446 10 1 97
4447 10 1 98
4448 10 1 99
4449 10 1 100
4450 10 1 101
4451 10 1 102
4452 10 1 103
4453 10 1 104
4454 10 1 105
4455 10 1 106
4456 10 1 107
4457 10 1 108
4458 10 1 109
4459 10 1 110
4460 10 1 111
4461 10 1 112
4462 10 1 113
4463 10 1 114
4464 10 1 115
4465 10 1 116
4466 10 1 117
4467 10 1 118
4468 11 1 83
4469 11 1 84
4470 12 255 84
4471 11 1 85
4472 13 4 85
4473 11 1 86
4474 14 249 86
4475 11 1 87
4476 15 16 87
4477 11 1 88
4478 16 225 88
4479 11 1 89
4480 17 64 89
4481 11 1 90
4482 18 129 90
4483 11 1 91
4484 19 256 91
4485 11 1 92
4486 20 2 92
4487 11 1 93
4488 11 1 94
4489 11 1 95
4490 11 1 96
4491 11 1 97
4492 11 1 98
4493 11 1 99
4494 11 1 100
4495 11 1 101
4496 11 1 102
4497 11 1 103
4498 11 1 104
4499 11 1 105
4500 11 1 106
4501 11 1 107
4502 11 1 108
4503 11 1 109
4504 11 1 110
4505 11 1 111
4506 11 1 112
4507 11 1 113
4508 11 1 114
4509 11 1 115
4510 11 1 116
4511 11 1 117
4512 11 1 118
4513 12 1 85
4514 12 1 86
4515 13 255 86
4516 12 1 87
4517 14 4 87
4518 12 1 88
4519 15 249 88
4520 12 1 89
4521 16 16 89
4522 12 1 90
4523 17 225 90
4524 12 1 91
4525 18 64 91
4526 12 1 92
4527 19 129 92
4528 12 1 93
4529 20 256 93
4530 12 1 94
4531 21 2 94
4532 12 1 95
4533 22 253 95
4534 12 1 96
4535 12 1 97
4536 12 1 98
4537 12 1 99
4538 12 1 100
4539 12 1 101
4540 12 1 102
4541 12 1 103
4542 12 1 104
4543 12 1 105
4544 12 1 106
4545 12 1 107
4546 12 1 108
4547 12 1 109
4548 12 1 110
4549 12 1 111
4550 12 1 112
4551 12 1 113
4552 12 1 114
4553 12 1 115
4554 12 1 116
4555 12 1 117
4556 12 1 118
4557 13 1 87
4558 13 1 88
4559 14 255 88
4560 13 1 89
4561 15 4 89
4562 13 1 90
4563 16 249 90
4564 13 1 91
4565 17 16 91
4566 13 1 92
4567 18 225 92
4568 13 1 93
4569 19 64 93
4570 13 1 94
4571 20 129 94
4572 13 1 95
4573 21 256 95
4574 13 1 96
4575 22 2 96
4576 13 1 97
4577 23 253 97
4578 13 1 98
4579 24 8 98
4580 13 1 99
4581 13 1 100
4582 13 1 101
4583 13 1 102
4584 13 1 103
4585 13 1 104
4586 13 1 105
4587 13 1 106
4588 13 1 107
4589 13 1 108
4590 13 1 109
4591 13 1 110
4592 13 1 111
4593 13 1 112
4594 13 1 113
4595 13 1 114
4596 13 1 115
4597 13 1 116
4598 13 1 117
4599 13 1 118
4600 14 1 89
4601 14 1 90
4602 15 255 90
4603 14 1 91
4604 16 4 91
4605 14 1 92
4606 17 249 92
4607 14 1 93
4608 18 16 93
4609 14 1 94
4610 19 225 94
4611 14 1 95
4612 20 64 95
4613 14 1 96
4614 21 129 96
4615 14 1 97
4616 22 256 97
4617 14 1 98
4618 23 2 98
4619 14 1 99
4620 24 253 99
4621 14 1 100
4622 25 8 100
4623 14 1 101
4624 26 241 101
4625 14 1 102
4626 14 1 103
4627 14 1 104
4628 14 1 105
4629 14 1 106
4630 14 1 107
4631 14 1 108
4632 14 1 109
4633 14 1 110
4634 14 1 111
4635 14 1 112
4636 14 1 113
4637 14 1 114
4638 14 1 115
4639 14 1 116
4640 14 1 117
4641 14 1 118
4642 15 1 91
4643 15 1 92
4644 16 255 92
4645 15 1 93
4646 17 4 93
4647 15 1 94
4648 18 249 94
4649 15 1 95
4650 19 16 95
4651 15 1 96
4652 20 225 96
4653 15 1 97
4654 21 64 97
4655 15 1 98
4656 22 129 98
4657 15 1 99
4658 23 256 99
4659 15 1 100
4660 24 2 100
4661 15 1 101
4662 25 253 101
4663 15 1 102
4664 26 8 102
4665 15 1 103
4666 27 241 103
4667 15 1 104
4668 28 32 104
4669 15 1 105
4670 15 1 106
4671 15 1 107
4672 15 1 108
4673 15 1 109
4674 15 1 110
4675 15 1 111
4676 15 1 112
4677 15 1 113
4678 15 1 114
4679 15 1 115
4680 15 1 116
4681 15 1 117
4682 15 1 118
4683 16 1 93
4684 16 1 94
4685 17 255 94
4686 16 1 95
4687 18 4 95
4688 16 1 96
4689 19 249 96
4690 16 1 97
4691 20 16 97
4692 16 1 98
4693 21 225 98
4694 16 1 99
4695 22 64 99
4696 16 1 100
4697 23 129 100
4698 16 1 101
4699 24 256 101
4700 16 1 102
4701 25 2 102
4702 16 1 103
4703 26 253 103
4704 16 1 104
4705 27 8 104
4706 16 1 105
4707 28 241 105
4708 16 1 106
4709 29 32 106
4710 16 1 107
4711 30 193 107
4712 16 1 108
4713 16 1 109
4714 16 1 110
4715 16 1 111
4716 16 1 112
4717 16 1 113
4718 16 1 114
4719 16 1 115
4720 16 1 116
4721 16 1 117
4722 16 1 118
4723 17 1 95
4724 17 1 96
4725 18 255 96
4726 17 1 97
4727 19 4 97
4728 17 1 98
4729 20 249 98
4730 17 1 99
4731 21 16 99
4732 17 1 100
4733 22 225 100
4734 17 1 101
4735 23 64 101
4736 17 1 102
4737 24 129 102
4738 17 1 103
4739 25 256 103
4740 17 1 104
4741 26 2 104
4742 17 1 105
4743 27 253 105
4744 17 1 106
4745 28 8 106
4746 17 1 107
4747 29 241 107
4748 17 1 108
4749 30 32 108
4750 17 1 109
4751 31 193 109
4752 17 1 110
4753 32 128 110
4754 17 1 111
4755 17 1 112
4756 17 1 113
4757 17 1 114
4758 17 1 115
4759 17 1 116
4760 17 1 117
4761 17 1 118
4762 18 1 97
4763 18 1 98
4764 19 255 98
4765 18 1 99
4766 20 4 99
4767 18 1 100
4768 21 249 100
4769 18 1 101
4770 22 16 101
4771 18 1 102
4772 23 225 102
4773 18 1 103
4774 24 64 103
4775 18 1 104
4776 25 129 104
4777 18 1 105
4778 26 256 105
4779 18 1 106
4780 27 2 106
4781 18 1 107
4782 28 253 107
4783 18 1 108
4784 29 8 108
4785 18 1 109
4786 30 241 109
4787 18 1 110
4788 31 32 110
4789 18 1 111
4790 32 193 111
4791 18 1 112
4792 33 128 112
4793 18 1 113
4794 34 1 113
4795 18 1 114
4796 18 1 115
4797 18 1 116
4798 18 1 117
4799 18 1 118
4800 19 1 99
4801 19 1 100
4802 20 255 100
4803 19 1 101
4804 21 4 101
4805 19 1 102
4806 22 249 102
4807 19 1 103
4808 23 16 103
4809 19 1 104
4810 24 225 104
4811 19 1 105
4812 25 64 105
4813 19 1 106
4814 26 129 106
4815 19 1 107
4816 27 256 107
4817 19 1 108
4818 28 2 108
4819 19 1 109
4820 29 253 109
4821 19 1 110
4822 30 8 110
4823 19 1 111
4824 31 241 111
4825 19 1 112
4826 32 32 112
4827 19 1 113
4828 33 193 113
4829 19 1 114
4830 34 128 114
4831 19 1 115
4832 35 1 115
4833 19 1 116
4834 36 255 116
4835 19 1 117
4836 19 1 118
4837 20 1 101
4838 20 1 102
4839 21 255 102
4840 20 1 103
4841 22 4 103
4842 20 1 104
4843 23 249 104
4844 20 1 105
4845 24 16 105
4846 20 1 106
4847 25 225 106
4848 20 1 107
4849 26 64 107
4850 20 1 108
4851 27 129 108
4852 20 1 109
4853 28 256 109
4854 20 1 110
4855 29 2 110
4856 20 1 111
4857 30 253 111
4858 20 1 112
4859 31 8 112
4860 20 1 113
4861 32 241 113
4862 20 1 114
4863 33 32 114
4864 20 1 115
4865 34 193 115
4866 20 1 116
4867 35 128 116
4868 20 1 117
4869 36 1 117
4870 20 1 118
4871 37 255 118
4872 20 1 119
4873 21 1 103
4874 21 1 104
4875 22 255 104
4876 21 1 105
4877 23 4 105
4878 21 1 106
4879 24 249 106
4880 21 1 107
4881 25 16 107
4882 21 1 108
4883 26 225 108
4884 21 1 109
4885 27 64 109
4886 21 1 110
4887 28 129 110
4888 21 1 111
4889 29 256 111
4890 21 1 112
4891 30 2 112
4892 21 1 113
4893 31 253 113
4894 21 1 114
4895 32 8 114
4896 21 1 115
4897 33 241 115
4898 21 1 116
4899 34 32 116
4900 21 1 117
4901 35 193 117
4902 21 1 118
4903 36 128 118
4904 18 102 119
4905 19 231 119
4906 21 1 119
4907 38 221 119
4908 22 1 105
4909 22 1 106
4910 23 255 106
4911 22 1 107
4912 24 4 107
4913 22 1 108
4914 25 249 108
4915 22 1 109
4916 26 16 109
4917 22 1 110
4918 27 225 110
4919 22 1 111
4920 28 64 111
4921 22 1 112
4922 29 129 112
4923 22 1 113
4924 30 256 113
4925 22 1 114
4926 31 2 114
4927 22 1 115
4928 32 253 115
4929 22 1 116
4930 33 8 116
4931 22 1 117
4932 34 241 117
4933 22 1 118
4934 35 32 118
4935 16 183 119
4936 17 10 119
4937 22 1 119
4938 37 94 119
4939 20 97 120
4940 21 197 120
4941 22 1 120
4942 23 1 107
4943 23 1 108
4944 24 255 108
4945 23 1 109
4946 25 4 109
4947 23 1 110
4948 26 249 110
4949 23 1 111
4950 27 16 111
4951 23 1 112
4952 28 225 112
4953 23 1 113
4954 29 64 113
4955 23 1 114
4956 30 129 114
4957 23 1 115
4958 31 256 115
4959 23 1 116
4960 32 2 116
4961 23 1 117
4962 33 253 117
4963 23 1 118
4964 34 8 118
4965 14 59 119
4966 15 217 119
4967 23 1 119
4968 36 18 119
4969 18 141 120
4970 19 231 120
4971 23 1 120
4972 38 50 120
4973 22 174 121
4974 23 1 121
4975 24 1 109
4976 24 1 110
4977 25 255 110
4978 24 1 111
4979 26 4 111
4980 24 1 112
4981 27 249 112
4982 24 1 113
4983 28 16 113
4984 24 1 114
4985 29 225 114
4986 24 1 115
4987 30 64 115
4988 24 1 116
4989 31 129 116
4990 24 1 117
4991 32 256 117
4992 24 1 118
4993 33 2 118
4994 12 37 119
4995 13 243 119
4996 24 1 119
4997 35 171 119
4998 16 83 120
4999 17 253 120
5000 24 1 120
5001 37 57 120
5002 20 117 121
5003 21 137 121
5004 24 1 121
5005 39 168 121
5006 24 1 122
5007 25 1 111
5008 25 1 112
5009 26 255 112
5010 25 1 113
5011 27 4 113
5012 25 1 114
5013 28 249 114
5014 25 1 115
5015 29 16 115
5016 25 1 116
5017 30 225 116
5018 25 1 117
5019 31 64 117
5020 25 1 118
5021 32 129 118
5022 10 49 119
5023 11 248 119
5024 25 1 119
5025 34 122 119
5026 14 28 120
5027 15 170 120
5028 25 1 120
5029 36 123 120
5030 18 31 121
5031 19 175 121
5032 25 1 121
5033 38 51 121
5034 22 132 122
5035 23 3 122
5036 25 1 122
5037 40 118 122
5038 26 1 113
5039 26 1 114
5040 27 255 114
5041 26 1 115
5042 28 4 115
5043 26 1 116
5044 29 249 116
5045 26 1 117
5046 30 16 117
5047 26 1 118
5048 31 225 118
5049 8 124 119
5050 9 230 119
5051 26 1 119
5052 33 73 119
5053 12 168 120
5054 13 116 120
5055 26 1 120
5056 35 85 120
5057 16 57 121
5058 17 34 121
5059 26 1 121
5060 37 3 121
5061 20 96 122
5062 21 144 122
5063 26 1 122
5064 39 24 122
5065 24 66 123
5066 25 130 123
5067 26 1 123
5068 27 1 115
5069 27 1 116
5070 28 255 116
5071 27 1 117
5072 29 4 117
5073 27 1 118
5074 30 249 118
5075 6 256 119
5076 7 118 119
5077 27 1 119
5078 32 176 119
5079 10 89 120
5080 11 20 120
5081 27 1 120
5082 34 227 120
5083 14 32 121
5084 15 120 121
5085 27 1 121
5086 36 248 121
5087 18 18 122
5088 19 146 122
5089 27 1 122
5090 38 228 122
5091 22 151 123
5092 23 98 123
5093 27 1 123
5094 40 128 123
5095 26 44 124
5096 27 1 124
5097 28 1 117
5098 28 1 118
5099 29 255 118
5100 4 232 119
5101 5 171 119
5102 28 1 119
5103 31 61 119
5104 8 107 120
5105 9 224 120
5106 28 1 120
5107 33 25 120
5108 12 133 121
5109 13 27 121
5110 28 1 121
5111 35 212 121
5112 16 61 122
5113 17 36 122
5114 28 1 122
5115 37 60 122
5116 20 8 123
5117 21 122 123
5118 28 1 123
5119 39 132 123
5120 24 255 124
5121 25 254 124
5122 28 1 124
5123 41 189 124
5124 28 1 125
5125 3 64 119
5126 29 1 119
5127 30 111 119
5128 6 255 120
5129 7 209 120
5130 29 1 120
5131 32 33 120
5132 10 108 121
5133 11 106 121
5134 29 1 121
5135 34 244 121
5136 14 38 122
5137 15 228 122
5138 29 1 122
5139 36 168 122
5140 18 188 123
5141 19 191 123
5142 29 1 123
5143 38 120 123
5144 22 171 124
5145 23 102 124
5146 29 1 124
5147 40 114 124
5148 26 204 125
5149 27 49 125
5150 29 1 125
5151 42 76 125
5152 5 84 120
5153 30 1 120
5154 31 212 120
5155 8 171 121
5156 9 249 121
5157 30 1 121
5158 33 205 121
5159 12 193 122
5160 13 99 122
5161 30 1 122
5162 35 256 122
5163 16 118 123
5164 17 194 123
5165 30 1 123
5166 37 9 123
5167 20 133 124
5168 21 49 124
5169 30 1 124
5170 39 255 124
5171 24 64 125
5172 25 205 125
5173 30 1 125
5174 41 42 125
5175 28 204 126
5176 29 49 126
5177 30 1 126
5178 7 34 121
5179 31 1 121
5180 32 143 121
5181 10 134 122
5182 11 132 122
5183 31 1 122
5184 34 48 122
5185 14 98 123
5186 15 1 123
5187 31 1 123
5188 36 170 123
5189 18 8 124
5190 19 48 124
5191 31 1 124
5192 38 225 124
5193 22 109 125
5194 23 216 125
5195 31 1 125
5196 40 179 125
5197 26 94 126
5198 27 20 126
5199 31 1 126
5200 42 196 126
5201 30 172 127
5202 31 1 127
5203 9 137 122
5204 32 1 122
5205 33 21 122
5206 12 2 123
5207 13 48 123
5208 32 1 123
5209 35 56 123
5210 16 49 124
5211 17 129 124
5212 32 1 124
5213 37 194 124
5214 20 91 125
5215 21 32 125
5216 32 1 125
5217 39 254 125
5218 24 256 126
5219 25 189 126
5220 32 1 126
5221 41 62 126
5222 28 34 127
5223 29 133 127
5224 32 1 127
5225 43 246 127
5226 32 1 128
5227 11 70 123
5228 33 1 123
5229 34 22 123
5230 14 209 124
5231 15 133 124
5232 33 1 124
5233 36 81 124
5234 18 58 125
5235 19 95 125
5236 33 1 125
5237 38 150 125
5238 22 211 126
5239 23 238 126
5240 33 1 126
5241 40 166 126
5242 26 136 127
5243 27 253 127
5244 33 1 127
5245 42 225 127
5246 30 225 128
5247 31 26 128
5248 33 1 128
5249 44 125 128
5250 13 172 124
5251 34 1 124
5252 35 203 124
5253 16 74 125
5254 17 234 125
5255 34 1 125
5256 37 48 125
5257 20 245 126
5258 21 131 126
5259 34 1 126
5260 39 84 126
5261 24 211 127
5262 25 238 127
5263 34 1 127
5264 41 247 127
5265 28 28 128
5266 29 105 128
5267 34 1 128
5268 43 153 128
5269 32 118 129
5270 33 129 129
5271 34 1 129
5272 15 135 125
5273 35 1 125
5274 36 119 125
5275 18 41 126
5276 19 213 126
5277 35 1 126
5278 38 109 126
5279 22 155 127
5280 23 214 127
5281 35 1 127
5282 40 239 127
5283 26 99 128
5284 27 80 128
5285 35 1 128
5286 42 237 128
5287 30 221 129
5288 31 122 129
5289 35 1 129
5290 44 98 129
5291 34 236 130
5292 35 1 130
5293 17 223 126
5294 36 1 126
5295 37 197 126
5296 20 65 127
5297 21 18 127
5298 36 1 127
5299 39 114 127
5300 24 78 128
5301 25 48 128
5302 36 1 128
5303 41 230 128
5304 28 68 129
5305 29 151 129
5306 36 1 129
5307 43 128 129
5308 32 191 130
5309 33 138 130
5310 36 1 130
5311 45 25 130
5312 36 1 131
5313 19 39 127
5314 37 1 127
5315 38 133 127
5316 22 220 128
5317 23 140 128
5318 37 1 128
5319 40 81 128
5320 26 104 129
5321 27 64 129
5322 37 1 129
5323 42 215 129
5324 30 36 130
5325 31 216 130
5326 37 1 130
5327 44 153 130
5328 34 113 131
5329 35 231 131
5330 37 1 131
5331 46 250 131
5332 21 39 128
5333 38 1 128
5334 39 61 128
5335 24 18 129
5336 25 175 129
5337 38 1 129
5338 41 37 129
5339 28 90 130
5340 29 174 130
5341 38 1 130
5342 43 253 130
5343 32 72 131
5344 33 175 131
5345 38 1 131
5346 45 228 131
5347 36 191 132
5348 37 138 132
5349 38 1 132
5350 23 61 129
5351 39 1 129
5352 40 185 129
5353 26 232 130
5354 27 171 130
5355 39 1 130
5356 42 234 130
5357 30 8 131
5358 31 84 131
5359 39 1 131
5360 44 140 131
5361 34 30 132
5362 35 180 132
5363 39 1 132
5364 46 246 132
5365 38 223 133
5366 39 1 133
5367 25 116 130
5368 40 1 130
5369 41 33 130
5370 28 104 131
5371 29 183 131
5372 40 1 131
5373 43 150 131
5374 32 103 132
5375 33 182 132
5376 40 1 132
5377 45 171 132
5378 36 84 133
5379 37 247 133
5380 40 1 133
5381 47 79 133
5382 40 1 134
5383 27 237 131
5384 41 1 131
5385 42 253 131
5386 30 208 132
5387 31 109 132
5388 41 1 132
5389 44 200 132
5390 34 122 133
5391 35 253 133
5392 41 1 133
5393 46 85 133
5394 38 23 134
5395 39 138 134
5396 41 1 134
5397 48 118 134
5398 29 73 132
5399 42 1 132
5400 43 167 132
5401 32 57 133
5402 33 83 133
5403 42 1 133
5404 45 18 133
5405 36 109 134
5406 37 245 134
5407 42 1 134
5408 47 127 134
5409 40 92 135
5410 41 38 135
5411 42 1 135
5412 31 177 133
5413 43 1 133
5414 44 42 133
5415 34 62 134
5416 35 203 134
5417 43 1 134
5418 46 246 134
5419 38 102 135
5420 39 43 135
5421 43 1 135
5422 48 253 135
5423 42 43 136
5424 43 1 136
5425 33 57 134
5426 44 1 134
5427 45 149 134
5428 36 147 135
5429 37 187 135
5430 44 1 135
5431 47 112 135
5432 40 48 136
5433 41 247 136
5434 44 1 136
5435 49 243 136
5436 44 1 137
5437 35 49 135
5438 45 1 135
5439 46 137 135
5440 38 127 136
5441 39 221 136
5442 45 1 136
5443 48 25 136
5444 42 100 137
5445 43 22 137
5446 45 1 137
5447 50 173 137
5448 37 218 136
5449 46 1 136
5450 47 122 136
5451 40 186 137
5452 41 95 137
5453 46 1 137
5454 49 108 137
5455 44 205 138
5456 45 225 138
5457 46 1 138
5458 39 101 137
5459 47 1 137
5460 48 66 137
5461 42 202 138
5462 43 222 138
5463 47 1 138
5464 50 216 138
5465 46 98 139
5466 47 1 139
5467 41 30 138
5468 48 1 138
5469 49 77 138
5470 44 233 139
5471 45 195 139
5472 48 1 139
5473 51 26 139
5474 48 1 140
5475 43 98 139
5476 49 1 139
5477 50 41 139
5478 46 4 140
5479 47 96 140
5480 49 1 140
5481 52 104 140
5482 45 172 140
5483 50 1 140
5484 51 244 140
5485 48 44 141
5486 49 28 141
5487 50 1 141
5488 47 23 141
5489 51 1 141
5490 52 154 141
5491 50 75 142
5492 51 1 142
5493 49 136 142
5494 52 1 142
5495 53 231 142
5496 52 1 143
5497 51 120 143
5498 53 1 143
5499 54 205 143
5500 53 173 144
5501 54 1 144
5502 55 1 145
5503 56 15 146
5504 55 5 146
5505 54 173 145
5506 53 229 145
5507 52 162 144
5508 51 54 144
5509 50 18 143
5510 49 6 143
5511 48 2 142
5512 47 172 142
5513 46 143 141
5514 45 219 141
5515 44 73 140
5516 43 110 140
5517 42 208 139
5518 41 155 139
5519 40 223 138
5520 39 160 138
5521 38 139 137
5522 37 132 137
5523 36 44 136
5524 35 186 136
5525 34 62 135
5526 33 192 135
5527 32 64 134
5528 31 107 134
5529 30 207 133
5530 29 69 133
5531 28 23 132
5532 27 179 132
5533 26 231 131
5534 25 77 131
5535 24 197 130
5536 23 237 130
5537 22 79 129
5538 21 112 129
5539 20 123 128
5540 19 41 128
5541 18 185 127
5542 17 233 127
5543 16 249 126
5544 15 83 126
5545 14 199 125
5546 13 152 125
5547 12 222 124
5548 11 74 124
5549 57 15 148
5550 56 5 147
5551 55 173 147
5552 54 229 146
5553 53 162 146
5554 52 54 145
5555 51 18 145
5556 50 6 144
5557 49 2 144
5558 48 172 143
5559 47 143 143
5560 46 219 142
5561 45 73 142
5562 44 110 141
5563 43 208 141
5564 42 155 140
5565 41 223 140
5566 40 160 139
5567 39 139 139
5568 38 132 138
5569 37 44 138
5570 36 186 137
5571 35 62 137
5572 34 192 136
5573 33 64 136
5574 32 107 135
5575 31 207 135
5576 30 69 134
5577 29 23 134
5578 28 179 133
5579 27 231 133
5580 26 77 132
5581 25 197 132
5582 24 237 131
5583 23 79 131
5584 22 112 130
5585 21 123 130
5586 20 41 129
5587 19 185 129
5588 18 233 128
5589 17 249 128
5590 16 83 127
5591 15 199 127
5592 14 152 126
5593 13 222 126
5594 58 15 149
5595 57 5 149
5596 56 173 148
5597 55 229 148
5598 54 162 147
5599 53 54 147
5600 52 18 146
5601 51 6 146
5602 50 2 145
5603 49 172 145
5604 48 143 144
5605 47 219 144
5606 46 73 143
5607 45 110 143
5608 44 208 142
5609 43 155 142
5610 42 223 141
5611 41 160 141
5612 40 139 140
5613 39 132 140
5614 38 44 139
5615 37 186 139
5616 36 62 138
5617 35 192 138
5618 34 64 137
5619 33 107 137
5620 32 207 136
5621 31 69 136
5622 30 23 135
5623 29 179 135
5624 28 231 134
5625 27 77 134
5626 26 197 133
5627 25 237 133
5628 24 79 132
5629 23 112 132
5630 22 123 131
5631 21 41 131
5632 20 185 130
5633 19 233 130
5634 18 249 129
5635 17 83 129
5636 16 199 128
5637 15 152 128
5638 59 15 151
5639 58 5 150
5640 57 173 150
5641 56 229 149
5642 55 162 149
5643 54 54 148
5644 53 18 148
5645 52 6 147
5646 51 2 147
5647 50 172 146
5648 49 143 146
5649 48 219 145
5650 47 73 145
5651 46 110 144
5652 45 208 144
5653 44 155 143
5654 43 223 143
5655 42 160 142
5656 41 139 142
5657 40 132 141
5658 39 44 141
5659 38 186 140
5660 37 62 140
5661 36 192 139
5662 35 64 139
5663 34 107 138
5664 33 207 138
5665 32 69 137
5666 31 23 137
5667 30 179 136
5668 29 231 136
5669 28 77 135
5670 27 197 135
5671 26 237 134
5672 25 79 134
5673 24 112 133
5674 23 123 133
5675 22 41 132
5676 21 185 132
5677 20 233 131
5678 19 249 131
5679 18 83 130
5680 17 199 130
5681 60 15 152
5682 59 5 152
5683 58 173 151
5684 57 229 151
5685 56 162 150
5686 55 54 150
5687 54 18 149
5688 53 6 149
5689 52 2 148
5690 51 172 148
5691 50 143 147
5692 49 219 147
5693 48 73 146
5694 47 110 146
5695 46 208 145
5696 45 155 145
5697 44 223 144
5698 43 160 144
5699 42 139 143
5700 41 132 143
5701 40 44 142
5702 39 186 142
5703 38 62 141
5704 37 192 141
5705 36 64 140
5706 35 107 140
5707 34 207 139
5708 33 69 139
5709 32 23 138
5710 31 179 138
5711 30 231 137
5712 29 77 137
5713 28 197 136
5714 27 237 136
5715 26 79 135
5716 25 112 135
5717 24 123 134
5718 23 41 134
5719 22 185 133
5720 21 233 133
5721 20 249 132
5722 19 83 132
5723 61 15 154
5724 60 5 153
5725 59 173 153
5726 58 229 152
5727 57 162 152
5728 56 54 151
5729 55 18 151
5730 54 6 150
5731 53 2 150
5732 52 172 149
5733 51 143 149
5734 50 219 148
5735 49 73 148
5736 48 110 147
5737 47 208 147
5738 46 155 146
5739 45 223 146
5740 44 160 145
5741 43 139 145
5742 42 132 144
5743 41 44 144
5744 40 186 143
5745 39 62 143
5746 38 192 142
5747 37 64 142
5748 36 107 141
5749 35 207 141
5750 34 69 140
5751 33 23 140
5752 32 179 139
5753 31 231 139
5754 30 77 138
5755 29 197 138
5756 28 237 137
5757 27 79 137
5758 26 112 136
5759 25 123 136
5760 24 41 135
5761 23 185 135
5762 22 233 134
5763 21 249 134
5764 62 15 155
5765 61 5 155
5766 60 173 154
5767 59 229 154
5768 58 162 153
5769 57 54 153
5770 56 18 152
5771 55 6 152
5772 54 2 151
5773 53 172 151
5774 52 143 150
5775 51 219 150
5776 50 73 149
5777 49 110 149
5778 48 208 148
5779 47 155 148
5780 46 223 147
5781 45 160 147
5782 44 139 146
5783 43 132 146
5784 42 44 145
5785 41 186 145
5786 40 62 144
5787 39 192 144
5788 38 64 143
5789 37 107 143
5790 36 207 142
5791 35 69 142
5792 34 23 141
5793 33 179 141
5794 32 231 140
5795 31 77 140
5796 30 197 139
5797 29 237 139
5798 28 79 138
5799 27 112 138
5800 26 123 137
5801 25 41 137
5802 24 185 136
5803 23 233 136
5804 63 15 157
5805 62 5 156
5806 61 173 156
5807 60 229 155
5808 59 162 155
5809 58 54 154
5810 57 18 154
5811 56 6 153
5812 55 2 153
5813 54 172 152
5814 53 143 152
5815 52 219 151
5816 51 73 151
5817 50 110 150
5818 49 208 150
5819 48 155 149
5820 47 223 149
5821 46 160 148
5822 45 139 148
5823 44 132 147
5824 43 44 147
5825 42 186 146
5826 41 62 146
5827 40 192 145
5828 39 64 145
5829 38 107 144
5830 37 207 144
5831 36 69 143
5832 35 23 143
5833 34 179 142
5834 33 231 142
5835 32 77 141
5836 31 197 141
5837 30 237 140
5838 29 79 140
5839 28 112 139
5840 27 123 139
5841 26 41 138
5842 25 185 138
5843 64 15 158
5844 63 5 158
5845 62 173 157
5846 61 229 157
5847 60 162 156
5848 59 54 156
5849 58 18 155
5850 57 6 155
5851 56 2 154
5852 55 172 154
5853 54 143 153
5854 53 219 153
5855 52 73 152
5856 51 110 152
5857 50 208 151
5858 49 155 151
5859 48 223 150
5860 47 160 150
5861 46 139 149
5862 45 132 149
5863 44 44 148
5864 43 186 148
5865 42 62 147
5866 41 192 147
5867 40 64 146
5868 39 107 146
5869 38 207 145
5870 37 69 145
5871 36 23 144
5872 35 179 144
5873 34 231 143
5874 33 77 143
5875 32 197 142
5876 31 237 142
5877 30 79 141
5878 29 112 141
5879 28 123 140
5880 27 41 140
5881 65 15 160
5882 64 5 159
5883 63 173 159
5884 62 229 158
5885 61 162 158
5886 60 54 157
5887 59 18 157
5888 58 6 156
5889 57 2 156
5890 56 172 155
5891 55 143 155
5892 54 219 154
5893 53 73 154
5894 52 110 153
5895 51 208 153
5896 50 155 152
5897 49 223 152
5898 48 160 151
5899 47 139 151
5900 46 132 150
5901 45 44 150
5902 44 186 149
5903 43 62 149
5904 42 192 148
5905 41 64 148
5906 40 107 147
5907 39 207 147
5908 38 69 146
5909 37 23 146
5910 36 179 145
5911 35 231 145
5912 34 77 144
5913 33 197 144
5914 32 237 143
5915 31 79 143
5916 30 112 142
5917 29 123 142
5918 66 15 161
5919 65 5 161
5920 64 173 160
5921 63 229 160
5922 62 162 159
5923 61 54 159
5924 60 18 158
5925 59 6 158
5926 58 2 157
5927 57 172 157
5928 56 143 156
5929 55 219 156
5930 54 73 155
5931 53 110 155
5932 52 208 154
5933 51 155 154
5934 50 223 153
5935 49 160 153
5936 48 139 152
5937 47 132 152
5938 46 44 151
5939 45 186 151
5940 44 62 150
5941 43 192 150
5942 42 64 149
5943 41 107 149
5944 40 207 148
5945 39 69 148
5946 38 23 147
5947 37 179 147
5948 36 231 146
5949 35 77 146
5950 34 197 145
5951 33 237 145
5952 32 79 144
5953 31 112 144
5954 67 15 163
5955 66 5 162
5956 65 173 162
5957 64 229 161
5958 63 162 161
5959 62 54 160
5960 61 18 160
5961 60 6 159
5962 59 2 159
5963 58 172 158
5964 57 143 158
5965 56 219 157
5966 55 73 157
5967 54 110 156
5968 53 208 156
5969 52 155 155
5970 51 223 155
5971 50 160 154
5972 49 139 154
5973 48 132 153
5974 47 44 153
5975 46 186 152
5976 45 62 152
5977 44 192 151
5978 43 64 151
5979 42 107 150
5980 41 207 150
5981 40 69 149
5982 39 23 149
5983 38 179 148
5984 37 231 148
5985 36 77 147
5986 35 197 147
5987 34 237 146
5988 33 79 146
5989 68 15 164
5990 67 5 164
5991 66 173 163
5992 65 229 163
5993 64 162 162
5994 63 54 162
5995 62 18 161
5996 61 6 161
5997 60 2 160
5998 59 172 160
5999 58 143 159
6000 57 219 159
6001 56 73 158
6002 55 110 158
6003 54 208 157
6004 53 155 157
6005 52 223 156
6006 51 160 156
6007 50 139 155
6008 49 132 155
6009 48 44 154
6010 47 186 154
6011 46 62 153
6012 45 192 153
6013 44 64 152
6014 43 107 152
6015 42 207 151
6016 41 69 151
6017 40 23 150
6018 39 179 150
6019 38 231 149
6020 37 77 149
6021 36 197 148
6022 35 237 148
6023 69 15 166
6024 68 5 165
6025 67 173 165
6026 66 229 164
6027 65 162 164
6028 64 54 163
6029 63 18 163
6030 62 6 162
6031 61 2 162
6032 60 172 161
6033 59 143 161
6034 58 219 160
6035 57 73 160
6036 56 110 159
6037 55 208 159
6038 54 155 158
6039 53 223 158
6040 52 160 157
6041 51 139 157
6042 50 132 156
6043 49 44 156
6044 48 186 155
6045 47 62 155
6046 46 192 154
6047 45 64 154
6048 44 107 153
6049 43 207 153
6050 42 69 152
6051 41 23 152
6052 40 179 151
6053 39 231 151
6054 38 77 150
6055 37 197 150
6056 70 15 167
6057 69 5 167
6058 68 173 166
6059 67 229 166
6060 66 162 165
6061 65 54 165
6062 64 18 164
6063 63 6 164
6064 62 2 163
6065 61 172 163
6066 60 143 162
6067 59 219 162
6068 58 73 161
6069 57 110 161
6070 56 208 160
6071 55 155 160
6072 54 223 159
6073 53 160 159
6074 52 139 158
6075 51 132 158
6076 50 44 157
6077 49 186 157
6078 48 62 156
6079 47 192 156
6080 46 64 155
6081 45 107 155
6082 44 207 154
6083 43 69 154
6084 42 23 153
6085 41 179 153
6086 40 231 152
6087 39 77 152
6088 71 15 169
6089 70 5 168
6090 69 173 168
6091 68 229 167
6092 67 162 167
6093 66 54 166
6094 65 18 166
6095 64 6 165
6096 63 2 165
6097 62 172 164
6098 61 143 164
6099 60 219 163
6100 59 73 163
6101 58 110 162
6102 57 208 162
6103 56 155 161
6104 55 223 161
6105 54 160 160
6106 53 139 160
6107 52 132 159
6108 51 44 159
6109 50 186 158
6110 49 62 158
6111 48 192 157
6112 47 64 157
6113 46 107 156
6114 45 207 156
6115 44 69 155
6116 43 23 155
6117 42 179 154
6118 41 231 154
6119 72 15 170
6120 71 5 170
6121 70 173 169
6122 69 229 169
6123 68 162 168
6124 67 54 168
6125 66 18 167
6126 65 6 167
6127 64 2 166
6128 63 172 166
6129 62 143 165
6130 61 219 165
6131 60 73 164
6132 59 110 164
6133 58 208 163
6134 57 155 163
6135 56 223 162
6136 55 160 162
6137 54 139 161
6138 53 132 161
6139 52 44 160
6140 51 186 160
6141 50 62 159
6142 49 192 159
6143 48 64 158
6144 47 107 158
6145 46 207 157
6146 45 69 157
6147 44 23 156
6148 43 179 156
6149 73 15 172
6150 72 5 171
6151 71 173 171
6152 70 229 170
6153 69 162 170
6154 68 54 169
6155 67 18 169
6156 66 6 168
6157 65 2 168
6158 64 172 167
6159 63 143 167
6160 62 219 166
6161 61 73 166
6162 60 110 165
6163 59 208 165
6164 58 155 164
6165 57 223 164
6166 56 160 163
6167 55 139 163
6168 54 132 162
6169 53 44 162
6170 52 186 161
6171 51 62 161
6172 50 192 160
6173 49 64 160
6174 48 107 159
6175 47 207 159
6176 46 69 158
6177 45 23 158
6178 74 15 173
6179 73 5 173
6180 72 173 172
6181 71 229 172
6182 70 162 171
6183 69 54 171
6184 68 18 170
6185 67 6 170
6186 66 2 169
6187 65 172 169
6188 64 143 168
6189 63 219 168
6190 62 73 167
6191 61 110 167
6192 60 208 166
6193 59 155 166
6194 58 223 165
6195 57 160 165
6196 56 139 164
6197 55 132 164
6198 54 44 163
6199 53 186 163
6200 52 62 162
6201 51 192 162
6202 50 64 161
6203 49 107 161
6204 48 207 160
6205 47 69 160
6206 75 15 175
6207 74 5 174
6208 73 173 174
6209 72 229 173
6210 71 162 173
6211 70 54 172
6212 69 18 172
6213 68 6 171
6214 67 2 171
6215 66 172 170
6216 65 143 170
6217 64 219 169
6218 63 73 169
6219 62 110 168
6220 61 208 168
6221 60 155 167
6222 59 223 167
6223 58 160 166
6224 57 139 166
6225 56 132 165
6226 55 44 165
6227 54 186 164
6228 53 62 164
6229 52 192 163
6230 51 64 163
6231 50 107 162
6232 49 207 162
6233 76 15 176
6234 75 5 176
6235 74 173 175
6236 73 229 175
6237 72 162 174
6238 71 54 174
6239 70 18 173
6240 69 6 173
6241 68 2 172
6242 67 172 172
6243 66 143 171
6244 65 219 171
6245 64 73 170
6246 63 110 170
6247 62 208 169
6248 61 155 169
6249 60 223 168
6250 59 160 168
6251 58 139 167
6252 57 132 167
6253 56 44 166
6254 55 186 166
6255 54 62 165
6256 53 192 165
6257 52 64 164
6258 51 107 164
6259 77 15 178
6260 76 5 177
6261 75 173 177
6262 74 229 176
6263 73 162 176
6264 72 54 175
6265 71 18 175
6266 70 6 174
6267 69 2 174
6268 68 172 173
6269 67 143 173
6270 66 219 172
6271 65 73 172
6272 64 110 171
6273 63 208 171
6274 62 155 170
6275 61 223 170
6276 60 160 169
6277 59 139 169
6278 58 132 168
6279 57 44 168
6280 56 186 167
6281 55 62 167
6282 54 192 166
6283 53 64 166
6284 78 15 179
6285 77 5 179
6286 76 173 178
6287 75 229 178
6288 74 162 177
6289 73 54 177
6290 72 18 176
6291 71 6 176
6292 70 2 175
6293 69 172 175
6294 68 143 174
6295 67 219 174
6296 66 73 173
6297 65 110 173
6298 64 208 172
6299 63 155 172
6300 62 223 171
6301 61 160 171
6302 60 139 170
6303 59 132 170
6304 58 44 169
6305 57 186 169
6306 56 62 168
6307 55 192 168
6308 79 15 181
6309 78 5 180
6310 77 173 180
6311 76 229 179
6312 75 162 179
6313 74 54 178
6314 73 18 178
6315 72 6 177
6316 71 2 177
6317 70 172 176
6318 69 143 176
6319 68 219 175
6320 67 73 175
6321 66 110 174
6322 65 208 174
6323 64 155 173
6324 63 223 173
6325 62 160 172
6326 61 139 172
6327 60 132 171
6328 59 44 171
6329 58 186 170
6330 57 62 170
6331 80 15 182
6332 79 5 182
6333 78 173 181
6334 77 229 181
6335 76 162 180
6336 75 54 180
6337 74 18 179
6338 73 6 179
6339 72 2 178
6340 71 172 178
6341 70 143 177
6342 69 219 177
6343 68 73 176
6344 67 110 176
6345 66 208 175
6346 65 155 175
6347 64 223 174
6348 63 160 174
6349 62 139 173
6350 61 132 173
6351 60 44 172
6352 59 186 172
6353 81 15 184
6354 80 5 183
6355 79 173 183
6356 78 229 182
6357 77 162 182
6358 76 54 181
6359 75 18 181
6360 74 6 180
6361 73 2 180
6362 72 172 179
6363 71 143 179
6364 70 219 178
6365 69 73 178
6366 68 110 177
6367 67 208 177
6368 66 155 176
6369 65 223 176
6370 64 160 175
6371 63 139 175
6372 62 132 174
6373 61 44 174
6374 82 15 185
6375 81 5 185
6376 80 173 184
6377 79 229 184
6378 78 162 183
6379 77 54 183
6380 76 18 182
6381 75 6 182
6382 74 2 181
6383 73 172 181
6384 72 143 180
6385 71 219 180
6386 70 73 179
6387 69 110 179
6388 68 208 178
6389 67 155 178
6390 66 223 177
6391 65 160 177
6392 64 139 176
6393 63 132 176
6394 83 15 187
6395 82 5 186
6396 81 173 186
6397 80 229 185
6398 79 162 185
6399 78 54 184
6400 77 18 184
6401 76 6 183
6402 75 2 183
6403 74 172 182
6404 73 143 182
6405 72 219 181
6406 71 73 181
6407 70 110 180
6408 69 208 180
6409 68 155 179
6410 67 223 179
6411 66 160 178
6412 65 139 178
6413 84 15 188
6414 83 5 188
6415 82 173 187
6416 81 229 187
6417 80 162 186
6418 79 54 186
6419 78 18 185
6420 77 6 185
6421 76 2 184
6422 75 172 184
6423 74 143 183
6424 73 219 183
6425 72 73 182
6426 71 110 182
6427 70 208 181
6428 69 155 181
6429 68 223 180
6430 67 160 180
6431 85 15 190
6432 84 5 189
6433 83 173 189
6434 82 229 188
6435 81 162 188
6436 80 54 187
6437 79 18 187
6438 78 6 186
6439 77 2 186
6440 76 172 185
6441 75 143 185
6442 74 219 184
6443 73 73 184
6444 72 110 183
6445 71 208 183
6446 70 155 182
6447 69 223 182
6448 86 15 191
6449 85 5 191
6450 84 173 190
6451 83 229 190
6452 82 162 189
6453 81 54 189
6454 80 18 188
6455 79 6 188
6456 78 2 187
6457 77 172 187
6458 76 143 186
6459 75 219 186
6460 74 73 185
6461 73 110 185
6462 72 208 184
6463 71 155 184
6464 87 15 193
6465 86 5 192
6466 85 173 192
6467 84 229 191
6468 83 162 191
6469 82 54 190
6470 81 18 190
6471 80 6 189
6472 79 2 189
6473 78 172 188
6474 77 143 188
6475 76 219 187
6476 75 73 187
6477 74 110 186
6478 73 208 186
6479 88 15 194
6480 87 5 194
6481 86 173 193
6482 85 229 193
6483 84 162 192
6484 83 54 192
6485 82 18 191
6486 81 6 191
6487 80 2 190
6488 79 172 190
6489 78 143 189
6490 77 219 189
6491 76 73 188
6492 75 110 188
6493 89 15 196
6494 88 5 195
6495 87 173 195
6496 86 229 194
6497 85 162 194
6498 84 54 193
6499 83 18 193
6500 82 6 192
6501 81 2 192
6502 80 172 191
6503 79 143 191
6504 78 219 190
6505 77 73 190
6506 90 15 197
6507 89 5 197
6508 88 173 196
6509 87 229 196
6510 86 162 195
6511 85 54 195
6512 84 18 194
6513 83 6 194
6514 82 2 193
6515 81 172 193
6516 80 143 192
6517 79 219 192
6518 91 15 199
6519 90 5 198
6520 89 173 198
6521 88 229 197
6522 87 162 197
6523 86 54 196
6524 85 18 196
6525 84 6 195
6526 83 2 195
6527 82 172 194
6528 81 143 194
6529 92 15 200
6530 91 5 200
6531 90 173 199
6532 89 229 199
6533 88 162 198
6534 87 54 198
6535 86 18 197
6536 85 6 197
6537 84 2 196
6538 83 172 196
6539 93 15 202
6540 92 5 201
6541 91 173 201
6542 90 229 200
6543 89 162 200
6544 88 54 199
6545 87 18 199
6546 86 6 198
6547 85 2 198
6548 94 15 203
6549 93 5 203
6550 92 173 202
6551 91 229 202
6552 90 162 201
6553 89 54 201
6554 88 18 200
6555 87 6 200
6556 95 15 205
6557 94 5 204
6558 93 173 204
6559 92 229 203
6560 91 162 203
6561 90 54 202
6562 89 18 202
6563 96 15 206
6564 95 5 206
6565 94 173 205
6566 93 229 205
6567 92 162 204
6568 91 54 204
6569 97 15 208
6570 96 5 207
6571 95 173 207
6572 94 229 206
6573 93 162 206
6574 98 15 209
6575 97 5 209
6576 96 173 208
6577 95 229 208
6578 99 15 211
6579 98 5 210
6580 97 173 210
6581 100 15 212
6582 99 5 212
6583 101 15 214
6584 102 1 215
6585 100 193 213
6586 98 241 211
6587 96 253 209
6588 94 256 207
6589 92 64 205
6590 90 16 203
6591 88 4 201
6592 86 1 199
6593 84 193 197
6594 82 241 195
6595 80 253 193
6596 78 256 191
6597 76 64 189
6598 74 16 187
6599 72 4 185
6600 70 1 183
6601 68 193 181
6602 66 241 179
6603 64 253 177
6604 62 256 175
6605 60 64 173
6606 58 16 171
6607 56 4 169
6608 54 1 167
6609 52 193 165
6610 50 241 163
6611 48 253 161
6612 46 256 159
6613 44 64 157
6614 42 16 155
6615 40 4 153
6616 38 1 151
6617 36 193 149
6618 34 241 147
6619 32 253 145
6620 30 256 143
6621 28 64 141
6622 26 16 139
6623 24 4 137
6624 22 1 135
6625 20 193 133
6626 18 241 131
6627 16 253 129
6628 103 1 217
6629 101 193 215
6630 99 241 213
6631 97 253 211
6632 95 256 209
6633 93 64 207
6634 91 16 205
6635 89 4 203
6636 87 1 201
6637 85 193 199
6638 83 241 197
6639 81 253 195
6640 79 256 193
6641 77 64 191
6642 75 16 189
6643 73 4 187
6644 71 1 185
6645 69 193 183
6646 67 241 181
6647 65 253 179
6648 63 256 177
6649 61 64 175
6650 59 16 173
6651 57 4 171
6652 55 1 169
6653 53 193 167
6654 51 241 165
6655 49 253 163
6656 47 256 161
6657 45 64 159
6658 43 16 157
6659 41 4 155
6660 39 1 153
6661 37 193 151
6662 35 241 149
6663 33 253 147
6664 31 256 145
6665 29 64 143
6666 27 16 141
6667 25 4 139
6668 23 1 137
6669 21 193 135
6670 104 1 218
6671 102 193 216
6672 100 241 214
6673 98 253 212
6674 96 256 210
6675 94 64 208
6676 92 16 206
6677 90 4 204
6678 88 1 202
6679 86 193 200
6680 84 241 198
6681 82 253 196
6682 80 256 194
6683 78 64 192
6684 76 16 190
6685 74 4 188
6686 72 1 186
6687 70 193 184
6688 68 241 182
6689 66 253 180
6690 64 256 178
6691 62 64 176
6692 60 16 174
6693 58 4 172
6694 56 1 170
6695 54 193 168
6696 52 241 166
6697 50 253 164
6698 48 256 162
6699 46 64 160
6700 44 16 158
6701 42 4 156
6702 40 1 154
6703 38 193 152
6704 36 241 150
6705 34 253 148
6706 32 256 146
6707 30 64 144
6708 28 16 142
6709 26 4 140
6710 105 1 220
6711 103 193 218
6712 101 241 216
6713 99 253 214
6714 97 256 212
6715 95 64 210
6716 93 16 208
6717 91 4 206
6718 89 1 204
6719 87 193 202
6720 85 241 200
6721 83 253 198
6722 81 256 196
6723 79 64 194
6724 77 16 192
6725 75 4 190
6726 73 1 188
6727 71 193 186
6728 69 241 184
6729 67 253 182
6730 65 256 180
6731 63 64 178
6732 61 16 176
6733 59 4 174
6734 57 1 172
6735 55 193 170
6736 53 241 168
6737 51 253 166
6738 49 256 164
6739 47 64 162
6740 45 16 160
6741 43 4 158
6742 41 1 156
6743 39 193 154
6744 37 241 152
6745 35 253 150
6746 33 256 148
6747 31 64 146
6748 106 1 221
6749 104 193 219
6750 102 241 217
6751 100 253 215
6752 98 256 213
6753 96 64 211
6754 94 16 209
6755 92 4 207
6756 90 1 205
6757 88 193 203
6758 86 241 201
6759 84 253 199
6760 82 256 197
6761 80 64 195
6762 78 16 193
6763 76 4 191
6764 74 1 189
6765 72 193 187
6766 70 241 185
6767 68 253 183
6768 66 256 181
6769 64 64 179
6770 62 16 177
6771 60 4 175
6772 58 1 173
6773 56 193 171
6774 54 241 169
6775 52 253 167
6776 50 256 165
6777 48 64 163
6778 46 16 161
6779 44 4 159
6780 42 1 157
6781 40 193 155
6782 38 241 153
6783 36 253 151
6784 107 1 223
6785 105 193 221
6786 103 241 219
6787 101 253 217
6788 99 256 215
6789 97 64 213
6790 95 16 211
6791 93 4 209
6792 91 1 207
6793 89 193 205
6794 87 241 203
6795 85 253 201
6796 83 256 199
6797 81 64 197
6798 79 16 195
6799 77 4 193
6800 75 1 191
6801 73 193 189
6802 71 241 187
6803 69 253 185
6804 67 256 183
6805 65 64 181
6806 63 16 179
6807 61 4 177
6808 59 1 175
6809 57 193 173
6810 55 241 171
6811 53 253 169
6812 51 256 167
6813 49 64 165
6814 47 16 163
6815 45 4 161
6816 43 1 159
6817 41 193 157
6818 108 1 224
6819 106 193 222
6820 104 241 220
6821 102 253 218
6822 100 256 216
6823 98 64 214
6824 96 16 212
6825 94 4 210
6826 92 1 208
6827 90 193 206
6828 88 241 204
6829 86 253 202
6830 84 256 200
6831 82 64 198
6832 80 16 196
6833 78 4 194
6834 76 1 192
6835 74 193 190
6836 72 241 188
6837 70 253 186
6838 68 256 184
6839 66 64 182
6840 64 16 180
6841 62 4 178
6842 60 1 176
6843 58 193 174
6844 56 241 172
6845 54 253 170
6846 52 256 168
6847 50 64 166
6848 48 16 164
6849 46 4 162
6850 109 1 226
6851 107 193 224
6852 105 241 222
6853 103 253 220
6854 101 256 218
6855 99 64 216
6856 97 16 214
6857 95 4 212
6858 93 1 210
6859 91 193 208
6860 89 241 206
6861 87 253 204
6862 85 256 202
6863 83 64 200
6864 81 16 198
6865 79 4 196
6866 77 1 194
6867 75 193 192
6868 73 241 190
6869 71 253 188
6870 69 256 186
6871 67 64 184
6872 65 16 182
6873 63 4 180
6874 61 1 178
6875 59 193 176
6876 57 241 174
6877 55 253 172
6878 53 256 170
6879 51 64 168
6880 110 1 227
6881 108 193 225
6882 106 241 223
6883 104 253 221
6884 102 256 219
6885 100 64 217
6886 98 16 215
6887 96 4 213
6888 94 1 211
6889 92 193 209
6890 90 241 207
6891 88 253 205
6892 86 256 203
6893 84 64 201
6894 82 16 199
6895 80 4 197
6896 78 1 195
6897 76 193 193
6898 74 241 191
6899 72 253 189
6900 70 256 187
6901 68 64 185
6902 66 16 183
6903 64 4 181
6904 62 1 179
6905 60 193 177
6906 58 241 175
6907 56 253 173
6908 111 1 229
6909 109 193 227
6910 107 241 225
6911 105 253 223
6912 103 256 221
6913 101 64 219
6914 99 16 217
6915 97 4 215
6916 95 1 213
6917 93 193 211
6918 91 241 209
6919 89 253 207
6920 87 256 205
6921 85 64 203
6922 83 16 201
6923 81 4 199
6924 79 1 197
6925 77 193 195
6926 75 241 193
6927 73 253 191
6928 71 256 189
6929 69 64 187
6930 67 16 185
6931 65 4 183
6932 63 1 181
6933 61 193 179
6934 112 1 230
6935 110 193 228
6936 108 241 226
6937 106 253 224
6938 104 256 222
6939 102 64 220
6940 100 16 218
6941 98 4 216
6942 96 1 214
6943 94 193 212
6944 92 241 210
6945 90 253 208
6946 88 256 206
6947 86 64 204
6948 84 16 202
6949 82 4 200
6950 80 1 198
6951 78 193 196
6952 76 241 194
6953 74 253 192
6954 72 256 190
6955 70 64 188
6956 68 16 186
6957 66 4 184
6958 113 1 232
6959 111 193 230
6960 109 241 228
6961 107 253 226
6962 105 256 224
6963 103 64 222
6964 101 16 220
6965 99 4 218
6966 97 1 216
6967 95 193 214
6968 93 241 212
6969 91 253 210
6970 89 256 208
6971 87 64 206
6972 85 16 204
6973 83 4 202
6974 81 1 200
6975 79 193 198
6976 77 241 196
6977 75 253 194
6978 73 256 192
6979 71 64 190
6980 114 1 233
6981 112 193 231
6982 110 241 229
6983 108 253 227
6984 106 256 225
6985 104 64 223
6986 102 16 221
6987 100 4 219
6988 98 1 217
6989 96 193 215
6990 94 241 213
6991 92 253 211
6992 90 256 209
6993 88 64 207
6994 86 16 205
6995 84 4 203
6996 82 1 201
6997 80 193 199
6998 78 241 197
6999 76 253 195
7000 115 1 235
7001 113 193 233
7002 111 241 231
7003 109 253 229
7004 107 256 227
7005 105 64 225
7006 103 16 223
7007 101 4 221
7008 99 1 219
7009 97 193 217
7010 95 241 215
7011 93 253 213
7012 91 256 211
7013 89 64 209
7014 87 16 207
7015 85 4 205
7016 83 1 203
7017 81 193 201
7018 116 1 236
7019 114 193 234
7020 112 241 232
7021 110 253 230
7022 108 256 228
7023 106 64 226
7024 104 16 224
7025 102 4 222
7026 100 1 220
7027 98 193 218
7028 96 241 216
7029 94 253 214
7030 92 256 212
7031 90 64 210
7032 88 16 208
7033 86 4 206
7034 117 1 238
7035 115 193 236
7036 113 241 234
7037 111 253 232
7038 109 256 230
7039 107 64 228
7040 105 16 226
7041 103 4 224
7042 101 1 222
7043 99 193 220
7044 97 241 218
7045 95 253 216
7046 93 256 214
7047 91 64 212
7048 118 1 239
7049 116 193 237
7050 114 241 235
7051 112 253 233
7052 110 256 231
7053 108 64 229
7054 106 16 227
7055 104 4 225
7056 102 1 223
7057 100 193 221
7058 98 241 219
7059 96 253 217
7060 119 1 241
7061 117 193 239
7062 115 241 237
7063 113 253 235
7064 111 256 233
7065 109 64 231
7066 107 16 229
7067 105 4 227
7068 103 1 225
7069 101 193 223
7070 120 1 242
7071 118 193 240
7072 116 241 238
7073 114 253 236
7074 112 256 234
7075 110 64 232
7076 108 16 230
7077 106 4 228
7078 121 1 244
7079 119 193 242
7080 117 241 240
7081 115 253 238
7082 113 256 236
7083 111 64 234
7084 122 1 245
7085 120 193 243
7086 118 241 241
7087 116 253 239
7088 123 1 247
7089 121 193 245
7090 0 129 119
7091 0 129 120
7092 0 129 121
7093 0 129 122
7094 0 129 123
7095 0 129 124
7096 0 129 125
7097 0 129 126
7098 0 129 127
7099 0 129 128
7100 0 129 129
7101 0 129 130
7102 0 129 131
7103 0 129 132
7104 0 129 133
7105 0 129 134
7106 0 129 135
7107 0 129 136
7108 0 129 137
7109 0 129 138
7110 0 129 139
7111 0 129 140
7112 0 129 141
7113 0 129 142
7114 0 129 143
7115 0 129 144
7116 0 129 145
7117 0 129 146
7118 0 129 147
7119 0 129 148
7120 0 129 149
7121 0 129 150
7122 0 129 151
7123 0 129 152
7124 0 129 153
7125 0 129 154
7126 0 129 155
7127 0 129 156
7128 0 129 157
7129 0 129 158
7130 0 129 159
7131 0 129 160
7132 1 193 119
7133 1 193 120
7134 1 193 121
7135 1 193 122
7136 1 193 123
7137 1 193 124
7138 1 193 125
7139 1 193 126
7140 1 193 127
7141 1 193 128
7142 1 193 129
7143 1 193 130
7144 1 193 131
7145 1 193 132
7146 1 193 133
7147 1 193 134
7148 1 193 135
7149 1 193 136
7150 1 193 137
7151 1 193 138
7152 1 193 139
7153 1 193 140
7154 1 193 141
7155 1 193 142
7156 1 193 143
7157 1 193 144
7158 1 193 145
7159 1 193 146
7160 1 193 147
7161 1 193 148
7162 1 193 149
7163 1 193 150
7164 1 193 151
7165 1 193 152
7166 1 193 153
7167 1 193 154
7168 1 193 155
7169 1 193 156
7170 1 193 157
7171 1 193 158
7172 1 193 159
7173 2 225 119
7174 2 225 120
7175 2 225 121
7176 2 225 122
7177 2 225 123
7178 2 225 124
7179 2 225 125
7180 2 225 126
7181 2 225 127
7182 2 225 128
7183 2 225 129
7184 2 225 130
7185 2 225 131
7186 2 225 132
7187 2 225 133
7188 2 225 134
7189 2 225 135
7190 2 225 136
7191 2 225 137
7192 2 225 138
7193 2 225 139
7194 2 225 140
7195 2 225 141
7196 2 225 142
7197 2 225 143
7198 2 225 144
7199 2 225 145
7200 2 225 146
7201 2 225 147
7202 2 225 148
7203 2 225 149
7204 2 225 150
7205 2 225 151
7206 2 225 152
7207 2 225 153
7208 2 225 154
7209 2 225 155
7210 2 225 156
7211 2 225 157
7212 2 225 158
7213 3 225 120
7214 4 16 120
7215 3 241 121
7216 3 241 122
7217 3 241 123
7218 3 241 124
7219 3 241 125
7220 3 241 126
7221 3 241 127
7222 3 241 128
7223 3 241 129
7224 3 241 130
7225 3 241 131
7226 3 241 132
7227 3 241 133
7228 3 241 134
7229 3 241 135
7230 3 241 136
7231 3 241 137
7232 3 241 138
7233 3 241 139
7234 3 241 140
7235 3 241 141
7236 3 241 142
7237 3 241 143
7238 3 241 144
7239 3 241 145
7240 3 241 146
7241 3 241 147
7242 3 241 148
7243 3 241 149
7244 3 241 150
7245 3 241 151
7246 3 241 152
7247 3 241 153
7248 3 241 154
7249 3 241 155
7250 3 241 156
7251 3 241 157
7252 4 225 121
7253 5 16 121
7254 6 249 121
7255 4 249 122
7256 4 249 123
7257 4 249 124
7258 4 249 125
7259 4 249 126
7260 4 249 127
7261 4 249 128
7262 4 249 129
7263 4 249 130
7264 4 249 131
7265 4 249 132
7266 4 249 133
7267 4 249 134
7268 4 249 135
7269 4 249 136
7270 4 249 137
7271 4 249 138
7272 4 249 139
7273 4 249 140
7274 4 249 141
7275 4 249 142
7276 4 249 143
7277 4 249 144
7278 4 249 145
7279 4 249 146
7280 4 249 147
7281 4 249 148
7282 4 249 149
7283 4 249 150
7284 4 249 151
7285 4 249 152
7286 4 249 153
7287 4 249 154
7288 4 249 155
7289 4 249 156
7290 5 225 122
7291 6 16 122
7292 7 249 122
7293 8 4 122
7294 5 253 123
7295 5 253 124
7296 5 253 125
7297 5 253 126
7298 5 253 127
7299 5 253 128
7300 5 253 129
7301 5 253 130
7302 5 253 131
7303 5 253 132
7304 5 253 133
7305 5 253 134
7306 5 253 135
7307 5 253 136
7308 5 253 137
7309 5 253 138
7310 5 253 139
7311 5 253 140
7312 5 253 141
7313 5 253 142
7314 5 253 143
7315 5 253 144
7316 5 253 145
7317 5 253 146
7318 5 253 147
7319 5 253 148
7320 5 253 149
7321 5 253 150
7322 5 253 151
7323 5 253 152
7324 5 253 153
7325 5 253 154
7326 5 253 155
7327 6 225 123
7328 7 16 123
7329 8 249 123
7330 9 4 123
7331 10 255 123
7332 6 255 124
7333 6 255 125
7334 6 255 126
7335 6 255 127
7336 6 255 128
7337 6 255 129
7338 6 255 130
7339 6 255 131
7340 6 255 132
7341 6 255 133
7342 6 255 134
7343 6 255 135
7344 6 255 136
7345 6 255 137
7346 6 255 138
7347 6 255 139
7348 6 255 140
7349 6 255 141
7350 6 255 142
7351 6 255 143
7352 6 255 144
7353 6 255 145
7354 6 255 146
7355 6 255 147
7356 6 255 148
7357 6 255 149
7358 6 255 150
7359 6 255 151
7360 6 255 152
7361 6 255 153
7362 6 255 154
7363 7 225 124
7364 8 16 124
7365 9 249 124
7366 10 4 124
7367 7 253 125
7368 11 256 125
7369 12 129 125
7370 7 256 126
7371 7 256 127
7372 7 256 128
7373 7 256 129
7374 7 256 130
7375 7 256 131
7376 7 256 132
7377 7 256 133
7378 7 256 134
7379 7 256 135
7380 7 256 136
7381 7 256 137
7382 7 256 138
7383 7 256 139
7384 7 256 140
7385 7 256 141
7386 7 256 142
7387 7 256 143
7388 7 256 144
7389 7 256 145
7390 7 256 146
7391 7 256 147
7392 7 256 148
7393 7 256 149
7394 7 256 150
7395 7 256 151
7396 7 256 152
7397 7 256 153
7398 8 225 125
7399 9 16 125
7400 10 249 125
7401 8 249 126
7402 11 2 126
7403 12 256 126
7404 8 255 127
7405 13 193 127
7406 14 32 127
7407 8 128 128
7408 8 128 129
7409 8 128 130
7410 8 128 131
7411 8 128 132
7412 8 128 133
7413 8 128 134
7414 8 128 135
7415 8 128 136
7416 8 128 137
7417 8 128 138
7418 8 128 139
7419 8 128 140
7420 8 128 141
7421 8 128 142
7422 8 128 143
7423 8 128 144
7424 8 128 145
7425 8 128 146
7426 8 128 147
7427 8 128 148
7428 8 128 149
7429 8 128 150
7430 8 128 151
7431 8 128 152
7432 9 225 126
7433 10 16 126
7434 9 241 127
7435 11 253 127
7436 12 2 127
7437 9 253 128
7438 13 128 128
7439 14 193 128
7440 9 256 129
7441 15 16 129
7442 9 128 130
7443 16 253 130
7444 9 64 131
7445 9 64 132
7446 9 64 133
7447 9 64 134
7448 9 64 135
7449 9 64 136
7450 9 64 137
7451 9 64 138
7452 9 64 139
7453 9 64 140
7454 9 64 141
7455 9 64 142
7456 9 64 143
7457 9 64 144
7458 9 64 145
7459 9 64 146
7460 9 64 147
7461 9 64 148
7462 9 64 149
7463 9 64 150
7464 9 64 151
7465 10 225 127
7466 10 225 128
7467 11 8 128
7468 12 253 128
7469 10 249 129
7470 13 1 129
7471 14 128 129
7472 10 255 130
7473 15 225 130
7474 10 256 131
7475 16 8 131
7476 17 253 131
7477 10 64 132
7478 18 1 132
7479 10 32 133
7480 10 32 134
7481 10 32 135
7482 10 32 136
7483 10 32 137
7484 10 32 138
7485 10 32 139
7486 10 32 140
7487 10 32 141
7488 10 32 142
7489 10 32 143
7490 10 32 144
7491 10 32 145
7492 10 32 146
7493 10 32 147
7494 10 32 148
7495 10 32 149
7496 10 32 150
7497 11 225 129
7498 12 177 129
7499 11 119 130
7500 12 238 130
7501 13 255 130
7502 14 1 130
7503 11 253 131
7504 15 64 131
7505 11 255 132
7506 16 241 132
7507 17 8 132
7508 11 128 133
7509 18 255 133
7510 19 1 133
7511 11 32 134
7512 20 64 134
7513 11 16 135
7514 11 16 136
7515 11 16 137
7516 11 16 138
7517 11 16 139
7518 11 16 140
7519 11 16 141
7520 11 16 142
7521 11 16 143
7522 11 16 144
7523 11 16 145
7524 11 16 146
7525 11 16 147
7526 11 16 148
7527 11 16 149
7528 12 225 131
7529 13 177 131
7530 14 57 131
7531 12 93 132
7532 13 184 132
7533 14 75 132
7534 15 129 132
7535 12 253 133
7536 16 32 133
7537 17 241 133
7538 12 256 134
7539 18 4 134
7540 19 255 134
7541 12 64 135
7542 20 129 135
7543 12 32 136
7544 21 32 136
7545 22 241 136
7546 12 8 137
7547 12 8 138
7548 12 8 139
7549 12 8 140
7550 12 8 141
7551 12 8 142
7552 12 8 143
7553 12 8 144
7554 12 8 145
7555 12 8 146
7556 12 8 147
7557 12 8 148
7558 13 225 133
7559 14 177 133
7560 15 57 133
7561 13 93 134
7562 14 184 134
7563 15 75 134
7564 16 129 134
7565 17 239 134
7566 13 46 135
7567 17 201 135
7568 18 249 135
7569 19 4 135
7570 13 128 136
7571 20 256 136
7572 13 64 137
7573 21 193 137
7574 22 32 137
7575 13 16 138
7576 23 249 138
7577 24 4 138
7578 13 4 139
7579 13 4 140
7580 13 4 141
7581 13 4 142
7582 13 4 143
7583 13 4 144
7584 13 4 145
7585 13 4 146
7586 13 4 147
7587 14 225 135
7588 15 177 135
7589 16 57 135
7590 14 93 136
7591 15 184 136
7592 16 75 136
7593 17 129 136
7594 18 239 136
7595 19 232 136
7596 14 236 137
7597 18 16 137
7598 19 65 137
7599 20 2 137
7600 14 128 138
7601 21 128 138
7602 22 193 138
7603 14 32 139
7604 23 16 139
7605 24 249 139
7606 14 8 140
7607 25 2 140
7608 14 4 141
7609 26 128 141
7610 14 2 142
7611 14 2 143
7612 14 2 144
7613 14 2 145
7614 14 2 146
7615 15 225 137
7616 16 177 137
7617 17 57 137
7618 15 93 138
7619 16 184 138
7620 17 75 138
7621 18 129 138
7622 19 239 138
7623 20 232 138
7624 15 236 139
7625 19 16 139
7626 20 65 139
7627 21 2 139
7628 22 111 139
7629 15 117 140
7630 22 47 140
7631 23 225 140
7632 24 16 140
7633 15 16 141
7634 25 253 141
7635 15 8 142
7636 26 1 142
7637 27 128 142
7638 15 2 143
7639 28 225 143
7640 15 1 144
7641 15 1 145
7642 16 225 139
7643 17 177 139
7644 18 57 139
7645 16 93 140
7646 17 184 140
7647 18 75 140
7648 19 129 140
7649 20 239 140
7650 21 232 140
7651 16 236 141
7652 20 16 141
7653 21 65 141
7654 22 2 141
7655 23 111 141
7656 24 236 141
7657 16 240 142
7658 23 204 142
7659 24 223 142
7660 25 8 142
7661 16 16 143
7662 26 255 143
7663 27 1 143
7664 16 4 144
7665 28 64 144
7666 29 225 144
7667 16 1 145
7668 17 225 141
7669 18 177 141
7670 19 57 141
7671 17 93 142
7672 18 184 142
7673 19 75 142
7674 20 129 142
7675 21 239 142
7676 22 232 142
7677 17 236 143
7678 21 16 143
7679 22 65 143
7680 23 2 143
7681 24 111 143
7682 25 236 143
7683 17 240 144
7684 24 204 144
7685 25 223 144
7686 26 8 144
7687 27 6 144
7688 17 107 145
7689 27 63 145
7690 28 129 145
7691 29 64 145
7692 30 65 145
7693 18 225 143
7694 19 177 143
7695 20 57 143
7696 18 93 144
7697 19 184 144
7698 20 75 144
7699 21 129 144
7700 22 239 144
7701 23 232 144
7702 18 236 145
7703 22 16 145
7704 23 65 145
7705 24 2 145
7706 25 111 145
7707 26 236 145
7708 15 16 146
7709 16 207 146
7710 17 229 146
7711 18 209 146
7712 25 113 146
7713 26 78 146
7714 27 28 146
7715 28 213 146
7716 29 195 146
7717 19 225 145
7718 20 177 145
7719 21 57 145
7720 19 93 146
7721 20 184 146
7722 21 75 146
7723 22 129 146
7724 23 239 146
7725 24 232 146
7726 30 12 146
7727 14 76 147
7728 15 78 147
7729 16 174 147
7730 17 213 147
7731 18 18 147
7732 19 230 147
7733 23 120 147
7734 24 44 147
7735 25 66 147
7736 26 246 147
7737 27 246 147
7738 28 124 147
7739 29 243 147
7740 20 225 147
7741 21 177 147
7742 22 57 147
7743 30 192 147
7744 31 191 147
7745 32 12 147
7746 13 175 148
7747 14 106 148
7748 15 177 148
7749 16 47 148
7750 17 147 148
7751 18 64 148
7752 19 98 148
7753 20 212 148
7754 21 241 148
7755 22 34 148
7756 23 151 148
7757 24 172 148
7758 25 34 148
7759 26 131 148
7760 27 207 148
7761 28 253 148
7762 29 83 148
7763 30 157 148
7764 31 236 148
7765 32 254 148
7766 12 227 149
7767 13 131 149
7768 14 217 149
7769 15 175 149
7770 16 70 149
7771 17 169 149
7772 18 243 149
7773 19 194 149
7774 20 175 149
7775 21 48 149
7776 22 239 149
7777 23 136 149
7778 24 140 149
7779 25 154 149
7780 26 194 149
7781 27 74 149
7782 28 133 149
7783 29 30 149
7784 30 26 149
7785 31 6 149
7786 32 48 149
7787 33 182 149
7788 34 128 149
7789 11 132 150
7790 12 25 150
7791 13 107 150
7792 14 58 150
7793 15 194 150
7794 16 111 150
7795 17 148 150
7796 18 181 150
7797 19 133 150
7798 20 85 150
7799 21 175 150
7800 22 1 150
7801 23 194 150
7802 24 232 150
7803 25 165 150
7804 26 157 150
7805 27 208 150
7806 28 171 150
7807 29 143 150
7808 30 78 150
7809 31 119 150
7810 32 218 150
7811 33 91 150
7812 34 11 150
7813 10 152 151
7814 11 190 151
7815 12 173 151
7816 13 125 151
7817 14 29 151
7818 15 54 151
7819 16 149 151
7820 17 12 151
7821 18 84 151
7822 19 144 151
7823 20 207 151
7824 21 214 151
7825 22 172 151
7826 23 31 151
7827 24 66 151
7828 25 159 151
7829 26 9 151
7830 27 221 151
7831 28 222 151
7832 29 159 151
7833 30 14 151
7834 31 235 151
7835 32 98 151
7836 33 106 151
7837 34 99 151
7838 35 86 151
7839 9 126 152
7840 10 24 152
7841 11 166 152
7842 12 53 152
7843 13 123 152
7844 14 127 152
7845 15 130 152
7846 16 184 152
7847 17 60 152
7848 18 141 152
7849 19 177 152
7850 20 81 152
7851 21 24 152
7852 22 184 152
7853 23 250 152
7854 24 171 152
7855 25 206 152
7856 26 159 152
7857 27 82 152
7858 28 217 152
7859 29 232 152
7860 30 25 152
7861 31 154 152
7862 32 131 152
7863 33 151 152
7864 34 3 152
7865 35 24 152
7866 36 125 152
7867 8 22 153
7868 9 215 153
7869 10 30 153
7870 11 28 153
7871 12 139 153
7872 13 210 153
7873 14 35 153
7874 15 210 153
7875 16 119 153
7876 17 213 153
7877 18 134 153
7878 19 5 153
7879 20 222 153
7880 21 212 153
7881 22 220 153
7882 23 219 153
7883 24 231 153
7884 25 163 153
7885 26 255 153
7886 27 31 153
7887 28 241 153
7888 29 174 153
7889 30 178 153
7890 31 155 153
7891 32 203 153
7892 33 177 153
7893 34 89 153
7894 35 4 153
7895 36 140 153
7896 37 132 153
7897 7 100 154
7898 8 107 154
7899 9 70 154
7900 10 96 154
7901 11 131 154
7902 12 191 154
7903 13 224 154
7904 14 94 154
7905 15 252 154
7906 16 50 154
7907 17 28 154
7908 18 129 154
7909 19 101 154
7910 20 145 154
7911 21 65 154
7912 22 153 154
7913 23 193 154
7914 24 22 154
7915 25 180 154
7916 26 123 154
7917 27 5 154
7918 28 189 154
7919 29 151 154
7920 30 186 154
7921 31 228 154
7922 32 74 154
7923 33 85 154
7924 34 186 154
7925 35 241 154
7926 38 216 154
7927 6 121 155
7928 36 42 154
7929 37 208 154
7930 7 45 155
7931 8 152 155
7932 9 111 155
7933 11 244 155
7934 13 110 155
7935 15 172 155
7936 16 56 155
7937 17 232 155
7938 18 124 155
7939 19 116 155
7940 20 169 155
7941 21 18 155
7942 22 128 155
7943 23 23 155
7944 24 29 155
7945 25 196 155
7946 26 186 155
7947 27 119 155
7948 28 85 155
7949 29 163 155
7950 30 218 155
7951 31 134 155
7952 32 186 155
7953 33 250 155
7954 34 46 155
7955 35 148 155
7956 36 204 155
7957 37 185 155
7958 38 148 155
7959 39 65 155
7960 5 30 156
7961 6 122 156
7962 7 157 156
7963 21 106 156
7964 23 244 156
7965 25 42 156
7966 26 134 156
7967 27 43 156
7968 28 230 156
7969 29 3 156
7970 30 168 156
7971 31 169 156
7972 32 91 156
7973 33 52 156
7974 34 32 156
7975 35 111 156
7976 36 41 156
7977 37 105 156
7978 38 41 156
7979 39 238 156
7980 40 150 156
7981 4 192 157
7982 5 16 157
7983 31 47 157
7984 33 86 157
7985 35 157 157
7986 36 188 157
7987 37 242 157
7988 38 252 157
7989 39 68 157
7990 40 197 157
7991 3 225 158
7992 41 253 158
7993 42 225 158
7994 41 241 159
7995 40 253 158
7996 39 255 158
7997 38 128 158
7998 37 64 158
7999 36 16 158
8000 35 8 158
8001 34 2 157
8002 33 1 158
8003 32 193 157
8004 31 225 158
8005 30 249 157
8006 29 253 157
8007 28 256 157
8008 27 128 157
8009 26 32 157
8010 25 16 157
8011 24 4 156
8012 23 2 157
8013 22 129 156
8014 21 193 157
8015 20 241 156
8016 19 249 156
8017 18 255 156
8018 17 256 156
8019 16 64 156
8020 15 32 156
8021 14 8 155
8022 13 4 156
8023 12 1 155
8024 11 129 156
8025 10 225 155
8026 9 241 156
8027 8 253 156
8028 10 141 156
8029 12 138 156
8030 14 88 156
8031 6 194 157
8032 7 198 157
8033 8 87 157
8034 9 237 157
8035 10 206 157
8036 12 31 157
8037 14 101 157
8038 43 225 160
8039 42 249 159
8040 41 253 160
8041 40 256 159
8042 39 128 159
8043 38 32 159
8044 37 16 159
8045 36 4 159
8046 35 2 159
8047 34 129 158
8048 33 193 159
8049 32 241 158
8050 31 249 159
8051 30 255 158
8052 29 256 158
8053 28 64 158
8054 27 32 158
8055 26 8 158
8056 25 4 158
8057 24 1 157
8058 23 129 158
8059 22 225 157
8060 21 241 158
8061 20 253 157
8062 19 255 157
8063 18 128 157
8064 17 64 157
8065 16 16 157
8066 15 8 157
8067 4 77 158
8068 13 1 157
8069 5 2 158
8070 11 225 157
8071 6 11 158
8072 7 10 158
8073 8 10 158
8074 9 152 158
8075 10 58 158
8076 11 8 158
8077 12 45 158
8078 13 217 158
8079 14 177 158
8080 15 102 158
8081 17 39 158
8082 44 241 160
8083 43 249 161
8084 42 255 160
8085 41 256 161
8086 40 64 160
8087 39 32 160
8088 38 8 160
8089 37 4 160
8090 36 1 160
8091 35 129 160
8092 34 225 159
8093 33 241 160
8094 32 253 159
8095 31 255 160
8096 30 128 159
8097 29 64 159
8098 28 16 159
8099 27 8 159
8100 26 2 159
8101 25 1 159
8102 24 193 158
8103 23 225 159
8104 22 249 158
8105 21 253 159
8106 20 256 158
8107 19 128 158
8108 18 32 158
8109 2 75 159
8110 16 4 158
8111 3 37 159
8112 4 112 159
8113 5 217 159
8114 6 247 159
8115 7 210 159
8116 8 210 159
8117 9 78 159
8118 10 88 159
8119 11 219 159
8120 12 230 159
8121 13 156 159
8122 14 248 159
8123 15 149 159
8124 16 41 159
8125 45 241 162
8126 44 253 161
8127 43 255 162
8128 42 128 161
8129 41 64 162
8130 40 16 161
8131 39 8 161
8132 38 2 161
8133 37 1 161
8134 36 193 161
8135 35 225 161
8136 34 249 160
8137 33 253 161
8138 32 256 160
8139 31 128 161
8140 30 32 160
8141 29 16 160
8142 28 4 160
8143 27 2 160
8144 26 129 160
8145 25 193 160
8146 24 241 159
8147 23 249 160
8148 22 255 159
8149 21 256 160
8150 20 64 159
8151 19 32 159
8152 18 8 159
8153 17 4 159
8154 1 75 160
8155 2 142 160
8156 3 240 160
8157 4 82 160
8158 5 5 160
8159 6 225 160
8160 7 35 160
8161 8 123 160
8162 9 245 160
8163 10 210 160
8164 11 143 160
8165 12 48 160
8166 13 75 160
8167 46 249 163
8168 45 253 163
8169 44 256 162
8170 43 128 163
8171 42 32 162
8172 41 16 163
8173 40 4 162
8174 39 2 162
8175 38 129 162
8176 37 193 162
8177 36 241 162
8178 35 249 162
8179 34 255 161
8180 33 256 162
8181 32 64 161
8182 31 32 162
8183 30 8 161
8184 29 4 161
8185 28 1 161
8186 27 129 161
8187 26 225 161
8188 25 241 161
8189 24 253 160
8190 23 255 161
8191 22 128 160
8192 21 64 161
8193 20 16 160
8194 19 8 160
8195 18 2 160
8196 17 1 160
8197 16 193 160
8198 15 225 160
8199 14 91 160
8200 0 251 161
8201 1 231 161
8202 2 101 161
8203 3 68 161
8204 4 85 161
8205 5 54 161
8206 6 89 161
8207 7 140 161
8208 47 249 164
8209 46 255 164
8210 45 256 164
8211 44 64 163
8212 43 32 164
8213 42 8 163
8214 41 4 164
8215 40 1 163
8216 39 129 163
8217 38 225 163
8218 37 241 163
8219 36 253 163
8220 35 255 163
8221 34 128 162
8222 33 64 163
8223 32 16 162
8224 31 8 163
8225 30 2 162
8226 29 1 162
8227 28 193 162
8228 27 225 162
8229 26 249 162
8230 25 253 162
8231 24 256 161
8232 23 128 162
8233 22 32 161
8234 21 16 162
8235 20 4 161
8236 19 2 161
8237 18 129 161
8238 17 193 161
8239 16 241 161
8240 15 249 161
8241 8 19 161
8242 13 256 161
8243 9 60 161
8244 11 32 161
8245 10 126 161
8246 12 148 161
8247 14 22 161
8248 48 253 165
8249 47 255 165
8250 46 128 165
8251 45 64 165
8252 44 16 164
8253 43 8 165
8254 42 2 164
8255 41 1 165
8256 40 193 164
8257 39 225 164
8258 38 249 164
8259 37 253 164
8260 36 256 164
8261 35 128 164
8262 34 32 163
8263 33 16 164
8264 32 4 163
8265 31 2 164
8266 30 129 163
8267 29 193 163
8268 28 241 163
8269 27 249 163
8270 26 255 163
8271 25 256 163
8272 24 64 162
8273 23 32 163
8274 22 8 162
8275 21 4 163
8276 20 1 162
8277 19 129 162
8278 18 225 162
8279 17 241 162
8280 16 253 162
8281 15 255 162
8282 0 187 162
8283 13 64 162
8284 1 146 162
8285 11 8 162
8286 12 233 162
8287 49 253 166
8288 48 256 166
8289 47 128 166
8290 46 32 166
8291 45 16 166
8292 44 4 165
8293 43 2 166
8294 42 129 165
8295 41 193 166
8296 40 241 165
8297 39 249 165
8298 38 255 165
8299 37 256 165
8300 36 64 165
8301 35 32 165
8302 34 8 164
8303 33 4 165
8304 32 1 164
8305 31 129 165
8306 30 225 164
8307 29 241 164
8308 28 253 164
8309 27 255 164
8310 26 128 164
8311 25 64 164
8312 24 16 163
8313 23 8 164
8314 22 2 163
8315 21 1 164
8316 20 193 163
8317 19 225 163
8318 18 249 163
8319 17 253 163
8320 16 256 163
8321 15 128 163
8322 14 32 162
8323 13 16 163
8324 0 51 163
8325 50 255 167
8326 49 256 167
8327 48 64 167
8328 47 32 167
8329 46 8 167
8330 45 4 167
8331 44 1 166
8332 43 129 167
8333 42 225 166
8334 41 241 167
8335 40 253 166
8336 39 255 166
8337 38 128 166
8338 37 64 166
8339 36 16 166
8340 35 8 166
8341 34 2 165
8342 33 1 166
8343 32 193 165
8344 31 225 166
8345 30 249 165
8346 29 253 165
8347 28 256 165
8348 27 128 165
8349 26 32 165
8350 25 16 165
8351 24 4 164
8352 23 2 165
8353 22 129 164
8354 21 193 165
8355 20 241 164
8356 19 249 164
8357 18 255 164
8358 17 256 164
8359 16 64 164
8360 15 32 164
8361 14 8 163
8362 51 255 169
8363 50 128 168
8364 49 64 168
8365 48 16 168
8366 47 8 168
8367 46 2 168
8368 45 1 168
8369 44 193 167
8370 43 225 168
8371 42 249 167
8372 41 253 168
8373 40 256 167
8374 39 128 167
8375 38 32 167
8376 37 16 167
8377 36 4 167
8378 35 2 167
8379 34 129 166
8380 33 193 167
8381 32 241 166
8382 31 249 167
8383 30 255 166
8384 29 256 166
8385 28 64 166
8386 27 32 166
8387 26 8 166
8388 25 4 166
8389 24 1 165
8390 23 129 166
8391 22 225 165
8392 21 241 166
8393 20 253 165
8394 19 255 165
8395 18 128 165
8396 17 64 165
8397 16 16 165
8398 52 256 169
8399 51 128 170
8400 50 32 169
8401 49 16 169
8402 48 4 169
8403 47 2 169
8404 46 129 169
8405 45 193 169
8406 44 241 168
8407 43 249 169
8408 42 255 168
8409 41 256 169
8410 40 64 168
8411 39 32 168
8412 38 8 168
8413 37 4 168
8414 36 1 168
8415 35 129 168
8416 34 225 167
8417 33 241 168
8418 32 253 167
8419 31 255 168
8420 30 128 167
8421 29 64 167
8422 28 16 167
8423 27 8 167
8424 26 2 167
8425 25 1 167
8426 24 193 166
8427 23 225 167
8428 22 249 166
8429 21 253 167
8430 20 256 166
8431 19 128 166
8432 18 32 166
8433 53 256 171
8434 52 64 170
8435 51 32 171
8436 50 8 170
8437 49 4 170
8438 48 1 170
8439 47 129 170
8440 46 225 170
8441 45 241 170
8442 44 253 169
8443 43 255 170
8444 42 128 169
8445 41 64 170
8446 40 16 169
8447 39 8 169
8448 38 2 169
8449 37 1 169
8450 36 193 169
8451 35 225 169
8452 34 249 168
8453 33 253 169
8454 32 256 168
8455 31 128 169
8456 30 32 168
8457 29 16 168
8458 28 4 168
8459 27 2 168
8460 26 129 168
8461 25 193 168
8462 24 241 167
8463 23 249 168
8464 22 255 167
8465 21 256 168
8466 20 64 167
8467 54 128 171
8468 53 64 172
8469 52 16 171
8470 51 8 172
8471 50 2 171
8472 49 1 171
8473 48 193 171
8474 47 225 171
8475 46 249 171
8476 45 253 171
8477 44 256 170
8478 43 128 171
8479 42 32 170
8480 41 16 171
8481 40 4 170
8482 39 2 170
8483 38 129 170
8484 37 193 170
8485 36 241 170
8486 35 249 170
8487 34 255 169
8488 33 256 170
8489 32 64 169
8490 31 32 170
8491 30 8 169
8492 29 4 169
8493 28 1 169
8494 27 129 169
8495 26 225 169
8496 25 241 169
8497 24 253 168
8498 23 255 169
8499 22 128 168
8500 55 128 173
8501 54 32 172
8502 53 16 173
8503 52 4 172
8504 51 2 173
8505 50 129 172
8506 49 193 172
8507 48 241 172
8508 47 249 172
8509 46 255 172
8510 45 256 172
8511 44 64 171
8512 43 32 172
8513 42 8 171
8514 41 4 172
8515 40 1 171
8516 39 129 171
8517 38 225 171
8518 37 241 171
8519 36 253 171
8520 35 255 171
8521 34 128 170
8522 33 64 171
8523 32 16 170
8524 31 8 171
8525 30 2 170
8526 29 1 170
8527 28 193 170
8528 27 225 170
8529 26 249 170
8530 25 253 170
8531 24 256 169
8532 56 64 174
8533 55 32 174
8534 54 8 173
8535 53 4 174
8536 52 1 173
8537 51 129 174
8538 50 225 173
8539 49 241 173
8540 48 253 173
8541 47 255 173
8542 46 128 173
8543 45 64 173
8544 44 16 172
8545 43 8 173
8546 42 2 172
8547 41 1 173
8548 40 193 172
8549 39 225 172
8550 38 249 172
8551 37 253 172
8552 36 256 172
8553 35 128 172
8554 34 32 171
8555 33 16 172
8556 32 4 171
8557 31 2 172
8558 30 129 171
8559 29 193 171
8560 28 241 171
8561 27 249 171
8562 26 255 171
8563 57 64 175
8564 56 16 175
8565 55 8 175
8566 54 2 174
8567 53 1 175
8568 52 193 174
8569 51 225 175
8570 50 249 174
8571 49 253 174
8572 48 256 174
8573 47 128 174
8574 46 32 174
8575 45 16 174
8576 44 4 173
8577 43 2 174
8578 42 129 173
8579 41 193 174
8580 40 241 173
8581 39 249 173
8582 38 255 173
8583 37 256 173
8584 36 64 173
8585 35 32 173
8586 34 8 172
8587 33 4 173
8588 32 1 172
8589 31 129 173
8590 30 225 172
8591 29 241 172
8592 28 253 172
8593 58 32 176
8594 57 16 176
8595 56 4 176
8596 55 2 176
8597 54 129 175
8598 53 193 176
8599 52 241 175
8600 51 249 176
8601 50 255 175
8602 49 256 175
8603 48 64 175
8604 47 32 175
8605 46 8 175
8606 45 4 175
8607 44 1 174
8608 43 129 175
8609 42 225 174
8610 41 241 175
8611 40 253 174
8612 39 255 174
8613 38 128 174
8614 37 64 174
8615 36 16 174
8616 35 8 174
8617 34 2 173
8618 33 1 174
8619 32 193 173
8620 31 225 174
8621 30 249 173
8622 59 32 177
8623 58 8 177
8624 57 4 177
8625 56 1 177
8626 55 129 177
8627 54 225 176
8628 53 241 177
8629 52 253 176
8630 51 255 177
8631 50 128 176
8632 49 64 176
8633 48 16 176
8634 47 8 176
8635 46 2 176
8636 45 1 176
8637 44 193 175
8638 43 225 176
8639 42 249 175
8640 41 253 176
8641 40 256 175
8642 39 128 175
8643 38 32 175
8644 37 16 175
8645 36 4 175
8646 35 2 175
8647 34 129 174
8648 33 193 175
8649 32 241 174
8650 60 16 178
8651 59 8 178
8652 58 2 178
8653 57 1 178
8654 56 193 178
8655 55 225 178
8656 54 249 177
8657 53 253 178
8658 52 256 177
8659 51 128 178
8660 50 32 177
8661 49 16 177
8662 48 4 177
8663 47 2 177
8664 46 129 177
8665 45 193 177
8666 44 241 176
8667 43 249 177
8668 42 255 176
8669 41 256 177
8670 40 64 176
8671 39 32 176
8672 38 8 176
8673 37 4 176
8674 36 1 176
8675 35 129 176
8676 34 225 175
8677 61 16 180
8678 60 4 179
8679 59 2 179
8680 58 129 179
8681 57 193 179
8682 56 241 179
8683 55 249 179
8684 54 255 178
8685 53 256 179
8686 52 64 178
8687 51 32 179
8688 50 8 178
8689 49 4 178
8690 48 1 178
8691 47 129 178
8692 46 225 178
8693 45 241 178
8694 44 253 177
8695 43 255 178
8696 42 128 177
8697 41 64 178
8698 40 16 177
8699 39 8 177
8700 38 2 177
8701 37 1 177
8702 36 193 177
8703 62 8 180
8704 61 4 181
8705 60 1 180
8706 59 129 180
8707 58 225 180
8708 57 241 180
8709 56 253 180
8710 55 255 180
8711 54 128 179
8712 53 64 180
8713 52 16 179
8714 51 8 180
8715 50 2 179
8716 49 1 179
8717 48 193 179
8718 47 225 179
8719 46 249 179
8720 45 253 179
8721 44 256 178
8722 43 128 179
8723 42 32 178
8724 41 16 179
8725 40 4 178
8726 39 2 178
8727 38 129 178
8728 63 8 182
8729 62 2 181
8730 61 1 182
8731 60 193 181
8732 59 225 181
8733 58 249 181
8734 57 253 181
8735 56 256 181
8736 55 128 181
8737 54 32 180
8738 53 16 181
8739 52 4 180
8740 51 2 181
8741 50 129 180
8742 49 193 180
8743 48 241 180
8744 47 249 180
8745 46 255 180
8746 45 256 180
8747 44 64 179
8748 43 32 180
8749 42 8 179
8750 41 4 180
8751 40 1 179
8752 64 4 182
8753 63 2 183
8754 62 129 182
8755 61 193 183
8756 60 241 182
8757 59 249 182
8758 58 255 182
8759 57 256 182
8760 56 64 182
8761 55 32 182
8762 54 8 181
8763 53 4 182
8764 52 1 181
8765 51 129 182
8766 50 225 181
8767 49 241 181
8768 48 253 181
8769 47 255 181
8770 46 128 181
8771 45 64 181
8772 44 16 180
8773 43 8 181
8774 42 2 180
8775 65 4 184
8776 64 1 183
8777 63 129 184
8778 62 225 183
8779 61 241 184
8780 60 253 183
8781 59 255 183
8782 58 128 183
8783 57 64 183
8784 56 16 183
8785 55 8 183
8786 54 2 182
8787 53 1 183
8788 52 193 182
8789 51 225 183
8790 50 249 182
8791 49 253 182
8792 48 256 182
8793 47 128 182
8794 46 32 182
8795 45 16 182
8796 44 4 181
8797 66 2 185
8798 65 1 185
8799 64 193 184
8800 63 225 185
8801 62 249 184
8802 61 253 185
8803 60 256 184
8804 59 128 184
8805 58 32 184
8806 57 16 184
8807 56 4 184
8808 55 2 184
8809 54 129 183
8810 53 193 184
8811 52 241 183
8812 51 249 184
8813 50 255 183
8814 49 256 183
8815 48 64 183
8816 47 32 183
8817 46 8 183
8818 67 2 186
8819 66 129 186
8820 65 193 186
8821 64 241 185
8822 63 249 186
8823 62 255 185
8824 61 256 186
8825 60 64 185
8826 59 32 185
8827 58 8 185
8828 57 4 185
8829 56 1 185
8830 55 129 185
8831 54 225 184
8832 53 241 185
8833 52 253 184
8834 51 255 185
8835 50 128 184
8836 49 64 184
8837 48 16 184
8838 68 1 187
8839 67 129 187
8840 66 225 187
8841 65 241 187
8842 64 253 186
8843 63 255 187
8844 62 128 186
8845 61 64 187
8846 60 16 186
8847 59 8 186
8848 58 2 186
8849 57 1 186
8850 56 193 186
8851 55 225 186
8852 54 249 185
8853 53 253 186
8854 52 256 185
8855 51 128 186
8856 50 32 185
8857 69 1 188
8858 68 193 188
8859 67 225 188
8860 66 249 188
8861 65 253 188
8862 64 256 187
8863 63 128 188
8864 62 32 187
8865 61 16 188
8866 60 4 187
8867 59 2 187
8868 58 129 187
8869 57 193 187
8870 56 241 187
8871 55 249 187
8872 54 255 186
8873 53 256 187
8874 52 64 186
8875 70 129 189
8876 69 193 189
8877 68 241 189
8878 67 249 189
8879 66 255 189
8880 65 256 189
8881 64 64 188
8882 63 32 189
8883 62 8 188
8884 61 4 189
8885 60 1 188
8886 59 129 188
8887 58 225 188
8888 57 241 188
8889 56 253 188
8890 55 255 188
8891 54 128 187
8892 71 129 191
8893 70 225 190
8894 69 241 190
8895 68 253 190
8896 67 255 190
8897 66 128 190
8898 65 64 190
8899 64 16 189
8900 63 8 190
8901 62 2 189
8902 61 1 190
8903 60 193 189
8904 59 225 189
8905 58 249 189
8906 57 253 189
8907 56 256 189
8908 72 193 191
8909 71 225 192
8910 70 249 191
8911 69 253 191
8912 68 256 191
8913 67 128 191
8914 66 32 191
8915 65 16 191
8916 64 4 190
8917 63 2 191
8918 62 129 190
8919 61 193 191
8920 60 241 190
8921 59 249 190
8922 58 255 190
8923 73 193 193
8924 72 241 192
8925 71 249 193
8926 70 255 192
8927 69 256 192
8928 68 64 192
8929 67 32 192
8930 66 8 192
8931 65 4 192
8932 64 1 191
8933 63 129 192
8934 62 225 191
8935 61 241 192
8936 60 253 191
8937 74 225 193
8938 73 241 194
8939 72 253 193
8940 71 255 194
8941 70 128 193
8942 69 64 193
8943 68 16 193
8944 67 8 193
8945 66 2 193
8946 65 1 193
8947 64 193 192
8948 63 225 193
8949 62 249 192
8950 75 225 195
8951 74 249 194
8952 73 253 195
8953 72 256 194
8954 71 128 195
8955 70 32 194
8956 69 16 194
8957 68 4 194
8958 67 2 194
8959 66 129 194
8960 65 193 194
8961 64 241 193
8962 76 241 196
8963 75 249 196
8964 74 255 195
8965 73 256 196
8966 72 64 195
8967 71 32 196
8968 70 8 195
8969 69 4 195
8970 68 1 195
8971 67 129 195
8972 66 225 195
8973 77 241 197
8974 76 253 197
8975 75 255 197
8976 74 128 196
8977 73 64 197
8978 72 16 196
8979 71 8 197
8980 70 2 196
8981 69 1 196
8982 68 193 196
8983 78 249 198
8984 77 253 198
8985 76 256 198
8986 75 128 198
8987 74 32 197
8988 73 16 198
8989 72 4 197
8990 71 2 198
8991 70 129 197
8992 79 249 199
8993 78 255 199
8994 77 256 199
8995 76 64 199
8996 75 32 199
8997 74 8 198
8998 73 4 199
8999 72 1 198
9000 80 253 200
9001 79 255 200
9002 78 128 200
9003 77 64 200
9004 76 16 200
9005 75 8 200
9006 74 2 199
9007 81 253 202
9008 80 256 201
9009 79 128 201
9010 78 32 201
9011 77 16 201
9012 76 4 201
9013 82 255 202
9014 81 256 203
9015 80 64 202
9016 79 32 202
9017 78 8 202
9018 83 255 204
9019 82 128 203
9020 81 64 204
9021 80 16 203
9022 84 256 204
9023 83 128 205
9024 82 32 204
9025 85 256 206
9026 84 64 205
9027 86 128 207
9028 87 196 208
9029 85 204 207
9030 83 34 206
9031 81 177 205
9032 79 158 203
9033 77 112 202
9034 75 190 201
9035 73 203 200
9036 71 248 199
9037 69 127 197
9038 67 64 196
9039 65 182 195
9040 63 116 194
9041 61 105 193
9042 59 146 191
9043 57 110 190
9044 55 104 189
9045 53 103 188
9046 51 60 187
9047 49 10 185
9048 47 173 184
9049 45 243 183
9050 43 169 182
9051 41 71 181
9052 39 226 179
9053 37 209 178
9054 35 249 177
9055 33 170 176
9056 31 114 175
9057 29 19 173
9058 27 46 172
9059 25 179 171
9060 23 244 170
9061 21 212 169
9062 19 121 167
9063 17 63 166
9064 88 98 209
9065 86 102 208
9066 84 17 206
9067 82 217 205
9068 80 79 204
9069 78 56 203
9070 76 95 202
9071 74 230 200
9072 72 124 199
9073 70 192 198
9074 68 32 197
9075 66 91 196
9076 64 58 194
9077 62 181 193
9078 60 73 192
9079 58 55 191
9080 56 52 190
9081 54 180 188
9082 52 30 187
9083 50 5 186
9084 48 215 185
9085 46 250 184
9086 44 213 182
9087 42 164 181
9088 40 113 180
9089 38 233 179
9090 36 253 178
9091 34 85 176
9092 32 57 175
9093 30 138 174
9094 28 23 173
9095 26 218 172
9096 24 122 170
9097 22 106 169
9098 20 189 168
9099 89 98 210
9100 87 102 209
9101 85 17 208
9102 83 217 207
9103 81 79 206
9104 79 56 204
9105 77 95 203
9106 75 230 202
9107 73 124 201
9108 71 192 200
9109 69 32 198
9110 67 91 197
9111 65 58 196
9112 63 181 195
9113 61 73 194
9114 59 55 192
9115 57 52 191
9116 55 180 190
9117 53 30 189
9118 51 5 188
9119 49 215 186
9120 47 250 185
9121 45 213 184
9122 43 164 183
9123 41 113 182
9124 39 233 180
9125 37 253 179
9126 35 85 178
9127 33 57 177
9128 31 138 176
9129 29 23 174
9130 27 218 173
9131 25 122 172
9132 23 106 171
9133 90 49 211
9134 88 51 210
9135 86 137 209
9136 84 237 207
9137 82 168 206
9138 80 28 205
9139 78 176 204
9140 76 115 203
9141 74 62 201
9142 72 96 200
9143 70 16 199
9144 68 174 198
9145 66 29 197
9146 64 219 195
9147 62 165 194
9148 60 156 193
9149 58 26 192
9150 56 90 191
9151 54 15 189
9152 52 131 188
9153 50 236 187
9154 48 125 186
9155 46 235 185
9156 44 82 183
9157 42 185 182
9158 40 245 181
9159 38 255 180
9160 36 171 179
9161 34 157 177
9162 32 69 176
9163 30 140 175
9164 28 109 174
9165 26 61 173
9166 91 49 213
9167 89 51 211
9168 87 137 210
9169 85 237 209
9170 83 168 208
9171 81 28 207
9172 79 176 205
9173 77 115 204
9174 75 62 203
9175 73 96 202
9176 71 16 201
9177 69 174 199
9178 67 29 198
9179 65 219 197
9180 63 165 196
9181 61 156 195
9182 59 26 193
9183 57 90 192
9184 55 15 191
9185 53 131 190
9186 51 236 189
9187 49 125 187
9188 47 235 186
9189 45 82 185
9190 43 185 184
9191 41 245 183
9192 39 255 181
9193 37 171 180
9194 35 157 179
9195 33 69 178
9196 31 140 177
9197 29 109 175
9198 92 153 213
9199 90 154 212
9200 88 197 211
9201 86 247 210
9202 84 84 208
9203 82 14 207
9204 80 88 206
9205 78 186 205
9206 76 31 204
9207 74 48 202
9208 72 8 201
9209 70 87 200
9210 68 143 199
9211 66 238 198
9212 64 211 196
9213 62 78 195
9214 60 13 194
9215 58 45 193
9216 56 136 192
9217 54 194 190
9218 52 118 189
9219 50 191 188
9220 48 246 187
9221 46 41 186
9222 44 221 184
9223 42 251 183
9224 40 256 182
9225 38 214 181
9226 36 207 180
9227 34 163 178
9228 32 70 177
9229 93 153 215
9230 91 154 214
9231 89 197 212
9232 87 247 211
9233 85 84 210
9234 83 14 209
9235 81 88 208
9236 79 186 206
9237 77 31 205
9238 75 48 204
9239 73 8 203
9240 71 87 202
9241 69 143 200
9242 67 238 199
9243 65 211 198
9244 63 78 197
9245 61 13 196
9246 59 45 194
9247 57 136 193
9248 55 194 192
9249 53 118 191
9250 51 191 190
9251 49 246 188
9252 47 41 187
9253 45 221 186
9254 43 251 185
9255 41 256 184
9256 39 214 182
9257 37 207 181
9258 35 163 180
9259 94 205 215
9260 92 77 214
9261 90 227 213
9262 88 252 212
9263 86 42 211
9264 84 7 209
9265 82 44 208
9266 80 93 207
9267 78 144 206
9268 76 24 205
9269 74 4 203
9270 72 172 202
9271 70 200 201
9272 68 119 200
9273 66 234 199
9274 64 39 197
9275 62 135 196
9276 60 151 195
9277 58 68 194
9278 56 97 193
9279 54 59 191
9280 52 224 190
9281 50 123 189
9282 48 149 188
9283 46 239 187
9284 44 254 185
9285 42 128 184
9286 40 107 183
9287 38 232 182
9288 95 205 217
9289 93 77 216
9290 91 227 215
9291 89 252 213
9292 87 42 212
9293 85 7 211
9294 83 44 210
9295 81 93 209
9296 79 144 207
9297 77 24 206
9298 75 4 205
9299 73 172 204
9300 71 200 203
9301 69 119 201
9302 67 234 200
9303 65 39 199
9304 63 135 198
9305 61 151 197
9306 59 68 195
9307 57 97 194
9308 55 59 193
9309 53 224 192
9310 51 123 191
9311 49 149 189
9312 47 239 188
9313 45 254 187
9314 43 128 186
9315 41 107 185
9316 96 231 218
9317 94 167 216
9318 92 242 215
9319 90 126 214
9320 88 21 213
9321 86 132 212
9322 84 22 210
9323 82 175 209
9324 80 72 208
9325 78 12 207
9326 76 2 206
9327 74 86 204
9328 72 100 203
9329 70 188 202
9330 68 117 201
9331 66 148 200
9332 64 196 198
9333 62 204 197
9334 60 34 196
9335 58 177 195
9336 56 158 194
9337 54 112 192
9338 52 190 191
9339 50 203 190
9340 48 248 189
9341 46 127 188
9342 44 64 186
9343 97 231 219
9344 95 167 218
9345 93 242 217
9346 91 126 216
9347 89 21 214
9348 87 132 213
9349 85 22 212
9350 83 175 211
9351 81 72 210
9352 79 12 208
9353 77 2 207
9354 75 86 206
9355 73 100 205
9356 71 188 204
9357 69 117 202
9358 67 148 201
9359 65 196 200
9360 63 204 199
9361 61 34 198
9362 59 177 196
9363 57 158 195
9364 55 112 194
9365 53 190 193
9366 51 203 192
9367 49 248 190
9368 47 127 189
9369 98 244 220
9370 96 212 219
9371 94 121 217
9372 92 63 216
9373 90 139 215
9374 88 66 214
9375 86 11 213
9376 84 216 211
9377 82 36 210
9378 80 6 209
9379 78 1 208
9380 76 43 207
9381 74 50 205
9382 72 94 204
9383 70 187 203
9384 68 74 202
9385 66 98 201
9386 64 102 199
9387 62 17 198
9388 60 217 197
9389 58 79 196
9390 56 56 195
9391 54 95 193
9392 52 230 192
9393 50 124 191
9394 99 244 221
9395 97 212 220
9396 95 121 219
9397 93 63 218
9398 91 139 217
9399 89 66 215
9400 87 11 214
9401 85 216 213
9402 83 36 212
9403 81 6 211
9404 79 1 209
9405 77 43 208
9406 75 50 207
9407 73 94 206
9408 71 187 205
9409 69 74 203
9410 67 98 202
9411 65 102 201
9412 63 17 200
9413 61 217 199
9414 59 79 197
9415 57 56 196
9416 55 95 195
9417 53 230 194
9418 100 122 222
9419 98 106 221
9420 96 189 220
9421 94 160 218
9422 92 198 217
9423 90 33 216
9424 88 134 215
9425 86 108 214
9426 84 18 212
9427 82 3 211
9428 80 129 210
9429 78 150 209
9430 76 25 208
9431 74 47 206
9432 72 222 205
9433 70 37 204
9434 68 49 203
9435 66 51 202
9436 64 137 200
9437 62 237 199
9438 60 168 198
9439 58 28 197
9440 56 176 196
9441 101 122 224
9442 99 106 222
9443 97 189 221
9444 95 160 220
9445 93 198 219
9446 91 33 218
9447 89 134 216
9448 87 108 215
9449 85 18 214
9450 83 3 213
9451 81 129 212
9452 79 150 210
9453 77 25 209
9454 75 47 208
9455 73 222 207
9456 71 37 206
9457 69 49 204
9458 67 51 203
9459 65 137 202
9460 63 237 201
9461 61 168 200
9462 59 28 198
9463 102 61 224
9464 100 53 223
9465 98 223 222
9466 96 80 221
9467 94 99 219
9468 92 145 218
9469 90 67 217
9470 88 54 216
9471 86 9 215
9472 84 130 213
9473 82 193 212
9474 80 75 211
9475 78 141 210
9476 76 152 209
9477 74 111 207
9478 72 147 206
9479 70 153 205
9480 68 154 204
9481 66 197 203
9482 64 247 201
9483 62 84 200
9484 103 61 226
9485 101 53 225
9486 99 223 223
9487 97 80 222
9488 95 99 221
9489 93 145 220
9490 91 67 219
9491 89 54 217
9492 87 9 216
9493 85 130 215
9494 83 193 214
9495 81 75 213
9496 79 141 211
9497 77 152 210
9498 75 111 209
9499 73 147 208
9500 71 153 207
9501 69 154 205
9502 67 197 204
9503 65 247 203
9504 104 159 226
9505 102 155 225
9506 100 240 224
9507 98 40 223
9508 96 178 222
9509 94 201 220
9510 92 162 219
9511 90 27 218
9512 88 133 217
9513 86 65 216
9514 84 225 214
9515 82 166 213
9516 80 199 212
9517 78 76 211
9518 76 184 210
9519 74 202 208
9520 72 205 207
9521 70 77 206
9522 68 227 205
9523 105 159 228
9524 103 155 227
9525 101 240 226
9526 99 40 224
9527 97 178 223
9528 95 201 222
9529 93 162 221
9530 91 27 220
9531 89 133 218
9532 87 65 217
9533 85 225 216
9534 83 166 215
9535 81 199 214
9536 79 76 212
9537 77 184 211
9538 75 202 210
9539 73 205 209
9540 71 77 208
9541 106 208 229
9542 104 206 227
9543 102 120 226
9544 100 20 225
9545 98 89 224
9546 96 229 223
9547 94 81 221
9548 92 142 220
9549 90 195 219
9550 88 161 218
9551 86 241 217
9552 84 83 215
9553 82 228 214
9554 80 38 213
9555 78 92 212
9556 76 101 211
9557 74 231 209
9558 107 208 230
9559 105 206 229
9560 103 120 228
9561 101 20 227
9562 99 89 225
9563 97 229 224
9564 95 81 223
9565 93 142 222
9566 91 195 221
9567 89 161 219
9568 87 241 218
9569 85 83 217
9570 83 228 216
9571 81 38 215
9572 79 92 213
9573 77 101 212
9574 108 104 231
9575 106 103 230
9576 104 60 228
9577 102 10 227
9578 100 173 226
9579 98 243 225
9580 96 169 224
9581 94 71 222
9582 92 226 221
9583 90 209 220
9584 88 249 219
9585 86 170 218
9586 84 114 216
9587 82 19 215
9588 80 46 214
9589 109 104 232
9590 107 103 231
9591 105 60 230
9592 103 10 229
9593 101 173 228
9594 99 243 226
9595 97 169 225
9596 95 71 224
9597 93 226 223
9598 91 209 222
9599 89 249 220
9600 87 170 219
9601 85 114 218
9602 83 19 217
9603 110 52 233
9604 108 180 232
9605 106 30 231
9606 104 5 229
9607 102 215 228
9608 100 250 227
9609 98 213 226
9610 96 164 225
9611 94 113 223
9612 92 233 222
9613 90 253 221
9614 88 85 220
9615 86 57 219
9616 111 52 235
9617 109 180 233
9618 107 30 232
9619 105 5 231
9620 103 215 230
9621 101 250 229
9622 99 213 227
9623 97 164 226
9624 95 113 225
9625 93 233 224
9626 91 253 223
9627 89 85 221
9628 112 26 235
9629 110 90 234
9630 108 15 233
9631 106 131 232
9632 104 236 230
9633 102 125 229
9634 100 235 228
9635 98 82 227
9636 96 185 226
9637 94 245 224
9638 92 255 223
9639 113 26 237
9640 111 90 236
9641 109 15 234
9642 107 131 233
9643 105 236 232
9644 103 125 231
9645 101 235 230
9646 99 82 228
9647 97 185 227
9648 95 245 226
9649 114 13 237
9650 112 45 236
9651 110 136 235
9652 108 194 234
9653 106 118 233
9654 104 191 231
9655 102 246 230
9656 100 41 229
9657 98 221 228
9658 115 13 239
9659 113 45 238
9660 111 136 237
9661 109 194 235
9662 107 118 234
9663 105 191 233
9664 103 246 232
9665 101 41 231
9666 116 135 240
9667 114 151 238
9668 112 68 237
9669 110 97 236
9670 108 59 235
9671 106 224 234
9672 104 123 232
9673 117 135 241
9674 115 151 240
9675 113 68 239
9676 111 97 238
9677 109 59 236
9678 107 224 235
9679 118 196 242
9680 116 204 241
9681 114 34 239
9682 112 177 238
9683 110 158 237
9684 119 196 243
9685 117 204 242
9686 115 34 241
9687 113 177 240
9688 120 98 244
9689 118 102 243
9690 116 17 242
9691 121 98 246
9692 119 102 244
9693 122 49 246
9694 2 107 162
9695 3 171 162
9696 1 75 163
9697 0 91 164
9698 0 91 165
9699 0 91 166
9700 0 91 167
9701 0 91 168
9702 0 91 169
9703 0 91 170
9704 0 91 171
9705 0 91 172
9706 0 91 173
9707 0 91 174
9708 0 91 175
9709 0 91 176
9710 0 91 177
9711 0 91 178
9712 0 91 179
9713 0 91 180
9714 0 91 181
9715 0 91 182
9716 0 91 183
9717 0 91 184
9718 0 91 185
9719 0 91 186
9720 0 91 187
9721 0 91 188
9722 0 91 189
9723 0 91 190
9724 0 91 191
9725 0 91 192
9726 4 175 162
9727 5 186 162
9728 2 126 163
9729 3 39 163
9730 1 58 164
9731 1 58 165
9732 1 58 166
9733 1 58 167
9734 1 58 168
9735 1 58 169
9736 1 58 170
9737 1 58 171
9738 1 58 172
9739 1 58 173
9740 1 58 174
9741 1 58 175
9742 1 58 176
9743 1 58 177
9744 1 58 178
9745 1 58 179
9746 1 58 180
9747 1 58 181
9748 1 58 182
9749 1 58 183
9750 1 58 184
9751 1 58 185
9752 1 58 186
9753 1 58 187
9754 1 58 188
9755 1 58 189
9756 1 58 190
9757 6 10 162
9758 7 40 162
9759 4 110 163
9760 5 83 163
9761 2 24 164
9762 3 28 164
9763 2 181 165
9764 2 181 166
9765 2 181 167
9766 2 181 168
9767 2 181 169
9768 2 181 170
9769 2 181 171
9770 2 181 172
9771 2 181 173
9772 2 181 174
9773 2 181 175
9774 2 181 176
9775 2 181 177
9776 2 181 178
9777 2 181 179
9778 2 181 180
9779 2 181 181
9780 2 181 182
9781 2 181 183
9782 2 181 184
9783 2 181 185
9784 2 181 186
9785 2 181 187
9786 2 181 188
9787 8 74 162
9788 9 39 162
9789 6 43 163
9790 7 203 163
9791 4 229 164
9792 5 53 164
9793 3 187 165
9794 4 199 165
9795 3 73 166
9796 3 73 167
9797 3 73 168
9798 3 73 169
9799 3 73 170
9800 3 73 171
9801 3 73 172
9802 3 73 173
9803 3 73 174
9804 3 73 175
9805 3 73 176
9806 3 73 177
9807 3 73 178
9808 3 73 179
9809 3 73 180
9810 3 73 181
9811 3 73 182
9812 3 73 183
9813 3 73 184
9814 3 73 185
9815 3 73 186
9816 10 85 162
9817 8 180 163
9818 9 139 163
9819 11 231 163
9820 6 204 164
9821 7 238 164
9822 5 253 165
9823 6 239 165
9824 4 90 166
9825 5 56 166
9826 4 55 167
9827 4 55 168
9828 4 55 169
9829 4 55 170
9830 4 55 171
9831 4 55 172
9832 4 55 173
9833 4 55 174
9834 4 55 175
9835 4 55 176
9836 4 55 177
9837 4 55 178
9838 4 55 179
9839 4 55 180
9840 4 55 181
9841 4 55 182
9842 4 55 183
9843 4 55 184
9844 10 100 163
9845 12 256 163
9846 8 151 164
9847 9 134 164
9848 11 9 164
9849 13 103 164
9850 7 176 165
9851 8 21 165
9852 6 152 166
9853 7 106 166
9854 5 81 167
9855 6 157 167
9856 5 52 168
9857 5 52 169
9858 5 52 170
9859 5 52 171
9860 5 52 172
9861 5 52 173
9862 5 52 174
9863 5 52 175
9864 5 52 176
9865 5 52 177
9866 5 52 178
9867 5 52 179
9868 5 52 180
9869 5 52 181
9870 5 52 182
9871 10 163 164
9872 12 150 164
9873 14 127 164
9874 9 28 165
9875 10 41 165
9876 11 102 165
9877 13 244 165
9878 15 17 165
9879 8 251 166
9880 9 219 166
9881 7 34 167
9882 8 31 167
9883 6 93 168
9884 7 108 168
9885 6 180 169
9886 6 180 170
9887 6 180 171
9888 6 180 172
9889 6 180 173
9890 6 180 174
9891 6 180 175
9892 6 180 176
9893 6 180 177
9894 6 180 178
9895 6 180 179
9896 6 180 180
9897 12 164 165
9898 14 132 165
9899 10 8 166
9900 11 7 166
9901 12 186 166
9902 13 156 166
9903 15 253 166
9904 16 160 166
9905 9 99 167
9906 10 195 167
9907 11 46 167
9908 18 203 167
9909 8 20 168
9910 9 131 168
9911 7 231 169
9912 8 241 169
9913 7 30 170
9914 7 30 171
9915 7 30 172
9916 7 30 173
9917 7 30 174
9918 7 30 175
9919 7 30 176
9920 7 30 177
9921 7 30 178
9922 14 206 166
9923 12 6 167
9924 13 150 167
9925 14 15 167
9926 15 198 167
9927 16 60 167
9928 17 89 167
9929 10 174 168
9930 11 62 168
9931 12 165 168
9932 13 64 168
9933 19 254 168
9934 9 90 169
9935 10 110 169
9936 11 200 169
9937 8 4 170
9938 9 93 170
9939 21 155 170
9940 8 5 171
9941 8 5 172
9942 8 5 173
9943 8 5 174
9944 8 5 175
9945 8 5 176
9946 14 66 168
9947 15 39 168
9948 16 245 168
9949 17 98 168
9950 18 98 168
9951 12 109 169
9952 13 24 169
9953 14 213 169
9954 15 227 169
9955 16 79 169
9956 20 195 169
9957 10 194 170
9958 11 182 170
9959 12 88 170
9960 13 164 170
9961 22 59 170
9962 9 152 171
9963 10 21 171
9964 11 153 171
9965 24 53 171
9966 9 215 172
9967 9 215 173
9968 9 215 174
9969 17 208 169
9970 18 193 169
9971 19 171 169
9972 14 218 170
9973 15 216 170
9974 16 175 170
9975 17 128 170
9976 18 216 170
9977 19 140 170
9978 12 5 171
9979 13 240 171
9980 14 144 171
9981 15 107 171
9982 21 24 171
9983 10 32 172
9984 11 136 172
9985 12 46 172
9986 13 97 172
9987 23 251 172
9988 10 203 173
9989 11 216 173
9990 25 189 173
9991 20 87 170
9992 16 40 171
9993 17 93 171
9994 18 169 171
9995 19 58 171
9996 20 37 171
9997 22 195 171
9998 14 198 172
9999 15 21 172
10000 16 53 172
10001 17 152 172
10002 18 88 172
10003 19 159 172
10004 24 60 172
10005 12 59 173
10006 13 58 173
10007 14 133 173
10008 15 219 173
10009 10 35 174
10010 11 86 174
10011 12 100 174
10012 20 220 172
10013 21 130 172
10014 22 179 172
10015 16 99 173
10016 17 46 173
10017 18 189 173
10018 19 154 173
10019 20 190 173
10020 21 144 173
10021 22 136 173
10022 23 80 173
10023 24 174 173
10024 13 212 174
10025 14 231 174
10026 15 249 174
10027 16 92 174
10028 17 166 174
10029 25 82 174
10030 26 194 174
10031 27 220 174
10032 18 194 174
10033 19 219 174
10034 20 249 174
10035 21 95 174
10036 22 56 174
10037 23 54 174
10038 24 50 174
10039 9 62 175
10040 10 187 175
10041 11 64 175
10042 12 62 175
10043 13 89 175
10044 14 191 175
10045 15 76 175
10046 16 157 175
10047 17 223 175
10048 18 142 175
10049 19 126 175
10050 20 66 175
10051 21 248 175
10052 22 98 175
10053 23 187 175
10054 24 242 175
10055 25 118 175
10056 26 123 175
10057 27 40 175
10058 28 60 175
10059 9 91 176
10060 10 121 176
10061 11 222 176
10062 12 240 176
10063 13 45 176
10064 14 158 176
10065 15 9 176
10066 16 52 176
10067 17 74 176
10068 18 1 176
10069 19 242 176
10070 20 166 176
10071 21 174 176
10072 22 38 176
10073 23 71 176
10074 24 179 176
10075 25 218 176
10076 26 132 176
10077 27 150 176
10078 28 210 176
10079 29 181 176
10080 30 231 176
10081 8 107 177
10082 9 203 177
10083 10 243 177
10084 11 220 177
10085 12 132 177
10086 13 235 177
10087 14 124 177
10088 15 212 177
10089 16 194 177
10090 17 88 177
10091 18 38 177
10092 19 175 177
10093 20 85 177
10094 21 155 177
10095 22 60 177
10096 23 39 177
10097 24 85 177
10098 25 96 177
10099 26 79 177
10100 27 75 177
10101 28 111 177
10102 29 167 177
10103 30 85 177
10104 8 255 178
10105 9 143 178
10106 10 18 178
10107 11 2 178
10108 12 231 178
10109 13 229 178
10110 14 147 178
10111 15 122 178
10112 16 133 178
10113 17 81 178
10114 18 43 178
10115 19 19 178
10116 20 103 178
10117 21 201 178
10118 22 222 178
10119 23 90 178
10120 24 21 178
10121 25 160 178
10122 26 95 178
10123 27 209 178
10124 28 208 178
10125 29 206 178
10126 30 20 178
10127 31 202 178
10128 32 36 178
10129 7 244 179
10130 8 117 179
10131 9 27 179
10132 10 247 179
10133 11 58 179
10134 12 228 179
10135 13 134 179
10136 14 188 179
10137 15 122 179
10138 16 128 179
10139 17 46 179
10140 18 236 179
10141 19 26 179
10142 20 12 179
10143 21 123 179
10144 22 24 179
10145 23 28 179
10146 24 113 179
10147 25 225 179
10148 26 35 179
10149 27 241 179
10150 28 240 179
10151 29 237 179
10152 30 170 179
10153 31 5 179
10154 32 132 179
10155 33 137 179
10156 34 92 179
10157 7 28 180
10158 8 97 180
10159 9 109 180
10160 10 212 180
10161 11 95 180
10162 12 87 180
10163 13 193 180
10164 14 76 180
10165 15 212 180
10166 16 228 180
10167 17 5 180
10168 18 4 180
10169 19 48 180
10170 20 242 180
10171 21 68 180
10172 22 209 180
10173 23 229 180
10174 24 202 180
10175 25 225 180
10176 26 200 180
10177 27 175 180
10178 28 173 180
10179 29 90 180
10180 30 181 180
10181 31 101 180
10182 32 2 180
10183 33 128 180
10184 34 196 180
10185 6 80 181
10186 7 161 181
10187 8 144 181
10188 9 253 181
10189 10 199 181
10190 11 185 181
10191 12 145 181
10192 13 109 181
10193 14 51 181
10194 15 211 181
10195 16 205 181
10196 17 42 181
10197 18 209 181
10198 19 89 181
10199 20 34 181
10200 21 226 181
10201 22 237 181
10202 23 13 181
10203 24 189 181
10204 25 148 181
10205 26 144 181
10206 27 2 181
10207 28 170 181
10208 29 188 181
10209 30 50 181
10210 31 18 181
10211 32 88 181
10212 33 24 181
10213 34 126 181
10214 35 41 181
10215 36 97 181
10216 6 246 182
10217 7 14 182
10218 8 11 182
10219 9 15 182
10220 10 65 182
10221 5 256 183
10222 11 6 182
10223 12 239 182
10224 13 135 182
10225 14 236 182
10226 15 146 182
10227 16 132 182
10228 17 7 182
10229 18 228 182
10230 19 76 182
10231 20 15 182
10232 21 120 182
10233 22 256 182
10234 23 95 182
10235 24 125 182
10236 25 44 182
10237 26 123 182
10238 27 162 182
10239 28 96 182
10240 29 226 182
10241 30 208 182
10242 31 244 182
10243 32 108 182
10244 33 178 182
10245 34 214 182
10246 35 227 182
10247 36 45 182
10248 37 165 182
10249 6 38 183
10250 7 143 183
10251 8 199 183
10252 9 174 183
10253 10 115 183
10254 11 136 183
10255 12 233 183
10256 13 67 183
10257 14 119 183
10258 15 165 183
10259 16 179 183
10260 17 143 183
10261 18 209 183
10262 19 168 183
10263 20 3 183
10264 21 34 183
10265 22 124 183
10266 23 105 183
10267 24 179 183
10268 25 221 183
10269 26 153 183
10270 27 70 183
10271 28 48 183
10272 29 127 183
10273 30 206 183
10274 31 175 183
10275 32 225 183
10276 33 220 183
10277 34 164 183
10278 35 41 183
10279 36 151 183
10280 37 11 183
10281 38 16 183
10282 39 188 183
10283 5 14 184
10284 6 238 184
10285 7 115 184
10286 8 255 184
10287 9 105 184
10288 10 201 184
10289 11 41 184
10290 12 149 184
10291 13 194 184
10292 14 89 184
10293 15 145 184
10294 16 233 184
10295 17 220 184
10296 18 48 184
10297 19 243 184
10298 20 244 184
10299 21 232 184
10300 22 233 184
10301 23 157 184
10302 24 213 184
10303 25 131 184
10304 26 4 184
10305 27 175 184
10306 28 202 184
10307 29 214 184
10308 30 140 184
10309 31 171 184
10310 32 186 184
10311 33 169 184
10312 34 155 184
10313 35 65 184
10314 36 147 184
10315 37 81 184
10316 38 171 184
10317 39 120 184
10318 40 1 184
10319 4 226 185
10320 5 252 185
10321 6 46 185
10322 7 96 185
10323 8 163 185
10324 9 87 185
10325 10 52 185
10326 11 220 185
10327 12 101 185
10328 13 56 185
10329 14 203 185
10330 15 81 185
10331 16 117 185
10332 17 206 185
10333 18 93 185
10334 19 56 185
10335 20 185 185
10336 21 150 185
10337 22 204 185
10338 23 135 185
10339 24 94 185
10340 25 195 185
10341 26 249 185
10342 27 184 185
10343 28 109 185
10344 29 91 185
10345 30 93 185
10346 31 229 185
10347 32 157 185
10348 33 243 185
10349 34 221 185
10350 35 28 185
10351 36 62 185
10352 37 126 185
10353 38 56 185
10354 39 93 185
10355 40 72 185
10356 42 15 185
10357 4 188 186
10358 5 18 186
10359 6 22 186
10360 7 218 186
10361 8 161 186
10362 9 220 186
10363 10 177 186
10364 11 229 186
10365 12 237 186
10366 13 225 186
10367 14 191 186
10368 15 182 186
10369 16 202 186
10370 17 215 186
10371 18 158 186
10372 19 190 186
10373 20 157 186
10374 21 137 186
10375 22 63 186
10376 23 173 186
10377 24 188 186
10378 25 217 186
10379 26 246 186
10380 27 47 186
10381 28 238 186
10382 29 246 186
10383 30 75 186
10384 31 61 186
10385 32 238 186
10386 33 72 186
10387 34 64 186
10388 35 209 186
10389 36 112 186
10390 37 59 186
10391 38 13 186
10392 39 237 186
10393 40 5 186
10394 41 251 186
10395 42 143 186
10396 3 49 187
10397 4 15 187
10398 5 167 187
10399 6 4 187
10400 7 65 187
10401 8 212 187
10402 9 216 187
10403 10 37 187
10404 11 38 187
10405 12 198 187
10406 13 254 187
10407 14 182 187
10408 15 188 187
10409 16 116 187
10410 17 73 187
10411 18 28 187
10412 19 107 187
10413 20 123 187
10414 21 3 187
10415 22 9 187
10416 23 182 187
10417 24 83 187
10418 25 208 187
10419 26 80 187
10420 27 4 187
10421 28 153 187
10422 29 158 187
10423 30 42 187
10424 31 137 187
10425 32 35 187
10426 33 97 187
10427 34 65 187
10428 35 237 187
10429 36 148 187
10430 37 124 187
10431 38 78 187
10432 39 176 187
10433 40 42 187
10434 41 227 187
10435 42 109 187
10436 43 123 187
10437 44 126 187
10438 3 22 188
10439 4 111 188
10440 5 169 188
10441 6 18 188
10442 7 193 188
10443 8 217 188
10444 9 107 188
10445 10 233 188
10446 11 135 188
10447 12 99 188
10448 13 39 188
10449 14 26 188
10450 15 108 188
10451 16 191 188
10452 17 75 188
10453 18 49 188
10454 19 41 188
10455 20 172 188
10456 21 219 188
10457 22 120 188
10458 23 108 188
10459 24 60 188
10460 25 111 188
10461 26 105 188
10462 27 150 188
10463 28 200 188
10464 29 110 188
10465 30 139 188
10466 31 77 188
10467 32 249 188
10468 33 134 188
10469 34 42 188
10470 35 212 188
10471 36 176 188
10472 37 50 188
10473 38 111 188
10474 39 155 188
10475 40 83 188
10476 41 27 188
10477 42 7 188
10478 43 98 188
10479 44 217 188
10480 45 106 188
10481 2 142 189
10482 3 38 189
10483 4 252 189
10484 5 180 189
10485 6 156 189
10486 7 171 189
10487 8 191 189
10488 9 191 189
10489 10 115 189
10490 11 39 189
10491 12 21 189
10492 13 57 189
10493 14 213 189
10494 15 94 189
10495 16 214 189
10496 17 49 189
10497 18 107 189
10498 19 37 189
10499 20 32 189
10500 21 161 189
10501 22 31 189
10502 23 132 189
10503 24 17 189
10504 25 105 189
10505 26 93 189
10506 27 114 189
10507 28 179 189
10508 29 185 189
10509 30 16 189
10510 31 131 189
10511 32 190 189
10512 33 225 189
10513 34 18 189
10514 35 198 189
10515 36 36 189
10516 37 188 189
10517 38 254 189
10518 39 191 189
10519 40 72 189
10520 41 157 189
10521 42 148 189
10522 43 183 189
10523 44 85 189
10524 45 22 189
10525 46 120 189
10526 2 239 190
10527 3 229 190
10528 4 168 190
10529 5 105 190
10530 6 172 190
10531 7 114 190
10532 8 239 190
10533 9 102 190
10534 10 175 190
10535 11 46 190
10536 12 201 190
10537 13 94 190
10538 14 26 190
10539 15 255 190
10540 16 139 190
10541 17 67 190
10542 18 115 190
10543 19 87 190
10544 20 72 190
10545 21 70 190
10546 22 111 190
10547 23 204 190
10548 24 230 190
10549 25 179 190
10550 26 52 190
10551 27 80 190
10552 28 167 190
10553 29 44 190
10554 30 25 190
10555 31 184 190
10556 32 3 190
10557 33 157 190
10558 34 251 190
10559 35 70 190
10560 36 189 190
10561 37 23 190
10562 38 77 190
10563 39 41 190
10564 40 250 190
10565 41 193 190
10566 42 136 190
10567 43 231 190
10568 44 101 190
10569 45 164 190
10570 46 113 190
10571 47 109 190
10572 48 14 190
10573 1 145 191
10574 2 168 191
10575 3 68 191
10576 4 64 191
10577 5 151 191
10578 6 171 191
10579 7 150 191
10580 8 87 191
10581 9 53 191
10582 10 130 191
10583 11 189 191
10584 12 193 191
10585 13 210 191
10586 14 255 191
10587 15 252 191
10588 16 113 191
10589 17 213 191
10590 18 60 191
10591 19 226 191
10592 20 237 191
10593 21 46 191
10594 22 238 191
10595 24 200 191
10596 23 115 191
10597 25 191 191
10598 26 24 191
10599 27 39 191
10600 28 143 191
10601 29 90 191
10602 30 31 191
10603 31 247 191
10604 32 19 191
10605 33 135 191
10606 34 14 191
10607 35 24 191
10608 36 153 191
10609 37 18 191
10610 38 128 191
10611 39 191 191
10612 40 228 191
10613 41 70 191
10614 42 44 191
10615 43 106 191
10616 44 125 191
10617 45 120 191
10618 46 240 191
10619 47 184 191
10620 48 246 191
10621 49 186 191
10622 1 134 192
10623 2 13 192
10624 3 206 192
10625 4 143 192
10626 5 43 192
10627 6 59 192
10628 7 147 192
10629 8 226 192
10630 9 199 192
10631 10 43 192
10632 11 202 192
10633 12 142 192
10634 13 90 192
10635 20 174 192
10636 21 51 192
10637 22 72 192
10638 23 112 192
10639 24 219 192
10640 25 55 192
10641 26 156 192
10642 27 17 192
10643 28 174 192
10644 29 66 192
10645 30 10 192
10646 31 201 192
10647 32 6 192
10648 33 143 192
10649 34 26 192
10650 35 237 192
10651 36 171 192
10652 37 188 192
10653 38 68 192
10654 39 76 192
10655 40 49 192
10656 41 13 192
10657 42 28 192
10658 43 94 192
10659 44 43 192
10660 45 231 192
10661 46 98 192
10662 47 121 192
10663 48 87 192
10664 49 96 192
10665 50 106 192
10666 23 44 193
10667 25 60 193
10668 26 253 193
10669 27 56 193
10670 28 186 193
10671 29 126 193
10672 30 247 193
10673 31 253 193
10674 32 60 193
10675 33 32 193
10676 34 69 193
10677 35 82 193
10678 36 26 193
10679 37 40 193
10680 38 99 193
10681 39 26 193
10682 40 135 193
10683 41 44 193
10684 42 239 193
10685 43 3 193
10686 44 156 193
10687 45 165 193
10688 46 105 193
10689 47 196 193
10690 48 75 193
10691 49 134 193
10692 50 146 193
10693 51 130 193
10694 52 114 193
10695 26 238 194
10696 28 244 194
10697 29 17 194
10698 30 111 194
10699 31 220 194
10700 32 251 194
10701 33 7 194
10702 34 104 194
10703 35 225 194
10704 36 177 194
10705 37 50 194
10706 38 221 194
10707 39 106 194
10708 40 210 194
10709 41 73 194
10710 42 74 194
10711 43 102 194
10712 44 61 194
10713 45 139 194
10714 46 126 194
10715 47 34 194
10716 48 129 194
10717 49 150 194
10718 50 160 194
10719 51 52 194
10720 52 234 194
10721 54 145 194
10722 31 246 195
10723 32 126 195
10724 33 212 195
10725 34 122 195
10726 35 187 195
10727 36 105 195
10728 37 248 195
10729 38 208 195
10730 39 244 195
10731 40 54 195
10732 41 161 195
10733 42 244 195
10734 43 156 195
10735 44 254 195
10736 45 179 195
10737 46 76 195
10738 48 9 195
10739 47 194 195
10740 49 135 195
10741 50 219 195
10742 51 23 195
10743 52 221 195
10744 53 23 195
10745 54 150 195
10746 35 240 196
10747 36 20 196
10748 37 45 196
10749 38 220 196
10750 39 74 196
10751 40 86 196
10752 41 255 196
10753 42 103 196
10754 43 15 196
10755 44 35 196
10756 45 121 196
10757 46 246 196
10758 47 119 196
10759 48 180 196
10760 49 57 196
10761 50 76 196
10762 51 88 196
10763 52 199 196
10764 53 62 196
10765 54 209 196
10766 55 122 196
10767 38 24 197
10768 40 110 197
10769 41 67 197
10770 42 144 197
10771 43 25 197
10772 44 250 197
10773 45 227 197
10774 46 107 197
10775 47 176 197
10776 48 70 197
10777 49 204 197
10778 51 103 197
10779 50 72 197
10780 52 153 197
10781 53 246 197
10782 54 210 197
10783 55 96 197
10784 56 75 197
10785 57 104 197
10786 41 5 198
10787 43 22 198
10788 44 181 198
10789 45 9 198
10790 46 170 198
10791 47 146 198
10792 50 220 198
10793 49 132 198
10794 48 207 198
10795 51 43 198
10796 52 238 198
10797 53 225 198
10798 56 74 198
10799 55 250 198
10800 54 129 198
10801 57 22 198
10802 58 255 198
10803 46 49 199
10804 47 51 199
10805 49 232 199
10806 48 247 199
10807 50 34 199
10808 51 73 199
10809 56 169 199
10810 55 50 199
10811 53 67 199
10812 54 200 199
10813 52 208 199
10814 57 216 199
10815 58 99 199
10816 59 245 199
10817 60 28 199
10818 50 16 200
10819 51 108 200
10820 55 10 200
10821 53 41 200
10822 54 42 200
10823 52 93 200
10824 56 220 200
10825 59 49 200
10826 58 71 200
10827 57 94 200
10828 60 24 200
10829 55 2 201
10830 53 69 201
10831 61 253 201
10832 56 200 201
10833 59 164 201
10834 58 117 201
10835 57 173 201
10836 60 58 201
10837 62 85 201
10838 61 102 202
10839 56 216 202
10840 59 187 202
10841 58 229 202
10842 63 85 202
10843 62 17 202
10844 64 227 202
10845 60 148 202
10846 61 121 203
10847 63 17 203
10848 62 209 203
10849 65 57 204
10850 64 217 203
10851 66 19 204
10852 67 8 205
10853 65 2 205
10854 63 129 204
10855 61 225 204
10856 59 253 203
10857 57 256 202
10858 55 64 202
10859 54 130 201
10860 51 4 201
10861 49 129 200
10862 47 225 200
10863 45 249 199
10864 43 255 199
10865 42 202 198
10866 39 16 197
10867 37 4 197
10868 35 1 197
10869 33 193 196
10870 31 241 196
10871 29 255 195
10872 27 128 194
10873 25 32 194
10874 24 165 193
10875 21 2 193
10876 19 193 192
10877 17 241 192
10878 14 71 192
10879 15 212 192
10880 16 114 192
10881 18 72 192
10882 0 126 193
10883 1 19 193
10884 2 24 193
10885 3 102 193
10886 4 1 193
10887 5 89 193
10888 6 216 193
10889 7 132 193
10890 8 114 193
10891 9 115 193
10892 68 174 206
10893 66 172 205
10894 64 150 204
10895 62 166 204
10896 60 170 203
10897 58 171 203
10898 56 107 203
10899 53 200 202
10900 52 172 201
10901 50 43 201
10902 48 75 200
10903 46 83 200
10904 44 171 199
10905 41 235 199
10906 40 91 198
10907 38 87 198
10908 36 86 197
10909 34 75 196
10910 32 83 196
10911 30 85 195
10912 28 214 195
10913 26 182 195
10914 23 164 194
10915 22 86 193
10916 20 150 193
10917 10 23 193
10918 11 152 193
10919 12 139 193
10920 13 7 193
10921 14 238 193
10922 15 213 193
10923 16 234 193
10924 17 86 193
10925 18 58 193
10926 19 135 193
10927 0 130 194
10928 1 18 194
10929 2 134 194
10930 3 128 194
10931 69 87 206
10932 67 86 206
10933 65 150 206
10934 63 166 205
10935 61 170 205
10936 59 214 204
10937 57 182 203
10938 55 174 203
10939 54 128 202
10940 51 43 202
10941 49 166 201
10942 47 170 201
10943 45 171 200
10944 43 107 200
10945 42 111 199
10946 39 172 198
10947 37 43 198
10948 35 75 198
10949 33 83 197
10950 31 85 197
10951 29 107 196
10952 27 91 195
10953 25 87 195
10954 24 111 194
10955 21 150 194
10956 4 70 194
10957 5 253 194
10958 6 1 194
10959 7 206 194
10960 8 138 194
10961 9 250 194
10962 10 242 194
10963 11 155 194
10964 12 149 194
10965 13 247 194
10966 14 115 194
10967 15 80 194
10968 16 87 194
10969 70 29 207
10970 68 200 207
10971 66 50 206
10972 64 199 205
10973 62 114 205
10974 60 157 204
10975 58 232 204
10976 56 58 204
10977 53 181 203
10978 52 50 202
10979 50 141 202
10980 48 228 201
10981 46 57 201
10982 44 232 200
10983 41 96 200
10984 40 143 199
10985 38 100 199
10986 36 25 198
10987 34 228 197
10988 32 57 197
10989 30 207 196
10990 28 116 196
10991 26 29 196
10992 23 161 195
10993 22 25 194
10994 20 199 194
10995 17 25 194
10996 18 141 194
10997 19 148 194
10998 0 66 195
10999 1 233 195
11000 2 250 195
11001 3 125 195
11002 4 180 195
11003 5 55 195
11004 6 45 195
11005 7 172 195
11006 72 64 208
11007 69 100 207
11008 67 25 207
11009 65 199 207
11010 63 114 206
11011 61 157 206
11012 59 116 205
11013 57 29 204
11014 55 200 204
11015 54 97 203
11016 51 141 203
11017 49 114 202
11018 47 157 202
11019 45 232 201
11020 43 58 201
11021 42 149 200
11022 39 50 199
11023 37 141 199
11024 35 228 199
11025 33 57 198
11026 31 207 198
11027 29 58 197
11028 27 143 196
11029 25 100 196
11030 24 104 195
11031 21 199 195
11032 8 47 195
11033 9 140 195
11034 10 213 195
11035 11 250 195
11036 12 45 195
11037 13 74 195
11038 14 127 195
11039 15 152 195
11040 16 6 195
11041 17 61 195
11042 71 218 209
11043 70 119 208
11044 68 94 208
11045 66 152 207
11046 64 19 206
11047 62 69 206
11048 60 210 205
11049 58 181 205
11050 56 238 205
11051 53 190 204
11052 52 152 203
11053 50 38 203
11054 48 138 202
11055 46 163 202
11056 44 181 201
11057 41 120 201
11058 40 188 200
11059 38 47 200
11060 36 76 199
11061 34 138 198
11062 32 163 198
11063 30 105 197
11064 28 219 197
11065 26 119 197
11066 23 6 196
11067 22 76 195
11068 20 19 195
11069 18 29 195
11070 19 40 195
11071 0 179 196
11072 1 100 196
11073 2 129 196
11074 3 85 196
11075 4 52 196
11076 5 180 196
11077 73 219 210
11078 72 178 209
11079 69 47 208
11080 67 76 208
11081 65 19 208
11082 63 69 207
11083 61 210 207
11084 59 219 206
11085 57 119 205
11086 55 94 205
11087 54 15 204
11088 51 38 204
11089 49 69 203
11090 47 210 203
11091 45 181 202
11092 43 238 202
11093 42 126 201
11094 39 152 200
11095 37 38 200
11096 35 138 200
11097 33 163 199
11098 31 105 199
11099 29 238 198
11100 27 188 197
11101 25 47 197
11102 24 58 196
11103 21 19 196
11104 6 37 196
11105 7 61 196
11106 8 152 196
11107 9 214 196
11108 10 124 196
11109 11 105 196
11110 12 239 196
11111 74 165 210
11112 71 115 210
11113 70 187 209
11114 68 111 209
11115 66 92 208
11116 64 140 207
11117 62 35 207
11118 60 73 206
11119 58 211 206
11120 56 117 206
11121 53 6 205
11122 52 92 204
11123 50 23 204
11124 48 70 203
11125 46 146 203
11126 44 211 202
11127 41 9 202
11128 40 222 201
11129 38 184 201
11130 36 46 200
11131 34 70 199
11132 32 146 199
11133 30 165 198
11134 28 234 198
11135 26 187 198
11136 23 202 197
11137 22 46 196
11138 20 140 196
11139 13 218 196
11140 14 55 196
11141 15 139 196
11142 16 150 196
11143 17 201 196
11144 75 165 211
11145 73 234 211
11146 72 29 210
11147 69 184 209
11148 67 46 209
11149 65 140 209
11150 63 35 208
11151 61 73 208
11152 59 234 207
11153 57 187 206
11154 55 111 206
11155 54 180 205
11156 51 23 205
11157 49 35 204
11158 47 73 204
11159 45 211 203
11160 43 117 203
11161 42 91 202
11162 39 92 201
11163 37 23 201
11164 35 70 201
11165 33 146 200
11166 31 165 200
11167 29 117 199
11168 27 222 198
11169 25 184 198
11170 24 151 197
11171 21 140 197
11172 19 146 196
11173 18 256 196
11174 0 235 197
11175 1 240 197
11176 76 55 212
11177 74 39 211
11178 71 90 211
11179 70 147 210
11180 68 101 210
11181 66 218 209
11182 64 220 208
11183 62 55 208
11184 60 78 207
11185 58 148 207
11186 56 37 207
11187 53 114 206
11188 52 218 205
11189 50 183 205
11190 48 110 204
11191 46 156 204
11192 44 148 203
11193 41 34 203
11194 40 202 202
11195 38 179 202
11196 36 109 201
11197 34 110 200
11198 32 156 200
11199 30 39 199
11200 28 74 199
11201 26 147 199
11202 23 228 198
11203 22 109 197
11204 20 220 197
11205 2 94 197
11206 3 37 197
11207 77 156 213
11208 75 39 212
11209 73 74 212
11210 72 3 211
11211 69 179 210
11212 67 109 210
11213 65 220 210
11214 63 55 209
11215 61 78 209
11216 59 74 208
11217 57 147 207
11218 55 101 207
11219 54 193 206
11220 51 183 206
11221 49 55 205
11222 47 78 205
11223 45 148 204
11224 43 37 204
11225 42 85 203
11226 39 218 202
11227 37 183 202
11228 35 110 202
11229 33 156 201
11230 31 39 201
11231 29 37 200
11232 27 202 199
11233 25 179 199
11234 24 174 198
11235 21 220 198
11236 19 156 197
11237 78 52 213
11238 76 13 213
11239 74 98 212
11240 71 213 212
11241 70 231 211
11242 68 122 211
11243 66 159 210
11244 64 52 209
11245 62 13 209
11246 60 196 208
11247 58 49 208
11248 56 205 208
11249 53 14 207
11250 52 159 206
11251 50 104 206
11252 48 26 205
11253 46 135 205
11254 44 49 204
11255 41 178 204
11256 40 244 203
11257 38 61 203
11258 36 208 202
11259 34 26 201
11260 32 135 201
11261 30 98 200
11262 28 153 200
11263 26 231 200
11264 23 173 199
11265 22 208 198
11266 79 26 214
11267 77 135 214
11268 75 98 213
11269 73 153 213
11270 72 6 212
11271 69 61 211
11272 67 208 211
11273 65 52 211
11274 63 13 210
11275 61 196 210
11276 59 153 209
11277 57 231 208
11278 55 122 208
11279 54 246 207
11280 51 104 207
11281 49 13 206
11282 47 196 206
11283 45 49 205
11284 43 205 205
11285 42 226 204
11286 39 159 203
11287 37 104 203
11288 35 26 203
11289 33 135 202
11290 31 98 202
11291 29 205 201
11292 27 244 200
11293 25 61 200
11294 80 180 215
11295 78 45 214
11296 76 204 214
11297 74 154 213
11298 71 124 213
11299 70 106 212
11300 68 155 212
11301 66 103 211
11302 64 45 210
11303 62 204 210
11304 60 51 209
11305 58 77 209
11306 56 212 209
11307 53 91 208
11308 52 103 207
11309 50 90 207
11310 48 151 206
11311 46 102 206
11312 44 77 205
11313 41 251 205
11314 40 53 204
11315 38 206 204
11316 36 180 203
11317 34 151 202
11318 32 102 202
11319 30 154 201
11320 28 167 201
11321 81 180 216
11322 79 151 215
11323 77 102 215
11324 75 154 214
11325 73 167 214
11326 72 216 213
11327 69 206 212
11328 67 180 212
11329 65 45 212
11330 63 204 211
11331 61 51 211
11332 59 167 210
11333 57 106 209
11334 55 155 209
11335 54 92 208
11336 51 90 208
11337 49 204 207
11338 47 51 207
11339 45 77 206
11340 43 212 206
11341 42 128 205
11342 39 103 204
11343 37 90 204
11344 35 151 204
11345 33 102 203
11346 31 154 203
11347 82 30 216
11348 80 136 216
11349 78 34 215
11350 76 137 215
11351 74 242 214
11352 71 100 214
11353 70 240 213
11354 68 60 213
11355 66 15 212
11356 64 34 211
11357 62 137 211
11358 60 227 210
11359 58 121 210
11360 56 223 210
11361 53 201 209
11362 52 15 208
11363 50 68 208
11364 48 17 207
11365 46 197 207
11366 44 121 206
11367 41 251 206
11368 40 120 205
11369 38 30 205
11370 36 136 204
11371 34 17 203
11372 84 116 217
11373 81 136 217
11374 79 17 216
11375 77 197 216
11376 75 242 215
11377 73 189 215
11378 72 192 214
11379 69 30 213
11380 67 136 213
11381 65 34 213
11382 63 137 212
11383 61 227 212
11384 59 189 211
11385 57 240 210
11386 55 60 210
11387 54 117 209
11388 51 68 209
11389 49 137 208
11390 47 227 208
11391 45 121 207
11392 43 223 207
11393 42 54 206
11394 39 15 205
11395 37 68 205
11396 83 12 218
11397 82 194 217
11398 80 177 217
11399 78 237 216
11400 76 252 216
11401 74 160 215
11402 71 207 215
11403 70 10 214
11404 68 131 214
11405 66 97 213
11406 64 237 212
11407 62 252 212
11408 60 63 211
11409 58 80 211
11410 56 20 211
11411 53 115 210
11412 52 97 209
11413 50 217 209
11414 48 247 208
11415 46 126 208
11416 44 80 207
11417 41 184 207
11418 40 5 206
11419 85 5 219
11420 84 232 218
11421 81 177 218
11422 79 247 217
11423 77 126 217
11424 75 160 216
11425 73 40 216
11426 72 112 215
11427 69 194 214
11428 67 177 214
11429 65 237 214
11430 63 252 213
11431 61 63 213
11432 59 40 212
11433 57 10 211
11434 55 131 211
11435 54 172 210
11436 51 217 210
11437 49 252 209
11438 47 63 209
11439 45 80 208
11440 43 20 208
11441 86 173 220
11442 83 83 219
11443 82 158 218
11444 80 168 218
11445 78 42 217
11446 76 139 217
11447 74 178 216
11448 71 136 216
11449 70 236 215
11450 68 59 215
11451 66 79 214
11452 64 42 213
11453 62 139 213
11454 60 99 212
11455 58 89 212
11456 56 215 212
11457 53 25 211
11458 52 79 210
11459 50 84 210
11460 48 21 209
11461 46 198 209
11462 87 215 220
11463 85 118 220
11464 84 128 219
11465 81 168 219
11466 79 21 218
11467 77 198 218
11468 75 178 217
11469 73 173 217
11470 72 9 216
11471 69 158 215
11472 67 168 215
11473 65 42 215
11474 63 139 214
11475 61 99 214
11476 59 173 213
11477 57 236 212
11478 55 59 212
11479 54 152 211
11480 51 84 211
11481 49 139 210
11482 88 243 221
11483 86 125 221
11484 83 183 220
11485 82 28 219
11486 80 7 219
11487 78 66 218
11488 76 145 218
11489 74 243 217
11490 71 206 217
11491 70 224 216
11492 68 56 216
11493 66 14 215
11494 64 66 214
11495 62 145 214
11496 60 229 213
11497 58 250 213
11498 56 191 213
11499 53 25 212
11500 52 14 211
11501 89 250 222
11502 87 191 221
11503 85 112 221
11504 84 228 220
11505 81 7 220
11506 79 33 219
11507 77 201 219
11508 75 243 218
11509 73 125 218
11510 72 229 217
11511 69 28 216
11512 67 7 216
11513 65 66 216
11514 63 145 215
11515 61 229 215
11516 59 125 214
11517 57 224 213
11518 55 56 213
11519 90 169 222
11520 88 235 222
11521 86 123 222
11522 83 37 221
11523 82 44 220
11524 80 11 220
11525 78 67 219
11526 76 81 219
11527 74 235 218
11528 71 213 218
11529 70 95 217
11530 68 88 217
11531 66 22 216
11532 64 67 215
11533 62 81 215
11534 60 213 214
11535 58 246 214
11536 91 169 224
11537 89 246 223
11538 87 190 222
11539 85 176 222
11540 84 133 221
11541 81 11 221
11542 79 162 220
11543 77 169 220
11544 75 235 219
11545 73 123 219
11546 72 173 218
11547 69 44 217
11548 67 11 217
11549 65 67 217
11550 63 81 216
11551 61 213 216
11552 92 71 224
11553 90 82 223
11554 88 149 223
11555 86 230 223
11556 83 33 222
11557 82 216 221
11558 80 54 221
11559 78 142 220
11560 76 164 220
11561 74 149 219
11562 71 254 219
11563 70 186 218
11564 68 175 218
11565 66 108 217
11566 64 142 216
11567 93 71 225
11568 91 82 225
11569 89 203 224
11570 87 115 223
11571 85 93 223
11572 84 91 222
11573 81 54 222
11574 79 71 221
11575 77 82 221
11576 75 149 220
11577 73 230 220
11578 72 209 219
11579 69 216 218
11580 67 54 218
11581 94 226 225
11582 92 185 225
11583 90 239 224
11584 88 124 224
11585 86 31 224
11586 83 84 223
11587 82 9 222
11588 80 195 222
11589 78 113 221
11590 76 221 221
11591 74 124 220
11592 71 88 220
11593 70 72 219
11594 95 226 227
11595 93 185 226
11596 91 239 226
11597 89 62 225
11598 87 144 224
11599 85 36 224
11600 84 31 223
11601 81 195 223
11602 79 185 222
11603 77 239 222
11604 75 124 221
11605 73 31 221
11606 96 161 227
11607 94 245 226
11608 92 254 226
11609 90 192 225
11610 88 48 225
11611 86 12 225
11612 83 12 224
11613 82 161 223
11614 80 233 223
11615 78 251 222
11616 76 127 222
11617 97 209 228
11618 95 245 228
11619 93 254 227
11620 91 192 227
11621 89 24 226
11622 87 6 225
11623 85 130 225
11624 84 93 224
11625 81 233 224
11626 79 254 223
11627 98 241 229
11628 96 253 228
11629 94 128 227
11630 92 32 227
11631 90 8 226
11632 88 2 226
11633 86 129 226
11634 83 141 225
11635 82 253 224
11636 99 249 229
11637 97 255 229
11638 95 128 229
11639 93 32 228
11640 91 8 228
11641 89 1 227
11642 87 193 226
11643 85 241 226
11644 100 83 230
11645 98 85 230
11646 96 214 229
11647 94 91 228
11648 92 87 228
11649 90 86 227
11650 88 150 227
11651 102 90 231
11652 99 171 230
11653 97 107 230
11654 95 91 230
11655 93 87 229
11656 91 86 229
11657 101 81 232
11658 100 57 231
11659 98 207 231
11660 96 116 230
11661 94 143 229
11662 103 228 233
11663 102 44 232
11664 99 232 231
11665 97 58 231
11666 104 38 233
11667 101 160 233
11668 100 163 232
11669 105 38 234
11670 103 138 234
11671 106 184 235
11672 107 212 236
11673 104 121 234
11674 102 128 233
11675 98 63 232
11676 95 160 231
11677 92 198 229
11678 89 99 228
11679 86 33 227
11680 84 13 225
11681 80 67 224
11682 77 162 223
11683 74 27 221
11684 72 246 220
11685 68 133 219
11686 65 195 218
11687 62 161 216
11688 59 209 215
11689 56 241 214
11690 54 115 212
11691 50 170 211
11692 47 85 210
11693 44 57 208
11694 42 24 207
11695 38 138 206
11696 35 69 205
11697 32 140 203
11698 29 70 202
11699 26 109 201
11700 24 196 199
11701 20 159 198
11702 17 208 197
11703 4 74 197
11704 5 61 197
11705 108 242 236
11706 105 121 235
11707 101 83 234
11708 99 160 232
11709 96 139 231
11710 93 198 230
11711 90 33 228
11712 87 145 227
11713 83 83 226
11714 81 67 225
11715 78 54 223
11716 75 27 222
11717 71 233 221
11718 69 195 219
11719 66 65 218
11720 63 161 217
11721 60 241 215
11722 57 249 214
11723 53 23 213
11724 51 170 212
11725 48 114 210
11726 45 57 209
11727 41 122 208
11728 39 69 206
11729 36 23 205
11730 33 140 204
11731 30 109 202
11732 27 183 201
11733 23 220 200
11734 21 159 199
11735 18 155 197
11736 109 121 237
11737 106 126 236
11738 103 63 235
11739 100 139 233
11740 97 198 232
11741 94 33 230
11742 91 33 230
11743 88 134 228
11744 85 67 227
11745 82 54 225
11746 79 27 224
11747 76 9 223
11748 73 133 222
11749 70 65 220
11750 67 161 219
11751 64 241 217
11752 61 241 217
11753 58 83 215
11754 55 170 214
11755 52 114 212
11756 49 57 211
11757 46 19 210
11758 43 138 209
11759 40 23 207
11760 37 140 206
11761 34 109 204
11762 31 109 204
11763 28 61 202
11764 25 159 201
11765 110 126 238
11766 107 63 237
11767 104 139 235
11768 102 128 234
11769 98 66 233
11770 95 33 232
11771 92 134 230
11772 89 67 229
11773 86 108 228
11774 84 5 226
11775 80 9 225
11776 77 133 224
11777 74 65 222
11778 72 30 221
11779 68 225 220
11780 65 241 219
11781 62 83 217
11782 59 170 216
11783 56 228 215
11784 54 105 213
11785 50 19 212
11786 47 138 211
11787 44 23 209
11788 42 140 208
11789 38 218 207
11790 35 109 206
11791 32 61 204
11792 111 126 239
11793 108 21 237
11794 105 139 236
11795 101 101 235
11796 99 33 233
11797 96 11 232
11798 93 134 231
11799 90 108 229
11800 87 54 228
11801 83 57 227
11802 81 9 226
11803 78 130 224
11804 75 65 223
11805 71 155 222
11806 69 241 220
11807 66 166 219
11808 63 83 218
11809 60 228 216
11810 57 114 215
11811 53 207 214
11812 51 19 213
11813 48 46 211
11814 45 23 210
11815 41 78 209
11816 39 109 207
11817 112 21 239
11818 109 139 238
11819 106 132 237
11820 103 66 236
11821 100 11 234
11822 97 134 233
11823 94 108 231
11824 91 108 231
11825 88 18 229
11826 85 9 228
11827 82 130 226
11828 79 65 225
11829 76 193 224
11830 73 225 223
11831 70 166 221
11832 67 83 220
11833 64 228 218
11834 61 228 218
11835 58 38 216
11836 55 19 215
11837 52 46 213
11838 49 23 212
11839 46 179 211
11840 114 138 240
11841 110 132 239
11842 107 66 238
11843 104 11 236
11844 102 172 235
11845 98 216 234
11846 95 108 233
11847 92 18 231
11848 89 9 230
11849 86 3 229
11850 84 125 227
11851 80 193 226
11852 77 225 225
11853 74 166 223
11854 72 174 222
11855 68 199 221
11856 65 228 220
11857 62 38 218
11858 59 19 217
11859 56 92 216
11860 54 46 214
11861 113 114 241
11862 111 132 240
11863 108 22 238
11864 105 11 237
11865 101 34 236
11866 99 108 234
11867 96 36 233
11868 93 18 232
11869 90 3 230
11870 87 130 229
11871 83 46 228
11872 81 193 227
11873 78 75 225
11874 75 166 224
11875 71 141 223
11876 69 228 221
11877 66 76 220
11878 63 38 219
11879 60 92 217
11880 115 132 242
11881 112 22 240
11882 109 11 239
11883 106 175 238
11884 103 216 237
11885 100 36 235
11886 97 18 234
11887 94 3 232
11888 91 3 232
11889 88 129 230
11890 85 193 229
11891 82 75 227
11892 79 166 226
11893 76 141 225
11894 73 199 224
11895 70 76 222
11896 67 38 221
11897 116 44 243
11898 114 98 241
11899 110 175 240
11900 107 216 239
11901 104 36 237
11902 102 203 236
11903 98 6 235
11904 95 3 234
11905 92 129 232
11906 89 193 231
11907 86 150 230
11908 83 75 229
11909 80 141 227
11910 77 199 226
11911 74 76 224
11912 117 22 243
11913 113 181 242
11914 111 175 241
11915 108 72 239
11916 105 36 238
11917 101 4 237
11918 99 3 235
11919 96 1 234
11920 93 129 233
11921 90 150 231
11922 87 75 230
11923 84 141 228
11924 81 141 228
11925 118 93 244
11926 115 175 243
11927 112 72 241
11928 109 36 240
11929 106 12 239
11930 103 6 238
11931 100 1 236
11932 97 129 235
11933 94 150 233
11934 91 150 233
11935 88 25 231
11936 119 175 245
11937 116 144 244
11938 114 185 242
11939 110 12 241
11940 107 6 240
11941 104 1 238
11942 102 215 237
11943 98 43 236
11944 95 150 235
11945 120 144 245
11946 117 72 244
11947 113 12 243
11948 111 12 242
11949 108 2 240
11950 105 1 239
11951 101 154 238
11952 121 144 247
11953 118 24 245
11954 115 12 244
11955 112 2 242
11956 109 1 241
11957 122 24 247
11958 119 12 246
11959 116 4 245
11960 123 24 248
11961 6 221 197
11962 7 52 197
11963 8 44 197
11964 9 200 197
11965 10 138 197
11966 0 242 198
11967 0 242 199
11968 0 242 200
11969 0 242 201
11970 0 242 202
11971 0 242 203
11972 0 242 204
11973 0 242 205
11974 0 242 206
11975 0 242 207
11976 0 242 208
11977 0 242 209
11978 0 242 210
11979 0 242 211
11980 0 242 212
11981 0 242 213
11982 0 242 214
11983 0 242 215
11984 0 242 216
11985 0 242 217
11986 11 59 197
11987 12 242 197
11988 13 72 197
11989 14 51 197
11990 15 141 197
11991 16 32 197
11992 1 182 198
11993 2 144 198
11994 1 160 199
11995 1 160 200
11996 1 160 201
11997 1 160 202
11998 1 160 203
11999 1 160 204
12000 1 160 205
12001 1 160 206
12002 1 160 207
12003 1 160 208
12004 1 160 209
12005 1 160 210
12006 1 160 211
12007 1 160 212
12008 1 160 213
12009 1 160 214
12010 3 222 198
12011 4 241 198
12012 5 98 198
12013 6 144 198
12014 7 14 198
12015 8 196 198
12016 9 217 198
12017 10 131 198
12018 11 35 198
12019 19 243 198
12020 2 178 199
12021 2 178 200
12022 2 178 201
12023 2 178 202
12024 2 178 203
12025 2 178 204
12026 2 178 205
12027 2 178 206
12028 2 178 207
12029 2 178 208
12030 2 178 209
12031 2 178 210
12032 2 178 211
12033 12 221 198
12034 13 157 198
12035 14 182 198
12036 15 130 198
12037 16 80 198
12038 17 93 198
12039 18 146 198
12040 3 14 199
12041 4 165 199
12042 5 15 199
12043 6 256 199
12044 20 213 199
12045 22 122 199
12046 3 243 200
12047 3 243 201
12048 3 243 202
12049 3 243 203
12050 3 243 204
12051 3 243 205
12052 3 243 206
12053 3 243 207
12054 3 243 208
12055 7 221 199
12056 8 129 199
12057 9 234 199
12058 10 237 199
12059 11 81 199
12060 12 243 199
12061 13 6 199
12062 14 100 199
12063 15 251 199
12064 16 15 199
12065 17 142 199
12066 18 8 199
12067 4 235 200
12068 21 246 200
12069 24 98 200
12070 4 235 201
12071 4 235 202
12072 26 96 202
12073 4 235 203
12074 4 235 204
12075 4 235 205
12076 19 209 199
12077 5 140 200
12078 6 182 200
12079 7 172 200
12080 8 162 200
12081 9 161 200
12082 10 52 200
12083 11 83 200
12084 12 226 200
12085 13 118 200
12086 14 216 200
12087 15 7 200
12088 16 147 200
12089 17 3 200
12090 22 54 200
12091 5 149 201
12092 23 103 201
12093 5 149 202
12094 27 245 202
12095 5 149 203
12096 18 222 200
12097 19 56 200
12098 20 161 200
12099 6 134 201
12100 7 187 201
12101 8 229 201
12102 9 127 201
12103 10 136 201
12104 11 195 201
12105 12 8 201
12106 13 176 201
12107 14 65 201
12108 15 124 201
12109 16 254 201
12110 17 89 201
12111 18 172 201
12112 24 150 201
12113 6 124 202
12114 25 90 202
12115 19 109 201
12116 20 26 201
12117 21 102 201
12118 22 228 201
12119 7 99 202
12120 8 107 202
12121 9 39 202
12122 10 3 202
12123 11 195 202
12124 12 7 202
12125 13 132 202
12126 14 108 202
12127 15 97 202
12128 16 212 202
12129 17 129 202
12130 18 183 202
12131 19 78 202
12132 20 208 202
12133 21 51 202
12134 22 187 202
12135 23 104 202
12136 24 217 202
12137 6 16 203
12138 7 76 203
12139 8 78 203
12140 9 207 203
12141 10 33 203
12142 11 142 203
12143 12 172 203
12144 13 151 203
12145 14 199 203
12146 15 198 203
12147 16 115 203
12148 17 199 203
12149 18 129 203
12150 19 99 203
12151 20 114 203
12152 21 130 203
12153 22 46 203
12154 23 214 203
12155 24 204 203
12156 25 222 203
12157 26 131 203
12158 27 54 203
12159 28 224 203
12160 29 232 203
12161 30 133 203
12162 5 216 204
12163 6 167 204
12164 7 49 204
12165 8 238 204
12166 9 165 204
12167 10 253 204
12168 11 147 204
12169 12 161 204
12170 13 29 204
12171 14 104 204
12172 15 79 204
12173 16 173 204
12174 17 139 204
12175 18 232 204
12176 19 17 204
12177 20 8 204
12178 21 65 204
12179 22 189 204
12180 23 159 204
12181 24 100 204
12182 25 214 204
12183 26 70 204
12184 27 179 204
12185 28 104 204
12186 29 93 204
12187 30 140 204
12188 5 247 205
12189 6 149 205
12190 7 38 205
12191 8 149 205
12192 9 83 205
12193 10 133 205
12194 11 47 205
12195 12 73 205
12196 13 82 205
12197 14 179 205
12198 15 140 205
12199 16 3 205
12200 17 149 205
12201 18 206 205
12202 19 87 205
12203 20 95 205
12204 21 220 205
12205 22 97 205
12206 23 112 205
12207 24 64 205
12208 25 248 205
12209 26 192 205
12210 27 212 205
12211 28 215 205
12212 29 220 205
12213 30 119 205
12214 31 46 205
12215 32 148 205
12216 33 149 205
12217 34 198 205
12218 4 255 206
12219 5 6 206
12220 6 22 206
12221 7 55 206
12222 8 59 206
12223 9 144 206
12224 10 39 206
12225 11 208 206
12226 12 102 206
12227 13 85 206
12228 14 109 206
12229 15 96 206
12230 16 149 206
12231 17 188 206
12232 18 51 206
12233 19 63 206
12234 20 52 206
12235 21 123 206
12236 22 56 206
12237 23 68 206
12238 24 178 206
12239 25 57 206
12240 26 4 206
12241 27 161 206
12242 28 92 206
12243 29 231 206
12244 30 109 206
12245 31 252 206
12246 32 116 206
12247 33 5 206
12248 34 4 206
12249 36 236 206
12250 4 110 207
12251 5 154 207
12252 6 107 207
12253 7 243 207
12254 8 140 207
12255 9 116 207
12256 10 60 207
12257 11 121 207
12258 12 78 207
12259 13 60 207
12260 14 71 207
12261 15 166 207
12262 16 1 207
12263 17 127 207
12264 18 79 207
12265 19 176 207
12266 20 134 207
12267 21 26 207
12268 22 50 207
12269 23 30 207
12270 24 255 207
12271 25 20 207
12272 26 181 207
12273 27 150 207
12274 28 31 207
12275 29 92 207
12276 30 217 207
12277 31 23 207
12278 32 105 207
12279 33 206 207
12280 34 78 207
12281 35 33 207
12282 36 131 207
12283 37 241 207
12284 4 49 208
12285 5 77 208
12286 6 193 208
12287 7 58 208
12288 8 39 208
12289 9 252 208
12290 10 209 208
12291 11 111 208
12292 12 139 208
12293 13 128 208
12294 14 118 208
12295 15 114 208
12296 16 142 208
12297 17 161 208
12298 18 109 208
12299 19 172 208
12300 20 73 208
12301 21 31 208
12302 22 161 208
12303 23 157 208
12304 24 124 208
12305 25 2 208
12306 26 231 208
12307 27 116 208
12308 28 134 208
12309 29 49 208
12310 30 74 208
12311 31 198 208
12312 32 85 208
12313 33 83 208
12314 34 247 208
12315 35 93 208
12316 36 10 208
12317 37 55 208
12318 38 173 208
12319 39 190 208
12320 40 205 208
12321 3 111 209
12322 4 170 209
12323 5 106 209
12324 6 4 209
12325 7 163 209
12326 8 61 209
12327 9 246 209
12328 10 169 209
12329 11 216 209
12330 12 245 209
12331 13 40 209
12332 14 230 209
12333 15 201 209
12334 16 218 209
12335 17 8 209
12336 18 14 209
12337 19 241 209
12338 20 253 209
12339 21 209 209
12340 22 142 209
12341 23 79 209
12342 24 212 209
12343 25 24 209
12344 26 253 209
12345 27 186 209
12346 28 245 209
12347 29 209 209
12348 30 234 209
12349 31 214 209
12350 32 206 209
12351 33 46 209
12352 34 216 209
12353 35 56 209
12354 36 73 209
12355 37 29 209
12356 38 252 209
12357 39 92 209
12358 40 85 209
12359 42 163 209
12360 3 146 210
12361 4 133 210
12362 5 58 210
12363 6 39 210
12364 7 230 210
12365 8 220 210
12366 9 189 210
12367 10 41 210
12368 11 245 210
12369 12 194 210
12370 13 62 210
12371 14 237 210
12372 15 50 210
12373 16 244 210
12374 17 243 210
12375 18 136 210
12376 19 143 210
12377 20 83 210
12378 21 70 210
12379 22 15 210
12380 23 162 210
12381 24 122 210
12382 25 204 210
12383 26 198 210
12384 27 63 210
12385 28 51 210
12386 29 207 210
12387 30 215 210
12388 31 226 210
12389 32 147 210
12390 33 91 210
12391 34 86 210
12392 35 38 210
12393 36 166 210
12394 37 52 210
12395 38 6 210
12396 39 195 210
12397 40 40 210
12398 41 198 210
12399 42 202 210
12400 43 176 210
12401 44 172 210
12402 3 41 211
12403 4 218 211
12404 5 219 211
12405 6 52 211
12406 7 161 211
12407 8 82 211
12408 9 136 211
12409 10 54 211
12410 11 211 211
12411 12 177 211
12412 13 3 211
12413 14 190 211
12414 15 212 211
12415 16 115 211
12416 17 46 211
12417 18 152 211
12418 19 252 211
12419 20 154 211
12420 21 27 211
12421 22 5 211
12422 23 16 211
12423 24 172 211
12424 25 100 211
12425 26 133 211
12426 27 18 211
12427 28 83 211
12428 29 181 211
12429 30 214 211
12430 31 37 211
12431 32 105 211
12432 33 151 211
12433 34 166 211
12434 35 162 211
12435 36 150 211
12436 37 237 211
12437 38 35 211
12438 39 140 211
12439 40 96 211
12440 41 226 211
12441 42 112 211
12442 43 227 211
12443 44 157 211
12444 45 199 211
12445 2 198 212
12446 3 232 212
12447 4 140 212
12448 5 170 212
12449 6 114 212
12450 7 237 212
12451 8 3 212
12452 9 176 212
12453 10 155 212
12454 11 197 212
12455 12 52 212
12456 13 89 212
12457 14 8 212
12458 15 241 212
12459 16 233 212
12460 17 66 212
12461 18 241 212
12462 19 35 212
12463 20 108 212
12464 21 42 212
12465 22 170 212
12466 23 55 212
12467 24 93 212
12468 25 185 212
12469 26 199 212
12470 27 24 212
12471 28 47 212
12472 29 71 212
12473 30 49 212
12474 31 176 212
12475 32 163 212
12476 33 9 212
12477 34 10 212
12478 35 82 212
12479 36 177 212
12480 37 230 212
12481 38 51 212
12482 39 102 212
12483 40 245 212
12484 41 185 212
12485 42 254 212
12486 43 255 212
12487 44 17 212
12488 45 24 212
12489 46 243 212
12490 47 239 212
12491 48 192 212
12492 3 64 213
12493 2 73 213
12494 4 160 213
12495 5 101 213
12496 6 177 213
12497 7 81 213
12498 8 226 213
12499 9 131 213
12500 10 36 213
12501 11 94 213
12502 12 93 213
12503 13 254 213
12504 14 14 213
12505 15 62 213
12506 16 12 213
12507 17 69 213
12508 18 23 213
12509 19 59 213
12510 20 119 213
12511 21 103 213
12512 22 103 213
12513 23 85 213
12514 24 116 213
12515 25 128 213
12516 26 87 213
12517 27 248 213
12518 28 116 213
12519 29 206 213
12520 30 199 213
12521 31 245 213
12522 32 101 213
12523 33 254 213
12524 34 168 213
12525 35 58 213
12526 36 19 213
12527 37 103 213
12528 38 186 213
12529 39 93 213
12530 40 8 213
12531 41 211 213
12532 42 127 213
12533 43 134 213
12534 44 56 213
12535 45 204 213
12536 46 7 213
12537 47 49 213
12538 48 41 213
12539 49 235 213
12540 50 43 213
12541 2 194 214
12542 3 139 214
12543 4 57 214
12544 5 144 214
12545 6 214 214
12546 7 169 214
12547 8 5 214
12548 9 6 214
12549 10 38 214
12550 11 129 214
12551 12 215 214
12552 13 5 214
12553 14 211 214
12554 15 146 214
12555 16 174 214
12556 17 161 214
12557 18 166 214
12558 19 147 214
12559 20 245 214
12560 21 139 214
12561 22 73 214
12562 23 37 214
12563 24 90 214
12564 25 166 214
12565 26 190 214
12566 27 87 214
12567 28 68 214
12568 29 110 214
12569 30 77 214
12570 31 141 214
12571 32 200 214
12572 33 48 214
12573 34 172 214
12574 35 94 214
12575 36 37 214
12576 37 79 214
12577 38 224 214
12578 39 212 214
12579 40 245 214
12580 41 250 214
12581 42 226 214
12582 43 255 214
12583 44 187 214
12584 45 56 214
12585 46 64 214
12586 47 102 214
12587 48 160 214
12588 49 216 214
12589 50 225 214
12590 51 101 214
12591 52 57 214
12592 1 226 215
12593 2 194 215
12594 3 71 215
12595 4 131 215
12596 5 188 215
12597 6 198 215
12598 7 24 215
12599 8 48 215
12600 9 44 215
12601 10 248 215
12602 11 242 215
12603 12 131 215
12604 13 177 215
12605 14 107 215
12606 15 19 215
12607 16 14 215
12608 17 209 215
12609 18 44 215
12610 19 31 215
12611 20 20 215
12612 21 136 215
12613 22 129 215
12614 23 207 215
12615 24 68 215
12616 25 112 215
12617 26 38 215
12618 27 54 215
12619 28 19 215
12620 29 249 215
12621 30 250 215
12622 31 239 215
12623 32 76 215
12624 33 132 215
12625 34 27 215
12626 35 253 215
12627 36 88 215
12628 37 101 215
12629 38 100 215
12630 39 38 215
12631 40 57 215
12632 41 10 215
12633 42 158 215
12634 43 47 215
12635 44 219 215
12636 45 21 215
12637 46 89 215
12638 47 103 215
12639 48 191 215
12640 49 238 215
12641 50 90 215
12642 51 52 215
12643 52 254 215
12644 53 25 215
12645 54 190 215
12646 1 56 216
12647 2 116 216
12648 3 34 216
12649 4 149 216
12650 5 230 216
12651 6 52 216
12652 7 208 216
12653 8 43 216
12654 9 176 216
12655 10 21 216
12656 11 116 216
12657 12 229 216
12658 13 184 216
12659 14 40 216
12660 15 126 216
12661 16 18 216
12662 17 41 216
12663 18 152 216
12664 19 16 216
12665 20 225 216
12666 21 38 216
12667 22 143 216
12668 23 254 216
12669 24 233 216
12670 25 238 216
12671 26 164 216
12672 27 7 216
12673 28 215 216
12674 29 138 216
12675 30 90 216
12676 31 95 216
12677 32 110 216
12678 33 193 216
12679 34 210 216
12680 35 103 216
12681 36 50 216
12682 37 30 216
12683 38 167 216
12684 39 4 216
12685 40 131 216
12686 41 66 216
12687 42 57 216
12688 43 82 216
12689 44 213 216
12690 45 18 216
12691 46 182 216
12692 47 82 216
12693 48 67 216
12694 49 188 216
12695 50 34 216
12696 51 190 216
12697 52 108 216
12698 53 12 216
12699 54 87 216
12700 55 2 216
12701 57 207 216
12702 1 43 217
12703 2 115 217
12704 3 121 217
12705 4 112 217
12706 5 103 217
12707 6 19 217
12708 7 165 217
12709 8 249 217
12710 9 53 217
12711 10 221 217
12712 11 64 217
12713 12 246 217
12714 13 189 217
12715 14 68 217
12716 15 248 217
12717 16 1 217
12718 17 62 217
12719 18 242 217
12720 19 118 217
12721 20 42 217
12722 21 30 217
12723 22 35 217
12724 23 250 217
12725 24 183 217
12726 25 28 217
12727 26 31 217
12728 27 25 217
12729 28 44 217
12730 29 62 217
12731 30 1 217
12732 31 212 217
12733 32 251 217
12734 33 160 217
12735 34 32 217
12736 35 220 217
12737 36 255 217
12738 37 88 217
12739 38 82 217
12740 39 157 217
12741 40 140 217
12742 41 66 217
12743 42 71 217
12744 43 219 217
12745 44 3 217
12746 45 5 217
12747 46 199 217
12748 47 117 217
12749 48 160 217
12750 49 159 217
12751 50 15 217
12752 51 105 217
12753 52 113 217
12754 53 176 217
12755 54 104 217
12756 55 8 217
12757 56 143 217
12758 57 182 217
12759 58 62 217
12760 0 83 218
12761 1 180 218
12762 2 15 218
12763 3 89 218
12764 4 248 218
12765 5 40 218
12766 6 185 218
12767 7 174 218
12768 8 236 218
12769 9 226 218
12770 10 50 218
12771 11 22 218
12772 12 3 218
12773 13 151 218
12774 14 55 218
12775 15 54 218
12776 16 74 218
12777 17 185 218
12778 18 181 218
12779 19 146 218
12780 20 114 218
12781 21 201 218
12782 22 192 218
12783 23 166 218
12784 24 54 218
12785 25 234 218
12786 26 168 218
12787 27 212 218
12788 28 247 218
12789 29 168 218
12790 30 200 218
12791 31 120 218
12792 32 177 218
12793 33 35 218
12794 34 83 218
12795 35 186 218
12796 36 125 218
12797 37 46 218
12798 38 170 218
12799 39 125 218
12800 40 176 218
12801 41 34 218
12802 42 207 218
12803 43 123 218
12804 44 193 218
12805 45 27 218
12806 46 68 218
12807 47 15 218
12808 48 254 218
12809 49 212 218
12810 50 197 218
12811 51 194 218
12812 52 131 218
12813 53 210 218
12814 54 229 218
12815 55 107 218
12816 56 197 218
12817 57 108 218
12818 58 15 218
12819 59 201 218
12820 60 198 218
12821 0 117 219
12822 1 60 219
12823 2 201 219
12824 3 39 219
12825 4 77 219
12826 5 76 219
12827 6 234 219
12828 7 192 219
12829 8 142 219
12830 9 247 219
12831 10 13 219
12832 11 3 219
12833 12 115 219
12834 13 40 219
12835 14 9 219
12836 15 81 219
12837 16 57 219
12838 17 252 219
12839 18 81 219
12840 19 189 219
12841 20 22 219
12842 21 203 219
12843 22 146 219
12844 23 212 219
12845 24 22 219
12846 25 200 219
12847 26 106 219
12848 27 106 219
12849 28 12 219
12850 29 79 219
12851 30 210 219
12852 31 39 219
12853 32 149 219
12854 33 190 219
12855 34 14 219
12856 35 249 219
12857 36 147 219
12858 37 189 219
12859 38 129 219
12860 39 169 219
12861 40 121 219
12862 41 153 219
12863 42 134 219
12864 43 109 219
12865 44 52 219
12866 45 229 219
12867 46 93 219
12868 47 163 219
12869 48 24 219
12870 49 178 219
12871 50 210 219
12872 51 18 219
12873 52 228 219
12874 53 193 219
12875 54 94 219
12876 55 18 219
12877 56 25 219
12878 57 161 219
12879 58 10 219
12880 59 106 219
12881 60 107 219
12882 61 216 219
12883 62 63 219
12884 64 217 219
12885 0 97 220
12886 1 48 220
12887 2 180 220
12888 3 32 220
12889 4 7 220
12890 5 207 220
12891 6 49 220
12892 7 18 220
12893 8 240 220
12894 9 247 220
12895 10 123 220
12896 11 74 220
12897 12 250 220
12898 14 244 220
12899 13 81 220
12900 15 80 220
12901 16 219 220
12902 17 124 220
12903 18 205 220
12904 19 91 220
12905 20 20 220
12906 21 124 220
12907 22 92 220
12908 23 154 220
12909 24 48 220
12910 25 78 220
12911 26 166 220
12912 27 213 220
12913 28 243 220
12914 29 153 220
12915 30 118 220
12916 31 146 220
12917 32 217 220
12918 33 154 220
12919 34 192 220
12920 35 17 220
12921 36 33 220
12922 37 111 220
12923 38 69 220
12924 39 236 220
12925 40 95 220
12926 41 193 220
12927 42 225 220
12928 43 179 220
12929 44 133 220
12930 45 88 220
12931 46 242 220
12932 48 239 220
12933 47 109 220
12934 49 191 220
12935 50 223 220
12936 51 229 220
12937 52 193 220
12938 53 127 220
12939 54 17 220
12940 56 210 220
12941 55 27 220
12942 57 185 220
12943 58 189 220
12944 59 130 220
12945 60 176 220
12946 61 239 220
12947 62 55 220
12948 63 253 220
12949 64 159 220
12950 0 58 221
12951 1 106 221
12952 2 90 221
12953 3 80 221
12954 4 220 221
12955 5 30 221
12956 6 204 221
12957 7 174 221
12958 8 10 221
12959 9 181 221
12960 10 108 221
12961 11 87 221
12962 12 101 221
12963 13 90 221
12964 14 155 221
12965 15 50 221
12966 16 6 221
12967 17 17 221
12968 18 203 221
12969 19 66 221
12970 20 119 221
12971 21 165 221
12972 22 105 221
12973 23 23 221
12974 24 189 221
12975 25 137 221
12976 26 174 221
12977 27 80 221
12978 28 64 221
12979 29 141 221
12980 30 134 221
12981 31 67 221
12982 32 15 221
12983 33 170 221
12984 34 145 221
12985 35 108 221
12986 36 132 221
12987 37 79 221
12988 38 136 221
12989 39 23 221
12990 40 225 221
12991 41 62 221
12992 42 76 221
12993 43 227 221
12994 44 64 221
12995 45 50 221
12996 46 228 221
12997 47 187 221
12998 48 95 221
12999 49 161 221
13000 50 252 221
13001 51 229 221
13002 52 231 221
13003 53 223 221
13004 54 129 221
13005 55 255 221
13006 56 60 221
13007 57 238 221
13008 58 105 221
13009 59 104 221
13010 60 3 221
13011 61 214 221
13012 62 21 221
13013 63 225 221
13014 64 37 221
13015 65 156 221
13016 66 168 221
13017 0 109 222
13018 1 33 222
13019 2 228 222
13020 3 4 222
13021 4 60 222
13022 5 204 222
13023 6 44 222
13024 7 175 222
13025 8 27 222
13026 9 238 222
13027 10 2 222
13028 11 45 222
13029 12 14 222
13030 13 222 222
13031 14 130 222
13032 15 225 222
13033 16 213 222
13034 17 183 222
13035 18 135 222
13036 19 103 222
13037 20 77 222
13038 21 221 222
13039 22 180 222
13040 23 54 222
13041 24 62 222
13042 25 151 222
13043 26 47 222
13044 27 198 222
13045 28 93 222
13046 29 57 222
13047 30 161 222
13048 31 32 222
13049 32 123 222
13050 33 181 222
13051 34 197 222
13052 35 193 222
13053 36 89 222
13054 37 227 222
13055 41 3 222
13056 38 50 222
13057 39 227 222
13058 40 63 222
13059 42 248 222
13060 43 188 222
13061 44 127 222
13062 45 39 222
13063 67 79 222
13064 65 253 222
13065 46 28 222
13066 61 246 222
13067 59 152 222
13068 56 19 222
13069 55 161 222
13070 53 108 222
13071 51 250 222
13072 49 50 222
13073 47 30 222
13074 48 196 222
13075 50 26 222
13076 52 155 222
13077 54 189 222
13078 57 249 222
13079 58 222 222
13080 60 144 222
13081 62 14 222
13082 68 84 222
13083 66 128 222
13084 63 213 222
13085 64 249 222
13086 69 28 222
13087 0 173 223
13088 1 52 223
13089 2 184 223
13090 3 179 223
13091 4 126 223
13092 5 125 223
13093 6 60 223
13094 7 41 223
13095 8 227 223
13096 9 168 223
13097 38 180 223
13098 35 255 223
13099 31 82 223
13100 41 139 223
13101 67 214 223
13102 65 77 223
13103 46 120 223
13104 61 19 223
13105 59 158 223
13106 56 197 223
13107 55 49 223
13108 53 204 223
13109 51 199 223
13110 49 194 223
13111 47 65 223
13112 45 148 223
13113 43 243 223
13114 42 67 223
13115 39 30 223
13116 37 18 223
13117 70 132 223
13118 68 182 223
13119 66 106 223
13120 63 97 223
13121 62 23 223
13122 60 84 223
13123 58 256 223
13124 57 122 223
13125 54 57 223
13126 52 38 223
13127 50 177 223
13128 48 233 223
13129 64 151 223
13130 44 213 223
13131 69 157 223
13132 40 136 223
13133 72 53 223
13134 41 77 224
13135 67 121 224
13136 65 124 224
13137 46 126 224
13138 61 84 224
13139 59 171 224
13140 56 155 224
13141 55 149 224
13142 53 120 224
13143 51 217 224
13144 49 249 224
13145 47 98 224
13146 45 235 224
13147 43 141 224
13148 71 253 224
13149 70 29 224
13150 68 223 224
13151 66 144 224
13152 63 144 224
13153 62 7 224
13154 60 182 224
13155 58 212 224
13156 57 30 224
13157 54 3 224
13158 52 168 224
13159 50 255 224
13160 48 205 224
13161 64 159 224
13162 73 134 225
13163 72 196 224
13164 69 80 224
13165 67 48 225
13166 65 183 225
13167 46 7 225
13168 61 182 225
13169 59 242 225
13170 56 163 225
13171 55 23 225
13172 53 162 225
13173 51 256 225
13174 49 154 225
13175 74 54 225
13176 71 65 225
13177 70 20 225
13178 68 12 225
13179 66 55 225
13180 63 157 225
13181 62 58 225
13182 60 223 225
13183 58 31 225
13184 57 57 225
13185 54 131 225
13186 52 107 225
13187 75 27 225
13188 73 119 226
13189 72 8 225
13190 69 2 225
13191 67 104 226
13192 65 11 226
13193 64 79 225
13194 61 223 226
13195 59 96 226
13196 56 154 226
13197 55 7 226
13198 76 71 226
13199 74 117 226
13200 71 105 226
13201 70 129 226
13202 68 26 226
13203 66 162 226
13204 63 33 226
13205 62 40 226
13206 60 12 226
13207 58 110 226
13208 78 242 226
13209 75 187 226
13210 73 215 227
13211 72 114 226
13212 69 90 226
13213 67 54 227
13214 65 238 227
13215 64 66 226
13216 61 12 227
13217 77 92 227
13218 76 111 227
13219 74 125 227
13220 71 245 227
13221 70 151 227
13222 68 142 227
13223 66 94 227
13224 63 189 227
13225 79 233 227
13226 78 225 227
13227 75 191 227
13228 73 166 228
13229 72 228 227
13230 69 195 227
13231 67 117 228
13232 80 251 228
13233 77 173 228
13234 76 112 228
13235 74 228 228
13236 71 186 228
13237 70 113 228
13238 82 53 228
13239 79 205 228
13240 78 253 228
13241 75 114 228
13242 73 17 229
13243 81 120 229
13244 80 244 229
13245 77 15 229
13246 76 157 229
13247 84 77 229
13248 82 43 229
13249 79 230 229
13250 83 79 230
13251 81 11 230
13252 85 174 230
13253 86 125 231
13254 84 146 230
13255 80 71 230
13256 78 59 229
13257 74 65 229
13258 72 119 228
13259 68 193 228
13260 65 43 228
13261 62 50 227
13262 59 119 227
13263 57 160 226
13264 53 176 226
13265 50 78 225
13266 47 52 225
13267 44 180 224
13268 42 12 224
13269 38 60 224
13270 36 132 223
13271 32 178 223
13272 10 175 223
13273 11 152 223
13274 12 125 223
13275 13 243 223
13276 14 113 223
13277 15 67 223
13278 16 158 223
13279 17 70 223
13280 18 235 223
13281 19 109 223
13282 20 172 223
13283 21 222 223
13284 22 251 223
13285 23 115 223
13286 24 131 223
13287 25 198 223
13288 26 113 223
13289 27 193 223
13290 28 188 223
13291 29 152 223
13292 87 235 231
13293 83 148 231
13294 82 110 230
13295 77 207 230
13296 75 161 229
13297 71 11 229
13298 69 75 228
13299 66 166 228
13300 64 120 227
13301 60 47 227
13302 56 36 227
13303 54 230 226
13304 51 39 226
13305 48 135 225
13306 45 90 225
13307 41 64 225
13308 39 10 224
13309 35 53 224
13310 33 89 223
13311 30 176 223
13312 34 254 223
13313 0 24 224
13314 1 189 224
13315 2 2 224
13316 3 111 224
13317 4 132 224
13318 5 79 224
13319 6 117 224
13320 7 100 224
13321 8 219 224
13322 9 94 224
13323 10 35 224
13324 11 133 224
13325 12 54 224
13326 13 87 224
13327 14 165 224
13328 15 4 224
13329 16 203 224
13330 88 123 232
13331 85 82 231
13332 81 98 231
13333 79 209 230
13334 76 233 230
13335 73 241 230
13336 70 83 229
13337 67 141 229
13338 63 54 228
13339 61 47 228
13340 58 222 227
13341 55 148 227
13342 52 196 226
13343 49 45 226
13344 46 151 226
13345 43 15 225
13346 40 131 224
13347 37 173 224
13348 17 60 224
13349 31 229 224
13350 18 170 224
13351 19 89 224
13352 20 87 224
13353 21 11 224
13354 22 87 224
13355 23 26 224
13356 24 175 224
13357 25 223 224
13358 26 19 224
13359 27 32 224
13360 28 11 224
13361 29 133 224
13362 30 160 224
13363 32 37 224
13364 33 125 224
13365 34 88 224
13366 36 145 224
13367 89 41 232
13368 86 149 232
13369 84 223 231
13370 80 245 231
13371 78 75 230
13372 74 170 230
13373 72 186 229
13374 68 228 229
13375 65 152 229
13376 62 111 228
13377 59 74 228
13378 57 153 227
13379 53 152 227
13380 50 204 226
13381 47 136 226
13382 44 194 225
13383 42 45 225
13384 38 236 225
13385 0 94 225
13386 1 12 225
13387 2 33 225
13388 4 240 225
13389 3 194 225
13390 5 93 225
13391 6 213 225
13392 7 194 225
13393 8 170 225
13394 9 255 225
13395 10 139 225
13396 11 156 225
13397 12 246 225
13398 13 84 225
13399 14 219 225
13400 15 254 225
13401 16 4 225
13402 17 234 225
13403 90 230 232
13404 87 239 232
13405 83 218 232
13406 82 80 231
13407 77 65 231
13408 75 85 230
13409 71 244 230
13410 69 38 229
13411 66 19 229
13412 64 179 228
13413 60 202 228
13414 56 183 228
13415 54 59 227
13416 51 102 227
13417 48 17 226
13418 45 97 226
13419 41 11 226
13420 39 125 225
13421 35 100 225
13422 18 106 225
13423 19 148 225
13424 20 182 225
13425 21 241 225
13426 22 197 225
13427 23 180 225
13428 24 95 225
13429 25 171 225
13430 26 181 225
13431 27 48 225
13432 28 246 225
13433 29 206 225
13434 30 96 225
13435 31 42 225
13436 32 91 225
13437 33 182 225
13438 92 245 233
13439 88 124 233
13440 85 254 232
13441 81 61 232
13442 79 171 231
13443 76 214 231
13444 73 57 231
13445 70 138 230
13446 67 92 230
13447 63 146 229
13448 61 202 229
13449 58 205 228
13450 55 51 228
13451 52 137 227
13452 49 177 227
13453 46 217 227
13454 43 59 226
13455 40 224 225
13456 37 235 225
13457 34 48 225
13458 36 169 225
13459 0 74 226
13460 1 93 226
13461 2 89 226
13462 3 95 226
13463 4 161 226
13464 5 105 226
13465 6 223 226
13466 7 103 226
13467 8 243 226
13468 9 93 226
13469 10 253 226
13470 11 242 226
13471 12 107 226
13472 91 246 234
13473 89 127 233
13474 86 192 233
13475 84 110 232
13476 80 107 232
13477 78 45 231
13478 74 69 231
13479 72 127 230
13480 68 23 230
13481 65 101 230
13482 62 231 229
13483 59 154 229
13484 57 156 228
13485 53 201 228
13486 50 237 227
13487 47 158 227
13488 44 112 226
13489 42 21 226
13490 38 123 226
13491 13 181 226
13492 14 21 226
13493 15 68 226
13494 16 140 226
13495 17 245 226
13496 18 220 226
13497 19 33 226
13498 20 128 226
13499 21 221 226
13500 22 28 226
13501 23 96 226
13502 24 81 226
13503 25 48 226
13504 26 222 226
13505 93 31 234
13506 90 48 233
13507 87 32 233
13508 83 67 233
13509 82 104 232
13510 77 115 232
13511 75 163 231
13512 71 15 231
13513 69 218 230
13514 66 109 230
13515 64 117 229
13516 60 212 229
13517 56 84 229
13518 54 26 228
13519 51 247 228
13520 48 84 227
13521 45 56 227
13522 41 186 227
13523 39 149 226
13524 35 183 226
13525 27 199 226
13526 28 136 226
13527 29 133 226
13528 30 160 226
13529 31 82 226
13530 32 231 226
13531 33 53 226
13532 34 198 226
13533 36 27 226
13534 37 177 226
13535 40 196 226
13536 0 142 227
13537 94 24 234
13538 92 187 234
13539 88 8 234
13540 85 91 233
13541 81 27 233
13542 79 210 232
13543 76 105 232
13544 73 70 232
13545 70 183 231
13546 67 122 231
13547 63 126 230
13548 61 212 230
13549 58 121 229
13550 55 252 229
13551 52 42 228
13552 49 28 228
13553 46 14 228
13554 43 95 227
13555 1 250 227
13556 2 58 227
13557 3 224 227
13558 4 125 227
13559 5 19 227
13560 6 109 227
13561 7 88 227
13562 8 229 227
13563 9 163 227
13564 10 159 227
13565 11 38 227
13566 12 209 227
13567 13 89 227
13568 96 46 235
13569 91 201 235
13570 89 174 234
13571 86 87 234
13572 84 224 233
13573 80 181 233
13574 78 136 232
13575 74 220 232
13576 72 198 231
13577 68 159 231
13578 65 106 231
13579 62 189 230
13580 59 126 230
13581 57 104 229
13582 53 36 229
13583 50 7 228
13584 47 176 228
13585 44 115 227
13586 42 240 227
13587 38 124 227
13588 14 131 227
13589 15 256 227
13590 16 134 227
13591 17 205 227
13592 18 110 227
13593 19 214 227
13594 20 134 227
13595 21 22 227
13596 22 27 227
13597 23 5 227
13598 95 99 236
13599 93 2 235
13600 90 86 234
13601 87 143 234
13602 83 99 234
13603 82 123 233
13604 77 1 233
13605 75 110 232
13606 71 83 232
13607 69 155 231
13608 66 206 231
13609 64 78 230
13610 60 80 230
13611 56 27 230
13612 54 77 229
13613 51 132 229
13614 48 22 228
13615 45 186 228
13616 41 238 228
13617 39 192 227
13618 35 191 227
13619 24 112 227
13620 25 174 227
13621 26 86 227
13622 27 119 227
13623 28 35 227
13624 29 186 227
13625 30 91 227
13626 31 111 227
13627 97 1 236
13628 94 43 235
13629 92 125 235
13630 88 100 235
13631 85 238 234
13632 81 201 234
13633 79 55 233
13634 76 156 233
13635 73 104 233
13636 70 103 232
13637 67 240 232
13638 63 169 231
13639 61 80 231
13640 58 99 230
13641 55 66 230
13642 52 11 229
13643 49 93 229
13644 46 175 229
13645 43 31 228
13646 40 48 227
13647 37 32 227
13648 32 237 227
13649 33 183 227
13650 34 82 227
13651 36 59 227
13652 0 143 228
13653 1 12 228
13654 2 149 228
13655 99 5 236
13656 96 40 236
13657 91 17 236
13658 89 119 235
13659 86 188 235
13660 84 106 234
13661 80 78 234
13662 78 31 233
13663 74 180 233
13664 72 205 232
13665 68 60 232
13666 65 40 232
13667 62 178 231
13668 59 33 231
13669 57 70 230
13670 53 141 230
13671 50 216 229
13672 47 144 229
13673 44 24 228
13674 42 213 228
13675 38 8 228
13676 3 208 228
13677 4 110 228
13678 5 142 228
13679 6 206 228
13680 7 67 228
13681 8 137 228
13682 98 189 237
13683 95 40 237
13684 93 25 236
13685 90 47 235
13686 87 117 235
13687 83 200 235
13688 82 189 234
13689 77 72 234
13690 75 90 233
13691 71 5 233
13692 69 10 232
13693 66 5 232
13694 64 181 231
13695 60 229 231
13696 56 210 231
13697 54 212 230
13698 51 108 230
13699 48 18 229
13700 45 12 229
13701 41 119 229
13702 39 87 228
13703 35 246 228
13704 9 240 228
13705 10 184 228
13706 11 28 228
13707 12 76 228
13708 100 83 237
13709 97 141 237
13710 94 152 236
13711 92 56 236
13712 88 222 236
13713 85 148 235
13714 81 188 235
13715 79 45 234
13716 76 151 234
13717 73 15 234
13718 70 131 233
13719 67 173 233
13720 63 58 232
13721 61 229 232
13722 58 81 231
13723 55 54 231
13724 52 9 230
13725 49 6 230
13726 46 3 230
13727 43 2 229
13728 40 86 228
13729 37 143 228
13730 13 172 228
13731 31 219 228
13732 14 27 228
13733 102 97 238
13734 99 180 237
13735 96 109 237
13736 91 95 237
13737 89 74 236
13738 86 37 236
13739 84 32 235
13740 80 204 235
13741 78 85 234
13742 74 194 234
13743 72 16 233
13744 68 236 233
13745 65 243 233
13746 62 169 232
13747 59 27 232
13748 57 149 231
13749 53 213 231
13750 50 130 230
13751 47 1 230
13752 44 43 229
13753 42 207 229
13754 38 100 229
13755 36 111 228
13756 32 211 228
13757 101 89 239
13758 98 226 238
13759 95 214 238
13760 93 184 237
13761 90 202 236
13762 87 49 236
13763 83 41 236
13764 82 91 235
13765 77 127 235
13766 75 97 234
13767 71 47 234
13768 69 125 233
13769 66 191 233
13770 64 176 232
13771 60 164 232
13772 56 185 232
13773 54 43 231
13774 51 65 231
13775 48 225 230
13776 45 150 230
13777 41 43 230
13778 39 188 229
13779 35 199 229
13780 103 57 239
13781 100 138 238
13782 97 92 238
13783 94 101 237
13784 92 180 237
13785 88 205 237
13786 85 51 236
13787 81 239 236
13788 79 177 235
13789 76 217 235
13790 73 59 235
13791 70 224 234
13792 67 235 234
13793 63 149 233
13794 61 164 233
13795 58 113 232
13796 55 161 232
13797 52 241 231
13798 49 75 231
13799 46 166 231
13800 43 25 230
13801 40 47 229
13802 104 69 239
13803 102 171 239
13804 99 185 238
13805 96 73 238
13806 91 92 238
13807 89 154 237
13808 86 77 237
13809 84 43 236
13810 80 237 236
13811 78 44 235
13812 74 112 235
13813 72 44 234
13814 68 123 234
13815 65 82 234
13816 62 185 233
13817 59 209 233
13818 57 112 232
13819 53 63 232
13820 50 83 231
13821 47 141 231
13822 44 152 230
13823 105 163 240
13824 101 196 240
13825 98 191 239
13826 95 159 239
13827 93 244 238
13828 90 212 237
13829 87 227 237
13830 83 255 237
13831 82 50 236
13832 77 189 236
13833 75 56 235
13834 71 7 235
13835 69 149 234
13836 66 203 234
13837 64 84 233
13838 60 251 233
13839 56 146 233
13840 54 60 232
13841 51 170 232
13842 48 114 231
13843 106 105 240
13844 103 70 240
13845 100 183 239
13846 97 122 239
13847 94 106 238
13848 92 119 238
13849 88 121 238
13850 85 252 237
13851 81 214 237
13852 79 28 236
13853 76 14 236
13854 73 95 236
13855 70 230 235
13856 67 239 235
13857 63 219 234
13858 61 251 234
13859 58 256 233
13860 55 85 233
13861 52 57 232
13862 107 35 241
13863 104 220 240
13864 102 234 240
13865 99 144 239
13866 96 21 239
13867 91 11 239
13868 89 126 238
13869 86 63 238
13870 84 187 237
13871 80 7 237
13872 78 219 236
13873 74 115 236
13874 72 142 235
13875 68 124 235
13876 65 254 235
13877 62 128 234
13878 59 171 234
13879 57 143 233
13880 108 165 241
13881 105 110 241
13882 101 90 241
13883 98 209 240
13884 95 184 240
13885 93 223 239
13886 90 80 238
13887 87 139 238
13888 83 91 238
13889 82 74 237
13890 77 156 237
13891 75 186 236
13892 71 62 236
13893 69 192 235
13894 66 96 235
13895 64 43 234
13896 60 182 234
13897 109 55 242
13898 106 156 241
13899 103 104 241
13900 100 103 240
13901 97 240 240
13902 94 40 239
13903 92 36 239
13904 88 99 239
13905 85 66 238
13906 81 29 238
13907 79 93 237
13908 76 175 237
13909 73 31 237
13910 70 48 236
13911 67 32 236
13912 63 8 235
13913 110 78 242
13914 107 52 242
13915 104 180 241
13916 102 141 241
13917 99 201 240
13918 96 234 240
13919 91 147 240
13920 89 33 239
13921 86 145 239
13922 84 205 238
13923 80 216 238
13924 78 142 237
13925 74 24 237
13926 72 16 236
13927 68 8 236
13928 111 39 243
13929 108 135 242
13930 105 90 242
13931 101 82 242
13932 98 231 241
13933 95 221 241
13934 93 89 240
13935 90 229 239
13936 87 67 239
13937 83 219 239
13938 82 77 238
13939 77 65 238
13940 75 12 237
13941 71 251 237
13942 112 196 243
13943 109 45 243
13944 106 151 242
13945 103 15 242
13946 100 131 241
13947 97 173 241
13948 94 243 240
13949 92 232 240
13950 88 81 240
13951 85 54 239
13952 81 211 239
13953 79 6 238
13954 76 3 238
13955 114 20 243
13956 110 204 243
13957 107 136 243
13958 104 194 242
13959 102 244 242
13960 99 1 241
13961 96 63 241
13962 91 78 241
13963 89 27 240
13964 86 142 240
13965 83 9 240
13966 80 130 239
13967 113 117 244
13968 111 102 244
13969 108 17 243
13970 105 97 243
13971 101 41 243
13972 98 55 242
13973 95 71 242
13974 93 213 241
13975 90 164 240
13976 87 195 240
13977 84 161 239
13978 115 51 245
13979 112 137 244
13980 109 177 244
13981 106 217 243
13982 103 59 243
13983 100 224 242
13984 97 235 242
13985 94 82 241
13986 92 175 241
13987 88 113 241
13988 117 78 245
13989 114 150 244
13990 110 237 244
13991 107 158 244
13992 104 112 243
13993 102 67 243
13994 99 37 242
13995 96 93 242
13996 91 113 242
13997 116 168 246
13998 113 253 245
13999 111 247 245
14000 108 84 244
14001 105 56 244
14002 101 112 244
14003 98 234 243
14004 95 230 243
14005 118 121 246
14006 115 252 246
14007 112 42 245
14008 109 28 245
14009 106 14 244
14010 103 95 244
14011 100 230 243
14012 120 31 246
14013 117 157 246
14014 114 111 245
14015 110 7 245
14016 107 176 245
14017 104 115 244
14018 119 222 247
14019 116 85 247
14020 113 107 246
14021 111 132 246
14022 108 22 245
14023 121 80 248
14024 118 99 247
14025 115 66 247
14026 112 11 246
14027 122 178 248
14028 120 213 247
14029 117 90 247
14030 124 168 248
14031 119 236 248
14032 123 243 249
14033 15 141 228
14034 16 70 228
14035 17 92 228
14036 18 221 228
14037 19 235 228
14038 20 136 228
14039 21 18 228
14040 22 12 228
14041 23 44 228
14042 24 200 228
14043 25 3 228
14044 0 203 229
14045 0 203 230
14046 0 203 231
14047 0 203 232
14048 0 203 233
14049 0 203 234
14050 0 203 235
14051 0 203 236
14052 26 116 228
14053 27 126 228
14054 28 68 228
14055 29 58 228
14056 30 220 228
14057 33 151 228
14058 34 197 228
14059 1 83 229
14060 2 234 229
14061 3 103 229
14062 4 250 229
14063 5 60 229
14064 6 243 229
14065 7 136 229
14066 8 16 229
14067 1 218 230
14068 1 218 231
14069 1 218 232
14070 9 216 229
14071 10 98 229
14072 11 44 229
14073 12 143 229
14074 13 20 229
14075 14 9 229
14076 15 197 229
14077 16 129 229
14078 17 139 229
14079 18 45 229
14080 19 40 229
14081 20 88 229
14082 21 165 229
14083 22 256 229
14084 23 136 229
14085 24 128 229
14086 25 159 229
14087 26 141 229
14088 28 210 229
14089 27 252 229
14090 29 11 229
14091 30 142 229
14092 31 140 229
14093 32 229 229
14094 33 199 229
14095 34 86 229
14096 36 163 229
14097 37 112 229
14098 2 27 230
14099 3 188 230
14100 4 141 230
14101 5 240 230
14102 6 18 230
14103 7 104 230
14104 8 240 230
14105 9 141 230
14106 10 214 230
14107 11 162 230
14108 12 54 230
14109 13 16 230
14110 14 58 230
14111 15 186 230
14112 16 39 230
14113 17 216 230
14114 18 167 230
14115 19 135 230
14116 20 65 230
14117 21 230 230
14118 22 207 230
14119 23 95 230
14120 24 76 230
14121 25 256 230
14122 26 32 230
14123 27 70 230
14124 28 45 230
14125 29 86 230
14126 30 95 230
14127 31 246 230
14128 32 201 230
14129 33 204 230
14130 34 180 230
14131 35 35 230
14132 36 12 230
14133 37 20 230
14134 38 202 230
14135 39 183 230
14136 40 138 230
14137 42 228 230
14138 2 220 231
14139 3 150 231
14140 4 24 231
14141 5 9 231
14142 6 145 231
14143 7 60 231
14144 8 175 231
14145 9 185 231
14146 10 117 231
14147 11 225 231
14148 12 120 231
14149 13 34 231
14150 14 184 231
14151 15 67 231
14152 16 184 231
14153 17 225 231
14154 18 37 231
14155 19 113 231
14156 20 142 231
14157 21 193 231
14158 22 58 231
14159 23 81 231
14160 24 12 231
14161 25 57 231
14162 26 96 231
14163 27 130 231
14164 28 37 231
14165 29 147 231
14166 30 188 231
14167 31 138 231
14168 32 133 231
14169 33 52 231
14170 34 106 231
14171 35 216 231
14172 36 240 231
14173 37 196 231
14174 38 28 231
14175 39 173 231
14176 40 153 231
14177 41 26 231
14178 42 119 231
14179 43 141 231
14180 44 219 231
14181 45 251 231
14182 2 244 232
14183 3 46 232
14184 4 42 232
14185 5 149 232
14186 6 68 232
14187 7 12 232
14188 8 245 232
14189 9 83 232
14190 10 123 232
14191 11 34 232
14192 12 10 232
14193 13 26 232
14194 14 130 232
14195 15 209 232
14196 16 152 232
14197 17 143 232
14198 18 116 232
14199 19 117 232
14200 20 51 232
14201 21 202 232
14202 22 166 232
14203 23 17 232
14204 24 139 232
14205 25 47 232
14206 26 192 232
14207 27 148 232
14208 28 60 232
14209 29 123 232
14210 30 61 232
14211 31 87 232
14212 32 13 232
14213 33 107 232
14214 34 213 232
14215 35 104 232
14216 36 108 232
14217 37 239 232
14218 38 115 232
14219 39 145 232
14220 40 11 232
14221 41 214 232
14222 42 135 232
14223 43 17 232
14224 44 55 232
14225 45 2 232
14226 46 145 232
14227 47 54 232
14228 48 222 232
14229 50 120 232
14230 49 143 232
14231 1 41 233
14232 2 57 233
14233 3 60 233
14234 4 90 233
14235 5 214 233
14236 6 39 233
14237 7 139 233
14238 8 39 233
14239 9 149 233
14240 10 203 233
14241 11 137 233
14242 12 148 233
14243 13 78 233
14244 14 177 233
14245 16 142 233
14246 15 108 233
14247 17 58 233
14248 18 76 233
14249 19 75 233
14250 20 18 233
14251 21 180 233
14252 22 84 233
14253 23 38 233
14254 24 108 233
14255 25 213 233
14256 26 178 233
14257 27 189 233
14258 28 161 233
14259 29 252 233
14260 30 45 233
14261 31 177 233
14262 32 111 233
14263 33 164 233
14264 34 25 233
14265 35 166 233
14266 36 217 233
14267 37 20 233
14268 38 61 233
14269 39 171 233
14270 40 40 233
14271 41 177 233
14272 42 72 233
14273 43 44 233
14274 44 114 233
14275 45 256 233
14276 46 218 233
14277 47 221 233
14278 48 182 233
14279 49 161 233
14280 50 61 233
14281 51 156 233
14282 52 4 233
14283 53 32 233
14284 54 107 233
14285 1 177 234
14286 2 134 234
14287 3 47 234
14288 4 204 234
14289 5 224 234
14290 6 192 234
14291 7 64 234
14292 8 27 234
14293 9 53 234
14294 10 94 234
14295 11 66 234
14296 12 95 234
14297 13 204 234
14298 14 191 234
14299 15 9 234
14300 16 131 234
14301 17 194 234
14302 18 165 234
14303 19 143 234
14304 20 36 234
14305 21 41 234
14306 22 127 234
14307 23 40 234
14308 24 157 234
14309 25 112 234
14310 26 100 234
14311 27 42 234
14312 28 197 234
14313 29 89 234
14314 30 9 234
14315 31 54 234
14316 32 119 234
14317 33 60 234
14318 34 3 234
14319 35 51 234
14320 36 223 234
14321 37 6 234
14322 38 19 234
14323 39 129 234
14324 40 214 234
14325 41 72 234
14326 42 82 234
14327 43 76 234
14328 44 61 234
14329 45 37 234
14330 46 6 234
14331 47 127 234
14332 48 97 234
14333 49 91 234
14334 50 205 234
14335 51 219 234
14336 52 163 234
14337 53 50 234
14338 54 228 234
14339 55 136 234
14340 56 117 234
14341 57 69 234
14342 58 106 234
14343 1 12 235
14344 2 246 235
14345 3 238 235
14346 4 165 235
14347 5 103 235
14348 6 194 235
14349 7 71 235
14350 8 147 235
14351 9 121 235
14352 10 86 235
14353 11 34 235
14354 12 147 235
14355 13 228 235
14356 14 148 235
14357 15 144 235
14358 16 82 235
14359 17 177 235
14360 18 82 235
14361 19 152 235
14362 20 219 235
14363 21 178 235
14364 22 126 235
14365 23 235 235
14366 24 255 235
14367 25 6 235
14368 26 5 235
14369 27 178 235
14370 28 32 235
14371 29 110 235
14372 30 89 235
14373 31 156 235
14374 32 3 235
14375 33 245 235
14376 34 120 235
14377 35 60 235
14378 36 253 235
14379 37 23 235
14380 38 80 235
14381 39 27 235
14382 40 19 235
14383 41 186 235
14384 42 146 235
14385 43 61 235
14386 44 126 235
14387 45 59 235
14388 46 188 235
14389 47 74 235
14390 48 181 235
14391 49 125 235
14392 50 152 235
14393 51 244 235
14394 52 245 235
14395 53 25 235
14396 54 136 235
14397 55 12 235
14398 56 45 235
14399 57 188 235
14400 58 187 235
14401 59 50 235
14402 60 21 235
14403 61 119 235
14404 62 24 235
14405 64 8 235
14406 1 189 236
14407 2 191 236
14408 3 208 236
14409 4 98 236
14410 5 231 236
14411 6 132 236
14412 7 128 236
14413 8 43 236
14414 9 154 236
14415 10 91 236
14416 11 240 236
14417 12 240 236
14418 13 205 236
14419 14 9 236
14420 15 14 236
14421 16 32 236
14422 17 31 236
14423 18 36 236
14424 19 114 236
14425 20 226 236
14426 21 183 236
14427 22 213 236
14428 23 75 236
14429 24 136 236
14430 25 27 236
14431 26 90 236
14432 27 240 236
14433 28 90 236
14434 29 8 236
14435 30 74 236
14436 31 240 236
14437 32 226 236
14438 33 207 236
14439 35 63 236
14440 34 178 236
14441 36 79 236
14442 37 158 236
14443 38 196 236
14444 39 254 236
14445 40 130 236
14446 41 161 236
14447 42 241 236
14448 43 127 236
14449 44 68 236
14450 45 78 236
14451 46 144 236
14452 47 226 236
14453 48 193 236
14454 49 224 236
14455 50 77 236
14456 51 254 236
14457 52 101 236
14458 53 24 236
14459 54 109 236
14460 55 222 236
14461 56 213 236
14462 57 215 236
14463 58 193 236
14464 59 25 236
14465 60 221 236
14466 61 209 236
14467 62 44 236
14468 63 202 236
14469 64 176 236
14470 65 44 236
14471 66 154 236
14472 69 135 236
14473 0 30 237
14474 1 155 237
14475 2 29 237
14476 3 17 237
14477 4 172 237
14478 5 142 237
14479 6 21 237
14480 7 57 237
14481 8 78 237
14482 9 9 237
14483 10 1 237
14484 11 220 237
14485 12 82 237
14486 13 35 237
14487 14 163 237
14488 15 166 237
14489 16 243 237
14490 17 204 237
14491 18 249 237
14492 19 117 237
14493 20 50 237
14494 21 112 237
14495 22 248 237
14496 23 84 237
14497 24 168 237
14498 25 12 237
14499 26 11 237
14500 27 103 237
14501 28 169 237
14502 29 15 237
14503 30 109 237
14504 31 73 237
14505 32 114 237
14506 33 203 237
14507 34 34 237
14508 35 65 237
14509 36 33 237
14510 37 225 237
14511 38 49 237
14512 39 245 237
14513 40 75 237
14514 41 187 237
14515 42 81 237
14516 43 69 237
14517 44 223 237
14518 45 89 237
14519 46 179 237
14520 47 214 237
14521 48 236 237
14522 49 247 237
14523 50 115 237
14524 51 182 237
14525 52 55 237
14526 53 214 237
14527 54 40 237
14528 55 24 237
14529 56 86 237
14530 57 153 237
14531 58 233 237
14532 59 48 237
14533 60 210 237
14534 61 5 237
14535 62 202 237
14536 63 77 237
14537 64 52 237
14538 65 237 237
14539 66 120 237
14540 67 93 237
14541 68 28 237
14542 69 9 237
14543 70 170 237
14544 72 53 237
14545 0 18 238
14546 1 244 238
14547 2 178 238
14548 3 208 238
14549 4 208 238
14550 5 103 238
14551 6 193 238
14552 7 247 238
14553 8 94 238
14554 9 245 238
14555 10 126 238
14556 11 5 238
14557 12 191 238
14558 13 239 238
14559 14 51 238
14560 15 246 238
14561 16 161 238
14562 17 25 238
14563 18 107 238
14564 19 229 238
14565 20 176 238
14566 21 225 238
14567 22 28 238
14568 23 13 238
14569 24 200 238
14570 25 76 238
14571 26 123 238
14572 27 204 238
14573 28 135 238
14574 29 21 238
14575 30 89 238
14576 31 58 238
14577 32 83 238
14578 33 25 238
14579 34 242 238
14580 35 67 238
14581 36 144 238
14582 37 131 238
14583 38 77 238
14584 39 110 238
14585 40 173 238
14586 41 22 238
14587 42 69 238
14588 43 79 238
14589 44 166 238
14590 45 77 238
14591 46 20 238
14592 47 231 238
14593 48 222 238
14594 49 176 238
14595 50 163 238
14596 51 47 238
14597 52 45 238
14598 53 173 238
14599 54 218 238
14600 55 26 238
14601 56 83 238
14602 57 160 238
14603 58 162 238
14604 59 217 238
14605 60 114 238
14606 61 48 238
14607 62 6 238
14608 63 19 238
14609 64 109 238
14610 65 72 238
14611 66 240 238
14612 67 144 238
14613 68 158 238
14614 69 55 238
14615 70 27 238
14616 71 22 238
14617 72 94 238
14618 73 122 238
14619 74 221 238
14620 75 130 238
14621 78 212 238
14622 0 115 239
14623 1 27 239
14624 2 146 239
14625 3 100 239
14626 4 118 239
14627 5 171 239
14628 6 1 239
14629 7 111 239
14630 8 116 239
14631 9 188 239
14632 10 202 239
14633 11 158 239
14634 12 39 239
14635 13 245 239
14636 14 248 239
14637 15 147 239
14638 16 142 239
14639 17 81 239
14640 18 13 239
14641 19 183 239
14642 20 132 239
14643 21 65 239
14644 22 204 239
14645 23 75 239
14646 24 230 239
14647 25 51 239
14648 26 55 239
14649 27 239 239
14650 28 28 239
14651 29 150 239
14652 30 106 239
14653 31 162 239
14654 32 101 239
14655 33 23 239
14656 34 233 239
14657 35 136 239
14658 36 216 239
14659 37 24 239
14660 38 30 239
14661 39 31 239
14662 40 198 239
14663 41 118 239
14664 42 213 239
14665 43 217 239
14666 44 71 239
14667 45 39 239
14668 46 179 239
14669 47 72 239
14670 48 20 239
14671 49 223 239
14672 50 183 239
14673 51 64 239
14674 52 181 239
14675 53 162 239
14676 54 78 239
14677 55 117 239
14678 56 222 239
14679 57 210 239
14680 58 208 239
14681 59 43 239
14682 60 91 239
14683 61 115 239
14684 62 127 239
14685 63 246 239
14686 64 161 239
14687 65 145 239
14688 66 23 239
14689 67 166 239
14690 68 122 239
14691 69 73 239
14692 70 245 239
14693 71 254 239
14694 72 124 239
14695 73 250 239
14696 74 247 239
14697 75 119 239
14698 76 90 239
14699 77 96 239
14700 78 91 239
14701 79 30 239
14702 82 32 239
14703 0 236 240
14704 1 215 240
14705 2 99 240
14706 3 49 240
14707 4 210 240
14708 5 241 240
14709 6 18 240
14710 7 76 240
14711 8 50 240
14712 9 220 240
14713 10 28 240
14714 11 107 240
14715 12 93 240
14716 13 69 240
14717 14 21 240
14718 15 217 240
14719 16 33 240
14720 17 119 240
14721 18 73 240
14722 19 132 240
14723 20 118 240
14724 21 52 240
14725 22 62 240
14726 23 107 240
14727 24 103 240
14728 25 69 240
14729 26 154 240
14730 27 168 240
14731 28 129 240
14732 29 100 240
14733 30 131 240
14734 31 245 240
14735 32 43 240
14736 33 26 240
14737 34 8 240
14738 35 63 240
14739 36 239 240
14740 37 77 240
14741 38 198 240
14742 39 232 240
14743 40 122 240
14744 41 65 240
14745 42 218 240
14746 43 37 240
14747 44 22 240
14748 45 238 240
14749 46 243 240
14750 47 106 240
14751 48 137 240
14752 49 104 240
14753 50 239 240
14754 51 245 240
14755 52 242 240
14756 53 48 240
14757 54 155 240
14758 55 104 240
14759 56 164 240
14760 57 90 240
14761 58 169 240
14762 59 235 240
14763 60 114 240
14764 61 207 240
14765 62 42 240
14766 63 110 240
14767 64 225 240
14768 65 155 240
14769 66 39 240
14770 67 181 240
14771 68 163 240
14772 69 147 240
14773 70 199 240
14774 71 84 240
14775 72 124 240
14776 73 105 240
14777 74 115 240
14778 75 29 240
14779 76 83 240
14780 77 69 240
14781 78 173 240
14782 79 192 240
14783 80 81 240
14784 81 184 240
14785 82 40 240
14786 84 29 240
14787 85 197 240
14788 0 231 241
14789 1 194 241
14790 2 191 241
14791 3 100 241
14792 4 119 241
14793 5 110 241
14794 6 35 241
14795 7 254 241
14796 8 176 241
14797 9 237 241
14798 10 12 241
14799 11 61 241
14800 12 72 241
14801 13 34 241
14802 14 105 241
14803 15 133 241
14804 16 245 241
14805 17 71 241
14806 18 111 241
14807 19 230 241
14808 20 187 241
14809 21 187 241
14810 22 195 241
14811 23 129 241
14812 24 170 241
14813 25 252 241
14814 26 198 241
14815 27 75 241
14816 28 28 241
14817 29 142 241
14818 30 37 241
14819 31 196 241
14820 32 141 241
14821 33 7 241
14822 34 107 241
14823 35 87 241
14824 36 129 241
14825 37 186 241
14826 38 71 241
14827 39 34 241
14828 40 221 241
14829 41 121 241
14830 42 83 241
14831 43 156 241
14832 44 223 241
14833 45 108 241
14834 46 189 241
14835 47 44 241
14836 48 81 241
14837 49 251 241
14838 50 107 241
14839 51 175 241
14840 52 45 241
14841 53 227 241
14842 54 36 241
14843 55 125 241
14844 56 25 241
14845 57 165 241
14846 58 181 241
14847 59 186 241
14848 60 228 241
14849 61 188 241
14850 62 173 241
14851 63 85 241
14852 64 170 241
14853 65 154 241
14854 66 116 241
14855 67 36 241
14856 68 112 241
14857 69 18 241
14858 70 69 241
14859 71 201 241
14860 72 44 241
14861 73 145 241
14862 74 162 241
14863 75 37 241
14864 76 177 241
14865 77 247 241
14866 78 215 241
14867 79 35 241
14868 80 86 241
14869 81 174 241
14870 82 48 241
14871 83 96 241
14872 84 144 241
14873 85 230 241
14874 86 124 241
14875 87 9 241
14876 89 221 241
14877 90 156 241
14878 0 192 242
14879 1 46 242
14880 2 218 242
14881 3 166 242
14882 4 208 242
14883 5 118 242
14884 6 235 242
14885 7 84 242
14886 8 33 242
14887 9 200 242
14888 10 25 242
14889 11 80 242
14890 12 37 242
14891 13 193 242
14892 14 141 242
14893 15 242 242
14894 16 202 242
14895 17 247 242
14896 18 136 242
14897 19 190 242
14898 20 10 242
14899 21 237 242
14900 22 175 242
14901 23 104 242
14902 24 187 242
14903 25 92 242
14904 26 187 242
14905 27 6 242
14906 28 180 242
14907 29 64 242
14908 30 11 242
14909 31 217 242
14910 32 144 242
14911 33 228 242
14912 34 166 242
14913 35 213 242
14914 36 89 242
14915 37 227 242
14916 38 145 242
14917 39 254 242
14918 40 142 242
14919 41 217 242
14920 42 233 242
14921 43 44 242
14922 44 118 242
14923 45 127 242
14924 46 201 242
14925 47 250 242
14926 48 52 242
14927 49 162 242
14928 50 163 242
14929 51 113 242
14930 52 47 242
14931 53 135 242
14932 54 121 242
14933 55 167 242
14934 56 155 242
14935 57 155 242
14936 58 142 242
14937 59 233 242
14938 60 167 242
14939 61 86 242
14940 62 189 242
14941 63 157 242
14942 64 110 242
14943 65 29 242
14944 66 9 242
14945 67 61 242
14946 68 88 242
14947 69 57 242
14948 70 75 242
14949 71 192 242
14950 72 77 242
14951 73 233 242
14952 74 55 242
14953 75 232 242
14954 76 211 242
14955 77 225 242
14956 78 135 242
14957 79 84 242
14958 80 204 242
14959 81 164 242
14960 82 133 242
14961 83 58 242
14962 84 238 242
14963 85 55 242
14964 86 114 242
14965 87 196 242
14966 88 137 242
14967 89 40 242
14968 90 235 242
14969 92 22 242
14970 93 237 242
14971 94 188 242
14972 0 41 243
14973 1 239 243
14974 2 93 243
14975 3 33 243
14976 4 206 243
14977 5 222 243
14978 6 54 243
14979 7 78 243
14980 8 92 243
14981 9 247 243
14982 10 125 243
14983 11 172 243
14984 12 133 243
14985 13 20 243
14986 14 8 243
14987 15 113 243
14988 16 124 243
14989 17 152 243
14990 18 198 243
14991 19 51 243
14992 20 140 243
14993 21 167 243
14994 22 230 243
14995 23 255 243
14996 24 102 243
14997 25 89 243
14998 26 191 243
14999 27 2 243
15000 28 101 243
15001 29 180 243
15002 30 94 243
15003 31 19 243
15004 33 63 243
15005 32 229 243
15006 34 213 243
15007 35 100 243
15008 36 246 243
15009 37 40 243
15010 38 50 243
15011 39 41 243
15012 40 215 243
15013 41 196 243
15014 42 79 243
15015 43 201 243
15016 44 91 243
15017 45 147 243
15018 46 221 243
15019 47 85 243
15020 48 5 243
15021 49 117 243
15022 50 250 243
15023 51 94 243
15024 52 110 243
15025 53 136 243
15026 54 112 243
15027 55 213 243
15028 56 88 243
15029 57 75 243
15030 58 15 243
15031 59 158 243
15032 60 118 243
15033 61 72 243
15034 62 203 243
15035 63 91 243
15036 64 230 243
15037 65 166 243
15038 66 58 243
15039 67 78 243
15040 68 204 243
15041 69 12 243
15042 70 56 243
15043 71 79 243
15044 72 115 243
15045 73 49 243
15046 74 162 243
15047 75 19 243
15048 76 133 243
15049 77 107 243
15050 78 143 243
15051 79 29 243
15052 80 52 243
15053 81 39 243
15054 82 86 243
15055 83 144 243
15056 84 214 243
15057 85 7 243
15058 86 238 243
15059 87 12 243
15060 88 46 243
15061 89 117 243
15062 90 231 243
15063 91 213 243
15064 92 210 243
15065 93 8 243
15066 94 149 243
15067 96 78 243
15068 97 71 243
15069 99 93 243
15070 0 179 244
15071 1 222 244
15072 2 118 244
15073 3 240 244
15074 4 117 244
15075 5 190 244
15076 6 178 244
15077 7 129 244
15078 8 18 244
15079 9 197 244
15080 10 113 244
15081 11 117 244
15082 12 51 244
15083 13 32 244
15084 14 34 244
15085 15 149 244
15086 16 161 244
15087 17 241 244
15088 18 76 244
15089 19 162 244
15090 20 96 244
15091 21 224 244
15092 22 58 244
15093 23 73 244
15094 24 153 244
15095 25 230 244
15096 26 141 244
15097 27 205 244
15098 28 109 244
15099 29 64 244
15100 30 100 244
15101 31 36 244
15102 32 243 244
15103 33 251 244
15104 34 77 244
15105 35 148 244
15106 36 16 244
15107 37 239 244
15108 38 93 244
15109 39 130 244
15110 40 170 244
15111 41 122 244
15112 42 168 244
15113 43 214 244
15114 44 200 244
15115 45 164 244
15116 46 207 244
15117 47 33 244
15118 48 230 244
15119 49 225 244
15120 50 29 244
15121 51 3 244
15122 52 37 244
15123 53 128 244
15124 54 117 244
15125 55 174 244
15126 56 188 244
15127 57 112 244
15128 58 244 244
15129 59 89 244
15130 60 204 244
15131 61 48 244
15132 62 223 244
15133 63 22 244
15134 64 29 244
15135 65 53 244
15136 66 27 244
15137 67 143 244
15138 68 90 244
15139 69 162 244
15140 70 52 244
15141 71 254 244
15142 72 56 244
15143 73 111 244
15144 74 235 244
15145 75 143 244
15146 76 112 244
15147 77 64 244
15148 78 30 244
15149 79 132 244
15150 80 12 244
15151 81 209 244
15152 82 181 244
15153 83 57 244
15154 84 89 244
15155 85 152 244
15156 86 251 244
15157 87 138 244
15158 88 97 244
15159 89 170 244
15160 90 58 244
15161 91 50 244
15162 92 227 244
15163 93 168 244
15164 94 179 244
15165 95 237 244
15166 96 83 244
15167 97 180 244
15168 98 26 244
15169 99 26 244
15170 100 83 244
15171 102 151 244
15172 0 215 245
15173 1 165 245
15174 2 39 245
15175 3 110 245
15176 4 173 245
15177 5 140 245
15178 6 148 245
15179 7 35 245
15180 8 59 245
15181 9 151 245
15182 10 160 245
15183 11 78 245
15184 12 15 245
15185 13 213 245
15186 14 104 245
15187 15 77 245
15188 16 161 245
15189 17 249 245
15190 18 90 245
15191 19 115 245
15192 20 167 245
15193 21 65 245
15194 22 167 245
15195 23 86 245
15196 24 113 245
15197 25 84 245
15198 26 176 245
15199 27 41 245
15200 28 17 245
15201 29 66 245
15202 30 256 245
15203 31 106 245
15204 32 23 245
15205 33 53 245
15206 34 18 245
15207 35 128 245
15208 36 17 245
15209 37 92 245
15210 38 121 245
15211 39 87 245
15212 40 86 245
15213 41 173 245
15214 42 48 245
15215 43 219 245
15216 44 168 245
15217 45 52 245
15218 46 61 245
15219 47 189 245
15220 48 246 245
15221 49 179 245
15222 50 85 245
15223 51 217 245
15224 52 3 245
15225 53 20 245
15226 54 185 245
15227 55 170 245
15228 56 10 245
15229 57 208 245
15230 58 214 245
15231 59 83 245
15232 60 12 245
15233 61 73 245
15234 62 149 245
15235 63 213 245
15236 64 92 245
15237 65 59 245
15238 66 200 245
15239 67 85 245
15240 68 249 245
15241 69 126 245
15242 70 147 245
15243 71 11 245
15244 72 137 245
15245 73 223 245
15246 74 163 245
15247 75 189 245
15248 76 72 245
15249 77 202 245
15250 78 215 245
15251 79 114 245
15252 80 27 245
15253 81 156 245
15254 82 83 245
15255 84 213 245
15256 83 41 245
15257 85 150 245
15258 86 109 245
15259 87 217 245
15260 88 83 245
15261 89 237 245
15262 90 91 245
15263 91 108 245
15264 92 235 245
15265 93 64 245
15266 94 231 245
15267 95 137 245
15268 96 203 245
15269 97 10 245
15270 98 47 245
15271 99 13 245
15272 100 85 245
15273 101 191 245
15274 102 18 245
15275 103 108 245
15276 104 97 245
15277 105 55 245
15278 106 84 245
15279 0 231 246
15280 1 89 246
15281 2 120 246
15282 3 144 246
15283 4 109 246
15284 5 170 246
15285 6 31 246
15286 8 224 246
15287 7 189 246
15288 9 242 246
15289 10 203 246
15290 11 203 246
15291 12 89 246
15292 13 203 246
15293 14 157 246
15294 15 110 246
15295 16 17 246
15296 17 158 246
15297 18 253 246
15298 19 227 246
15299 20 239 246
15300 21 51 246
15301 22 119 246
15302 23 10 246
15303 24 186 246
15304 25 95 246
15305 26 100 246
15306 27 218 246
15307 28 42 246
15308 29 19 246
15309 30 83 246
15310 31 82 246
15311 32 182 246
15312 33 176 246
15313 34 84 246
15314 36 202 246
15315 35 186 246
15316 37 86 246
15317 38 215 246
15318 39 104 246
15319 40 7 246
15320 41 2 246
15321 42 147 246
15322 43 62 246
15323 44 232 246
15324 45 219 246
15325 46 86 246
15326 47 213 246
15327 48 84 246
15328 49 78 246
15329 50 195 246
15330 51 67 246
15331 52 81 246
15332 53 31 246
15333 54 217 246
15334 55 254 246
15335 56 7 246
15336 57 26 246
15337 58 125 246
15338 59 114 246
15339 60 174 246
15340 61 46 246
15341 62 197 246
15342 63 97 246
15343 64 99 246
15344 65 112 246
15345 66 205 246
15346 67 189 246
15347 68 120 246
15348 69 140 246
15349 70 73 246
15350 71 151 246
15351 72 227 246
15352 73 145 246
15353 74 68 246
15354 75 164 246
15355 76 70 246
15356 77 19 246
15357 78 189 246
15358 79 52 246
15359 80 123 246
15360 81 175 246
15361 82 134 246
15362 83 74 246
15363 84 26 246
15364 85 42 246
15365 86 72 246
15366 87 209 246
15367 88 49 246
15368 89 52 246
15369 90 49 246
15370 91 66 246
15371 92 140 246
15372 93 152 246
15373 94 20 246
15374 95 148 246
15375 96 138 246
15376 97 33 246
15377 98 20 246
15378 99 110 246
15379 100 219 246
15380 101 128 246
15381 102 208 246
15382 103 251 246
15383 104 151 246
15384 105 121 246
15385 106 93 246
15386 107 62 246
15387 108 109 246
15388 109 200 246
15389 110 67 246
15390 114 48 246
15391 0 137 247
15392 1 256 247
15393 2 9 247
15394 3 131 247
15395 4 31 247
15396 5 223 247
15397 6 29 247
15398 7 115 247
15399 8 67 247
15400 9 109 247
15401 10 31 247
15402 11 82 247
15403 12 187 247
15404 13 126 247
15405 14 175 247
15406 15 148 247
15407 16 69 247
15408 17 98 247
15409 18 201 247
15410 19 155 247
15411 20 48 247
15412 0 200 248
15413 21 69 247
15414 0 238 249
15415 22 198 247
15416 23 108 247
15417 24 104 247
15418 25 59 247
15419 26 3 247
15420 27 248 247
15421 28 123 247
15422 29 117 247
15423 30 184 247
15424 31 115 247
15425 32 50 247
15426 33 116 247
15427 34 226 247
15428 35 103 247
15429 36 91 247
15430 37 132 247
15431 38 105 247
15432 39 220 247
15433 40 75 247
15434 41 55 247
15435 42 54 247
15436 43 40 247
15437 44 27 247
15438 45 158 247
15439 46 47 247
15440 47 130 247
15441 48 24 247
15442 49 31 247
15443 50 19 247
15444 51 188 247
15445 52 86 247
15446 53 161 247
15447 54 222 247
15448 55 86 247
15449 56 188 247
15450 57 167 247
15451 58 32 247
15452 59 235 247
15453 60 66 247
15454 61 82 247
15455 62 169 247
15456 63 173 247
15457 64 50 247
15458 65 5 247
15459 66 74 247
15460 67 68 247
15461 68 232 247
15462 69 27 247
15463 70 157 247
15464 71 72 247
15465 72 61 247
15466 73 17 247
15467 74 40 247
15468 75 49 247
15469 76 73 247
15470 77 119 247
15471 78 226 247
15472 79 163 247
15473 80 223 247
15474 81 169 247
15475 82 92 247
15476 83 254 247
15477 84 10 247
15478 85 5 247
15479 86 2 247
15480 87 195 247
15481 88 143 247
15482 89 37 247
15483 90 219 247
15484 91 53 247
15485 92 104 247
15486 93 205 247
15487 94 16 247
15488 95 251 247
15489 96 208 247
15490 97 244 247
15491 98 225 247
15492 99 125 247
15493 100 187 247
15494 101 86 247
15495 102 231 247
15496 103 145 247
15497 104 191 247
15498 105 55 247
15499 106 187 247
15500 107 143 247
15501 108 255 247
15502 109 90 247
15503 110 247 247
15504 111 8 247
15505 112 218 247
15506 113 130 247
15507 114 220 247
15508 1 216 248
15509 2 241 248
15510 3 52 248
15511 4 186 248
15512 5 181 248
15513 6 86 248
15514 7 227 248
15515 8 70 248
15516 9 138 248
15517 10 249 248
15518 11 191 248
15519 12 62 248
15520 13 245 248
15521 14 55 248
15522 15 212 248
15523 16 147 248
15524 17 215 248
15525 18 253 248
15526 19 14 248
15527 20 190 248
15528 21 146 248
15529 22 97 248
15530 23 29 248
15531 24 156 248
15532 25 87 248
15533 26 8 248
15534 27 94 248
15535 28 66 248
15536 29 230 248
15537 30 11 248
15538 31 174 248
15539 32 217 248
15540 33 239 248
15541 34 168 248
15542 35 159 248
15543 36 153 248
15544 37 37 248
15545 38 157 248
15546 39 15 248
15547 40 45 248
15548 41 255 248
15549 42 214 248
15550 43 37 248
15551 44 130 248
15552 45 37 248
15553 46 123 248
15554 47 3 248
15555 48 145 248
15556 49 95 248
15557 50 117 248
15558 51 112 248
15559 52 66 248
15560 53 187 248
15561 54 7 248
15562 55 183 248
15563 56 7 248
15564 57 246 248
15565 58 78 248
15566 59 13 248
15567 60 60 248
15568 61 169 248
15569 62 162 248
15570 63 221 248
15571 64 75 248
15572 65 212 248
15573 66 72 248
15574 67 68 248
15575 68 128 248
15576 69 180 248
15577 70 243 248
15578 71 102 248
15579 72 202 248
15580 73 243 248
15581 74 230 248
15582 75 48 248
15583 76 68 248
15584 77 199 248
15585 78 179 248
15586 79 136 248
15587 80 181 248
15588 81 22 248
15589 82 240 248
15590 83 46 248
15591 84 112 248
15592 85 162 248
15593 86 96 248
15594 87 24 248
15595 88 139 248
15596 89 241 248
15597 90 111 248
15598 91 121 248
15599 92 157 248
15600 93 127 248
15601 94 193 248
15602 95 147 248
15603 96 27 248
15604 97 118 248
15605 98 128 248
15606 99 176 248
15607 100 244 248
15608 101 130 248
15609 102 131 248
15610 103 189 248
15611 104 128 248
15612 105 64 248
15613 106 198 248
15614 107 156 248
15615 108 57 248
15616 109 13 248
15617 110 64 248
15618 111 48 248
15619 112 54 248
15620 113 222 248
15621 114 112 248
15622 115 9 248
15623 116 55 248
15624 117 38 248
15625 118 135 248
15626 120 234 248
15627 1 231 249
15628 2 170 249
15629 3 96 249
15630 4 181 249
15631 5 83 249
15632 6 151 249
15633 7 39 249
15634 8 166 249
15635 9 198 249
15636 10 117 249
15637 11 53 249
15638 12 84 249
15639 13 91 249
15640 14 186 249
15641 15 239 249
15642 16 204 249
15643 17 242 249
15644 18 107 249
15645 19 81 249
15646 20 126 249
15647 21 138 249
15648 22 194 249
15649 23 58 249
15650 24 208 249
15651 25 226 249
15652 26 95 249
15653 27 173 249
15654 28 50 249
15655 29 218 249
15656 30 232 249
15657 31 160 249
15658 32 206 249
15659 33 171 249
15660 34 255 249
15661 35 5 249
15662 36 210 249
15663 37 11 249
15664 38 91 249
15665 39 58 249
15666 40 56 249
15667 41 51 249
15668 42 88 249
15669 43 152 249
15670 44 49 249
15671 45 92 249
15672 46 1 249
15673 47 24 249
15674 48 198 249
15675 49 82 249
15676 50 165 249
15677 51 196 249
15678 52 212 249
15679 53 97 249
15680 54 171 249
15681 55 145 249
15682 56 1 249
15683 57 126 249
15684 58 67 249
15685 59 162 249
15686 60 46 249
15687 61 70 249
15688 62 221 249
15689 63 89 249
15690 64 78 249
15691 65 69 249
15692 66 76 249
15693 67 11 249
15694 68 111 249
15695 69 56 249
15696 70 218 249
15697 71 236 249
15698 72 195 249
15699 73 65 249
15700 74 188 249
15701 75 164 249
15702 76 171 249
15703 77 203 249
15704 78 172 249
15705 79 217 249
15706 80 165 249
15707 81 245 249
15708 82 231 249
15709 83 167 249
15710 84 114 249
15711 85 24 249
15712 86 150 249
15713 87 44 249
15714 88 204 249
15715 89 225 249
15716 90 170 249
15717 91 8 249
15718 92 182 249
15719 93 27 249
15720 94 213 249
15721 95 215 249
15722 96 192 249
15723 97 199 249
15724 98 120 249
15725 99 81 249
15726 100 139 249
15727 101 57 249
15728 102 106 249
15729 103 64 249
15730 104 80 249
15731 105 128 249
15732 106 100 249
15733 107 157 249
15734 108 133 249
15735 109 27 249
15736 110 219 249
15737 111 186 249
15738 112 99 249
15739 113 205 249
15740 114 67 249
15741 115 244 249
15742 116 100 249
15743 117 41 249
15744 118 151 249
15745 119 160 249
15746 120 233 249
15747 121 243 249
15748 122 151 249
15749 124 56 249
15750 0 112 250
15751 1 124 250
15752 2 22 250
15753 3 140 250
15754 4 34 250
15755 5 201 250
15756 6 216 250
15757 7 210 250
15758 8 197 250
15759 9 216 250
15760 10 75 250
15761 11 95 250
15762 12 251 250
15763 13 75 250
15764 14 137 250
15765 15 121 250
15766 16 241 250
15767 17 33 250
15768 18 189 250
15769 19 72 250
15770 20 185 250
15771 21 11 250
15772 22 246 250
15773 23 198 250
15774 24 192 250
15775 25 75 250
15776 26 241 250
15777 27 118 250
15778 28 17 250
15779 29 242 250
15780 30 178 250
15781 31 36 250
15782 32 223 250
15783 33 204 250
15784 34 240 250
15785 35 168 250
15786 36 60 250
15787 37 169 250
15788 38 166 250
15789 39 176 250
15790 40 250 250
15791 41 94 250
15792 42 62 250
15793 43 27 250
15794 44 70 250
15795 45 108 250
15796 46 95 250
15797 47 88 250
15798 48 172 250
15799 49 45 250
15800 50 40 250
15801 51 54 250
15802 52 233 250
15803 53 13 250
15804 54 80 250
15805 55 163 250
15806 56 99 250
15807 57 66 250
15808 58 154 250
15809 59 212 250
15810 60 16 250
15811 61 236 250
15812 63 136 250
15813 62 10 250
15814 64 102 250
15815 65 117 250
15816 66 185 250
15817 67 140 250
15818 68 197 250
15819 69 241 250
15820 70 7 250
15821 71 137 250
15822 72 252 250
15823 73 47 250
15824 74 183 250
15825 75 76 250
15826 76 158 250
15827 77 22 250
15828 78 57 250
15829 79 247 250
15830 80 60 250
15831 81 204 250
15832 82 1 250
15833 83 63 250
15834 84 61 250
15835 85 78 250
15836 86 12 250
15837 87 57 250
15838 88 21 250
15839 89 89 250
15840 90 243 250
15841 91 196 250
15842 92 249 250
15843 93 38 250
15844 94 209 250
15845 95 140 250
15846 96 141 250
15847 97 86 250
15848 98 20 250
15849 99 1 250
15850 100 22 250
15851 101 105 250
15852 102 213 250
15853 103 129 250
15854 104 16 250
15855 105 185 250
15856 106 170 250
15857 107 228 250
15858 108 45 250
15859 109 197 250
15860 110 83 250
15861 111 219 250
15862 112 179 250
15863 113 141 250
15864 114 211 250
15865 115 250 250
15866 116 239 250
15867 117 178 250
15868 118 175 250
15869 119 14 250
15870 120 5 250
15871 121 22 250
15872 122 194 250
15873 123 220 250
15874 124 55 250
15875 125 53 250
15876 0 225 251
15877 1 3 251
15878 2 24 251
15879 3 214 251
15880 4 168 251
15881 5 33 251
15882 6 235 251
15883 7 96 251
15884 8 242 251
15885 9 122 251
15886 10 143 251
15887 11 162 251
15888 12 171 251
15889 13 103 251
15890 14 176 251
15891 15 238 251
15892 16 139 251
15893 17 177 251
15894 18 81 251
15895 19 249 251
15896 20 51 251
15897 21 154 251
15898 22 239 251
15899 23 103 251
15900 24 98 251
15901 25 231 251
15902 26 89 251
15903 27 75 251
15904 28 160 251
15905 29 39 251
15906 30 134 251
15907 31 51 251
15908 32 43 251
15909 33 228 251
15910 34 215 251
15911 35 82 251
15912 36 217 251
15913 37 174 251
15914 38 253 251
15915 39 5 251
15916 41 154 251
15917 40 79 251
15918 42 53 251
15919 43 41 251
15920 44 63 251
15921 45 179 251
15922 46 180 251
15923 47 77 251
15924 48 191 251
15925 49 56 251
15926 50 120 251
15927 51 117 251
15928 52 86 251
15929 53 24 251
15930 54 102 251
15931 55 96 251
15932 56 136 251
15933 57 33 251
15934 58 175 251
15935 59 28 251
15936 60 3 251
15937 61 146 251
15938 62 160 251
15939 63 200 251
15940 64 120 251
15941 65 30 251
15942 66 222 251
15943 67 185 251
15944 68 206 251
15945 69 181 251
15946 70 66 251
15947 71 95 251
15948 72 245 251
15949 73 131 251
15950 74 228 251
15951 75 225 251
15952 76 243 251
15953 77 20 251
15954 78 43 251
15955 79 54 251
15956 80 169 251
15957 81 198 251
15958 82 195 251
15959 83 241 251
15960 84 218 251
15961 85 118 251
15962 86 145 251
15963 87 186 251
15964 88 207 251
15965 89 249 251
15966 90 256 251
15967 91 96 251
15968 92 69 251
15969 93 232 251
15970 94 216 251
15971 95 181 251
15972 96 100 251
15973 97 55 251
15974 98 235 251
15975 99 81 251
15976 100 210 251
15977 101 20 251
15978 102 106 251
15979 103 100 251
15980 104 63 251
15981 105 87 251
15982 106 63 251
15983 107 16 251
15984 108 78 251
15985 109 96 251
15986 110 97 251
15987 111 106 251
15988 112 200 251
15989 113 23 251
15990 114 165 251
weights 252 252 252 252 252 252 252 252 252 252 252 252 252 252 252 252 252 252 252 252 252 252 252 252 252 252 252 252 252 252 252 252 252 252 252 252 252 252 252 252 252 252 252 252 252 252 252 252 252 252 252 252 252 252 252 252 252 252 252 252 252 252 252 252 252 252 252 252 252 252 252 252 252 252 252 252 252 252 252 252 252 252 252 252 252 252 252 252 252 252 252 252 252 252 252 252 252 252 252 252 252 252 252 252 252 252 252 252 252 252 252 252 252 252 252 251 251 251 251 251 251 251 251 251 251 251
