2026-09-10T19:20:15.3157464Z Current runner version: '2.337.0'
2026-09-10T19:20:15.3181590Z ##[group]Runner Image Provisioner
2026-09-10T19:20:15.3182586Z Hosted Compute Agent
2026-09-10T19:20:15.3183248Z Version: 20260828.587
2026-09-10T19:20:15.3183959Z Commit: abac92662cab4cc7352de4f9f9d2e2419aad9c29
2026-09-10T19:20:15.3184748Z Build Date: 2026-08-28T16:44:25Z
2026-09-10T19:20:15.3185476Z Worker ID: {2263b9fd-273d-4e12-bc6c-d8f2e7e854a0}
2026-09-10T19:20:15.3186290Z Azure Region: westus2
2026-09-10T19:20:15.3187191Z ##[endgroup]
2026-09-10T19:20:15.3188910Z ##[group]Operating System
2026-09-10T19:20:15.3189604Z Ubuntu
2026-09-10T19:20:15.3190202Z 24.04.5
2026-09-10T19:20:15.3191206Z LTS
2026-09-10T19:20:15.3191811Z ##[endgroup]
2026-09-10T19:20:15.3192408Z ##[group]Runner Image
2026-09-10T19:20:15.3193080Z Image: ubuntu-24.04
2026-09-10T19:20:15.3193687Z Version: 20260907.300.1
2026-09-10T19:20:15.3195036Z Included Software: https://github.com/actions/runner-images/blob/ubuntu24/20260907.300/images/ubuntu/Ubuntu2404-Readme.md
2026-09-10T19:20:15.3196867Z Image Release: https://github.com/actions/runner-images/releases/tag/ubuntu24%2F20260907.300
2026-09-10T19:20:15.3197965Z ##[endgroup]
2026-09-10T19:20:15.3199076Z ##[group]GITHUB_TOKEN Permissions
2026-09-10T19:20:15.3201073Z Contents: read
2026-09-10T19:20:15.3201714Z Metadata: read
2026-09-10T19:20:15.3202435Z ##[endgroup]
2026-09-10T19:20:15.3204540Z Secret source: Actions
2026-09-10T19:20:15.3205621Z Cache mode: write
2026-09-10T19:20:15.3206360Z Prepare workflow directory
2026-09-10T19:20:15.4349065Z Prepare all required actions
2026-09-10T19:20:15.4421655Z Getting action download info
2026-09-10T19:20:15.8927321Z Download action repository 'actions/checkout@3d3c42e5aac5ba805825da76410c181273ba90b1' (SHA:3d3c42e5aac5ba805825da76410c181273ba90b1)
2026-09-10T19:20:16.4661068Z Download action repository 'leanprover/lean-action@50fcf42d2e460296f1a34b402e990d1b24f8b596' (SHA:50fcf42d2e460296f1a34b402e990d1b24f8b596)
2026-09-10T19:20:16.6705470Z Download action repository 'actions/download-artifact@d3f86a106a0bac45b974a628896c90dbdf5c8093' (SHA:d3f86a106a0bac45b974a628896c90dbdf5c8093)
2026-09-10T19:20:16.9470812Z Download action repository 'actions/upload-artifact@ea165f8d65b6e75b540449e92b4886f43607fa02' (SHA:ea165f8d65b6e75b540449e92b4886f43607fa02)
2026-09-10T19:20:17.2236035Z Getting action download info
2026-09-10T19:20:17.3754737Z Download action repository 'actions/cache@v5' (SHA:caa296126883cff596d87d8935842f9db880ef25)
2026-09-10T19:20:17.6328699Z Complete job name: row (35)
2026-09-10T19:20:17.7313827Z ##[group]Run actions/checkout@3d3c42e5aac5ba805825da76410c181273ba90b1
2026-09-10T19:20:17.7315589Z with:
2026-09-10T19:20:17.7316542Z   repository: HuanHuanHuanFFF/lean-math-lab
2026-09-10T19:20:17.7325725Z   token: ***
2026-09-10T19:20:17.7326936Z   ssh-strict: true
2026-09-10T19:20:17.7327812Z   ssh-user: git
2026-09-10T19:20:17.7328698Z   persist-credentials: true
2026-09-10T19:20:17.7329643Z   clean: true
2026-09-10T19:20:17.7330520Z   sparse-checkout-cone-mode: true
2026-09-10T19:20:17.7331546Z   fetch-depth: 1
2026-09-10T19:20:17.7332386Z   fetch-tags: false
2026-09-10T19:20:17.7333244Z   show-progress: true
2026-09-10T19:20:17.7334107Z   lfs: false
2026-09-10T19:20:17.7334906Z   submodules: false
2026-09-10T19:20:17.7335764Z   set-safe-directory: true
2026-09-10T19:20:17.7336868Z   allow-unsafe-pr-checkout: false
2026-09-10T19:20:17.7338195Z env:
2026-09-10T19:20:17.7339399Z   B699_RUN: research/tasks/B699-Binomial/runs/20260911-low-index-lean-513dc7cc
2026-09-10T19:20:17.7341003Z   B699_RAW: .tools/20260911-low-index-lean-513dc7cc
2026-09-10T19:20:17.7342127Z ##[endgroup]
2026-09-10T19:20:17.8537089Z Syncing repository: HuanHuanHuanFFF/lean-math-lab
2026-09-10T19:20:17.8541228Z ##[group]Getting Git version info
2026-09-10T19:20:17.8543573Z Working directory is '/home/runner/work/lean-math-lab/lean-math-lab'
2026-09-10T19:20:17.8572942Z [command]/usr/bin/git version
2026-09-10T19:20:17.8779456Z git version 2.55.0
2026-09-10T19:20:17.8789841Z ##[endgroup]
2026-09-10T19:20:17.8803041Z Temporarily overriding HOME='/home/runner/work/_temp/9ceecbdd-14ad-4a3e-bc6c-cda20ac67219' before making global git config changes
2026-09-10T19:20:17.8808514Z Adding repository directory to the temporary git global config as a safe directory
2026-09-10T19:20:17.8813405Z [command]/usr/bin/git config --global --add safe.directory /home/runner/work/lean-math-lab/lean-math-lab
2026-09-10T19:20:17.8898773Z Deleting the contents of '/home/runner/work/lean-math-lab/lean-math-lab'
2026-09-10T19:20:17.8908022Z ##[group]Determining repository object format
2026-09-10T19:20:17.8910909Z ##[endgroup]
2026-09-10T19:20:17.8913205Z ##[group]Initializing the repository
2026-09-10T19:20:17.8915580Z [command]/usr/bin/git init /home/runner/work/lean-math-lab/lean-math-lab
2026-09-10T19:20:17.9138274Z hint: Using 'master' as the name for the initial branch. This default branch name
2026-09-10T19:20:17.9142107Z hint: will change to "main" in Git 3.0. To configure the initial branch name
2026-09-10T19:20:17.9147858Z hint: to use in all of your new repositories, which will suppress this warning,
2026-09-10T19:20:17.9150468Z hint: call:
2026-09-10T19:20:17.9151790Z hint:
2026-09-10T19:20:17.9153832Z hint: 	git config --global init.defaultBranch <name>
2026-09-10T19:20:17.9155898Z hint:
2026-09-10T19:20:17.9157948Z hint: Names commonly chosen instead of 'master' are 'main', 'trunk' and
2026-09-10T19:20:17.9161066Z hint: 'development'. The just-created branch can be renamed via this command:
2026-09-10T19:20:17.9163537Z hint:
2026-09-10T19:20:17.9164879Z hint: 	git branch -m <name>
2026-09-10T19:20:17.9166389Z hint:
2026-09-10T19:20:17.9168737Z hint: Disable this message with "git config set advice.defaultBranchName false"
2026-09-10T19:20:17.9172456Z Initialized empty Git repository in /home/runner/work/lean-math-lab/lean-math-lab/.git/
2026-09-10T19:20:17.9178904Z [command]/usr/bin/git remote add origin https://github.com/HuanHuanHuanFFF/lean-math-lab
2026-09-10T19:20:17.9187092Z ##[endgroup]
2026-09-10T19:20:17.9190164Z ##[group]Disabling automatic garbage collection
2026-09-10T19:20:17.9254144Z [command]/usr/bin/git config --local gc.auto 0
2026-09-10T19:20:17.9261008Z ##[endgroup]
2026-09-10T19:20:17.9264419Z ##[group]Setting up auth
2026-09-10T19:20:17.9266526Z Removing SSH command configuration
2026-09-10T19:20:17.9270315Z [command]/usr/bin/git config --local --name-only --get-regexp core\.sshCommand
2026-09-10T19:20:17.9325506Z [command]/usr/bin/git submodule foreach --recursive sh -c "git config --local --name-only --get-regexp 'core\.sshCommand' && git config --local --unset-all 'core.sshCommand' || :"
2026-09-10T19:20:17.9830129Z Removing HTTP extra header
2026-09-10T19:20:17.9833351Z [command]/usr/bin/git config --local --name-only --get-regexp http\.https\:\/\/github\.com\/\.extraheader
2026-09-10T19:20:17.9880462Z [command]/usr/bin/git submodule foreach --recursive sh -c "git config --local --name-only --get-regexp 'http\.https\:\/\/github\.com\/\.extraheader' && git config --local --unset-all 'http.https://github.com/.extraheader' || :"
2026-09-10T19:20:18.0140959Z Removing includeIf entries pointing to credentials config files
2026-09-10T19:20:18.0144346Z [command]/usr/bin/git config --local --name-only --get-regexp ^includeIf\.gitdir:
2026-09-10T19:20:18.0179443Z [command]/usr/bin/git submodule foreach --recursive git config --local --show-origin --name-only --get-regexp remote.origin.url
2026-09-10T19:20:18.0435666Z [command]/usr/bin/git config --file /home/runner/work/_temp/git-credentials-924d2f13-b8a7-4395-81bd-c9a20ebeb091.config http.https://github.com/.extraheader AUTHORIZATION: basic ***
2026-09-10T19:20:18.0485031Z [command]/usr/bin/git config --local includeIf.gitdir:/home/runner/work/lean-math-lab/lean-math-lab/.git.path /home/runner/work/_temp/git-credentials-924d2f13-b8a7-4395-81bd-c9a20ebeb091.config
2026-09-10T19:20:18.0535780Z [command]/usr/bin/git config --local includeIf.gitdir:/home/runner/work/lean-math-lab/lean-math-lab/.git/worktrees/*.path /home/runner/work/_temp/git-credentials-924d2f13-b8a7-4395-81bd-c9a20ebeb091.config
2026-09-10T19:20:18.0587509Z [command]/usr/bin/git config --local includeIf.gitdir:/github/workspace/.git.path /github/runner_temp/git-credentials-924d2f13-b8a7-4395-81bd-c9a20ebeb091.config
2026-09-10T19:20:18.0627918Z [command]/usr/bin/git config --local includeIf.gitdir:/github/workspace/.git/worktrees/*.path /github/runner_temp/git-credentials-924d2f13-b8a7-4395-81bd-c9a20ebeb091.config
2026-09-10T19:20:18.0669132Z ##[endgroup]
2026-09-10T19:20:18.0672114Z ##[group]Fetching the repository
2026-09-10T19:20:18.0679514Z [command]/usr/bin/git -c protocol.version=2 fetch --no-tags --prune --no-recurse-submodules --depth=1 origin +f5b18ab9849c4e9105777084e655d40ed9a96f13:refs/remotes/origin/GPT-work/b699-low-index-lean-20260911-513dc7cc
2026-09-10T19:20:23.2591933Z From https://github.com/HuanHuanHuanFFF/lean-math-lab
2026-09-10T19:20:23.2613557Z  * [new ref]         f5b18ab9849c4e9105777084e655d40ed9a96f13 -> origin/GPT-work/b699-low-index-lean-20260911-513dc7cc
2026-09-10T19:20:23.2620715Z [command]/usr/bin/git branch --list --remote origin/GPT-work/b699-low-index-lean-20260911-513dc7cc
2026-09-10T19:20:23.2637781Z   origin/GPT-work/b699-low-index-lean-20260911-513dc7cc
2026-09-10T19:20:23.2656044Z [command]/usr/bin/git rev-parse refs/remotes/origin/GPT-work/b699-low-index-lean-20260911-513dc7cc
2026-09-10T19:20:23.2675179Z f5b18ab9849c4e9105777084e655d40ed9a96f13
2026-09-10T19:20:23.2682361Z ##[endgroup]
2026-09-10T19:20:23.2683533Z ##[group]Determining the checkout info
2026-09-10T19:20:23.2685205Z ##[endgroup]
2026-09-10T19:20:23.2689683Z [command]/usr/bin/git sparse-checkout disable
2026-09-10T19:20:23.2753132Z [command]/usr/bin/git config --local --unset-all extensions.worktreeConfig
2026-09-10T19:20:23.2790423Z ##[group]Checking out the ref
2026-09-10T19:20:23.2795919Z [command]/usr/bin/git checkout --progress --force -B GPT-work/b699-low-index-lean-20260911-513dc7cc refs/remotes/origin/GPT-work/b699-low-index-lean-20260911-513dc7cc
2026-09-10T19:20:24.2966318Z Updating files:  33% (3478/10325)
2026-09-10T19:20:24.3251558Z Updating files:  34% (3511/10325)
2026-09-10T19:20:24.3355258Z Updating files:  35% (3614/10325)
2026-09-10T19:20:24.3429026Z Updating files:  36% (3717/10325)
2026-09-10T19:20:24.3468227Z Updating files:  37% (3821/10325)
2026-09-10T19:20:24.3511824Z Updating files:  38% (3924/10325)
2026-09-10T19:20:24.3615891Z Updating files:  39% (4027/10325)
2026-09-10T19:20:24.3688058Z Updating files:  40% (4130/10325)
2026-09-10T19:20:24.3788124Z Updating files:  41% (4234/10325)
2026-09-10T19:20:24.3860997Z Updating files:  42% (4337/10325)
2026-09-10T19:20:24.3914395Z Updating files:  43% (4440/10325)
2026-09-10T19:20:24.4148148Z Updating files:  44% (4543/10325)
2026-09-10T19:20:24.4157269Z Updating files:  45% (4647/10325)
2026-09-10T19:20:24.4378447Z Updating files:  46% (4750/10325)
2026-09-10T19:20:24.4397209Z Updating files:  47% (4853/10325)
2026-09-10T19:20:24.4498251Z Updating files:  48% (4956/10325)
2026-09-10T19:20:24.4499252Z Updating files:  49% (5060/10325)
2026-09-10T19:20:24.4595715Z Updating files:  50% (5163/10325)
2026-09-10T19:20:24.4814976Z Updating files:  51% (5266/10325)
2026-09-10T19:20:24.4873313Z Updating files:  52% (5369/10325)
2026-09-10T19:20:24.4923829Z Updating files:  53% (5473/10325)
2026-09-10T19:20:24.5006493Z Updating files:  54% (5576/10325)
2026-09-10T19:20:24.5060479Z Updating files:  55% (5679/10325)
2026-09-10T19:20:24.5144157Z Updating files:  56% (5782/10325)
2026-09-10T19:20:24.5254390Z Updating files:  57% (5886/10325)
2026-09-10T19:20:24.5721612Z Updating files:  58% (5989/10325)
2026-09-10T19:20:24.5966227Z Updating files:  59% (6092/10325)
2026-09-10T19:20:24.5967025Z Updating files:  60% (6195/10325)
2026-09-10T19:20:24.5995008Z Updating files:  61% (6299/10325)
2026-09-10T19:20:24.6045055Z Updating files:  62% (6402/10325)
2026-09-10T19:20:24.6185002Z Updating files:  63% (6505/10325)
2026-09-10T19:20:24.6263497Z Updating files:  64% (6608/10325)
2026-09-10T19:20:24.6392936Z Updating files:  65% (6712/10325)
2026-09-10T19:20:24.6489085Z Updating files:  66% (6815/10325)
2026-09-10T19:20:24.6599551Z Updating files:  67% (6918/10325)
2026-09-10T19:20:24.6703370Z Updating files:  68% (7021/10325)
2026-09-10T19:20:24.6765306Z Updating files:  69% (7125/10325)
2026-09-10T19:20:24.6832772Z Updating files:  70% (7228/10325)
2026-09-10T19:20:24.6875541Z Updating files:  71% (7331/10325)
2026-09-10T19:20:24.6935233Z Updating files:  72% (7434/10325)
2026-09-10T19:20:24.6988594Z Updating files:  73% (7538/10325)
2026-09-10T19:20:24.7066252Z Updating files:  74% (7641/10325)
2026-09-10T19:20:24.7140996Z Updating files:  75% (7744/10325)
2026-09-10T19:20:24.7196337Z Updating files:  76% (7847/10325)
2026-09-10T19:20:24.7233714Z Updating files:  77% (7951/10325)
2026-09-10T19:20:24.7304688Z Updating files:  78% (8054/10325)
2026-09-10T19:20:24.7388880Z Updating files:  79% (8157/10325)
2026-09-10T19:20:24.7479559Z Updating files:  80% (8260/10325)
2026-09-10T19:20:24.7647377Z Updating files:  81% (8364/10325)
2026-09-10T19:20:24.7721899Z Updating files:  82% (8467/10325)
2026-09-10T19:20:24.7799503Z Updating files:  83% (8570/10325)
2026-09-10T19:20:24.7907331Z Updating files:  84% (8673/10325)
2026-09-10T19:20:24.7980443Z Updating files:  85% (8777/10325)
2026-09-10T19:20:24.8051765Z Updating files:  86% (8880/10325)
2026-09-10T19:20:24.8125675Z Updating files:  87% (8983/10325)
2026-09-10T19:20:24.8183351Z Updating files:  88% (9086/10325)
2026-09-10T19:20:24.8238005Z Updating files:  89% (9190/10325)
2026-09-10T19:20:24.8370458Z Updating files:  90% (9293/10325)
2026-09-10T19:20:24.8408836Z Updating files:  91% (9396/10325)
2026-09-10T19:20:24.8561258Z Updating files:  92% (9499/10325)
2026-09-10T19:20:24.8631521Z Updating files:  93% (9603/10325)
2026-09-10T19:20:24.8857749Z Updating files:  94% (9706/10325)
2026-09-10T19:20:24.8933215Z Updating files:  95% (9809/10325)
2026-09-10T19:20:24.9184168Z Updating files:  96% (9912/10325)
2026-09-10T19:20:24.9257905Z Updating files:  97% (10016/10325)
2026-09-10T19:20:24.9343237Z Updating files:  98% (10119/10325)
2026-09-10T19:20:24.9397468Z Updating files:  99% (10222/10325)
2026-09-10T19:20:24.9398538Z Updating files: 100% (10325/10325)
2026-09-10T19:20:24.9399638Z Updating files: 100% (10325/10325), done.
2026-09-10T19:20:25.0980345Z Switched to a new branch 'GPT-work/b699-low-index-lean-20260911-513dc7cc'
2026-09-10T19:20:25.0996293Z branch 'GPT-work/b699-low-index-lean-20260911-513dc7cc' set up to track 'origin/GPT-work/b699-low-index-lean-20260911-513dc7cc'.
2026-09-10T19:20:25.1065730Z ##[endgroup]
2026-09-10T19:20:25.1112342Z [command]/usr/bin/git log -1 --format=%H
2026-09-10T19:20:25.1148566Z f5b18ab9849c4e9105777084e655d40ed9a96f13
2026-09-10T19:20:25.1389837Z ##[group]Run python3 "$B699_RUN/verification/runner/generate_row.py" --i "35" --plan "$B699_RUN/verification/plans/row-35-f5b18ab9849c4e9105777084e655d40ed9a96f13.json"
2026-09-10T19:20:25.1391063Z [36;1mpython3 "$B699_RUN/verification/runner/generate_row.py" --i "35" --plan "$B699_RUN/verification/plans/row-35-f5b18ab9849c4e9105777084e655d40ed9a96f13.json"[0m
2026-09-10T19:20:25.1391775Z [36;1mpython3 - <<'PY'[0m
2026-09-10T19:20:25.1392028Z [36;1mimport json, os, runpy[0m
2026-09-10T19:20:25.1392289Z [36;1mfrom pathlib import Path[0m
2026-09-10T19:20:25.1392569Z [36;1mrun = Path(os.environ['B699_RUN'])[0m
2026-09-10T19:20:25.1393069Z [36;1mprint(json.dumps(runpy.run_path(str(run/'verification/runner/compile_probes.py'))['resources']()))[0m
2026-09-10T19:20:25.1393544Z [36;1mPY[0m
2026-09-10T19:20:25.1431474Z shell: /usr/bin/bash -e {0}
2026-09-10T19:20:25.1431739Z env:
2026-09-10T19:20:25.1432092Z   B699_RUN: research/tasks/B699-Binomial/runs/20260911-low-index-lean-513dc7cc
2026-09-10T19:20:25.1432543Z   B699_RAW: .tools/20260911-low-index-lean-513dc7cc
2026-09-10T19:20:25.1432839Z ##[endgroup]
2026-09-10T19:20:25.2649716Z B699_PLAN {"kind": "uncompiled_candidates", "i": 35, "frozen_source": "research/tasks/B699-Binomial/runs/20260909-low-index-structure-b41a5a63/lean/coverage/rows/Row035.lean", "frozen_source_sha256": "88c93bc20fa7c47e76fda7752f54b87b790bf4c4d03a378fb30398685eb1b167", "height": [35, 11, 23, 49], "goods": 247, "layers": 153, "root": "research/tasks/B699-Binomial/runs/20260911-low-index-lean-513dc7cc/lean/rows/Row035/Original.lean"}
2026-09-10T19:20:25.3508394Z {"disk": [76887154688, 63063609344, 13806768128], "cpu_count": 2, "meminfo": ["MemTotal:        8128880 kB", "MemAvailable:    6881404 kB"], "memory.max": null, "memory.current": null, "cpu.max": null, "processes": "    PID    PPID   RSS COMMAND\n   1838    1835 151120 provjobd2109481\n   1890    1869 128528 Runner.Worker\n   1869    1821 93936 Runner.Listener\n   1106       1 72408 dockerd\n    762       1 51708 php-fpm8.3\n    202       1 43712 multipathd\n    874       1 42276 containerd\n   1140     793 38020 python3\n    793       1 30792 python3\n    958     762 21404 php-fpm8.3\n    972     762 21404 php-fpm8.3\n    760       1 20956 networkd-dispat\n   1821       1 17044 hosted-compute-\n    141       1 16276 systemd-journal\n      1       0 14396 systemd\n   2042    2040 14308 python3\n    792       1 13732 udisksd\n    458       1 13236 systemd-resolve\n    946       1 12836 ModemManager\n   1041       1 11644 systemd\n    790       1  9764 systemd-logind\n    694       1  9732 systemd-network\n    767       1  8120 polkitd\n    209       1  7976 systemd-udevd\n   1226       1  7560 systemd-timedat\n   1835    1821  7076 sudo\n    907       1  6228 rsyslogd\n    755       1  5564 dbus-daemon\n    557       1  5036 haveged\n   2043    2042  4228 ps\n    884       1  3660 chronyd\n   2040    1890  3584 bash\n   1045    1041  3576 (sd-pam)\n    346       1  2908 hv_kvp_daemon\n    839       1  2756 cron\n    903       1  2160 agetty\n    955       1  2044 agetty\n    893     884  1284 chronyd\n      2       0     0 kthreadd\n      3       2     0 pool_workqueue_release\n      4       2     0 kworker/R-rcu_gp\n      5       2     0 kworker/R-sync_wq\n      6       2     0 kworker/R-kvfree_rcu_reclaim\n      7       2     0 kworker/R-slub_flushwq\n      8       2     0 kworker/R-netns\n      9       2     0 kworker/0:0-cgroup_free\n     10       2     0 kworker/0:0H-events_highpri\n     11       2     0 kworker/0:1-events\n     12       2     0 kworker/u8:0-flush-8:0\n     13       2     0 kworker/R-mm_percpu_wq\n     14      "}
2026-09-10T19:20:25.3859125Z ##[group]Run leanprover/lean-action@50fcf42d2e460296f1a34b402e990d1b24f8b596
2026-09-10T19:20:25.3859550Z with:
2026-09-10T19:20:25.3859747Z   auto-config: false
2026-09-10T19:20:25.3859958Z   build: false
2026-09-10T19:20:25.3860147Z   test: false
2026-09-10T19:20:25.3860336Z   lint: false
2026-09-10T19:20:25.3860530Z   use-mathlib-cache: false
2026-09-10T19:20:25.3860769Z   use-github-cache: false
2026-09-10T19:20:25.3860997Z   mk_all-check: false
2026-09-10T19:20:25.3861226Z   check-reservoir-eligibility: false
2026-09-10T19:20:25.3861491Z   leanchecker: false
2026-09-10T19:20:25.3861699Z   lean4checker: false
2026-09-10T19:20:25.3861902Z   nanoda: false
2026-09-10T19:20:25.3862108Z   nanoda-allow-sorry: true
2026-09-10T19:20:25.3862350Z   axiom-audit: false
2026-09-10T19:20:25.3862631Z   axiom-audit-allow: propext,Classical.choice,Quot.sound
2026-09-10T19:20:25.3862977Z   lake-package-directory: .
2026-09-10T19:20:25.3863236Z   reinstall-transient-toolchain: false
2026-09-10T19:20:25.3863525Z env:
2026-09-10T19:20:25.3863826Z   B699_RUN: research/tasks/B699-Binomial/runs/20260911-low-index-lean-513dc7cc
2026-09-10T19:20:25.3864240Z   B699_RAW: .tools/20260911-low-index-lean-513dc7cc
2026-09-10T19:20:25.3864520Z ##[endgroup]
2026-09-10T19:20:25.3927968Z ##[start-action display=install elan;id=__leanprover_lean-action.__run]
2026-09-10T19:20:25.3952078Z ##[group]Run : Install Elan
2026-09-10T19:20:25.3952360Z [36;1m: Install Elan[0m
2026-09-10T19:20:25.3952641Z [36;1m${GITHUB_ACTION_PATH}/scripts/install_elan.sh[0m
2026-09-10T19:20:25.3989638Z shell: /usr/bin/bash --noprofile --norc -e -o pipefail {0}
2026-09-10T19:20:25.3989978Z env:
2026-09-10T19:20:25.3990296Z   B699_RUN: research/tasks/B699-Binomial/runs/20260911-low-index-lean-513dc7cc
2026-09-10T19:20:25.3990909Z   B699_RAW: .tools/20260911-low-index-lean-513dc7cc
2026-09-10T19:20:25.3991196Z ##[endgroup]
2026-09-10T19:20:25.4084874Z ##[group]Elan Installation Output
2026-09-10T19:20:25.4950517Z info: downloading installer
2026-09-10T19:20:27.4737994Z info: downloading https://releases.lean-lang.org/lean4/v4.33.1/lean-4.33.1-linux.tar.zst
2026-09-10T19:20:32.9118057Z info: installing /home/runner/.elan/toolchains/leanprover--lean4---v4.33.1
2026-09-10T19:20:43.9168451Z Lean (version 4.33.1, x86_64-unknown-linux-gnu, commit 819816b2e0a3bf405af45ae5c7af2491d8f5bee6, Release)
2026-09-10T19:20:43.9767668Z Lake version 5.0.0-src+819816b (Lean version 4.33.1)
2026-09-10T19:20:43.9823541Z ##[endgroup]
2026-09-10T19:20:43.9823985Z 
2026-09-10T19:20:43.9845726Z ##[end-action id=__leanprover_lean-action.__run;outcome=success;conclusion=success;duration_ms=18591]
2026-09-10T19:20:43.9852635Z ##[start-action display=configure `lean-action`;id=__leanprover_lean-action.config]
2026-09-10T19:20:43.9871094Z ##[group]Run : Configure Lean Action
2026-09-10T19:20:43.9871404Z [36;1m: Configure Lean Action[0m
2026-09-10T19:20:43.9871702Z [36;1m${GITHUB_ACTION_PATH}/scripts/config.sh[0m
2026-09-10T19:20:43.9909459Z shell: /usr/bin/bash --noprofile --norc -e -o pipefail {0}
2026-09-10T19:20:43.9909805Z env:
2026-09-10T19:20:43.9910135Z   B699_RUN: research/tasks/B699-Binomial/runs/20260911-low-index-lean-513dc7cc
2026-09-10T19:20:43.9910570Z   B699_RAW: .tools/20260911-low-index-lean-513dc7cc
2026-09-10T19:20:43.9910871Z   AUTO_CONFIG: false
2026-09-10T19:20:43.9911090Z   BUILD: false
2026-09-10T19:20:43.9911285Z   TEST: false
2026-09-10T19:20:43.9911469Z   LINT: false
2026-09-10T19:20:43.9911651Z ##[endgroup]
2026-09-10T19:20:44.0132274Z ##[group]Configure lean-action
2026-09-10T19:20:44.0184812Z ##[end-action id=__leanprover_lean-action.config;outcome=success;conclusion=success;duration_ms=33]
2026-09-10T19:20:44.0189924Z ##[start-action display=reinstall transient toolchain;id=__leanprover_lean-action.__run_2]
2026-09-10T19:20:44.0207954Z ##[end-action id=__leanprover_lean-action.__run_2;outcome=skipped;conclusion=skipped;duration_ms=0]
2026-09-10T19:20:44.0210951Z ##[start-action display=ensure all files are imported;id=__leanprover_lean-action.mk_all]
2026-09-10T19:20:44.0214698Z ##[end-action id=__leanprover_lean-action.mk_all;outcome=skipped;conclusion=skipped;duration_ms=0]
2026-09-10T19:20:44.0217217Z ##[start-action display=Run actions/cache/restore@v5;id=__leanprover_lean-action.__actions_cache]
2026-09-10T19:20:44.0220764Z ##[end-action id=__leanprover_lean-action.__actions_cache;outcome=skipped;conclusion=skipped;duration_ms=0]
2026-09-10T19:20:44.0222606Z ##[start-action display=detect mathlib;id=__leanprover_lean-action.detect-mathlib]
2026-09-10T19:20:44.0225980Z ##[end-action id=__leanprover_lean-action.detect-mathlib;outcome=skipped;conclusion=skipped;duration_ms=0]
2026-09-10T19:20:44.0228261Z ##[start-action display=get mathlib cache;id=__leanprover_lean-action.__run_3]
2026-09-10T19:20:44.0250859Z ##[end-action id=__leanprover_lean-action.__run_3;outcome=skipped;conclusion=skipped;duration_ms=0]
2026-09-10T19:20:44.0263121Z ##[start-action display=build HuanHuanHuanFFF/lean-math-lab;id=__leanprover_lean-action.build]
2026-09-10T19:20:44.0267714Z ##[end-action id=__leanprover_lean-action.build;outcome=skipped;conclusion=skipped;duration_ms=0]
2026-09-10T19:20:44.0269650Z ##[start-action display=Run actions/cache/save@v5;id=__leanprover_lean-action.__actions_cache_2]
2026-09-10T19:20:44.0273019Z ##[end-action id=__leanprover_lean-action.__actions_cache_2;outcome=skipped;conclusion=skipped;duration_ms=0]
2026-09-10T19:20:44.0276403Z ##[start-action display=test HuanHuanHuanFFF/lean-math-lab;id=__leanprover_lean-action.test]
2026-09-10T19:20:44.0281086Z ##[end-action id=__leanprover_lean-action.test;outcome=skipped;conclusion=skipped;duration_ms=0]
2026-09-10T19:20:44.0283849Z ##[start-action display=lint HuanHuanHuanFFF/lean-math-lab;id=__leanprover_lean-action.lint]
2026-09-10T19:20:44.0288581Z ##[end-action id=__leanprover_lean-action.lint;outcome=skipped;conclusion=skipped;duration_ms=0]
2026-09-10T19:20:44.0290435Z ##[start-action display=check reservoir eligibility;id=__leanprover_lean-action.__run_4]
2026-09-10T19:20:44.0293794Z ##[end-action id=__leanprover_lean-action.__run_4;outcome=skipped;conclusion=skipped;duration_ms=0]
2026-09-10T19:20:44.0296460Z ##[start-action display=check environment with leanchecker;id=__leanprover_lean-action.__run_5]
2026-09-10T19:20:44.0301372Z ##[end-action id=__leanprover_lean-action.__run_5;outcome=skipped;conclusion=skipped;duration_ms=0]
2026-09-10T19:20:44.0303633Z ##[start-action display=check environment with nanoda;id=__leanprover_lean-action.nanoda]
2026-09-10T19:20:44.0307042Z ##[end-action id=__leanprover_lean-action.nanoda;outcome=skipped;conclusion=skipped;duration_ms=0]
2026-09-10T19:20:44.0309537Z ##[start-action display=audit axioms with axiom-audit;id=__leanprover_lean-action.axiom-audit]
2026-09-10T19:20:44.0312808Z ##[end-action id=__leanprover_lean-action.axiom-audit;outcome=skipped;conclusion=skipped;duration_ms=0]
2026-09-10T19:20:44.0364432Z ##[group]Run python3 "$B699_RUN/verification/runner/verify_environment.py" --repo . --mode cache
2026-09-10T19:20:44.0365222Z [36;1mpython3 "$B699_RUN/verification/runner/verify_environment.py" --repo . --mode cache[0m
2026-09-10T19:20:44.0403027Z shell: /usr/bin/bash -e {0}
2026-09-10T19:20:44.0403278Z env:
2026-09-10T19:20:44.0403601Z   B699_RUN: research/tasks/B699-Binomial/runs/20260911-low-index-lean-513dc7cc
2026-09-10T19:20:44.0404038Z   B699_RAW: .tools/20260911-low-index-lean-513dc7cc
2026-09-10T19:20:44.0404330Z ##[endgroup]
2026-09-10T19:20:44.2065232Z info: mathlib: cloning https://github.com/leanprover-community/mathlib4
2026-09-10T19:21:26.8947926Z info: mathlib: checking out revision '0df444a360eaa60ab8c11dca51a86af692955474'
2026-09-10T19:21:29.0635452Z info: plausible: cloning https://github.com/leanprover-community/plausible
2026-09-10T19:21:29.3828515Z info: plausible: checking out revision 'b7eb3304aeae834b12dda98993a37f6a41f6f0bb'
2026-09-10T19:21:29.3967959Z info: LeanSearchClient: cloning https://github.com/leanprover-community/LeanSearchClient
2026-09-10T19:21:29.7488052Z info: LeanSearchClient: checking out revision '5f4d51b81cbd3f6b32b156bfad9056621a040404'
2026-09-10T19:21:29.7595798Z info: importGraph: cloning https://github.com/leanprover-community/import-graph
2026-09-10T19:21:30.1457984Z info: importGraph: checking out revision '16f02aa7642864af59f1ff0e384a015994db9118'
2026-09-10T19:21:30.1605784Z info: proofwidgets: cloning https://github.com/leanprover-community/ProofWidgets4
2026-09-10T19:21:30.7247236Z info: proofwidgets: checking out revision '4be2e3d5087eeb272cf5a8853b8f9dd025ef5957'
2026-09-10T19:21:31.3948742Z info: aesop: cloning https://github.com/leanprover-community/aesop
2026-09-10T19:21:32.0795409Z info: aesop: checking out revision '3448c0bcc5ce01b2d1546e483ec3620e32df3d0e'
2026-09-10T19:21:32.0983453Z info: Qq: cloning https://github.com/leanprover-community/quote4
2026-09-10T19:21:32.4765242Z info: Qq: checking out revision '92c15be17b7caf78c2ad767ec40f89052d908d81'
2026-09-10T19:21:32.4893196Z info: batteries: cloning https://github.com/leanprover-community/batteries
2026-09-10T19:21:35.4100973Z info: batteries: checking out revision '4488d40d070b9700d4d5a6aa342f0d40c31b2a2d'
2026-09-10T19:21:35.4361692Z info: Cli: cloning https://github.com/leanprover/lean4-cli
2026-09-10T19:21:35.7647224Z info: Cli: checking out revision '6130a47896ce867c6a4a55373441e59e565bad0f'
2026-09-10T19:21:36.6808123Z ✔ [2/6] Built Cache.Cli (340ms)
2026-09-10T19:21:37.2827911Z ✔ [5/12] Built Cache.Lean (569ms)
2026-09-10T19:21:37.8831279Z ✔ [7/27] Built Cache.Infra (637ms)
2026-09-10T19:21:38.0834098Z ✔ [8/27] Built Cache.Cli:c.o (215ms)
2026-09-10T19:21:38.3839010Z ✔ [9/27] Built Batteries.Tactic.OpenPrivate (1.5s)
2026-09-10T19:21:38.3848078Z ✔ [10/27] Built Cache.Lean:c.o (240ms)
2026-09-10T19:21:38.6859265Z ✔ [11/27] Built Cache.Infra:c.o (367ms)
2026-09-10T19:21:40.4886127Z ✔ [12/27] Built Batteries.Tactic.OpenPrivate:c.o (2.1s)
2026-09-10T19:21:40.9918011Z ✔ [13/27] Built Cache.IO (2.3s)
2026-09-10T19:21:42.3990033Z ✔ [14/27] Built Cache.Hashing (1.4s)
2026-09-10T19:21:43.1997505Z ✔ [15/27] Built Cache.Hashing:c.o (727ms)
2026-09-10T19:21:43.5999867Z ✔ [16/27] Built Cache.IO:c.o (2.6s)
2026-09-10T19:21:45.6038153Z ✔ [17/27] Built Cache.Requests (2.5s)
2026-09-10T19:21:46.6055753Z ✔ [18/27] Built Cache.Marker (948ms)
2026-09-10T19:21:46.8058265Z ✔ [19/27] Built Cache.Marker:c.o (216ms)
2026-09-10T19:21:48.0288957Z ✔ [20/27] Built Cache.Query (1.2s)
2026-09-10T19:21:48.5292743Z ✔ [21/27] Built Cache.Query:c.o (528ms)
2026-09-10T19:21:49.6298457Z ✔ [22/27] Built Cache.Warning (1.1s)
2026-09-10T19:21:50.1501645Z ✔ [23/27] Built Cache.Warning:c.o (446ms)
2026-09-10T19:21:50.5110911Z ✔ [24/27] Built Cache.Requests:c.o (4.9s)
2026-09-10T19:21:51.4120707Z ✔ [25/27] Built Cache.Main (1.3s)
2026-09-10T19:21:52.4134354Z ✔ [26/27] Built Cache.Main:c.o (989ms)
2026-09-10T19:21:53.3171077Z ✔ [27/27] Built cache:exe (937ms)
2026-09-10T19:21:56.1844370Z Current branch: HEAD
2026-09-10T19:21:56.1845579Z Using cache from origin: (some leanprover-community/mathlib4)
2026-09-10T19:21:56.1847434Z Attempting to download 1169 file(s) from leanprover-community/mathlib4 cache at https://lakecache.blob.core.windows.net/mathlib4-master
2026-09-10T19:21:57.4337318Z 
2026-09-10T19:21:57.5338400Z Downloaded: 1 file(s) [attempted 1/1169 = 0%, 29 KB/s], Decompressed: 0
2026-09-10T19:21:57.6359306Z Downloaded: 57 file(s) [attempted 57/1169 = 4%, 1277 KB/s], Decompressed: 9
2026-09-10T19:21:57.7442271Z Downloaded: 136 file(s) [attempted 136/1169 = 11%, 1611 KB/s], Decompressed: 9
2026-09-10T19:21:57.8448004Z Downloaded: 220 file(s) [attempted 220/1169 = 18%, 700 KB/s], Decompressed: 35
2026-09-10T19:21:57.9512079Z Downloaded: 307 file(s) [attempted 307/1169 = 26%, 666 KB/s], Decompressed: 35
2026-09-10T19:21:58.0538075Z Downloaded: 381 file(s) [attempted 381/1169 = 32%, 1439 KB/s], Decompressed: 35
2026-09-10T19:21:58.1539302Z Downloaded: 474 file(s) [attempted 474/1169 = 40%, 2665 KB/s], Decompressed: 35
2026-09-10T19:21:58.2578243Z Downloaded: 569 file(s) [attempted 569/1169 = 48%, 258 KB/s], Decompressed: 35
2026-09-10T19:21:58.3694780Z Downloaded: 628 file(s) [attempted 628/1169 = 53%, 3635 KB/s], Decompressed: 35
2026-09-10T19:21:58.4703484Z Downloaded: 723 file(s) [attempted 723/1169 = 61%, 407 KB/s], Decompressed: 35
2026-09-10T19:21:58.5837969Z Downloaded: 812 file(s) [attempted 812/1169 = 69%, 2310 KB/s], Decompressed: 147
2026-09-10T19:21:58.7152777Z Downloaded: 872 file(s) [attempted 872/1169 = 74%, 4778 KB/s], Decompressed: 147
2026-09-10T19:21:58.8617922Z Downloaded: 970 file(s) [attempted 970/1169 = 82%, 3096 KB/s], Decompressed: 147
2026-09-10T19:21:58.9680585Z Downloaded: 1063 file(s) [attempted 1063/1169 = 90%, 434 KB/s], Decompressed: 147
2026-09-10T19:21:59.0747264Z Downloaded: 1161 file(s) [attempted 1161/1169 = 99%, 126 KB/s], Decompressed: 147
2026-09-10T19:21:59.0801308Z Downloaded: 1168 file(s) [attempted 1168/1169 = 99%, 130 KB/s], Decompressed: 147
2026-09-10T19:21:59.0807761Z Downloaded: 1169 file(s) [attempted 1169/1169 = 100%, 130 KB/s], Decompressed: 147
2026-09-10T19:22:04.6240374Z Decompressed 1169 file(s)
2026-09-10T19:22:04.6241286Z Already decompressed 1169 file(s)
2026-09-10T19:22:04.6822016Z {"source_files_matched": 21, "manifest_matched": true, "lean_compiled": false}
2026-09-10T19:22:04.6823116Z memory.max unavailable
2026-09-10T19:22:04.6824027Z memory.current unavailable
2026-09-10T19:22:04.6824736Z cpu.max unavailable
2026-09-10T19:22:04.6825731Z disk usage(total=76887154688, used=66159894528, free=10710482944)
2026-09-10T19:22:04.6826972Z     PID    PPID   RSS COMMAND
2026-09-10T19:22:04.6827904Z    1838    1835 147456 provjobd2109481
2026-09-10T19:22:04.6828527Z    1890    1869 134100 Runner.Worker
2026-09-10T19:22:04.6829418Z    1869    1821 94104 Runner.Listener
2026-09-10T19:22:04.6830066Z    1106       1 72408 dockerd
2026-09-10T19:22:04.6830935Z     762       1 51708 php-fpm8.3
2026-09-10T19:22:04.6832149Z     202       1 43712 multipathd
2026-09-10T19:22:04.6833119Z     874       1 42276 containerd
2026-09-10T19:22:04.6833859Z    1140     793 38024 python3
2026-09-10T19:22:04.6834782Z     793       1 30792 python3
2026-09-10T19:22:04.6835442Z     958     762 21404 php-fpm8.3
2026-09-10T19:22:04.6836388Z     972     762 21404 php-fpm8.3
2026-09-10T19:22:04.6837383Z     760       1 20956 networkd-dispat
2026-09-10T19:22:04.6838394Z    2095    2094 17672 python3
2026-09-10T19:22:04.6839129Z    1821       1 17044 hosted-compute-
2026-09-10T19:22:04.6840045Z     141       1 16280 systemd-journal
2026-09-10T19:22:04.6840795Z       1       0 14396 systemd
2026-09-10T19:22:04.6841771Z     792       1 13732 udisksd
2026-09-10T19:22:04.6842555Z     458       1 13252 systemd-resolve
2026-09-10T19:22:04.6843550Z     946       1 12836 ModemManager
2026-09-10T19:22:04.6844215Z    1041       1 11644 systemd
2026-09-10T19:22:04.6845159Z     790       1  9764 systemd-logind
2026-09-10T19:22:04.6845940Z     694       1  9732 systemd-network
2026-09-10T19:22:04.6847947Z     767       1  8120 polkitd
2026-09-10T19:22:04.6848841Z     209       1  7976 systemd-udevd
2026-09-10T19:22:04.6849837Z    1835    1821  7076 sudo
2026-09-10T19:22:04.6850467Z     907       1  6228 rsyslogd
2026-09-10T19:22:04.6851351Z     755       1  5564 dbus-daemon
2026-09-10T19:22:04.6852104Z     557       1  5036 haveged
2026-09-10T19:22:04.6853046Z    2096    2095  4212 ps
2026-09-10T19:22:04.6853808Z     884       1  3660 chronyd
2026-09-10T19:22:04.6854743Z    1045    1041  3576 (sd-pam)
2026-09-10T19:22:04.6855394Z    2094    1890  3508 bash
2026-09-10T19:22:04.6856376Z     346       1  2908 hv_kvp_daemon
2026-09-10T19:22:04.6882284Z     839       1  2756 cron
2026-09-10T19:22:04.6882960Z     903       1  2160 agetty
2026-09-10T19:22:04.6883924Z     955       1  2044 agetty
2026-09-10T19:22:04.6884574Z     893     884  1284 chronyd
2026-09-10T19:22:04.6885445Z       2       0     0 kthreadd
2026-09-10T19:22:04.6886123Z       3       2     0 pool_workqueue_release
2026-09-10T19:22:04.6887479Z       4       2     0 kworker/R-rcu_gp
2026-09-10T19:22:04.6889548Z       5       2     0 kworker/R-sync_wq
2026-09-10T19:22:04.6890220Z       6       2     0 kworker/R-kvfree_rcu_reclaim
2026-09-10T19:22:04.6891199Z       7       2     0 kworker/R-slub_flushwq
2026-09-10T19:22:04.6891849Z       8       2 
2026-09-10T19:22:04.7020661Z Node 20 is being deprecated. This workflow is running with Node 24 by default. If you need to temporarily use Node 20, you can set the ACTIONS_ALLOW_USE_UNSECURE_NODE_VERSION=true environment variable. For more information see: https://github.blog/changelog/2025-09-19-deprecation-of-node-20-on-github-actions-runners/
2026-09-10T19:22:04.7023897Z ##[group]Run actions/download-artifact@d3f86a106a0bac45b974a628896c90dbdf5c8093
2026-09-10T19:22:04.7024606Z with:
2026-09-10T19:22:04.7024960Z   name: b699-shared-acceptance
2026-09-10T19:22:04.7025491Z   path: .tools/20260911-low-index-lean-513dc7cc/download
2026-09-10T19:22:04.7026077Z   merge-multiple: false
2026-09-10T19:22:04.7026518Z   repository: HuanHuanHuanFFF/lean-math-lab
2026-09-10T19:22:04.7027255Z   run-id: 34519132194
2026-09-10T19:22:04.7027615Z env:
2026-09-10T19:22:04.7028158Z   B699_RUN: research/tasks/B699-Binomial/runs/20260911-low-index-lean-513dc7cc
2026-09-10T19:22:04.7028952Z   B699_RAW: .tools/20260911-low-index-lean-513dc7cc
2026-09-10T19:22:04.7029474Z ##[endgroup]
2026-09-10T19:22:05.0495209Z Downloading single artifact
2026-09-10T19:22:05.0756231Z (node:2452) [DEP0040] DeprecationWarning: The `punycode` module is deprecated. Please use a userland alternative instead.
2026-09-10T19:22:05.0760169Z (Use `node --trace-deprecation ...` to show where the warning was created)
2026-09-10T19:22:05.3397678Z Preparing to download the following artifacts:
2026-09-10T19:22:05.3399823Z - b699-shared-acceptance (ID: 10169140098, Size: 3219403, Expected Digest: sha256:f6aa2be26c7d9f335e6bc073635057738aef1cb55a8c7988dc09cdf3511640f0)
2026-09-10T19:22:05.5950846Z Redirecting to blob download url: https://productionresultssa1.blob.core.windows.net/actions-results/f085828e-b11d-49f4-a054-d7a1f4fc56dd/workflow-job-run-721ae63e-1d35-5d7d-9ce3-6db3a2473f47/artifacts/1af9c6cbb3ba709936f163a1f87adff2262c76af2b534c48e1ae8492468f8c87.zip
2026-09-10T19:22:05.5961808Z Starting download of artifact to: /home/runner/work/lean-math-lab/lean-math-lab/.tools/20260911-low-index-lean-513dc7cc/download
2026-09-10T19:22:05.9109247Z (node:2452) [DEP0005] DeprecationWarning: Buffer() is deprecated due to security and usability issues. Please use the Buffer.alloc(), Buffer.allocUnsafe(), or Buffer.from() methods instead.
2026-09-10T19:22:06.7804150Z SHA256 digest of downloaded artifact is f6aa2be26c7d9f335e6bc073635057738aef1cb55a8c7988dc09cdf3511640f0
2026-09-10T19:22:06.7805612Z Artifact download completed successfully.
2026-09-10T19:22:06.7806478Z Total of 1 artifact(s) downloaded
2026-09-10T19:22:06.7824820Z Download artifact has finished successfully
2026-09-10T19:22:06.7941296Z ##[group]Run python3 "$B699_RUN/verification/runner/cache_bundle.py" import --archive "$B699_RAW/download/shared.zip"
2026-09-10T19:22:06.7942179Z [36;1mpython3 "$B699_RUN/verification/runner/cache_bundle.py" import --archive "$B699_RAW/download/shared.zip"[0m
2026-09-10T19:22:06.7943069Z [36;1mpython3 "$B699_RUN/verification/runner/compile_row.py" --plan "$B699_RUN/verification/plans/row-35-f5b18ab9849c4e9105777084e655d40ed9a96f13.json"[0m
2026-09-10T19:22:06.8037354Z shell: /usr/bin/bash -e {0}
2026-09-10T19:22:06.8037617Z env:
2026-09-10T19:22:06.8037949Z   B699_RUN: research/tasks/B699-Binomial/runs/20260911-low-index-lean-513dc7cc
2026-09-10T19:22:06.8038400Z   B699_RAW: .tools/20260911-low-index-lean-513dc7cc
2026-09-10T19:22:06.8038715Z ##[endgroup]
2026-09-10T19:22:06.9173824Z B699_CACHE_READY research/tasks/B699-Binomial/runs/20260911-low-index-lean-513dc7cc/verification/20260910T191537427647Z/evidence.json
2026-09-10T19:22:06.9758640Z B699_ROW_START {"i": 35, "resources": {"disk": [76887154688, 68216307712, 8654069760], "cpu_count": 2, "meminfo": ["MemTotal:        8128880 kB", "MemAvailable:    7136612 kB"], "memory.max": null, "memory.current": null, "cpu.max": null, "processes": "    PID    PPID   RSS COMMAND\n   1890    1869 139472 Runner.Worker\n   1838    1835 138968 provjobd2109481\n   1869    1821 95776 Runner.Listener\n   1106       1 69076 dockerd\n    762       1 51676 php-fpm8.3\n    874       1 44320 containerd\n    202       1 43712 multipathd\n   1140     793 38016 python3\n    793       1 30728 python3\n    958     762 21404 php-fpm8.3\n    972     762 21404 php-fpm8.3\n    760       1 20812 networkd-dispat\n   2467    2465 18948 python3\n   1821       1 17196 hosted-compute-\n    141       1 16284 systemd-journal\n      1       0 14380 systemd\n    792       1 13676 udisksd\n    458       1 13260 systemd-resolve\n    946       1 12836 ModemManager\n   1041       1 11628 systemd\n    790       1  9764 systemd-logind\n    694       1  9732 systemd-network\n    767       1  8120 polkitd\n    209       1  7976 systemd-udevd\n   1835    1821  7076 sudo\n    907       1  6228 rsyslogd\n    755       1  5564 dbus-daemon\n    557       1  5036 haveged\n   2468    2467  4200 ps\n    884       1  3660 chronyd\n   1045    1041  3576 (sd-pam)\n   2465    1890  3520 bash\n    346       1  2908 hv_kvp_daemon\n    839       1  2756 cron\n    903       1  2160 agetty\n    955       1  2044 agetty\n    893     884  1284 chronyd\n      2       0     0 kthreadd\n      3       2     0 pool_workqueue_release\n      4       2     0 kworker/R-rcu_gp\n      5       2     0 kworker/R-sync_wq\n      6       2     0 kworker/R-kvfree_rcu_reclaim\n      7       2     0 kworker/R-slub_flushwq\n      8       2     0 kworker/R-netns\n      9       2     0 kworker/0:0-cgroup_free\n     10       2     0 kworker/0:0H-events_highpri\n     11       2     0 kworker/0:1-cgroup_free\n     12       2     0 kworker/u8:0-ext4-rsv-conversion\n     13       2     0 kworker/R-mm_percpu_wq\n     14       2     0 ksoftirqd/0\n  "}, "command": ["/usr/bin/python3", "research/tasks/B699-Binomial/runs/20260911-low-index-lean-513dc7cc/verification/runner/verify_incremental.py", "--repo", ".", "--root", "research/tasks/B699-Binomial/runs/20260911-low-index-lean-513dc7cc/lean/rows/Row035/Original.lean", "--reuse", "research/tasks/B699-Binomial/runs/20260911-low-index-lean-513dc7cc/verification/20260910T191537427647Z/evidence.json", "--memory-mb", "3072", "--timeout", "900"]}
2026-09-10T19:23:33.8499998Z wIndexLean513dc7cc.row035_good226_checked", "B699LowIndex.LowIndexLean513dc7cc.row035_good227_checked", "B699LowIndex.LowIndexLean513dc7cc.row035_good228_checked", "B699LowIndex.LowIndexLean513dc7cc.row035_good229_checked", "B699LowIndex.LowIndexLean513dc7cc.row035_good230_checked", "B699LowIndex.LowIndexLean513dc7cc.row035_good231_checked", "B699LowIndex.LowIndexLean513dc7cc.row035_good232_checked", "B699LowIndex.LowIndexLean513dc7cc.row035_good233_checked", "B699LowIndex.LowIndexLean513dc7cc.row035_good234_checked", "B699LowIndex.LowIndexLean513dc7cc.row035_good235_checked", "B699LowIndex.LowIndexLean513dc7cc.row035_good236_checked", "B699LowIndex.LowIndexLean513dc7cc.row035_good237_checked", "B699LowIndex.LowIndexLean513dc7cc.row035_good238_checked", "B699LowIndex.LowIndexLean513dc7cc.row035_good239_checked"], "guarded_print_axioms": 0, "guarded_names": [], "actual_printed": 16, "guard_msgs_in_source": 0, "printed": [{"declared_name": "B699LowIndex.LowIndexLean513dc7cc.row035_good224_checked", "axioms": ["propext", "Classical.choice", "Quot.sound"]}, {"declared_name": "B699LowIndex.LowIndexLean513dc7cc.row035_good225_checked", "axioms": ["propext", "Classical.choice", "Quot.sound"]}, {"declared_name": "B699LowIndex.LowIndexLean513dc7cc.row035_good226_checked", "axioms": ["propext", "Classical.choice", "Quot.sound"]}, {"declared_name": "B699LowIndex.LowIndexLean513dc7cc.row035_good227_checked", "axioms": ["propext", "Classical.choice", "Quot.sound"]}, {"declared_name": "B699LowIndex.LowIndexLean513dc7cc.row035_good228_checked", "axioms": ["propext", "Classical.choice", "Quot.sound"]}, {"declared_name": "B699LowIndex.LowIndexLean513dc7cc.row035_good229_checked", "axioms": ["propext", "Classical.choice", "Quot.sound"]}, {"declared_name": "B699LowIndex.LowIndexLean513dc7cc.row035_good230_checked", "axioms": ["propext", "Classical.choice", "Quot.sound"]}, {"declared_name": "B699LowIndex.LowIndexLean513dc7cc.row035_good231_checked", "axioms": ["propext", "Classical.choice", "Quot.sound"]}, {"declared_name": "B699LowIndex.LowIndexLean513dc7cc.row035_good232_checked", "axioms": ["propext", "Classical.choice", "Quot.sound"]}, {"declared_name": "B699LowIndex.LowIndexLean513dc7cc.row035_good233_checked", "axioms": ["propext", "Classical.choice", "Quot.sound"]}, {"declared_name": "B699LowIndex.LowIndexLean513dc7cc.row035_good234_checked", "axioms": ["propext", "Classical.choice", "Quot.sound"]}, {"declared_name": "B699LowIndex.LowIndexLean513dc7cc.row035_good235_checked", "axioms": ["propext", "Classical.choice", "Quot.sound"]}, {"declared_name": "B699LowIndex.LowIndexLean513dc7cc.row035_good236_checked", "axioms": ["propext", "Classical.choice", "Quot.sound"]}, {"declared_name": "B699LowIndex.LowIndexLean513dc7cc.row035_good237_checked", "axioms": ["propext", "Classical.choice", "Quot.sound"]}, {"declared_name": "B699LowIndex.LowIndexLean513dc7cc.row035_good238_checked", "axioms": ["propext", "Classical.choice", "Quot.sound"]}, {"declared_name": "B699LowIndex.LowIndexLean513dc7cc.row035_good239_checked", "axioms": ["propext", "Classical.choice", "Quot.sound"]}], "unexpected_axioms": [], "guarded_output_inferred": false}}
2026-09-10T19:23:33.8538981Z RESOURCE {"source": "research/tasks/B699-Binomial/runs/20260911-low-index-lean-513dc7cc/lean/rows/Row035/Goods240.lean", "cpu_count": 2, "disk": [76887154688, 68228636672, 8641740800], "meminfo": ["MemTotal:        8128880 kB", "MemAvailable:    7131356 kB"], "memory.max": null, "memory.current": null, "cpu.max": null}
2026-09-10T19:23:33.8551988Z COMPILE {"source": "research/tasks/B699-Binomial/runs/20260911-low-index-lean-513dc7cc/lean/rows/Row035/Goods240.lean", "seconds": 1.584, "exit_code": 0, "failure": null, "axiom_audit": {"declared_print_axioms": 7, "declared_names": ["B699LowIndex.LowIndexLean513dc7cc.row035_good240_checked", "B699LowIndex.LowIndexLean513dc7cc.row035_good241_checked", "B699LowIndex.LowIndexLean513dc7cc.row035_good242_checked", "B699LowIndex.LowIndexLean513dc7cc.row035_good243_checked", "B699LowIndex.LowIndexLean513dc7cc.row035_good244_checked", "B699LowIndex.LowIndexLean513dc7cc.row035_good245_checked", "B699LowIndex.LowIndexLean513dc7cc.row035_good246_checked"], "guarded_print_axioms": 0, "guarded_names": [], "actual_printed": 7, "guard_msgs_in_source": 0, "printed": [{"declared_name": "B699LowIndex.LowIndexLean513dc7cc.row035_good240_checked", "axioms": ["propext", "Classical.choice", "Quot.sound"]}, {"declared_name": "B699LowIndex.LowIndexLean513dc7cc.row035_good241_checked", "axioms": ["propext", "Classical.choice", "Quot.sound"]}, {"declared_name": "B699LowIndex.LowIndexLean513dc7cc.row035_good242_checked", "axioms": ["propext", "Classical.choice", "Quot.sound"]}, {"declared_name": "B699LowIndex.LowIndexLean513dc7cc.row035_good243_checked", "axioms": ["propext", "Classical.choice", "Quot.sound"]}, {"declared_name": "B699LowIndex.LowIndexLean513dc7cc.row035_good244_checked", "axioms": ["propext", "Classical.choice", "Quot.sound"]}, {"declared_name": "B699LowIndex.LowIndexLean513dc7cc.row035_good245_checked", "axioms": ["propext", "Classical.choice", "Quot.sound"]}, {"declared_name": "B699LowIndex.LowIndexLean513dc7cc.row035_good246_checked", "axioms": ["propext", "Classical.choice", "Quot.sound"]}], "unexpected_axioms": [], "guarded_output_inferred": false}}
2026-09-10T19:23:33.8575054Z RESOURCE {"source": "research/tasks/B699-Binomial/runs/20260911-low-index-lean-513dc7cc/lean/rows/Row035/GoodsChecked.lean", "cpu_count": 2, "disk": [76887154688, 68228681728, 8641695744], "meminfo": ["MemTotal:        8128880 kB", "MemAvailable:    7130616 kB"], "memory.max": null, "memory.current": null, "cpu.max": null}
2026-09-10T19:23:33.8580644Z COMPILE {"source": "research/tasks/B699-Binomial/runs/20260911-low-index-lean-513dc7cc/lean/rows/Row035/GoodsChecked.lean", "seconds": 1.405, "exit_code": 0, "failure": null, "axiom_audit": {"declared_print_axioms": 1, "declared_names": ["B699LowIndex.LowIndexLean513dc7cc.row035_goods_checked"], "guarded_print_axioms": 0, "guarded_names": [], "actual_printed": 1, "guard_msgs_in_source": 0, "printed": [{"declared_name": "B699LowIndex.LowIndexLean513dc7cc.row035_goods_checked", "axioms": ["propext", "Classical.choice", "Quot.sound"]}], "unexpected_axioms": [], "guarded_output_inferred": false}}
2026-09-10T19:23:33.8585866Z RESOURCE {"source": "research/tasks/B699-Binomial/runs/20260911-low-index-lean-513dc7cc/lean/rows/Row035/Geometry.lean", "cpu_count": 2, "disk": [76887154688, 68229079040, 8641298432], "meminfo": ["MemTotal:        8128880 kB", "MemAvailable:    7126724 kB"], "memory.max": null, "memory.current": null, "cpu.max": null}
2026-09-10T19:23:33.8591068Z COMPILE {"source": "research/tasks/B699-Binomial/runs/20260911-low-index-lean-513dc7cc/lean/rows/Row035/Geometry.lean", "seconds": 1.603, "exit_code": 0, "failure": null, "axiom_audit": {"declared_print_axioms": 1, "declared_names": ["B699LowIndex.LowIndexLean513dc7cc.row035_bounds_eq"], "guarded_print_axioms": 0, "guarded_names": [], "actual_printed": 1, "guard_msgs_in_source": 0, "printed": [{"declared_name": "B699LowIndex.LowIndexLean513dc7cc.row035_bounds_eq", "axioms": []}], "unexpected_axioms": [], "guarded_output_inferred": false}}
2026-09-10T19:23:33.8596044Z RESOURCE {"source": "research/tasks/B699-Binomial/runs/20260911-low-index-lean-513dc7cc/lean/rows/Row035/Layers000.lean", "cpu_count": 2, "disk": [76887154688, 68229959680, 8640417792], "meminfo": ["MemTotal:        8128880 kB", "MemAvailable:    7069616 kB"], "memory.max": null, "memory.current": null, "cpu.max": null}
2026-09-10T19:23:33.8621922Z COMPILE {"source": "research/tasks/B699-Binomial/runs/20260911-low-index-lean-513dc7cc/lean/rows/Row035/Layers000.lean", "seconds": 53.738, "exit_code": -6, "failure": "Lean exit -6; #print axioms output count mismatch for unguarded declarations: source=48 actual=0", "axiom_audit": {"declared_print_axioms": 48, "declared_names": ["B699LowIndex.LowIndexLean513dc7cc.row035_layer000_arithmetic", "B699LowIndex.LowIndexLean513dc7cc.row035_layer000_enumeration", "B699LowIndex.LowIndexLean513dc7cc.row035_layer000_pairs000", "B699LowIndex.LowIndexLean513dc7cc.row035_layer000_pairs001", "B699LowIndex.LowIndexLean513dc7cc.row035_layer000_pairs002", "B699LowIndex.LowIndexLean513dc7cc.row035_layer000_pairs003", "B699LowIndex.LowIndexLean513dc7cc.row035_layer000_pairs004", "B699LowIndex.LowIndexLean513dc7cc.row035_layer000_pairs005", "B699LowIndex.LowIndexLean513dc7cc.row035_layer000_pairs006", "B699LowIndex.LowIndexLean513dc7cc.row035_layer000_pairs", "B699LowIndex.LowIndexLean513dc7cc.row035_layer000_checked", "B699LowIndex.LowIndexLean513dc7cc.row035_layer001_arithmetic", "B699LowIndex.LowIndexLean513dc7cc.row035_layer001_enumeration", "B699LowIndex.LowIndexLean513dc7cc.row035_layer001_pairs000", "B699LowIndex.LowIndexLean513dc7cc.row035_layer001_pairs001", "B699LowIndex.LowIndexLean513dc7cc.row035_layer001_pairs002", "B699LowIndex.LowIndexLean513dc7cc.row035_layer001_pairs003", "B699LowIndex.LowIndexLean513dc7cc.row035_layer001_pairs004", "B699LowIndex.LowIndexLean513dc7cc.row035_layer001_pairs005", "B699LowIndex.LowIndexLean513dc7cc.row035_layer001_pairs006", "B699LowIndex.LowIndexLean513dc7cc.row035_layer001_pairs007", "B699LowIndex.LowIndexLean513dc7cc.row035_layer001_pairs", "B699LowIndex.LowIndexLean513dc7cc.row035_layer001_checked", "B699LowIndex.LowIndexLean513dc7cc.row035_layer002_arithmetic", "B699LowIndex.LowIndexLean513dc7cc.row035_layer002_enumeration", "B699LowIndex.LowIndexLean513dc7cc.row035_layer002_pairs000", "B699LowIndex.LowIndexLean513dc7cc.row035_layer002_pairs001", "B699LowIndex.LowIndexLean513dc7cc.row035_layer002_pairs002", "B699LowIndex.LowIndexLean513dc7cc.row035_layer002_pairs003", "B699LowIndex.LowIndexLean513dc7cc.row035_layer002_pairs004", "B699LowIndex.LowIndexLean513dc7cc.row035_layer002_pairs005", "B699LowIndex.LowIndexLean513dc7cc.row035_layer002_pairs006", "B699LowIndex.LowIndexLean513dc7cc.row035_layer002_pairs007", "B699LowIndex.LowIndexLean513dc7cc.row035_layer002_pairs008", "B699LowIndex.LowIndexLean513dc7cc.row035_layer002_pairs", "B699LowIndex.LowIndexLean513dc7cc.row035_layer002_checked", "B699LowIndex.LowIndexLean513dc7cc.row035_layer003_arithmetic", "B699LowIndex.LowIndexLean513dc7cc.row035_layer003_enumeration", "B699LowIndex.LowIndexLean513dc7cc.row035_layer003_pairs000", "B699LowIndex.LowIndexLean513dc7cc.row035_layer003_pairs001", "B699LowIndex.LowIndexLean513dc7cc.row035_layer003_pairs002", "B699LowIndex.LowIndexLean513dc7cc.row035_layer003_pairs003", "B699LowIndex.LowIndexLean513dc7cc.row035_layer003_pairs004", "B699LowIndex.LowIndexLean513dc7cc.row035_layer003_pairs005", "B699LowIndex.LowIndexLean513dc7cc.row035_layer003_pairs006", "B699LowIndex.LowIndexLean513dc7cc.row035_layer003_pairs007", "B699LowIndex.LowIndexLean513dc7cc.row035_layer003_pairs", "B699LowIndex.LowIndexLean513dc7cc.row035_layer003_checked"], "guarded_print_axioms": 0, "guarded_names": [], "actual_printed": 0, "guard_msgs_in_source": 0, "printed": [], "unexpected_axioms": [], "guarded_output_inferred": false, "error": "#print axioms output count mismatch for unguarded declarations: source=48 actual=0"}}
2026-09-10T19:23:33.8647701Z # command: LEAN -j1 -M3072 -DautoImplicit=false -DrelaxedAutoImplicit=false --root=PROJECT_ROOT -o .tools/20260911-low-index-lean-513dc7cc/20260910T192207042879Z/olean/research/tasks/B699-Binomial/runs/20260911-low-index-lean-513dc7cc/lean/rows/Row035/Layers000.olean research/tasks/B699-Binomial/runs/20260911-low-index-lean-513dc7cc/lean/rows/Row035/Layers000.lean
2026-09-10T19:23:33.8650171Z # cwd: PROJECT_ROOT
2026-09-10T19:23:33.8650605Z # started_utc: 2026-09-10T19:22:40.019551Z
2026-09-10T19:23:33.8651115Z # finished_utc: 2026-09-10T19:23:33.757470Z
2026-09-10T19:23:33.8651863Z # exit_code: -6
2026-09-10T19:23:33.8652218Z # timed_out: False
2026-09-10T19:23:33.8697299Z libc++abi: terminating due to uncaught exception of type lean::memory_exception: excessive memory consumption detected at 'interpreter' (potential solution: increase memory consumption threshold)
2026-09-10T19:23:33.8698868Z 
2026-09-10T19:23:33.8699720Z EVIDENCE research/tasks/B699-Binomial/runs/20260911-low-index-lean-513dc7cc/verification/20260910T192207042879Z/evidence.json
2026-09-10T19:23:33.8702123Z RESULT {"success": false, "exit_code": 1, "compiled_count": 21, "reused_count": 24, "failure": "Compile failed: research.tasks.B699-Binomial.runs.20260911-low-index-lean-513dc7cc.lean.rows.Row035.Layers000"}
2026-09-10T19:23:33.8703830Z 
2026-09-10T19:23:33.8711597Z B699_ROW_RESULT {"i": 35, "success": false, "root": "research/tasks/B699-Binomial/runs/20260911-low-index-lean-513dc7cc/lean/rows/Row035/Original.lean", "evidence": "research/tasks/B699-Binomial/runs/20260911-low-index-lean-513dc7cc/verification/20260910T192207042879Z/evidence.json", "source_commit": "f5b18ab9849c4e9105777084e655d40ed9a96f13", "failure": "Compile failed: research.tasks.B699-Binomial.runs.20260911-low-index-lean-513dc7cc.lean.rows.Row035.Layers000", "axioms": []}
2026-09-10T19:23:35.1239009Z ##[error]Process completed with exit code 1.
2026-09-10T19:23:35.1320345Z ##[group]Run python3 "$B699_RUN/verification/runner/summarize_evidence.py"
2026-09-10T19:23:35.1320906Z [36;1mpython3 "$B699_RUN/verification/runner/summarize_evidence.py"[0m
2026-09-10T19:23:35.1420075Z shell: /usr/bin/bash -e {0}
2026-09-10T19:23:35.1420345Z env:
2026-09-10T19:23:35.1420683Z   B699_RUN: research/tasks/B699-Binomial/runs/20260911-low-index-lean-513dc7cc
2026-09-10T19:23:35.1421148Z   B699_RAW: .tools/20260911-low-index-lean-513dc7cc
2026-09-10T19:23:35.1421479Z ##[endgroup]
2026-09-10T19:23:35.1793811Z B699_EVIDENCE {"success": true, "exit_code": 0, "root_sources": ["research/tasks/B699-Binomial/runs/20260911-low-index-lean-513dc7cc/lean/SharedEnvironment.lean"], "manifest_sha256": "fdbefe6c9b737713c8b9c602643afa154f49dda4f48bfc4d2f64183fdea728a0", "toolchain": {"declared": "leanprover/lean4:v4.33.1", "observed": "Lean (version 4.33.1, x86_64-unknown-linux-gnu, commit 819816b2e0a3bf405af45ae5c7af2491d8f5bee6, Release)", "exit_code": 0}, "compiled_count": 24, "reused_count": 0, "failure": null, "evidence": "research/tasks/B699-Binomial/runs/20260911-low-index-lean-513dc7cc/verification/20260910T183230016817Z/evidence.json", "evidence_sha256": "56b0788a444f98d8c2b1cf203f8a064a4c5bbfa1210675ec67ddbdf0e138a9da", "pins": [{"name": "mathlib", "manifest_rev": "0df444a360eaa60ab8c11dca51a86af692955474", "observed_head": "0df444a360eaa60ab8c11dca51a86af692955474", "head_matches": true, "clean": true}, {"name": "plausible", "manifest_rev": "b7eb3304aeae834b12dda98993a37f6a41f6f0bb", "observed_head": "b7eb3304aeae834b12dda98993a37f6a41f6f0bb", "head_matches": true, "clean": true}, {"name": "LeanSearchClient", "manifest_rev": "5f4d51b81cbd3f6b32b156bfad9056621a040404", "observed_head": "5f4d51b81cbd3f6b32b156bfad9056621a040404", "head_matches": true, "clean": true}, {"name": "importGraph", "manifest_rev": "16f02aa7642864af59f1ff0e384a015994db9118", "observed_head": "16f02aa7642864af59f1ff0e384a015994db9118", "head_matches": true, "clean": true}, {"name": "proofwidgets", "manifest_rev": "4be2e3d5087eeb272cf5a8853b8f9dd025ef5957", "observed_head": "4be2e3d5087eeb272cf5a8853b8f9dd025ef5957", "head_matches": true, "clean": true}, {"name": "aesop", "manifest_rev": "3448c0bcc5ce01b2d1546e483ec3620e32df3d0e", "observed_head": "3448c0bcc5ce01b2d1546e483ec3620e32df3d0e", "head_matches": true, "clean": true}, {"name": "Qq", "manifest_rev": "92c15be17b7caf78c2ad767ec40f89052d908d81", "observed_head": "92c15be17b7caf78c2ad767ec40f89052d908d81", "head_matches": true, "clean": true}, {"name": "batteries", "manifest_rev": "4488d40d070b9700d4d5a6aa342f0d40c31b2a2d", "observed_head": "4488d40d070b9700d4d5a6aa342f0d40c31b2a2d", "head_matches": true, "clean": true}, {"name": "Cli", "manifest_rev": "6130a47896ce867c6a4a55373441e59e565bad0f", "observed_head": "6130a47896ce867c6a4a55373441e59e565bad0f", "head_matches": true, "clean": true}]}
2026-09-10T19:23:35.1814895Z B699_COMPILE {"source": "Math/B699/CofactorCriterion.lean", "source_sha256_before": "341180b428b6927e72bd7de10c0ca03b3f8d4eb4f778c1aa4a3aeea4f33b9d79", "source_sha256_after": "341180b428b6927e72bd7de10c0ca03b3f8d4eb4f778c1aa4a3aeea4f33b9d79", "output_sha256": "fabd97ac3a10c3da4b22c5279e6368e1489e22850e046a9d5626d5b35887125d", "seconds": 2.024, "exit_code": 0, "failure": null, "log": "research/tasks/B699-Binomial/runs/20260911-low-index-lean-513dc7cc/verification/20260910T183230016817Z/logs/compile-0001-Math_B699_CofactorCriterion.lean.log", "log_sha256": "dc0aeadd4b4d6c07e9345795a694674d83f42e9b30772ff877a819bdd2971754", "axiom_audit": {"declared_print_axioms": 0, "declared_names": [], "guarded_print_axioms": 0, "guarded_names": [], "actual_printed": 0, "guard_msgs_in_source": 0, "printed": [], "unexpected_axioms": [], "guarded_output_inferred": false}}
2026-09-10T19:23:35.1833701Z B699_COMPILE {"source": "research/tasks/B699-Binomial/runs/20260909-large-prime-structure-cb4764f0/lean/GapBridge.lean", "source_sha256_before": "0005d90a062359af36b95c0420440e4ff7c9b4187a6fc319884a286ae6209697", "source_sha256_after": "0005d90a062359af36b95c0420440e4ff7c9b4187a6fc319884a286ae6209697", "output_sha256": "b577c6c4bb96627e654decd78e138334a2b0366f121f0fed6c4e0c3ac66842a0", "seconds": 2.161, "exit_code": 0, "failure": null, "log": "research/tasks/B699-Binomial/runs/20260911-low-index-lean-513dc7cc/verification/20260910T183230016817Z/logs/compile-0002-research_tasks_B699-Binomial_runs_20260909-large-prime-structure-cb4764f0_lean_GapBridge.lean.log", "log_sha256": "72ce1e4a47c8b74fa03144334c4ac0313db337413a0bd507906f6dd27b3b4b58", "axiom_audit": {"declared_print_axioms": 6, "declared_names": ["B699LargePrimeStructure.common_of_mod_certificate", "B699LargePrimeStructure.gap_remainder_eq", "B699LargePrimeStructure.common_of_gap_power", "B699LargePrimeStructure.common_of_gap_prime", "B699LargePrimeStructure.common_of_top_prime", "B699LargePrimeStructure.common_small_index"], "guarded_print_axioms": 0, "guarded_names": [], "actual_printed": 6, "guard_msgs_in_source": 0, "printed": [{"declared_name": "B699LargePrimeStructure.common_of_mod_certificate", "axioms": ["propext", "Classical.choice", "Quot.sound"]}, {"declared_name": "B699LargePrimeStructure.gap_remainder_eq", "axioms": ["propext", "Quot.sound"]}, {"declared_name": "B699LargePrimeStructure.common_of_gap_power", "axioms": ["propext", "Classical.choice", "Quot.sound"]}, {"declared_name": "B699LargePrimeStructure.common_of_gap_prime", "axioms": ["propext", "Classical.choice", "Quot.sound"]}, {"declared_name": "B699LargePrimeStructure.common_of_top_prime", "axioms": ["propext", "Classical.choice", "Quot.sound"]}, {"declared_name": "B699LargePrimeStructure.common_small_index", "axioms": ["propext", "Classical.choice", "Quot.sound"]}], "unexpected_axioms": [], "guarded_output_inferred": false}}
2026-09-10T19:23:35.1856559Z B699_COMPILE {"source": "research/tasks/B699-Binomial/runs/20260908-external-reductions-b3c1b7/lean/DivisorTransfer.lean", "source_sha256_before": "0299face333237445eddd2c11acbf16c554d225028de7b509c8cfe603fc9996e", "source_sha256_after": "0299face333237445eddd2c11acbf16c554d225028de7b509c8cfe603fc9996e", "output_sha256": "59407e31a9b87dba994ce2cf9e9d01bad86bc34da6f5356caee0a6a3ca844388", "seconds": 1.186, "exit_code": 0, "failure": null, "log": "research/tasks/B699-Binomial/runs/20260911-low-index-lean-513dc7cc/verification/20260910T183230016817Z/logs/compile-0003-research_tasks_B699-Binomial_runs_20260908-external-reductions-b3c1b7_lean_DivisorTransfer.lean.log", "log_sha256": "83a3ea9d3a67cce7abdf5402d15bf9ad7245fe83579308a387e91cbce4d9abd8", "axiom_audit": {"declared_print_axioms": 4, "declared_names": ["divisor_transfer", "prime_part_dvd", "prime_part_coprime_of_no_common", "actual_prime_part_transfer"], "guarded_print_axioms": 0, "guarded_names": [], "actual_printed": 4, "guard_msgs_in_source": 0, "printed": [{"declared_name": "divisor_transfer", "axioms": ["propext", "Classical.choice", "Quot.sound"]}, {"declared_name": "prime_part_dvd", "axioms": ["propext", "Classical.choice", "Quot.sound"]}, {"declared_name": "prime_part_coprime_of_no_common", "axioms": ["propext", "Classical.choice", "Quot.sound"]}, {"declared_name": "actual_prime_part_transfer", "axioms": ["propext", "Classical.choice", "Quot.sound"]}], "unexpected_axioms": [], "guarded_output_inferred": false}}
2026-09-10T19:23:35.1875128Z B699_COMPILE {"source": "research/tasks/B699-Binomial/runs/20260909-large-prime-structure-cb4764f0/lean/PrimePowerTransfer.lean", "source_sha256_before": "3b0529e66f438bbd6d8c19f08f4a5b5ad132d2cd86e09e8bd1a1601fc49eecf4", "source_sha256_after": "3b0529e66f438bbd6d8c19f08f4a5b5ad132d2cd86e09e8bd1a1601fc49eecf4", "output_sha256": "ba9be75f7662cb5112816e68013530a77c24840ea1d7c0a7022c473351ccb182", "seconds": 2.351, "exit_code": 0, "failure": null, "log": "research/tasks/B699-Binomial/runs/20260911-low-index-lean-513dc7cc/verification/20260910T183230016817Z/logs/compile-0004-research_tasks_B699-Binomial_runs_20260909-large-prime-structure-cb4764f0_lean_PrimePowerTransfer.lean.log", "log_sha256": "019de0a5ccb42f5a3a5f92754c7d320a116361940b87bf873d8db9c5ceb33804", "axiom_audit": {"declared_print_axioms": 6, "declared_names": ["B699LargePrimeStructure.prime_power_numerator_mod_lt", "B699LargePrimeStructure.prime_power_gap_dvd", "B699LargePrimeStructure.actual_avoiding_part_gap_transfer", "B699LargePrimeStructure.avoidingPart_eq_primePart_of_noCommon", "B699LargePrimeStructure.actual_prime_part_gap_transfer", "B699LargePrimeStructure.common_of_gap_product_not_dvd"], "guarded_print_axioms": 0, "guarded_names": [], "actual_printed": 6, "guard_msgs_in_source": 0, "printed": [{"declared_name": "B699LargePrimeStructure.prime_power_numerator_mod_lt", "axioms": ["propext", "Classical.choice", "Quot.sound"]}, {"declared_name": "B699LargePrimeStructure.prime_power_gap_dvd", "axioms": ["propext", "Classical.choice", "Quot.sound"]}, {"declared_name": "B699LargePrimeStructure.actual_avoiding_part_gap_transfer", "axioms": ["propext", "Classical.choice", "Quot.sound"]}, {"declared_name": "B699LargePrimeStructure.avoidingPart_eq_primePart_of_noCommon", "axioms": ["propext", "Classical.choice", "Quot.sound"]}, {"declared_name": "B699LargePrimeStructure.actual_prime_part_gap_transfer", "axioms": ["propext", "Classical.choice", "Quot.sound"]}, {"declared_name": "B699LargePrimeStructure.common_of_gap_product_not_dvd", "axioms": ["propext", "Classical.choice", "Quot.sound"]}], "unexpected_axioms": [], "guarded_output_inferred": false}}
2026-09-10T19:23:35.1899311Z B699_COMPILE {"source": "research/tasks/B699-Binomial/runs/20260909-large-prime-structure-cb4764f0/lean/SmallPartBound.lean", "source_sha256_before": "b49f7d6f9a83e534e546b65bb73e3a6d5afb60f77d7679366ff575d6615cbbb7", "source_sha256_after": "b49f7d6f9a83e534e546b65bb73e3a6d5afb60f77d7679366ff575d6615cbbb7", "output_sha256": "d0fb014b44d1ff863fe2a2c49b311a6bc3e06a4e079349acc2edf051a9b340ad", "seconds": 1.327, "exit_code": 0, "failure": null, "log": "research/tasks/B699-Binomial/runs/20260911-low-index-lean-513dc7cc/verification/20260910T183230016817Z/logs/compile-0005-research_tasks_B699-Binomial_runs_20260909-large-prime-structure-cb4764f0_lean_SmallPartBound.lean.log", "log_sha256": "e02fdd92f6a868ac1b4011becec787e8dc95e2b21b4220558bd0c8c1efc6cd67", "axiom_audit": {"declared_print_axioms": 4, "declared_names": ["B699LargePrimeStructure.smallPrimePart_mul_primePart", "B699LargePrimeStructure.smallPrimePart_le_pow_smallPrimeCount", "B699LargePrimeStructure.noCommon_choose_le_smallPrime_gap_bound", "B699LargePrimeStructure.common_of_elementary_gap_comparison"], "guarded_print_axioms": 0, "guarded_names": [], "actual_printed": 4, "guard_msgs_in_source": 0, "printed": [{"declared_name": "B699LargePrimeStructure.smallPrimePart_mul_primePart", "axioms": ["propext", "Classical.choice", "Quot.sound"]}, {"declared_name": "B699LargePrimeStructure.smallPrimePart_le_pow_smallPrimeCount", "axioms": ["propext", "Classical.choice", "Quot.sound"]}, {"declared_name": "B699LargePrimeStructure.noCommon_choose_le_smallPrime_gap_bound", "axioms": ["propext", "Classical.choice", "Quot.sound"]}, {"declared_name": "B699LargePrimeStructure.common_of_elementary_gap_comparison", "axioms": ["propext", "Classical.choice", "Quot.sound"]}], "unexpected_axioms": [], "guarded_output_inferred": false}}
2026-09-10T19:23:35.1923065Z B699_COMPILE {"source": "research/tasks/B699-Binomial/runs/20260909-low-index-structure-b41a5a63/lean/ThreeWindowWeights.lean", "source_sha256_before": "17ee0024b94bcb5e1ba0b05f5a0a4229dd8a0e5816c3a83385ba8c45eced6c99", "source_sha256_after": "17ee0024b94bcb5e1ba0b05f5a0a4229dd8a0e5816c3a83385ba8c45eced6c99", "output_sha256": "827fd965c7ef8f4bf8ef43076104d4a22498da98fdf1792c0f42983160f6f9c8", "seconds": 2.598, "exit_code": 0, "failure": null, "log": "research/tasks/B699-Binomial/runs/20260911-low-index-lean-513dc7cc/verification/20260910T183230016817Z/logs/compile-0006-research_tasks_B699-Binomial_runs_20260909-low-index-structure-b41a5a63_lean_ThreeWindowWeights.lean.log", "log_sha256": "05c38b06277e49ffebd786653154cefa3d949ee232543de00119aa43919d587c", "axiom_audit": {"declared_print_axioms": 7, "declared_names": ["B699LowIndex.prime_power_three_positions", "B699LowIndex.prime_power_three_window_dvd", "B699LowIndex.actual_avoiding_part_three_window_transfer", "B699LowIndex.actual_prime_part_three_window_transfer", "B699LowIndex.common_of_three_window_not_dvd", "B699LowIndex.noCommon_three_window_size", "B699LowIndex.common_of_three_window_comparison"], "guarded_print_axioms": 0, "guarded_names": [], "actual_printed": 7, "guard_msgs_in_source": 0, "printed": [{"declared_name": "B699LowIndex.prime_power_three_positions", "axioms": ["propext", "Classical.choice", "Quot.sound"]}, {"declared_name": "B699LowIndex.prime_power_three_window_dvd", "axioms": ["propext", "Classical.choice", "Quot.sound"]}, {"declared_name": "B699LowIndex.actual_avoiding_part_three_window_transfer", "axioms": ["propext", "Classical.choice", "Quot.sound"]}, {"declared_name": "B699LowIndex.actual_prime_part_three_window_transfer", "axioms": ["propext", "Classical.choice", "Quot.sound"]}, {"declared_name": "B699LowIndex.common_of_three_window_not_dvd", "axioms": ["propext", "Classical.choice", "Quot.sound"]}, {"declared_name": "B699LowIndex.noCommon_three_window_size", "axioms": ["propext", "Classical.choice", "Quot.sound"]}, {"declared_name": "B699LowIndex.common_of_three_window_comparison", "axioms": ["propext", "Classical.choice", "Quot.sound"]}], "unexpected_axioms": [], "guarded_output_inferred": false}}
2026-09-10T19:23:35.1945210Z B699_COMPILE {"source": "research/tasks/B699-Binomial/runs/20260909-low-index-structure-b41a5a63/lean/ThreeWindowSize.lean", "source_sha256_before": "4da6cb312eca31e38fb39bc88ff3bbce771ef0a5bb9c9278d925e36d4002c047", "source_sha256_after": "4da6cb312eca31e38fb39bc88ff3bbce771ef0a5bb9c9278d925e36d4002c047", "output_sha256": "aa70e7edfa72cdf13e4e600ce23fedaef0be8c52e1f8b54d03e081f0956a4175", "seconds": 2.11, "exit_code": 0, "failure": null, "log": "research/tasks/B699-Binomial/runs/20260911-low-index-lean-513dc7cc/verification/20260910T183230016817Z/logs/compile-0007-research_tasks_B699-Binomial_runs_20260909-low-index-structure-b41a5a63_lean_ThreeWindowSize.lean.log", "log_sha256": "a055fbcc903ef958edef7ba788d6d08f4633b284d6a698d6c93d4cbef8d9cf3a", "axiom_audit": {"declared_print_axioms": 4, "declared_names": ["B699LowIndex.two_window_sum", "B699LowIndex.three_window_scaled_upper", "B699LowIndex.noCommon_scaled_prime_part", "B699LowIndex.common_of_scaled_prime_part"], "guarded_print_axioms": 0, "guarded_names": [], "actual_printed": 4, "guard_msgs_in_source": 0, "printed": [{"declared_name": "B699LowIndex.two_window_sum", "axioms": ["propext", "Classical.choice", "Quot.sound"]}, {"declared_name": "B699LowIndex.three_window_scaled_upper", "axioms": ["propext", "Classical.choice", "Quot.sound"]}, {"declared_name": "B699LowIndex.noCommon_scaled_prime_part", "axioms": ["propext", "Classical.choice", "Quot.sound"]}, {"declared_name": "B699LowIndex.common_of_scaled_prime_part", "axioms": ["propext", "Classical.choice", "Quot.sound"]}], "unexpected_axioms": [], "guarded_output_inferred": false}}
2026-09-10T19:23:35.1954670Z B699_COMPILE {"source": "research/tasks/B699-Binomial/runs/20260909-eees-chain-5a2e10/lean/PowerBounds.lean", "source_sha256_before": "3022f40997b3b9302343b99a8fa91a984228af348eb7b02f69fbd198016fee9a", "source_sha256_after": "3022f40997b3b9302343b99a8fa91a984228af348eb7b02f69fbd198016fee9a", "output_sha256": "c0f95334b064d0dbc044c7c3c2e1505f96dd11657cd0412ac8ce2e59ca5560be", "seconds": 1.465, "exit_code": 0, "failure": null, "log": "research/tasks/B699-Binomial/runs/20260911-low-index-lean-513dc7cc/verification/20260910T183230016817Z/logs/compile-0008-research_tasks_B699-Binomial_runs_20260909-eees-chain-5a2e10_lean_PowerBounds.lean.log", "log_sha256": "2cddc1af5565bfba9ec3d5ce25684bcec1716aba028f3d8920687ef0582d03ac", "axiom_audit": {"declared_print_axioms": 0, "declared_names": [], "guarded_print_axioms": 0, "guarded_names": [], "actual_printed": 0, "guard_msgs_in_source": 0, "printed": [], "unexpected_axioms": [], "guarded_output_inferred": false}}
2026-09-10T19:23:35.1963858Z B699_COMPILE {"source": "research/tasks/B699-Binomial/runs/20260909-low-index-structure-b41a5a63/lean/HeightCertificate.lean", "source_sha256_before": "256a2e13903b7b2b42e5bea2b32c20e2c5df1af4019b9f05931b117ae462bc4d", "source_sha256_after": "256a2e13903b7b2b42e5bea2b32c20e2c5df1af4019b9f05931b117ae462bc4d", "output_sha256": "304419a052b3874278c128a9d2b948af0e9144a84d055511f4324c90f2c13211", "seconds": 1.471, "exit_code": 0, "failure": null, "log": "research/tasks/B699-Binomial/runs/20260911-low-index-lean-513dc7cc/verification/20260910T183230016817Z/logs/compile-0009-research_tasks_B699-Binomial_runs_20260909-low-index-structure-b41a5a63_lean_HeightCertificate.lean.log", "log_sha256": "782e13748934f600681e70675c48509c75cb220ac77f74203cd6d8fff86e7468", "axiom_audit": {"declared_print_axioms": 3, "declared_names": ["B699LowIndex.noCommon_scaled_choose", "B699LowIndex.power_cross_mono", "B699LowIndex.common_of_height_certificate"], "guarded_print_axioms": 0, "guarded_names": [], "actual_printed": 3, "guard_msgs_in_source": 0, "printed": [{"declared_name": "B699LowIndex.noCommon_scaled_choose", "axioms": ["propext", "Classical.choice", "Quot.sound"]}, {"declared_name": "B699LowIndex.power_cross_mono", "axioms": ["propext"]}, {"declared_name": "B699LowIndex.common_of_height_certificate", "axioms": ["propext", "Classical.choice", "Quot.sound"]}], "unexpected_axioms": [], "guarded_output_inferred": false}}
2026-09-10T19:23:35.1972337Z B699_COMPILE {"source": "research/tasks/B699-Binomial/runs/20260909-low-index-structure-b41a5a63/lean/HeightCertificateData.lean", "source_sha256_before": "4028f101e9d3e21bb9a3abbcba49dab686260df2e1f303b253503be6f1dcf27a", "source_sha256_after": "4028f101e9d3e21bb9a3abbcba49dab686260df2e1f303b253503be6f1dcf27a", "output_sha256": "3c09335314be516bf22f4c6f17bed1d44e5797ba159d64d103909997e41c0ed4", "seconds": 0.902, "exit_code": 0, "failure": null, "log": "research/tasks/B699-Binomial/runs/20260911-low-index-lean-513dc7cc/verification/20260910T183230016817Z/logs/compile-0010-research_tasks_B699-Binomial_runs_20260909-low-index-structure-b41a5a63_lean_HeightCertificateData.lean.log", "log_sha256": "7c4a3faecfdb2e4921f51ce8bfee0852de216d810cd3a8fc49fd715640016bd5", "axiom_audit": {"declared_print_axioms": 0, "declared_names": [], "guarded_print_axioms": 0, "guarded_names": [], "actual_printed": 0, "guard_msgs_in_source": 0, "printed": [], "unexpected_axioms": [], "guarded_output_inferred": false}}
2026-09-10T19:23:35.1980612Z B699_COMPILE {"source": "research/tasks/B699-Binomial/runs/20260909-low-index-structure-b41a5a63/lean/RegisteredHeights.lean", "source_sha256_before": "9c1c887fa9c6b385ebf356fda79802701068d65111de29aedf82042bbe0f698c", "source_sha256_after": "9c1c887fa9c6b385ebf356fda79802701068d65111de29aedf82042bbe0f698c", "output_sha256": "1b9e45dcde24ecf66f972449e0231fc9cb519e2ccd815de8586d7e4c4bfdfa7e", "seconds": 220.796, "exit_code": 0, "failure": null, "log": "research/tasks/B699-Binomial/runs/20260911-low-index-lean-513dc7cc/verification/20260910T183230016817Z/logs/compile-0011-research_tasks_B699-Binomial_runs_20260909-low-index-structure-b41a5a63_lean_RegisteredHeights.lean.log", "log_sha256": "7478d895f29631f74dad974dcad7e57f3551fd727eb57b915e8c0e1152b4b3e6", "axiom_audit": {"declared_print_axioms": 3, "declared_names": ["B699LowIndex.heightCertificateData_valid", "B699LowIndex.heightCertificateData_indices", "B699LowIndex.common_of_registered_height"], "guarded_print_axioms": 0, "guarded_names": [], "actual_printed": 3, "guard_msgs_in_source": 0, "printed": [{"declared_name": "B699LowIndex.heightCertificateData_valid", "axioms": ["propext", "Classical.choice", "Quot.sound"]}, {"declared_name": "B699LowIndex.heightCertificateData_indices", "axioms": []}, {"declared_name": "B699LowIndex.common_of_registered_height", "axioms": ["propext", "Classical.choice", "Quot.sound"]}], "unexpected_axioms": [], "guarded_output_inferred": false}}
2026-09-10T19:23:35.1992168Z B699_COMPILE {"source": "research/tasks/B699-Binomial/runs/20260909-low-index-structure-b41a5a63/lean/LargeSmallPowers.lean", "source_sha256_before": "2ed55e4a8be53589ed8fc82d89cc877c8281a291b34c4c35bfd88e94badf7aa2", "source_sha256_after": "2ed55e4a8be53589ed8fc82d89cc877c8281a291b34c4c35bfd88e94badf7aa2", "output_sha256": "119d4bed88d1238d2b2b1c9c1505dfafd422673295301a65cf2cab6bafc84799", "seconds": 1.457, "exit_code": 0, "failure": null, "log": "research/tasks/B699-Binomial/runs/20260911-low-index-lean-513dc7cc/verification/20260910T183230016817Z/logs/compile-0012-research_tasks_B699-Binomial_runs_20260909-low-index-structure-b41a5a63_lean_LargeSmallPowers.lean.log", "log_sha256": "970bc92341fc1dcf07bf91dd891de00a108608a80a1f6ae25ba36e7a9964157e", "axiom_audit": {"declared_print_axioms": 5, "declared_names": ["B699LowIndex.nat_prod_lt_pow_of_pointwise_lt", "B699LowIndex.scaled_prod_lt_of_all_but_one_small", "B699LowIndex.exists_two_large_factors_of_scaled_prod", "B699LowIndex.small_prime_part_eq_prod_small_primes", "B699LowIndex.exists_two_large_small_prime_powers"], "guarded_print_axioms": 0, "guarded_names": [], "actual_printed": 5, "guard_msgs_in_source": 0, "printed": [{"declared_name": "B699LowIndex.nat_prod_lt_pow_of_pointwise_lt", "axioms": ["propext", "Classical.choice", "Quot.sound"]}, {"declared_name": "B699LowIndex.scaled_prod_lt_of_all_but_one_small", "axioms": ["propext", "Classical.choice", "Quot.sound"]}, {"declared_name": "B699LowIndex.exists_two_large_factors_of_scaled_prod", "axioms": ["propext", "Classical.choice", "Quot.sound"]}, {"declared_name": "B699LowIndex.small_prime_part_eq_prod_small_primes", "axioms": ["propext", "Classical.choice", "Quot.sound"]}, {"declared_name": "B699LowIndex.exists_two_large_small_prime_powers", "axioms": ["propext", "Classical.choice", "Quot.sound"]}], "unexpected_axioms": [], "guarded_output_inferred": false}}
2026-09-10T19:23:35.2004150Z B699_COMPILE {"source": "research/tasks/B699-Binomial/runs/20260909-low-index-structure-b41a5a63/lean/CofactorCover.lean", "source_sha256_before": "2805041e81314db94f7c7d7837f651a2d64b1c41bf231ca628514d2c18d101c3", "source_sha256_after": "2805041e81314db94f7c7d7837f651a2d64b1c41bf231ca628514d2c18d101c3", "output_sha256": "e813b1440c3c6821c7a030c4f7dcd05a10432827ff37693fe6bb99b2e3868d70", "seconds": 2.374, "exit_code": 0, "failure": null, "log": "research/tasks/B699-Binomial/runs/20260911-low-index-lean-513dc7cc/verification/20260910T183230016817Z/logs/compile-0013-research_tasks_B699-Binomial_runs_20260909-low-index-structure-b41a5a63_lean_CofactorCover.lean.log", "log_sha256": "45596d06935b4128b86435ac9735f347f2402b15a3f791aabad4a91aed8f6909", "axiom_audit": {"declared_print_axioms": 4, "declared_names": ["B699LowIndex.pow_le_two_descFactorial", "B699LowIndex.noCommon_bernoulli_size", "B699LowIndex.noCommon_small_part_lower_of_certificate", "B699LowIndex.noCommon_two_large_small_prime_powers"], "guarded_print_axioms": 0, "guarded_names": [], "actual_printed": 4, "guard_msgs_in_source": 0, "printed": [{"declared_name": "B699LowIndex.pow_le_two_descFactorial", "axioms": ["propext", "Classical.choice", "Quot.sound"]}, {"declared_name": "B699LowIndex.noCommon_bernoulli_size", "axioms": ["propext", "Classical.choice", "Quot.sound"]}, {"declared_name": "B699LowIndex.noCommon_small_part_lower_of_certificate", "axioms": ["propext", "Classical.choice", "Quot.sound"]}, {"declared_name": "B699LowIndex.noCommon_two_large_small_prime_powers", "axioms": ["propext", "Classical.choice", "Quot.sound"]}], "unexpected_axioms": [], "guarded_output_inferred": false}}
2026-09-10T19:23:35.2013817Z B699_COMPILE {"source": "research/tasks/B686-Four/round8/lean/BigPrimeSupport.lean", "source_sha256_before": "cd3b1e0fd5282723597acaa2d5f3290917d9756a9e2c1d682668ac77a6b98d2e", "source_sha256_after": "cd3b1e0fd5282723597acaa2d5f3290917d9756a9e2c1d682668ac77a6b98d2e", "output_sha256": "de9bd7dcc776329d2d3bb97c96f9b55e7e1e1a8b4ae50b189e6585c9d835d3e1", "seconds": 1.551, "exit_code": 0, "failure": null, "log": "research/tasks/B699-Binomial/runs/20260911-low-index-lean-513dc7cc/verification/20260910T183230016817Z/logs/compile-0014-research_tasks_B686-Four_round8_lean_BigPrimeSupport.lean.log", "log_sha256": "201e25f83828a1a44c6a524551cdf8c09adcd95d386fd6f78ea4d1601556d3c7", "axiom_audit": {"declared_print_axioms": 0, "declared_names": [], "guarded_print_axioms": 4, "guarded_names": ["large_prime_power_dvd_one_factor", "large_prime_power_divides_cross_difference", "common_prime_divides_cross_difference", "large_prime_hits_block_unique"], "actual_printed": 0, "guard_msgs_in_source": 4, "printed": [], "unexpected_axioms": [], "guarded_output_inferred": false}}
2026-09-10T19:23:35.2021127Z B699_COMPILE {"source": "research/tasks/B686-Four/formalization/UniformDistance/SmallPrime.lean", "source_sha256_before": "3d9140131479b10d35ccd87884381e225331b2b77c5c80ae211ab9fe19273a6f", "source_sha256_after": "3d9140131479b10d35ccd87884381e225331b2b77c5c80ae211ab9fe19273a6f", "output_sha256": "e000153c88f0f996ce79c4ed2a13b9d662c753d65e1ad4545de5002b2a62dcf4", "seconds": 1.79, "exit_code": 0, "failure": null, "log": "research/tasks/B699-Binomial/runs/20260911-low-index-lean-513dc7cc/verification/20260910T183230016817Z/logs/compile-0015-research_tasks_B686-Four_formalization_UniformDistance_SmallPrime.lean.log", "log_sha256": "2015e3c7a47a70446d30743013391747f79250b1df939f16829337518330fac6", "axiom_audit": {"declared_print_axioms": 0, "declared_names": [], "guarded_print_axioms": 2, "guarded_names": ["distance_product_eq_factorials", "small_prime_factorization_bound"], "actual_printed": 0, "guard_msgs_in_source": 2, "printed": [], "unexpected_axioms": [], "guarded_output_inferred": false}}
2026-09-10T19:23:35.2029640Z B699_COMPILE {"source": "research/tasks/B699-Binomial/runs/20260909-low-index-structure-b41a5a63/lean/SmallPrimeLocalization.lean", "source_sha256_before": "663b2129a3b18e1ad8003be7cfef6792caf8375e986284b228f098921a8b6477", "source_sha256_after": "663b2129a3b18e1ad8003be7cfef6792caf8375e986284b228f098921a8b6477", "output_sha256": "e06ac7377b66e06936845202422a9dab1384fd307b072e6e10de964d83a7a9bb", "seconds": 1.551, "exit_code": 0, "failure": null, "log": "research/tasks/B699-Binomial/runs/20260911-low-index-lean-513dc7cc/verification/20260910T183230016817Z/logs/compile-0016-research_tasks_B699-Binomial_runs_20260909-low-index-structure-b41a5a63_lean_SmallPrimeLocalization.lean.log", "log_sha256": "3742071c5cc107713fefced4f60818b25e785acacb86ee1253155c5f6907a402", "axiom_audit": {"declared_print_axioms": 3, "declared_names": ["B699LowIndex.binomial_factorization_add_index_le", "B699LowIndex.binomial_prime_power_localization", "B699LowIndex.binomial_prime_power_localization_of_le"], "guarded_print_axioms": 0, "guarded_names": [], "actual_printed": 3, "guard_msgs_in_source": 0, "printed": [{"declared_name": "B699LowIndex.binomial_factorization_add_index_le", "axioms": ["propext", "Classical.choice", "Quot.sound"]}, {"declared_name": "B699LowIndex.binomial_prime_power_localization", "axioms": ["propext", "Classical.choice", "Quot.sound"]}, {"declared_name": "B699LowIndex.binomial_prime_power_localization_of_le", "axioms": ["propext", "Classical.choice", "Quot.sound"]}], "unexpected_axioms": [], "guarded_output_inferred": false}}
2026-09-10T19:23:35.2042024Z B699_COMPILE {"source": "research/tasks/B699-Binomial/runs/20260909-low-index-structure-b41a5a63/lean/SmallPowerIntervals.lean", "source_sha256_before": "4ee5805b0a37e4ce4b370b6f91895312b75917170943a6970799d4fb4f011d02", "source_sha256_after": "4ee5805b0a37e4ce4b370b6f91895312b75917170943a6970799d4fb4f011d02", "output_sha256": "f723f2aeb8e37b2959144f7c76aa987b66323fe2add447d2971cac2d21546921", "seconds": 1.483, "exit_code": 0, "failure": null, "log": "research/tasks/B699-Binomial/runs/20260911-low-index-lean-513dc7cc/verification/20260910T183230016817Z/logs/compile-0017-research_tasks_B699-Binomial_runs_20260909-low-index-structure-b41a5a63_lean_SmallPowerIntervals.lean.log", "log_sha256": "3767ee8df5c3e172de8090549129bc315604019b712ea8ee97938bd071b5dbbc", "axiom_audit": {"declared_print_axioms": 6, "declared_names": ["B699LowIndex.exists_small_cofactor_of_localized_power", "B699LowIndex.exists_small_cofactor_div_of_localized_power", "B699LowIndex.interval_power_le_of_representation", "B699LowIndex.interval_power_lt_upper_of_representation", "B699LowIndex.binomial_power_interval_of_large_power", "B699LowIndex.exists_two_small_prime_power_intervals"], "guarded_print_axioms": 0, "guarded_names": [], "actual_printed": 6, "guard_msgs_in_source": 0, "printed": [{"declared_name": "B699LowIndex.exists_small_cofactor_of_localized_power", "axioms": ["propext", "Classical.choice", "Quot.sound"]}, {"declared_name": "B699LowIndex.exists_small_cofactor_div_of_localized_power", "axioms": ["propext", "Classical.choice", "Quot.sound"]}, {"declared_name": "B699LowIndex.interval_power_le_of_representation", "axioms": ["propext", "Quot.sound"]}, {"declared_name": "B699LowIndex.interval_power_lt_upper_of_representation", "axioms": ["propext", "Quot.sound"]}, {"declared_name": "B699LowIndex.binomial_power_interval_of_large_power", "axioms": ["propext", "Classical.choice", "Quot.sound"]}, {"declared_name": "B699LowIndex.exists_two_small_prime_power_intervals", "axioms": ["propext", "Classical.choice", "Quot.sound"]}], "unexpected_axioms": [], "guarded_output_inferred": false}}
2026-09-10T19:23:35.2054308Z B699_COMPILE {"source": "research/tasks/B699-Binomial/runs/20260909-low-index-structure-b41a5a63/lean/PrimePowerEnumeration.lean", "source_sha256_before": "00888c3d00cfdb722a48a9ef5b257e172dde26f5cdab9a241025078e0923da6e", "source_sha256_after": "00888c3d00cfdb722a48a9ef5b257e172dde26f5cdab9a241025078e0923da6e", "output_sha256": "5ec288cbf80db9d5a9d1819cae8671cf161e01966dab8d00f3d222d3aff49ef0", "seconds": 1.609, "exit_code": 0, "failure": null, "log": "research/tasks/B699-Binomial/runs/20260911-low-index-lean-513dc7cc/verification/20260910T183230016817Z/logs/compile-0018-research_tasks_B699-Binomial_runs_20260909-low-index-structure-b41a5a63_lean_PrimePowerEnumeration.lean.log", "log_sha256": "68138a42496d4a01d5795f38d4cdceed632c51552e83d4f719b57588db790e83", "axiom_audit": {"declared_print_axioms": 3, "declared_names": ["B699LowIndex.power_interval_mem_of_bounds", "B699LowIndex.power_interval_list_complete", "B699LowIndex.exists_two_colours_in_power_interval_list"], "guarded_print_axioms": 0, "guarded_names": [], "actual_printed": 3, "guard_msgs_in_source": 0, "printed": [{"declared_name": "B699LowIndex.power_interval_mem_of_bounds", "axioms": ["propext", "Classical.choice", "Quot.sound"]}, {"declared_name": "B699LowIndex.power_interval_list_complete", "axioms": ["propext", "Classical.choice", "Quot.sound"]}, {"declared_name": "B699LowIndex.exists_two_colours_in_power_interval_list", "axioms": ["propext", "Classical.choice", "Quot.sound"]}], "unexpected_axioms": [], "guarded_output_inferred": false}}
2026-09-10T19:23:35.2064485Z B699_COMPILE {"source": "research/tasks/B699-Binomial/runs/20260909-low-index-structure-b41a5a63/lean/LargeDivisorWitness.lean", "source_sha256_before": "8123d5ec2a766974bf9cad0753b0261405ef71548cd3dee625fead65ef0c39f0", "source_sha256_after": "8123d5ec2a766974bf9cad0753b0261405ef71548cd3dee625fead65ef0c39f0", "output_sha256": "fcfd4af3ae6dc302ec3b75286773399b0fbe2d752fbccdcbcf80590c67281ca5", "seconds": 1.553, "exit_code": 0, "failure": null, "log": "research/tasks/B699-Binomial/runs/20260911-low-index-lean-513dc7cc/verification/20260910T183230016817Z/logs/compile-0019-research_tasks_B699-Binomial_runs_20260909-low-index-structure-b41a5a63_lean_LargeDivisorWitness.lean.log", "log_sha256": "33ee08c6b8573744770f5bb87f5df6219cd1b741c9aaeadf1b2150e6c36b5641", "axiom_audit": {"declared_print_axioms": 3, "declared_names": ["B699LowIndex.large_divisor_dvd_prime_part", "B699LowIndex.common_of_large_divisor", "B699LowIndex.goodSegmentCheck_sound"], "guarded_print_axioms": 0, "guarded_names": [], "actual_printed": 3, "guard_msgs_in_source": 0, "printed": [{"declared_name": "B699LowIndex.large_divisor_dvd_prime_part", "axioms": ["propext", "Classical.choice", "Quot.sound"]}, {"declared_name": "B699LowIndex.common_of_large_divisor", "axioms": ["propext", "Classical.choice", "Quot.sound"]}, {"declared_name": "B699LowIndex.goodSegmentCheck_sound", "axioms": ["propext", "Classical.choice", "Quot.sound"]}], "unexpected_axioms": [], "guarded_output_inferred": false}}
2026-09-10T19:23:35.2074077Z B699_COMPILE {"source": "research/tasks/B699-Binomial/runs/20260909-low-index-structure-b41a5a63/lean/IntervalCover.lean", "source_sha256_before": "eb5b7d8b26101991cf31310739b0319bdc3d2d20f46656f63c48185ef97934b3", "source_sha256_after": "eb5b7d8b26101991cf31310739b0319bdc3d2d20f46656f63c48185ef97934b3", "output_sha256": "730718ddbd51c422eb346e17b6b8669ff0ad2047375dfb4830b9b898130dc050", "seconds": 1.142, "exit_code": 0, "failure": null, "log": "research/tasks/B699-Binomial/runs/20260911-low-index-lean-513dc7cc/verification/20260910T183230016817Z/logs/compile-0020-research_tasks_B699-Binomial_runs_20260909-low-index-structure-b41a5a63_lean_IntervalCover.lean.log", "log_sha256": "1ac1f341384bb23492cf9d51e7985a45904c91583616656443dd84bfb388aed5", "axiom_audit": {"declared_print_axioms": 2, "declared_names": ["B699LowIndex.coverCheck_sound", "B699LowIndex.pairCoverCheck_sound"], "guarded_print_axioms": 0, "guarded_names": [], "actual_printed": 2, "guard_msgs_in_source": 0, "printed": [{"declared_name": "B699LowIndex.coverCheck_sound", "axioms": ["propext", "Classical.choice", "Quot.sound"]}, {"declared_name": "B699LowIndex.pairCoverCheck_sound", "axioms": ["propext", "Classical.choice", "Quot.sound"]}], "unexpected_axioms": [], "guarded_output_inferred": false}}
2026-09-10T19:23:35.2082964Z B699_COMPILE {"source": "research/tasks/B699-Binomial/runs/20260909-low-index-structure-b41a5a63/lean/FiniteCover.lean", "source_sha256_before": "c5e4a998c58d8c5195fa326d4318915706b64da5c06129ddb47a90766c1e2e8d", "source_sha256_after": "c5e4a998c58d8c5195fa326d4318915706b64da5c06129ddb47a90766c1e2e8d", "output_sha256": "00a7b1bd99f07f4fc7f6fa4f19b9a3feb099a82f01a909db7b59aed84b30e7d7", "seconds": 1.722, "exit_code": 0, "failure": null, "log": "research/tasks/B699-Binomial/runs/20260911-low-index-lean-513dc7cc/verification/20260910T183230016817Z/logs/compile-0021-research_tasks_B699-Binomial_runs_20260909-low-index-structure-b41a5a63_lean_FiniteCover.lean.log", "log_sha256": "60d7cd78b523ca75d74b2726c42fd63c588595b96e96d67dfb12186e88a753be", "axiom_audit": {"declared_print_axioms": 2, "declared_names": ["B699LowIndex.coverLayerCheck_sound", "B699LowIndex.common_of_finite_cover_row_checked"], "guarded_print_axioms": 0, "guarded_names": [], "actual_printed": 2, "guard_msgs_in_source": 0, "printed": [{"declared_name": "B699LowIndex.coverLayerCheck_sound", "axioms": ["propext", "Classical.choice", "Quot.sound"]}, {"declared_name": "B699LowIndex.common_of_finite_cover_row_checked", "axioms": ["propext", "Classical.choice", "Quot.sound"]}], "unexpected_axioms": [], "guarded_output_inferred": false}}
2026-09-10T19:23:35.2091408Z B699_COMPILE {"source": "research/tasks/B699-Binomial/runs/20260909-low-index-structure-b41a5a63/lean/TrialPrimeCheck.lean", "source_sha256_before": "990a479d4a73d1032fcb7621e4eef098cec4430342c040e3c91581269dd3a23d", "source_sha256_after": "990a479d4a73d1032fcb7621e4eef098cec4430342c040e3c91581269dd3a23d", "output_sha256": "fab939e4f7ec44e4035679fa12fca8adbeecc57f3df93fa25841a9c14ae22ce8", "seconds": 0.984, "exit_code": 0, "failure": null, "log": "research/tasks/B699-Binomial/runs/20260911-low-index-lean-513dc7cc/verification/20260910T183230016817Z/logs/compile-0022-research_tasks_B699-Binomial_runs_20260909-low-index-structure-b41a5a63_lean_TrialPrimeCheck.lean.log", "log_sha256": "3a6f6d2c0af9f9d61b7485935e9d9bef9079d7890703331206260255dd2b021a", "axiom_audit": {"declared_print_axioms": 1, "declared_names": ["B699LowIndex.trialPrimeCheck_sound"], "guarded_print_axioms": 0, "guarded_names": [], "actual_printed": 1, "guard_msgs_in_source": 0, "printed": [{"declared_name": "B699LowIndex.trialPrimeCheck_sound", "axioms": ["propext", "Classical.choice", "Quot.sound"]}], "unexpected_axioms": [], "guarded_output_inferred": false}}
2026-09-10T19:23:35.2099655Z B699_COMPILE {"source": "research/tasks/B699-Binomial/runs/20260911-low-index-lean-513dc7cc/lean/WitnessBridge.lean", "source_sha256_before": "c12b5cdc8c4de62c28af28bae0f1027205dbf6b94266fb9f6383c05e1d7d51c3", "source_sha256_after": "c12b5cdc8c4de62c28af28bae0f1027205dbf6b94266fb9f6383c05e1d7d51c3", "output_sha256": "ca13c62a039e5bf9b2fdd1617314b24caab6e620a52a20d62563ef54f1253db0", "seconds": 1.156, "exit_code": 0, "failure": null, "log": "research/tasks/B699-Binomial/runs/20260911-low-index-lean-513dc7cc/verification/20260910T183230016817Z/logs/compile-0023-research_tasks_B699-Binomial_runs_20260911-low-index-lean-513dc7cc_lean_WitnessBridge.lean.log", "log_sha256": "788e6509423625ae6e445dd6013ffff29ee87989623c5873ef6ecefe18934d31", "axiom_audit": {"declared_print_axioms": 1, "declared_names": ["B699LowIndex.LowIndexLean513dc7cc.good_top_prime_checked"], "guarded_print_axioms": 0, "guarded_names": [], "actual_printed": 1, "guard_msgs_in_source": 0, "printed": [{"declared_name": "B699LowIndex.LowIndexLean513dc7cc.good_top_prime_checked", "axioms": ["propext", "Classical.choice", "Quot.sound"]}], "unexpected_axioms": [], "guarded_output_inferred": false}}
2026-09-10T19:23:35.2108228Z B699_COMPILE {"source": "research/tasks/B699-Binomial/runs/20260911-low-index-lean-513dc7cc/lean/SharedEnvironment.lean", "source_sha256_before": "79d055c14bc95d2f9f5a58d7b11fda7619c6c874c6b1c9ef7e050578b576b9b7", "source_sha256_after": "79d055c14bc95d2f9f5a58d7b11fda7619c6c874c6b1c9ef7e050578b576b9b7", "output_sha256": "52d957815fb48a5241a59c2d2b8e66cdbfd092831cc0c498241fe5e48fa07108", "seconds": 1.124, "exit_code": 0, "failure": null, "log": "research/tasks/B699-Binomial/runs/20260911-low-index-lean-513dc7cc/verification/20260910T183230016817Z/logs/compile-0024-research_tasks_B699-Binomial_runs_20260911-low-index-lean-513dc7cc_lean_SharedEnvironment.lean.log", "log_sha256": "12611f790abab680ea418523f7c6c8645e4c6640e88af0e15f488b423a919af2", "axiom_audit": {"declared_print_axioms": 2, "declared_names": ["B699LowIndex.common_of_finite_cover_row_checked", "B699LowIndex.LowIndexLean513dc7cc.good_top_prime_checked"], "guarded_print_axioms": 0, "guarded_names": [], "actual_printed": 2, "guard_msgs_in_source": 0, "printed": [{"declared_name": "B699LowIndex.common_of_finite_cover_row_checked", "axioms": ["propext", "Classical.choice", "Quot.sound"]}, {"declared_name": "B699LowIndex.LowIndexLean513dc7cc.good_top_prime_checked", "axioms": ["propext", "Classical.choice", "Quot.sound"]}], "unexpected_axioms": [], "guarded_output_inferred": false}}
2026-09-10T19:23:35.2120466Z B699_EVIDENCE {"success": true, "exit_code": 0, "root_sources": ["research/tasks/B699-Binomial/runs/20260911-low-index-lean-513dc7cc/lean/SharedEnvironment.lean"], "manifest_sha256": "fdbefe6c9b737713c8b9c602643afa154f49dda4f48bfc4d2f64183fdea728a0", "toolchain": {"declared": "leanprover/lean4:v4.33.1", "observed": "Lean (version 4.33.1, x86_64-unknown-linux-gnu, commit 819816b2e0a3bf405af45ae5c7af2491d8f5bee6, Release)", "exit_code": 0}, "compiled_count": 25, "reused_count": 0, "failure": null, "evidence": "research/tasks/B699-Binomial/runs/20260911-low-index-lean-513dc7cc/verification/20260910T191537427647Z/evidence.json", "evidence_sha256": "718cce2bd73d6ce238c46b66dc706367da9b7f3c0c1d548f9d7d533af7e2e111", "pins": [{"name": "mathlib", "manifest_rev": "0df444a360eaa60ab8c11dca51a86af692955474", "observed_head": "0df444a360eaa60ab8c11dca51a86af692955474", "head_matches": true, "clean": true}, {"name": "plausible", "manifest_rev": "b7eb3304aeae834b12dda98993a37f6a41f6f0bb", "observed_head": "b7eb3304aeae834b12dda98993a37f6a41f6f0bb", "head_matches": true, "clean": true}, {"name": "LeanSearchClient", "manifest_rev": "5f4d51b81cbd3f6b32b156bfad9056621a040404", "observed_head": "5f4d51b81cbd3f6b32b156bfad9056621a040404", "head_matches": true, "clean": true}, {"name": "importGraph", "manifest_rev": "16f02aa7642864af59f1ff0e384a015994db9118", "observed_head": "16f02aa7642864af59f1ff0e384a015994db9118", "head_matches": true, "clean": true}, {"name": "proofwidgets", "manifest_rev": "4be2e3d5087eeb272cf5a8853b8f9dd025ef5957", "observed_head": "4be2e3d5087eeb272cf5a8853b8f9dd025ef5957", "head_matches": true, "clean": true}, {"name": "aesop", "manifest_rev": "3448c0bcc5ce01b2d1546e483ec3620e32df3d0e", "observed_head": "3448c0bcc5ce01b2d1546e483ec3620e32df3d0e", "head_matches": true, "clean": true}, {"name": "Qq", "manifest_rev": "92c15be17b7caf78c2ad767ec40f89052d908d81", "observed_head": "92c15be17b7caf78c2ad767ec40f89052d908d81", "head_matches": true, "clean": true}, {"name": "batteries", "manifest_rev": "4488d40d070b9700d4d5a6aa342f0d40c31b2a2d", "observed_head": "4488d40d070b9700d4d5a6aa342f0d40c31b2a2d", "head_matches": true, "clean": true}, {"name": "Cli", "manifest_rev": "6130a47896ce867c6a4a55373441e59e565bad0f", "observed_head": "6130a47896ce867c6a4a55373441e59e565bad0f", "head_matches": true, "clean": true}]}
2026-09-10T19:23:35.2130972Z B699_COMPILE {"source": "Math/B699/CofactorCriterion.lean", "source_sha256_before": "341180b428b6927e72bd7de10c0ca03b3f8d4eb4f778c1aa4a3aeea4f33b9d79", "source_sha256_after": "341180b428b6927e72bd7de10c0ca03b3f8d4eb4f778c1aa4a3aeea4f33b9d79", "output_sha256": "fabd97ac3a10c3da4b22c5279e6368e1489e22850e046a9d5626d5b35887125d", "seconds": 2.105, "exit_code": 0, "failure": null, "log": "research/tasks/B699-Binomial/runs/20260911-low-index-lean-513dc7cc/verification/20260910T191537427647Z/logs/compile-0001-Math_B699_CofactorCriterion.lean.log", "log_sha256": "eee314ea50f8f52f31772de95c611aa598d02f36b63dd10704b5eaf6a5c4dd17", "axiom_audit": {"declared_print_axioms": 0, "declared_names": [], "guarded_print_axioms": 0, "guarded_names": [], "actual_printed": 0, "guard_msgs_in_source": 0, "printed": [], "unexpected_axioms": [], "guarded_output_inferred": false}}
2026-09-10T19:23:35.2140281Z B699_COMPILE {"source": "research/tasks/B699-Binomial/runs/20260909-large-prime-structure-cb4764f0/lean/GapBridge.lean", "source_sha256_before": "0005d90a062359af36b95c0420440e4ff7c9b4187a6fc319884a286ae6209697", "source_sha256_after": "0005d90a062359af36b95c0420440e4ff7c9b4187a6fc319884a286ae6209697", "output_sha256": "b577c6c4bb96627e654decd78e138334a2b0366f121f0fed6c4e0c3ac66842a0", "seconds": 2.178, "exit_code": 0, "failure": null, "log": "research/tasks/B699-Binomial/runs/20260911-low-index-lean-513dc7cc/verification/20260910T191537427647Z/logs/compile-0002-research_tasks_B699-Binomial_runs_20260909-large-prime-structure-cb4764f0_lean_GapBridge.lean.log", "log_sha256": "186caee28a427ec558d6c0c173abedfe23e5a9eadc7da47deec0d3b864b93cf9", "axiom_audit": {"declared_print_axioms": 6, "declared_names": ["B699LargePrimeStructure.common_of_mod_certificate", "B699LargePrimeStructure.gap_remainder_eq", "B699LargePrimeStructure.common_of_gap_power", "B699LargePrimeStructure.common_of_gap_prime", "B699LargePrimeStructure.common_of_top_prime", "B699LargePrimeStructure.common_small_index"], "guarded_print_axioms": 0, "guarded_names": [], "actual_printed": 6, "guard_msgs_in_source": 0, "printed": [{"declared_name": "B699LargePrimeStructure.common_of_mod_certificate", "axioms": ["propext", "Classical.choice", "Quot.sound"]}, {"declared_name": "B699LargePrimeStructure.gap_remainder_eq", "axioms": ["propext", "Quot.sound"]}, {"declared_name": "B699LargePrimeStructure.common_of_gap_power", "axioms": ["propext", "Classical.choice", "Quot.sound"]}, {"declared_name": "B699LargePrimeStructure.common_of_gap_prime", "axioms": ["propext", "Classical.choice", "Quot.sound"]}, {"declared_name": "B699LargePrimeStructure.common_of_top_prime", "axioms": ["propext", "Classical.choice", "Quot.sound"]}, {"declared_name": "B699LargePrimeStructure.common_small_index", "axioms": ["propext", "Classical.choice", "Quot.sound"]}], "unexpected_axioms": [], "guarded_output_inferred": false}}
2026-09-10T19:23:35.2151912Z B699_COMPILE {"source": "research/tasks/B699-Binomial/runs/20260908-external-reductions-b3c1b7/lean/DivisorTransfer.lean", "source_sha256_before": "0299face333237445eddd2c11acbf16c554d225028de7b509c8cfe603fc9996e", "source_sha256_after": "0299face333237445eddd2c11acbf16c554d225028de7b509c8cfe603fc9996e", "output_sha256": "59407e31a9b87dba994ce2cf9e9d01bad86bc34da6f5356caee0a6a3ca844388", "seconds": 1.276, "exit_code": 0, "failure": null, "log": "research/tasks/B699-Binomial/runs/20260911-low-index-lean-513dc7cc/verification/20260910T191537427647Z/logs/compile-0003-research_tasks_B699-Binomial_runs_20260908-external-reductions-b3c1b7_lean_DivisorTransfer.lean.log", "log_sha256": "8a5c961dbb65d33fedf07e0840865936bca97d603765f89fba78496bab838d6a", "axiom_audit": {"declared_print_axioms": 4, "declared_names": ["divisor_transfer", "prime_part_dvd", "prime_part_coprime_of_no_common", "actual_prime_part_transfer"], "guarded_print_axioms": 0, "guarded_names": [], "actual_printed": 4, "guard_msgs_in_source": 0, "printed": [{"declared_name": "divisor_transfer", "axioms": ["propext", "Classical.choice", "Quot.sound"]}, {"declared_name": "prime_part_dvd", "axioms": ["propext", "Classical.choice", "Quot.sound"]}, {"declared_name": "prime_part_coprime_of_no_common", "axioms": ["propext", "Classical.choice", "Quot.sound"]}, {"declared_name": "actual_prime_part_transfer", "axioms": ["propext", "Classical.choice", "Quot.sound"]}], "unexpected_axioms": [], "guarded_output_inferred": false}}
2026-09-10T19:23:35.2164080Z B699_COMPILE {"source": "research/tasks/B699-Binomial/runs/20260909-large-prime-structure-cb4764f0/lean/PrimePowerTransfer.lean", "source_sha256_before": "3b0529e66f438bbd6d8c19f08f4a5b5ad132d2cd86e09e8bd1a1601fc49eecf4", "source_sha256_after": "3b0529e66f438bbd6d8c19f08f4a5b5ad132d2cd86e09e8bd1a1601fc49eecf4", "output_sha256": "ba9be75f7662cb5112816e68013530a77c24840ea1d7c0a7022c473351ccb182", "seconds": 2.456, "exit_code": 0, "failure": null, "log": "research/tasks/B699-Binomial/runs/20260911-low-index-lean-513dc7cc/verification/20260910T191537427647Z/logs/compile-0004-research_tasks_B699-Binomial_runs_20260909-large-prime-structure-cb4764f0_lean_PrimePowerTransfer.lean.log", "log_sha256": "dca94e466b12e9a78f144f95a3c6140dd41784fa70c808ca25f6fc373fd38688", "axiom_audit": {"declared_print_axioms": 6, "declared_names": ["B699LargePrimeStructure.prime_power_numerator_mod_lt", "B699LargePrimeStructure.prime_power_gap_dvd", "B699LargePrimeStructure.actual_avoiding_part_gap_transfer", "B699LargePrimeStructure.avoidingPart_eq_primePart_of_noCommon", "B699LargePrimeStructure.actual_prime_part_gap_transfer", "B699LargePrimeStructure.common_of_gap_product_not_dvd"], "guarded_print_axioms": 0, "guarded_names": [], "actual_printed": 6, "guard_msgs_in_source": 0, "printed": [{"declared_name": "B699LargePrimeStructure.prime_power_numerator_mod_lt", "axioms": ["propext", "Classical.choice", "Quot.sound"]}, {"declared_name": "B699LargePrimeStructure.prime_power_gap_dvd", "axioms": ["propext", "Classical.choice", "Quot.sound"]}, {"declared_name": "B699LargePrimeStructure.actual_avoiding_part_gap_transfer", "axioms": ["propext", "Classical.choice", "Quot.sound"]}, {"declared_name": "B699LargePrimeStructure.avoidingPart_eq_primePart_of_noCommon", "axioms": ["propext", "Classical.choice", "Quot.sound"]}, {"declared_name": "B699LargePrimeStructure.actual_prime_part_gap_transfer", "axioms": ["propext", "Classical.choice", "Quot.sound"]}, {"declared_name": "B699LargePrimeStructure.common_of_gap_product_not_dvd", "axioms": ["propext", "Classical.choice", "Quot.sound"]}], "unexpected_axioms": [], "guarded_output_inferred": false}}
2026-09-10T19:23:35.2177427Z B699_COMPILE {"source": "research/tasks/B699-Binomial/runs/20260909-large-prime-structure-cb4764f0/lean/SmallPartBound.lean", "source_sha256_before": "b49f7d6f9a83e534e546b65bb73e3a6d5afb60f77d7679366ff575d6615cbbb7", "source_sha256_after": "b49f7d6f9a83e534e546b65bb73e3a6d5afb60f77d7679366ff575d6615cbbb7", "output_sha256": "d0fb014b44d1ff863fe2a2c49b311a6bc3e06a4e079349acc2edf051a9b340ad", "seconds": 1.408, "exit_code": 0, "failure": null, "log": "research/tasks/B699-Binomial/runs/20260911-low-index-lean-513dc7cc/verification/20260910T191537427647Z/logs/compile-0005-research_tasks_B699-Binomial_runs_20260909-large-prime-structure-cb4764f0_lean_SmallPartBound.lean.log", "log_sha256": "1582f4354a78cbe00b6ba9d67b5284c863e73ed5a7e18ec449e7e5707c5948a9", "axiom_audit": {"declared_print_axioms": 4, "declared_names": ["B699LargePrimeStructure.smallPrimePart_mul_primePart", "B699LargePrimeStructure.smallPrimePart_le_pow_smallPrimeCount", "B699LargePrimeStructure.noCommon_choose_le_smallPrime_gap_bound", "B699LargePrimeStructure.common_of_elementary_gap_comparison"], "guarded_print_axioms": 0, "guarded_names": [], "actual_printed": 4, "guard_msgs_in_source": 0, "printed": [{"declared_name": "B699LargePrimeStructure.smallPrimePart_mul_primePart", "axioms": ["propext", "Classical.choice", "Quot.sound"]}, {"declared_name": "B699LargePrimeStructure.smallPrimePart_le_pow_smallPrimeCount", "axioms": ["propext", "Classical.choice", "Quot.sound"]}, {"declared_name": "B699LargePrimeStructure.noCommon_choose_le_smallPrime_gap_bound", "axioms": ["propext", "Classical.choice", "Quot.sound"]}, {"declared_name": "B699LargePrimeStructure.common_of_elementary_gap_comparison", "axioms": ["propext", "Classical.choice", "Quot.sound"]}], "unexpected_axioms": [], "guarded_output_inferred": false}}
2026-09-10T19:23:35.2190918Z B699_COMPILE {"source": "research/tasks/B699-Binomial/runs/20260909-low-index-structure-b41a5a63/lean/ThreeWindowWeights.lean", "source_sha256_before": "17ee0024b94bcb5e1ba0b05f5a0a4229dd8a0e5816c3a83385ba8c45eced6c99", "source_sha256_after": "17ee0024b94bcb5e1ba0b05f5a0a4229dd8a0e5816c3a83385ba8c45eced6c99", "output_sha256": "827fd965c7ef8f4bf8ef43076104d4a22498da98fdf1792c0f42983160f6f9c8", "seconds": 2.685, "exit_code": 0, "failure": null, "log": "research/tasks/B699-Binomial/runs/20260911-low-index-lean-513dc7cc/verification/20260910T191537427647Z/logs/compile-0006-research_tasks_B699-Binomial_runs_20260909-low-index-structure-b41a5a63_lean_ThreeWindowWeights.lean.log", "log_sha256": "ce99aa74bf08b186cb4501a727f3cff1010cadda83852ed6d009d4ecdec98b3b", "axiom_audit": {"declared_print_axioms": 7, "declared_names": ["B699LowIndex.prime_power_three_positions", "B699LowIndex.prime_power_three_window_dvd", "B699LowIndex.actual_avoiding_part_three_window_transfer", "B699LowIndex.actual_prime_part_three_window_transfer", "B699LowIndex.common_of_three_window_not_dvd", "B699LowIndex.noCommon_three_window_size", "B699LowIndex.common_of_three_window_comparison"], "guarded_print_axioms": 0, "guarded_names": [], "actual_printed": 7, "guard_msgs_in_source": 0, "printed": [{"declared_name": "B699LowIndex.prime_power_three_positions", "axioms": ["propext", "Classical.choice", "Quot.sound"]}, {"declared_name": "B699LowIndex.prime_power_three_window_dvd", "axioms": ["propext", "Classical.choice", "Quot.sound"]}, {"declared_name": "B699LowIndex.actual_avoiding_part_three_window_transfer", "axioms": ["propext", "Classical.choice", "Quot.sound"]}, {"declared_name": "B699LowIndex.actual_prime_part_three_window_transfer", "axioms": ["propext", "Classical.choice", "Quot.sound"]}, {"declared_name": "B699LowIndex.common_of_three_window_not_dvd", "axioms": ["propext", "Classical.choice", "Quot.sound"]}, {"declared_name": "B699LowIndex.noCommon_three_window_size", "axioms": ["propext", "Classical.choice", "Quot.sound"]}, {"declared_name": "B699LowIndex.common_of_three_window_comparison", "axioms": ["propext", "Classical.choice", "Quot.sound"]}], "unexpected_axioms": [], "guarded_output_inferred": false}}
2026-09-10T19:23:35.2203568Z B699_COMPILE {"source": "research/tasks/B699-Binomial/runs/20260909-low-index-structure-b41a5a63/lean/ThreeWindowSize.lean", "source_sha256_before": "4da6cb312eca31e38fb39bc88ff3bbce771ef0a5bb9c9278d925e36d4002c047", "source_sha256_after": "4da6cb312eca31e38fb39bc88ff3bbce771ef0a5bb9c9278d925e36d4002c047", "output_sha256": "aa70e7edfa72cdf13e4e600ce23fedaef0be8c52e1f8b54d03e081f0956a4175", "seconds": 2.16, "exit_code": 0, "failure": null, "log": "research/tasks/B699-Binomial/runs/20260911-low-index-lean-513dc7cc/verification/20260910T191537427647Z/logs/compile-0007-research_tasks_B699-Binomial_runs_20260909-low-index-structure-b41a5a63_lean_ThreeWindowSize.lean.log", "log_sha256": "4eb19d0a59856cc12d96583f8756d70b4485ea2fd266461f0362915ba332ae58", "axiom_audit": {"declared_print_axioms": 4, "declared_names": ["B699LowIndex.two_window_sum", "B699LowIndex.three_window_scaled_upper", "B699LowIndex.noCommon_scaled_prime_part", "B699LowIndex.common_of_scaled_prime_part"], "guarded_print_axioms": 0, "guarded_names": [], "actual_printed": 4, "guard_msgs_in_source": 0, "printed": [{"declared_name": "B699LowIndex.two_window_sum", "axioms": ["propext", "Classical.choice", "Quot.sound"]}, {"declared_name": "B699LowIndex.three_window_scaled_upper", "axioms": ["propext", "Classical.choice", "Quot.sound"]}, {"declared_name": "B699LowIndex.noCommon_scaled_prime_part", "axioms": ["propext", "Classical.choice", "Quot.sound"]}, {"declared_name": "B699LowIndex.common_of_scaled_prime_part", "axioms": ["propext", "Classical.choice", "Quot.sound"]}], "unexpected_axioms": [], "guarded_output_inferred": false}}
2026-09-10T19:23:35.2212321Z B699_COMPILE {"source": "research/tasks/B699-Binomial/runs/20260909-eees-chain-5a2e10/lean/PowerBounds.lean", "source_sha256_before": "3022f40997b3b9302343b99a8fa91a984228af348eb7b02f69fbd198016fee9a", "source_sha256_after": "3022f40997b3b9302343b99a8fa91a984228af348eb7b02f69fbd198016fee9a", "output_sha256": "c0f95334b064d0dbc044c7c3c2e1505f96dd11657cd0412ac8ce2e59ca5560be", "seconds": 1.526, "exit_code": 0, "failure": null, "log": "research/tasks/B699-Binomial/runs/20260911-low-index-lean-513dc7cc/verification/20260910T191537427647Z/logs/compile-0008-research_tasks_B699-Binomial_runs_20260909-eees-chain-5a2e10_lean_PowerBounds.lean.log", "log_sha256": "902eb754602630b9f9552f7cbc504d7202818957cacf843a2604e7ad57e62053", "axiom_audit": {"declared_print_axioms": 0, "declared_names": [], "guarded_print_axioms": 0, "guarded_names": [], "actual_printed": 0, "guard_msgs_in_source": 0, "printed": [], "unexpected_axioms": [], "guarded_output_inferred": false}}
2026-09-10T19:23:35.2220116Z B699_COMPILE {"source": "research/tasks/B699-Binomial/runs/20260909-low-index-structure-b41a5a63/lean/HeightCertificate.lean", "source_sha256_before": "256a2e13903b7b2b42e5bea2b32c20e2c5df1af4019b9f05931b117ae462bc4d", "source_sha256_after": "256a2e13903b7b2b42e5bea2b32c20e2c5df1af4019b9f05931b117ae462bc4d", "output_sha256": "304419a052b3874278c128a9d2b948af0e9144a84d055511f4324c90f2c13211", "seconds": 1.552, "exit_code": 0, "failure": null, "log": "research/tasks/B699-Binomial/runs/20260911-low-index-lean-513dc7cc/verification/20260910T191537427647Z/logs/compile-0009-research_tasks_B699-Binomial_runs_20260909-low-index-structure-b41a5a63_lean_HeightCertificate.lean.log", "log_sha256": "7256dfbe91c36863c084fecf77054e26e693590253f72e21ee32f66b80be383f", "axiom_audit": {"declared_print_axioms": 3, "declared_names": ["B699LowIndex.noCommon_scaled_choose", "B699LowIndex.power_cross_mono", "B699LowIndex.common_of_height_certificate"], "guarded_print_axioms": 0, "guarded_names": [], "actual_printed": 3, "guard_msgs_in_source": 0, "printed": [{"declared_name": "B699LowIndex.noCommon_scaled_choose", "axioms": ["propext", "Classical.choice", "Quot.sound"]}, {"declared_name": "B699LowIndex.power_cross_mono", "axioms": ["propext"]}, {"declared_name": "B699LowIndex.common_of_height_certificate", "axioms": ["propext", "Classical.choice", "Quot.sound"]}], "unexpected_axioms": [], "guarded_output_inferred": false}}
2026-09-10T19:23:35.2228787Z B699_COMPILE {"source": "research/tasks/B699-Binomial/runs/20260909-low-index-structure-b41a5a63/lean/HeightCertificateData.lean", "source_sha256_before": "4028f101e9d3e21bb9a3abbcba49dab686260df2e1f303b253503be6f1dcf27a", "source_sha256_after": "4028f101e9d3e21bb9a3abbcba49dab686260df2e1f303b253503be6f1dcf27a", "output_sha256": "3c09335314be516bf22f4c6f17bed1d44e5797ba159d64d103909997e41c0ed4", "seconds": 0.939, "exit_code": 0, "failure": null, "log": "research/tasks/B699-Binomial/runs/20260911-low-index-lean-513dc7cc/verification/20260910T191537427647Z/logs/compile-0010-research_tasks_B699-Binomial_runs_20260909-low-index-structure-b41a5a63_lean_HeightCertificateData.lean.log", "log_sha256": "5281ccb8ccb42badd8452c46f85a481fdde74e67a4cdd12b2b93da56576f7cdf", "axiom_audit": {"declared_print_axioms": 0, "declared_names": [], "guarded_print_axioms": 0, "guarded_names": [], "actual_printed": 0, "guard_msgs_in_source": 0, "printed": [], "unexpected_axioms": [], "guarded_output_inferred": false}}
2026-09-10T19:23:35.2237067Z B699_COMPILE {"source": "research/tasks/B699-Binomial/runs/20260909-low-index-structure-b41a5a63/lean/RegisteredHeights.lean", "source_sha256_before": "9c1c887fa9c6b385ebf356fda79802701068d65111de29aedf82042bbe0f698c", "source_sha256_after": "9c1c887fa9c6b385ebf356fda79802701068d65111de29aedf82042bbe0f698c", "output_sha256": "1b9e45dcde24ecf66f972449e0231fc9cb519e2ccd815de8586d7e4c4bfdfa7e", "seconds": 226.106, "exit_code": 0, "failure": null, "log": "research/tasks/B699-Binomial/runs/20260911-low-index-lean-513dc7cc/verification/20260910T191537427647Z/logs/compile-0011-research_tasks_B699-Binomial_runs_20260909-low-index-structure-b41a5a63_lean_RegisteredHeights.lean.log", "log_sha256": "650cd2043068c134b84184543d722cedb0625116d63c4717cbe71982fb03e0b5", "axiom_audit": {"declared_print_axioms": 3, "declared_names": ["B699LowIndex.heightCertificateData_valid", "B699LowIndex.heightCertificateData_indices", "B699LowIndex.common_of_registered_height"], "guarded_print_axioms": 0, "guarded_names": [], "actual_printed": 3, "guard_msgs_in_source": 0, "printed": [{"declared_name": "B699LowIndex.heightCertificateData_valid", "axioms": ["propext", "Classical.choice", "Quot.sound"]}, {"declared_name": "B699LowIndex.heightCertificateData_indices", "axioms": []}, {"declared_name": "B699LowIndex.common_of_registered_height", "axioms": ["propext", "Classical.choice", "Quot.sound"]}], "unexpected_axioms": [], "guarded_output_inferred": false}}
2026-09-10T19:23:35.2248088Z B699_COMPILE {"source": "research/tasks/B699-Binomial/runs/20260909-low-index-structure-b41a5a63/lean/LargeSmallPowers.lean", "source_sha256_before": "2ed55e4a8be53589ed8fc82d89cc877c8281a291b34c4c35bfd88e94badf7aa2", "source_sha256_after": "2ed55e4a8be53589ed8fc82d89cc877c8281a291b34c4c35bfd88e94badf7aa2", "output_sha256": "119d4bed88d1238d2b2b1c9c1505dfafd422673295301a65cf2cab6bafc84799", "seconds": 1.527, "exit_code": 0, "failure": null, "log": "research/tasks/B699-Binomial/runs/20260911-low-index-lean-513dc7cc/verification/20260910T191537427647Z/logs/compile-0012-research_tasks_B699-Binomial_runs_20260909-low-index-structure-b41a5a63_lean_LargeSmallPowers.lean.log", "log_sha256": "0c6e9138e01591992047760bfb54198c8098fd47f636654494743f26882f69a5", "axiom_audit": {"declared_print_axioms": 5, "declared_names": ["B699LowIndex.nat_prod_lt_pow_of_pointwise_lt", "B699LowIndex.scaled_prod_lt_of_all_but_one_small", "B699LowIndex.exists_two_large_factors_of_scaled_prod", "B699LowIndex.small_prime_part_eq_prod_small_primes", "B699LowIndex.exists_two_large_small_prime_powers"], "guarded_print_axioms": 0, "guarded_names": [], "actual_printed": 5, "guard_msgs_in_source": 0, "printed": [{"declared_name": "B699LowIndex.nat_prod_lt_pow_of_pointwise_lt", "axioms": ["propext", "Classical.choice", "Quot.sound"]}, {"declared_name": "B699LowIndex.scaled_prod_lt_of_all_but_one_small", "axioms": ["propext", "Classical.choice", "Quot.sound"]}, {"declared_name": "B699LowIndex.exists_two_large_factors_of_scaled_prod", "axioms": ["propext", "Classical.choice", "Quot.sound"]}, {"declared_name": "B699LowIndex.small_prime_part_eq_prod_small_primes", "axioms": ["propext", "Classical.choice", "Quot.sound"]}, {"declared_name": "B699LowIndex.exists_two_large_small_prime_powers", "axioms": ["propext", "Classical.choice", "Quot.sound"]}], "unexpected_axioms": [], "guarded_output_inferred": false}}
2026-09-10T19:23:35.2259871Z B699_COMPILE {"source": "research/tasks/B699-Binomial/runs/20260909-low-index-structure-b41a5a63/lean/CofactorCover.lean", "source_sha256_before": "2805041e81314db94f7c7d7837f651a2d64b1c41bf231ca628514d2c18d101c3", "source_sha256_after": "2805041e81314db94f7c7d7837f651a2d64b1c41bf231ca628514d2c18d101c3", "output_sha256": "e813b1440c3c6821c7a030c4f7dcd05a10432827ff37693fe6bb99b2e3868d70", "seconds": 2.304, "exit_code": 0, "failure": null, "log": "research/tasks/B699-Binomial/runs/20260911-low-index-lean-513dc7cc/verification/20260910T191537427647Z/logs/compile-0013-research_tasks_B699-Binomial_runs_20260909-low-index-structure-b41a5a63_lean_CofactorCover.lean.log", "log_sha256": "f1e09215527828d42616b568dd03eb366fb4dfc813de17cb52787794adbc7c5d", "axiom_audit": {"declared_print_axioms": 4, "declared_names": ["B699LowIndex.pow_le_two_descFactorial", "B699LowIndex.noCommon_bernoulli_size", "B699LowIndex.noCommon_small_part_lower_of_certificate", "B699LowIndex.noCommon_two_large_small_prime_powers"], "guarded_print_axioms": 0, "guarded_names": [], "actual_printed": 4, "guard_msgs_in_source": 0, "printed": [{"declared_name": "B699LowIndex.pow_le_two_descFactorial", "axioms": ["propext", "Classical.choice", "Quot.sound"]}, {"declared_name": "B699LowIndex.noCommon_bernoulli_size", "axioms": ["propext", "Classical.choice", "Quot.sound"]}, {"declared_name": "B699LowIndex.noCommon_small_part_lower_of_certificate", "axioms": ["propext", "Classical.choice", "Quot.sound"]}, {"declared_name": "B699LowIndex.noCommon_two_large_small_prime_powers", "axioms": ["propext", "Classical.choice", "Quot.sound"]}], "unexpected_axioms": [], "guarded_output_inferred": false}}
2026-09-10T19:23:35.2269084Z B699_COMPILE {"source": "research/tasks/B686-Four/round8/lean/BigPrimeSupport.lean", "source_sha256_before": "cd3b1e0fd5282723597acaa2d5f3290917d9756a9e2c1d682668ac77a6b98d2e", "source_sha256_after": "cd3b1e0fd5282723597acaa2d5f3290917d9756a9e2c1d682668ac77a6b98d2e", "output_sha256": "de9bd7dcc776329d2d3bb97c96f9b55e7e1e1a8b4ae50b189e6585c9d835d3e1", "seconds": 1.588, "exit_code": 0, "failure": null, "log": "research/tasks/B699-Binomial/runs/20260911-low-index-lean-513dc7cc/verification/20260910T191537427647Z/logs/compile-0014-research_tasks_B686-Four_round8_lean_BigPrimeSupport.lean.log", "log_sha256": "f2da693015d8772c5c2551865c6b6fa1b41435c76da466c8ff81340a3db63fbe", "axiom_audit": {"declared_print_axioms": 0, "declared_names": [], "guarded_print_axioms": 4, "guarded_names": ["large_prime_power_dvd_one_factor", "large_prime_power_divides_cross_difference", "common_prime_divides_cross_difference", "large_prime_hits_block_unique"], "actual_printed": 0, "guard_msgs_in_source": 4, "printed": [], "unexpected_axioms": [], "guarded_output_inferred": false}}
2026-09-10T19:23:35.2275952Z B699_COMPILE {"source": "research/tasks/B686-Four/formalization/UniformDistance/SmallPrime.lean", "source_sha256_before": "3d9140131479b10d35ccd87884381e225331b2b77c5c80ae211ab9fe19273a6f", "source_sha256_after": "3d9140131479b10d35ccd87884381e225331b2b77c5c80ae211ab9fe19273a6f", "output_sha256": "e000153c88f0f996ce79c4ed2a13b9d662c753d65e1ad4545de5002b2a62dcf4", "seconds": 1.849, "exit_code": 0, "failure": null, "log": "research/tasks/B699-Binomial/runs/20260911-low-index-lean-513dc7cc/verification/20260910T191537427647Z/logs/compile-0015-research_tasks_B686-Four_formalization_UniformDistance_SmallPrime.lean.log", "log_sha256": "8b1cdc50de6b3ce44ad5856be0331c39f6eee8fdc19d4aff35e155cb4b11143b", "axiom_audit": {"declared_print_axioms": 0, "declared_names": [], "guarded_print_axioms": 2, "guarded_names": ["distance_product_eq_factorials", "small_prime_factorization_bound"], "actual_printed": 0, "guard_msgs_in_source": 2, "printed": [], "unexpected_axioms": [], "guarded_output_inferred": false}}
2026-09-10T19:23:35.2284487Z B699_COMPILE {"source": "research/tasks/B699-Binomial/runs/20260909-low-index-structure-b41a5a63/lean/SmallPrimeLocalization.lean", "source_sha256_before": "663b2129a3b18e1ad8003be7cfef6792caf8375e986284b228f098921a8b6477", "source_sha256_after": "663b2129a3b18e1ad8003be7cfef6792caf8375e986284b228f098921a8b6477", "output_sha256": "e06ac7377b66e06936845202422a9dab1384fd307b072e6e10de964d83a7a9bb", "seconds": 1.626, "exit_code": 0, "failure": null, "log": "research/tasks/B699-Binomial/runs/20260911-low-index-lean-513dc7cc/verification/20260910T191537427647Z/logs/compile-0016-research_tasks_B699-Binomial_runs_20260909-low-index-structure-b41a5a63_lean_SmallPrimeLocalization.lean.log", "log_sha256": "36d8769a5dcaeefd95ddeb57b07f111e189b19311a67628baa7db99ead47c31a", "axiom_audit": {"declared_print_axioms": 3, "declared_names": ["B699LowIndex.binomial_factorization_add_index_le", "B699LowIndex.binomial_prime_power_localization", "B699LowIndex.binomial_prime_power_localization_of_le"], "guarded_print_axioms": 0, "guarded_names": [], "actual_printed": 3, "guard_msgs_in_source": 0, "printed": [{"declared_name": "B699LowIndex.binomial_factorization_add_index_le", "axioms": ["propext", "Classical.choice", "Quot.sound"]}, {"declared_name": "B699LowIndex.binomial_prime_power_localization", "axioms": ["propext", "Classical.choice", "Quot.sound"]}, {"declared_name": "B699LowIndex.binomial_prime_power_localization_of_le", "axioms": ["propext", "Classical.choice", "Quot.sound"]}], "unexpected_axioms": [], "guarded_output_inferred": false}}
2026-09-10T19:23:35.2296646Z B699_COMPILE {"source": "research/tasks/B699-Binomial/runs/20260909-low-index-structure-b41a5a63/lean/SmallPowerIntervals.lean", "source_sha256_before": "4ee5805b0a37e4ce4b370b6f91895312b75917170943a6970799d4fb4f011d02", "source_sha256_after": "4ee5805b0a37e4ce4b370b6f91895312b75917170943a6970799d4fb4f011d02", "output_sha256": "f723f2aeb8e37b2959144f7c76aa987b66323fe2add447d2971cac2d21546921", "seconds": 1.558, "exit_code": 0, "failure": null, "log": "research/tasks/B699-Binomial/runs/20260911-low-index-lean-513dc7cc/verification/20260910T191537427647Z/logs/compile-0017-research_tasks_B699-Binomial_runs_20260909-low-index-structure-b41a5a63_lean_SmallPowerIntervals.lean.log", "log_sha256": "7da0bc40a3b4b0ee9dfa3faa270a3a1345938b900a3d28003c80896e3da89a02", "axiom_audit": {"declared_print_axioms": 6, "declared_names": ["B699LowIndex.exists_small_cofactor_of_localized_power", "B699LowIndex.exists_small_cofactor_div_of_localized_power", "B699LowIndex.interval_power_le_of_representation", "B699LowIndex.interval_power_lt_upper_of_representation", "B699LowIndex.binomial_power_interval_of_large_power", "B699LowIndex.exists_two_small_prime_power_intervals"], "guarded_print_axioms": 0, "guarded_names": [], "actual_printed": 6, "guard_msgs_in_source": 0, "printed": [{"declared_name": "B699LowIndex.exists_small_cofactor_of_localized_power", "axioms": ["propext", "Classical.choice", "Quot.sound"]}, {"declared_name": "B699LowIndex.exists_small_cofactor_div_of_localized_power", "axioms": ["propext", "Classical.choice", "Quot.sound"]}, {"declared_name": "B699LowIndex.interval_power_le_of_representation", "axioms": ["propext", "Quot.sound"]}, {"declared_name": "B699LowIndex.interval_power_lt_upper_of_representation", "axioms": ["propext", "Quot.sound"]}, {"declared_name": "B699LowIndex.binomial_power_interval_of_large_power", "axioms": ["propext", "Classical.choice", "Quot.sound"]}, {"declared_name": "B699LowIndex.exists_two_small_prime_power_intervals", "axioms": ["propext", "Classical.choice", "Quot.sound"]}], "unexpected_axioms": [], "guarded_output_inferred": false}}
2026-09-10T19:23:35.2308641Z B699_COMPILE {"source": "research/tasks/B699-Binomial/runs/20260909-low-index-structure-b41a5a63/lean/PrimePowerEnumeration.lean", "source_sha256_before": "00888c3d00cfdb722a48a9ef5b257e172dde26f5cdab9a241025078e0923da6e", "source_sha256_after": "00888c3d00cfdb722a48a9ef5b257e172dde26f5cdab9a241025078e0923da6e", "output_sha256": "5ec288cbf80db9d5a9d1819cae8671cf161e01966dab8d00f3d222d3aff49ef0", "seconds": 1.687, "exit_code": 0, "failure": null, "log": "research/tasks/B699-Binomial/runs/20260911-low-index-lean-513dc7cc/verification/20260910T191537427647Z/logs/compile-0018-research_tasks_B699-Binomial_runs_20260909-low-index-structure-b41a5a63_lean_PrimePowerEnumeration.lean.log", "log_sha256": "cd85b1381af5e88cbdaccb19c76fc2ee4d73eb3dcb031eafa2c6d79ced566d68", "axiom_audit": {"declared_print_axioms": 3, "declared_names": ["B699LowIndex.power_interval_mem_of_bounds", "B699LowIndex.power_interval_list_complete", "B699LowIndex.exists_two_colours_in_power_interval_list"], "guarded_print_axioms": 0, "guarded_names": [], "actual_printed": 3, "guard_msgs_in_source": 0, "printed": [{"declared_name": "B699LowIndex.power_interval_mem_of_bounds", "axioms": ["propext", "Classical.choice", "Quot.sound"]}, {"declared_name": "B699LowIndex.power_interval_list_complete", "axioms": ["propext", "Classical.choice", "Quot.sound"]}, {"declared_name": "B699LowIndex.exists_two_colours_in_power_interval_list", "axioms": ["propext", "Classical.choice", "Quot.sound"]}], "unexpected_axioms": [], "guarded_output_inferred": false}}
2026-09-10T19:23:35.2318765Z B699_COMPILE {"source": "research/tasks/B699-Binomial/runs/20260909-low-index-structure-b41a5a63/lean/LargeDivisorWitness.lean", "source_sha256_before": "8123d5ec2a766974bf9cad0753b0261405ef71548cd3dee625fead65ef0c39f0", "source_sha256_after": "8123d5ec2a766974bf9cad0753b0261405ef71548cd3dee625fead65ef0c39f0", "output_sha256": "fcfd4af3ae6dc302ec3b75286773399b0fbe2d752fbccdcbcf80590c67281ca5", "seconds": 1.61, "exit_code": 0, "failure": null, "log": "research/tasks/B699-Binomial/runs/20260911-low-index-lean-513dc7cc/verification/20260910T191537427647Z/logs/compile-0019-research_tasks_B699-Binomial_runs_20260909-low-index-structure-b41a5a63_lean_LargeDivisorWitness.lean.log", "log_sha256": "d865913c2f01e100add17bae54ff4829a897b3d8f50b81c659549046f9e0c29c", "axiom_audit": {"declared_print_axioms": 3, "declared_names": ["B699LowIndex.large_divisor_dvd_prime_part", "B699LowIndex.common_of_large_divisor", "B699LowIndex.goodSegmentCheck_sound"], "guarded_print_axioms": 0, "guarded_names": [], "actual_printed": 3, "guard_msgs_in_source": 0, "printed": [{"declared_name": "B699LowIndex.large_divisor_dvd_prime_part", "axioms": ["propext", "Classical.choice", "Quot.sound"]}, {"declared_name": "B699LowIndex.common_of_large_divisor", "axioms": ["propext", "Classical.choice", "Quot.sound"]}, {"declared_name": "B699LowIndex.goodSegmentCheck_sound", "axioms": ["propext", "Classical.choice", "Quot.sound"]}], "unexpected_axioms": [], "guarded_output_inferred": false}}
2026-09-10T19:23:35.2327950Z B699_COMPILE {"source": "research/tasks/B699-Binomial/runs/20260909-low-index-structure-b41a5a63/lean/IntervalCover.lean", "source_sha256_before": "eb5b7d8b26101991cf31310739b0319bdc3d2d20f46656f63c48185ef97934b3", "source_sha256_after": "eb5b7d8b26101991cf31310739b0319bdc3d2d20f46656f63c48185ef97934b3", "output_sha256": "730718ddbd51c422eb346e17b6b8669ff0ad2047375dfb4830b9b898130dc050", "seconds": 1.185, "exit_code": 0, "failure": null, "log": "research/tasks/B699-Binomial/runs/20260911-low-index-lean-513dc7cc/verification/20260910T191537427647Z/logs/compile-0020-research_tasks_B699-Binomial_runs_20260909-low-index-structure-b41a5a63_lean_IntervalCover.lean.log", "log_sha256": "19de20286b82302f2c95fb1d86161c0bfa9bee265008df0b62f4c750b0cd4b94", "axiom_audit": {"declared_print_axioms": 2, "declared_names": ["B699LowIndex.coverCheck_sound", "B699LowIndex.pairCoverCheck_sound"], "guarded_print_axioms": 0, "guarded_names": [], "actual_printed": 2, "guard_msgs_in_source": 0, "printed": [{"declared_name": "B699LowIndex.coverCheck_sound", "axioms": ["propext", "Classical.choice", "Quot.sound"]}, {"declared_name": "B699LowIndex.pairCoverCheck_sound", "axioms": ["propext", "Classical.choice", "Quot.sound"]}], "unexpected_axioms": [], "guarded_output_inferred": false}}
2026-09-10T19:23:35.2336780Z B699_COMPILE {"source": "research/tasks/B699-Binomial/runs/20260909-low-index-structure-b41a5a63/lean/FiniteCover.lean", "source_sha256_before": "c5e4a998c58d8c5195fa326d4318915706b64da5c06129ddb47a90766c1e2e8d", "source_sha256_after": "c5e4a998c58d8c5195fa326d4318915706b64da5c06129ddb47a90766c1e2e8d", "output_sha256": "00a7b1bd99f07f4fc7f6fa4f19b9a3feb099a82f01a909db7b59aed84b30e7d7", "seconds": 1.782, "exit_code": 0, "failure": null, "log": "research/tasks/B699-Binomial/runs/20260911-low-index-lean-513dc7cc/verification/20260910T191537427647Z/logs/compile-0021-research_tasks_B699-Binomial_runs_20260909-low-index-structure-b41a5a63_lean_FiniteCover.lean.log", "log_sha256": "87c258c05202b1eb0b441f55152f27ba468de7c67d07c9407cb43f95e977e05d", "axiom_audit": {"declared_print_axioms": 2, "declared_names": ["B699LowIndex.coverLayerCheck_sound", "B699LowIndex.common_of_finite_cover_row_checked"], "guarded_print_axioms": 0, "guarded_names": [], "actual_printed": 2, "guard_msgs_in_source": 0, "printed": [{"declared_name": "B699LowIndex.coverLayerCheck_sound", "axioms": ["propext", "Classical.choice", "Quot.sound"]}, {"declared_name": "B699LowIndex.common_of_finite_cover_row_checked", "axioms": ["propext", "Classical.choice", "Quot.sound"]}], "unexpected_axioms": [], "guarded_output_inferred": false}}
2026-09-10T19:23:35.2345039Z B699_COMPILE {"source": "research/tasks/B699-Binomial/runs/20260909-low-index-structure-b41a5a63/lean/TrialPrimeCheck.lean", "source_sha256_before": "990a479d4a73d1032fcb7621e4eef098cec4430342c040e3c91581269dd3a23d", "source_sha256_after": "990a479d4a73d1032fcb7621e4eef098cec4430342c040e3c91581269dd3a23d", "output_sha256": "fab939e4f7ec44e4035679fa12fca8adbeecc57f3df93fa25841a9c14ae22ce8", "seconds": 1.037, "exit_code": 0, "failure": null, "log": "research/tasks/B699-Binomial/runs/20260911-low-index-lean-513dc7cc/verification/20260910T191537427647Z/logs/compile-0022-research_tasks_B699-Binomial_runs_20260909-low-index-structure-b41a5a63_lean_TrialPrimeCheck.lean.log", "log_sha256": "1e39d3afac42ca63af3e6a4e7e018be232e84f9d13741382fee2ebcde9fcaf0a", "axiom_audit": {"declared_print_axioms": 1, "declared_names": ["B699LowIndex.trialPrimeCheck_sound"], "guarded_print_axioms": 0, "guarded_names": [], "actual_printed": 1, "guard_msgs_in_source": 0, "printed": [{"declared_name": "B699LowIndex.trialPrimeCheck_sound", "axioms": ["propext", "Classical.choice", "Quot.sound"]}], "unexpected_axioms": [], "guarded_output_inferred": false}}
2026-09-10T19:23:35.2352913Z B699_COMPILE {"source": "research/tasks/B699-Binomial/runs/20260911-low-index-lean-513dc7cc/lean/WitnessBridge.lean", "source_sha256_before": "c12b5cdc8c4de62c28af28bae0f1027205dbf6b94266fb9f6383c05e1d7d51c3", "source_sha256_after": "c12b5cdc8c4de62c28af28bae0f1027205dbf6b94266fb9f6383c05e1d7d51c3", "output_sha256": "ca13c62a039e5bf9b2fdd1617314b24caab6e620a52a20d62563ef54f1253db0", "seconds": 1.227, "exit_code": 0, "failure": null, "log": "research/tasks/B699-Binomial/runs/20260911-low-index-lean-513dc7cc/verification/20260910T191537427647Z/logs/compile-0023-research_tasks_B699-Binomial_runs_20260911-low-index-lean-513dc7cc_lean_WitnessBridge.lean.log", "log_sha256": "a4aae6cd1854a37c91742c0d69b4a9588fc2717c1142efeb0b267239462cb68b", "axiom_audit": {"declared_print_axioms": 1, "declared_names": ["B699LowIndex.LowIndexLean513dc7cc.good_top_prime_checked"], "guarded_print_axioms": 0, "guarded_names": [], "actual_printed": 1, "guard_msgs_in_source": 0, "printed": [{"declared_name": "B699LowIndex.LowIndexLean513dc7cc.good_top_prime_checked", "axioms": ["propext", "Classical.choice", "Quot.sound"]}], "unexpected_axioms": [], "guarded_output_inferred": false}}
2026-09-10T19:23:35.2360823Z B699_COMPILE {"source": "research/tasks/B699-Binomial/runs/20260911-low-index-lean-513dc7cc/lean/LayerParts.lean", "source_sha256_before": "370e906e1b38079874790c2328c86a90f91ce184103d39eb2979314f5c348fe4", "source_sha256_after": "370e906e1b38079874790c2328c86a90f91ce184103d39eb2979314f5c348fe4", "output_sha256": "ba0afa73e5d6cf11e2a63a2811d4d8493bb3eacdaf820f7e3013f27685a4afc1", "seconds": 1.245, "exit_code": 0, "failure": null, "log": "research/tasks/B699-Binomial/runs/20260911-low-index-lean-513dc7cc/verification/20260910T191537427647Z/logs/compile-0024-research_tasks_B699-Binomial_runs_20260911-low-index-lean-513dc7cc_lean_LayerParts.lean.log", "log_sha256": "472720e76ab50d251fa9e812647f4def6acbe4029686d0af4251e60a1e624200", "axiom_audit": {"declared_print_axioms": 1, "declared_names": ["B699LowIndex.LowIndexLean513dc7cc.coverLayerCheck_of_parts"], "guarded_print_axioms": 0, "guarded_names": [], "actual_printed": 1, "guard_msgs_in_source": 0, "printed": [{"declared_name": "B699LowIndex.LowIndexLean513dc7cc.coverLayerCheck_of_parts", "axioms": ["propext", "Classical.choice", "Quot.sound"]}], "unexpected_axioms": [], "guarded_output_inferred": false}}
2026-09-10T19:23:35.2370710Z B699_COMPILE {"source": "research/tasks/B699-Binomial/runs/20260911-low-index-lean-513dc7cc/lean/SharedEnvironment.lean", "source_sha256_before": "63e354273017e19bdea09b133ef5bc5f4856209c014c4b1d8ae572b9fb3aa294", "source_sha256_after": "63e354273017e19bdea09b133ef5bc5f4856209c014c4b1d8ae572b9fb3aa294", "output_sha256": "213a3fa52d91711f1bc748c6eb152f1a5ef16e47af3d6abd7c0a0861e5ec28eb", "seconds": 1.205, "exit_code": 0, "failure": null, "log": "research/tasks/B699-Binomial/runs/20260911-low-index-lean-513dc7cc/verification/20260910T191537427647Z/logs/compile-0025-research_tasks_B699-Binomial_runs_20260911-low-index-lean-513dc7cc_lean_SharedEnvironment.lean.log", "log_sha256": "8369097b3650c935800030033a77bd24d886fc9da476328f8de9117861ca2d3d", "axiom_audit": {"declared_print_axioms": 3, "declared_names": ["B699LowIndex.common_of_finite_cover_row_checked", "B699LowIndex.LowIndexLean513dc7cc.good_top_prime_checked", "B699LowIndex.LowIndexLean513dc7cc.coverLayerCheck_of_parts"], "guarded_print_axioms": 0, "guarded_names": [], "actual_printed": 3, "guard_msgs_in_source": 0, "printed": [{"declared_name": "B699LowIndex.common_of_finite_cover_row_checked", "axioms": ["propext", "Classical.choice", "Quot.sound"]}, {"declared_name": "B699LowIndex.LowIndexLean513dc7cc.good_top_prime_checked", "axioms": ["propext", "Classical.choice", "Quot.sound"]}, {"declared_name": "B699LowIndex.LowIndexLean513dc7cc.coverLayerCheck_of_parts", "axioms": ["propext", "Classical.choice", "Quot.sound"]}], "unexpected_axioms": [], "guarded_output_inferred": false}}
2026-09-10T19:23:35.2383911Z B699_EVIDENCE {"success": false, "exit_code": 1, "root_sources": ["research/tasks/B699-Binomial/runs/20260911-low-index-lean-513dc7cc/lean/rows/Row035/Original.lean"], "manifest_sha256": "fdbefe6c9b737713c8b9c602643afa154f49dda4f48bfc4d2f64183fdea728a0", "toolchain": {"declared": "leanprover/lean4:v4.33.1", "observed": "Lean (version 4.33.1, x86_64-unknown-linux-gnu, commit 819816b2e0a3bf405af45ae5c7af2491d8f5bee6, Release)", "exit_code": 0}, "compiled_count": 21, "reused_count": 24, "failure": "Compile failed: research.tasks.B699-Binomial.runs.20260911-low-index-lean-513dc7cc.lean.rows.Row035.Layers000", "evidence": "research/tasks/B699-Binomial/runs/20260911-low-index-lean-513dc7cc/verification/20260910T192207042879Z/evidence.json", "evidence_sha256": "4a0f9d3542b8a988a0ffb9e6bb67dcbbf0afdcf447fc91615779f14516cd24b8", "pins": [{"name": "mathlib", "manifest_rev": "0df444a360eaa60ab8c11dca51a86af692955474", "observed_head": "0df444a360eaa60ab8c11dca51a86af692955474", "head_matches": true, "clean": true}, {"name": "plausible", "manifest_rev": "b7eb3304aeae834b12dda98993a37f6a41f6f0bb", "observed_head": "b7eb3304aeae834b12dda98993a37f6a41f6f0bb", "head_matches": true, "clean": true}, {"name": "LeanSearchClient", "manifest_rev": "5f4d51b81cbd3f6b32b156bfad9056621a040404", "observed_head": "5f4d51b81cbd3f6b32b156bfad9056621a040404", "head_matches": true, "clean": true}, {"name": "importGraph", "manifest_rev": "16f02aa7642864af59f1ff0e384a015994db9118", "observed_head": "16f02aa7642864af59f1ff0e384a015994db9118", "head_matches": true, "clean": true}, {"name": "proofwidgets", "manifest_rev": "4be2e3d5087eeb272cf5a8853b8f9dd025ef5957", "observed_head": "4be2e3d5087eeb272cf5a8853b8f9dd025ef5957", "head_matches": true, "clean": true}, {"name": "aesop", "manifest_rev": "3448c0bcc5ce01b2d1546e483ec3620e32df3d0e", "observed_head": "3448c0bcc5ce01b2d1546e483ec3620e32df3d0e", "head_matches": true, "clean": true}, {"name": "Qq", "manifest_rev": "92c15be17b7caf78c2ad767ec40f89052d908d81", "observed_head": "92c15be17b7caf78c2ad767ec40f89052d908d81", "head_matches": true, "clean": true}, {"name": "batteries", "manifest_rev": "4488d40d070b9700d4d5a6aa342f0d40c31b2a2d", "observed_head": "4488d40d070b9700d4d5a6aa342f0d40c31b2a2d", "head_matches": true, "clean": true}, {"name": "Cli", "manifest_rev": "6130a47896ce867c6a4a55373441e59e565bad0f", "observed_head": "6130a47896ce867c6a4a55373441e59e565bad0f", "head_matches": true, "clean": true}]}
2026-09-10T19:23:35.2395744Z B699_COMPILE {"source": "research/tasks/B699-Binomial/runs/20260911-low-index-lean-513dc7cc/lean/Row035Data.lean", "source_sha256_before": "caf532a3dd05c7fe649cb8859d1109460ef19824ddaefc32904edb0e6fe95eae", "source_sha256_after": "caf532a3dd05c7fe649cb8859d1109460ef19824ddaefc32904edb0e6fe95eae", "output_sha256": "7ed45aa1e323e841e90499b3ab47c971d4f787b9b51e193c72fef21234f729cb", "seconds": 2.08, "exit_code": 0, "failure": null, "log": "research/tasks/B699-Binomial/runs/20260911-low-index-lean-513dc7cc/verification/20260910T192207042879Z/logs/compile-0022-research_tasks_B699-Binomial_runs_20260911-low-index-lean-513dc7cc_lean_Row035Data.lean.log", "log_sha256": "bb4e46dfa025a4c582dffc8bba194da919561eaad9ed94d18a051a796cdad412", "axiom_audit": {"declared_print_axioms": 1, "declared_names": ["B699LowIndex.LowIndexLean513dc7cc.row035"], "guarded_print_axioms": 0, "guarded_names": [], "actual_printed": 1, "guard_msgs_in_source": 0, "printed": [{"declared_name": "B699LowIndex.LowIndexLean513dc7cc.row035", "axioms": []}], "unexpected_axioms": [], "guarded_output_inferred": false}}
2026-09-10T19:23:35.2404344Z B699_COMPILE {"source": "research/tasks/B699-Binomial/runs/20260911-low-index-lean-513dc7cc/lean/rows/Row035/Metadata.lean", "source_sha256_before": "985caac3b4e8e65132e02f8445a446479a28466f0a9ab30389e793292fc1fd07", "source_sha256_after": "985caac3b4e8e65132e02f8445a446479a28466f0a9ab30389e793292fc1fd07", "output_sha256": "80da860593ee10addb247d898461826cd9c1dcab951356861368606be69130ec", "seconds": 1.306, "exit_code": 0, "failure": null, "log": "research/tasks/B699-Binomial/runs/20260911-low-index-lean-513dc7cc/verification/20260910T192207042879Z/logs/compile-0023-research_tasks_B699-Binomial_runs_20260911-low-index-lean-513dc7cc_lean_rows_Row035_Metadata.lean.log", "log_sha256": "d98b9da6f1ea2d91ea0596a791b6c0a956f5f769cbc608f855708f5be7d704ea", "axiom_audit": {"declared_print_axioms": 3, "declared_names": ["B699LowIndex.LowIndexLean513dc7cc.row035_registered", "B699LowIndex.LowIndexLean513dc7cc.row035_small_checked", "B699LowIndex.LowIndexLean513dc7cc.row035_layerCover_checked"], "guarded_print_axioms": 0, "guarded_names": [], "actual_printed": 3, "guard_msgs_in_source": 0, "printed": [{"declared_name": "B699LowIndex.LowIndexLean513dc7cc.row035_registered", "axioms": ["propext"]}, {"declared_name": "B699LowIndex.LowIndexLean513dc7cc.row035_small_checked", "axioms": []}, {"declared_name": "B699LowIndex.LowIndexLean513dc7cc.row035_layerCover_checked", "axioms": []}], "unexpected_axioms": [], "guarded_output_inferred": false}}
2026-09-10T19:23:35.2423846Z B699_COMPILE {"source": "research/tasks/B699-Binomial/runs/20260911-low-index-lean-513dc7cc/lean/rows/Row035/Goods000.lean", "source_sha256_before": "c02c6d07cbbd414283f84d7e2bbfe882f7e6c61e6bce01d62a1034359b528a96", "source_sha256_after": "c02c6d07cbbd414283f84d7e2bbfe882f7e6c61e6bce01d62a1034359b528a96", "output_sha256": "3da73c3ad4214c2b7e5587f1a90b68379fac0944065b6378b0d14cc92b38fd17", "seconds": 1.393, "exit_code": 0, "failure": null, "log": "research/tasks/B699-Binomial/runs/20260911-low-index-lean-513dc7cc/verification/20260910T192207042879Z/logs/compile-0026-research_tasks_B699-Binomial_runs_20260911-low-index-lean-513dc7cc_lean_rows_Row035_Goods000.lean.log", "log_sha256": "cd611308bb1c69b9bd2f4ce9fee66b1311b598b384a2231df1aad01e9fcccf81", "axiom_audit": {"declared_print_axioms": 16, "declared_names": ["B699LowIndex.LowIndexLean513dc7cc.row035_good000_checked", "B699LowIndex.LowIndexLean513dc7cc.row035_good001_checked", "B699LowIndex.LowIndexLean513dc7cc.row035_good002_checked", "B699LowIndex.LowIndexLean513dc7cc.row035_good003_checked", "B699LowIndex.LowIndexLean513dc7cc.row035_good004_checked", "B699LowIndex.LowIndexLean513dc7cc.row035_good005_checked", "B699LowIndex.LowIndexLean513dc7cc.row035_good006_checked", "B699LowIndex.LowIndexLean513dc7cc.row035_good007_checked", "B699LowIndex.LowIndexLean513dc7cc.row035_good008_checked", "B699LowIndex.LowIndexLean513dc7cc.row035_good009_checked", "B699LowIndex.LowIndexLean513dc7cc.row035_good010_checked", "B699LowIndex.LowIndexLean513dc7cc.row035_good011_checked", "B699LowIndex.LowIndexLean513dc7cc.row035_good012_checked", "B699LowIndex.LowIndexLean513dc7cc.row035_good013_checked", "B699LowIndex.LowIndexLean513dc7cc.row035_good014_checked", "B699LowIndex.LowIndexLean513dc7cc.row035_good015_checked"], "guarded_print_axioms": 0, "guarded_names": [], "actual_printed": 16, "guard_msgs_in_source": 0, "printed": [{"declared_name": "B699LowIndex.LowIndexLean513dc7cc.row035_good000_checked", "axioms": ["propext", "Classical.choice", "Quot.sound"]}, {"declared_name": "B699LowIndex.LowIndexLean513dc7cc.row035_good001_checked", "axioms": ["propext", "Classical.choice", "Quot.sound"]}, {"declared_name": "B699LowIndex.LowIndexLean513dc7cc.row035_good002_checked", "axioms": ["propext", "Classical.choice", "Quot.sound"]}, {"declared_name": "B699LowIndex.LowIndexLean513dc7cc.row035_good003_checked", "axioms": ["propext", "Classical.choice", "Quot.sound"]}, {"declared_name": "B699LowIndex.LowIndexLean513dc7cc.row035_good004_checked", "axioms": ["propext", "Classical.choice", "Quot.sound"]}, {"declared_name": "B699LowIndex.LowIndexLean513dc7cc.row035_good005_checked", "axioms": ["propext", "Classical.choice", "Quot.sound"]}, {"declared_name": "B699LowIndex.LowIndexLean513dc7cc.row035_good006_checked", "axioms": ["propext", "Classical.choice", "Quot.sound"]}, {"declared_name": "B699LowIndex.LowIndexLean513dc7cc.row035_good007_checked", "axioms": ["propext", "Classical.choice", "Quot.sound"]}, {"declared_name": "B699LowIndex.LowIndexLean513dc7cc.row035_good008_checked", "axioms": ["propext", "Classical.choice", "Quot.sound"]}, {"declared_name": "B699LowIndex.LowIndexLean513dc7cc.row035_good009_checked", "axioms": ["propext", "Classical.choice", "Quot.sound"]}, {"declared_name": "B699LowIndex.LowIndexLean513dc7cc.row035_good010_checked", "axioms": ["propext", "Classical.choice", "Quot.sound"]}, {"declared_name": "B699LowIndex.LowIndexLean513dc7cc.row035_good011_checked", "axioms": ["propext", "Classical.choice", "Quot.sound"]}, {"declared_name": "B699LowIndex.LowIndexLean513dc7cc.row035_good012_checked", "axioms": ["propext", "Classical.choice", "Quot.sound"]}, {"declared_name": "B699LowIndex.LowIndexLean513dc7cc.row035_good013_checked", "axioms": ["propext", "Classical.choice", "Quot.sound"]}, {"declared_name": "B699LowIndex.LowIndexLean513dc7cc.row035_good014_checked", "axioms": ["propext", "Classical.choice", "Quot.sound"]}, {"declared_name": "B699LowIndex.LowIndexLean513dc7cc.row035_good015_checked", "axioms": ["propext", "Classical.choice", "Quot.sound"]}], "unexpected_axioms": [], "guarded_output_inferred": false}}
2026-09-10T19:23:35.2451422Z B699_COMPILE {"source": "research/tasks/B699-Binomial/runs/20260911-low-index-lean-513dc7cc/lean/rows/Row035/Goods016.lean", "source_sha256_before": "009370a52743181bbca726ca69b55b7842f78ef8510183b1acf9c04b4fc5d969", "source_sha256_after": "009370a52743181bbca726ca69b55b7842f78ef8510183b1acf9c04b4fc5d969", "output_sha256": "381113f94bb39a0d8d1f441406563ae3269dc86f9e266eb6555ae72e0cdb35c6", "seconds": 1.447, "exit_code": 0, "failure": null, "log": "research/tasks/B699-Binomial/runs/20260911-low-index-lean-513dc7cc/verification/20260910T192207042879Z/logs/compile-0027-research_tasks_B699-Binomial_runs_20260911-low-index-lean-513dc7cc_lean_rows_Row035_Goods016.lean.log", "log_sha256": "452bc2004a7fb7265aed6e133f731b57b565d2bef36801c8953e33a9fb0957a0", "axiom_audit": {"declared_print_axioms": 16, "declared_names": ["B699LowIndex.LowIndexLean513dc7cc.row035_good016_checked", "B699LowIndex.LowIndexLean513dc7cc.row035_good017_checked", "B699LowIndex.LowIndexLean513dc7cc.row035_good018_checked", "B699LowIndex.LowIndexLean513dc7cc.row035_good019_checked", "B699LowIndex.LowIndexLean513dc7cc.row035_good020_checked", "B699LowIndex.LowIndexLean513dc7cc.row035_good021_checked", "B699LowIndex.LowIndexLean513dc7cc.row035_good022_checked", "B699LowIndex.LowIndexLean513dc7cc.row035_good023_checked", "B699LowIndex.LowIndexLean513dc7cc.row035_good024_checked", "B699LowIndex.LowIndexLean513dc7cc.row035_good025_checked", "B699LowIndex.LowIndexLean513dc7cc.row035_good026_checked", "B699LowIndex.LowIndexLean513dc7cc.row035_good027_checked", "B699LowIndex.LowIndexLean513dc7cc.row035_good028_checked", "B699LowIndex.LowIndexLean513dc7cc.row035_good029_checked", "B699LowIndex.LowIndexLean513dc7cc.row035_good030_checked", "B699LowIndex.LowIndexLean513dc7cc.row035_good031_checked"], "guarded_print_axioms": 0, "guarded_names": [], "actual_printed": 16, "guard_msgs_in_source": 0, "printed": [{"declared_name": "B699LowIndex.LowIndexLean513dc7cc.row035_good016_checked", "axioms": ["propext", "Classical.choice", "Quot.sound"]}, {"declared_name": "B699LowIndex.LowIndexLean513dc7cc.row035_good017_checked", "axioms": ["propext", "Classical.choice", "Quot.sound"]}, {"declared_name": "B699LowIndex.LowIndexLean513dc7cc.row035_good018_checked", "axioms": ["propext", "Classical.choice", "Quot.sound"]}, {"declared_name": "B699LowIndex.LowIndexLean513dc7cc.row035_good019_checked", "axioms": ["propext", "Classical.choice", "Quot.sound"]}, {"declared_name": "B699LowIndex.LowIndexLean513dc7cc.row035_good020_checked", "axioms": ["propext", "Classical.choice", "Quot.sound"]}, {"declared_name": "B699LowIndex.LowIndexLean513dc7cc.row035_good021_checked", "axioms": ["propext", "Classical.choice", "Quot.sound"]}, {"declared_name": "B699LowIndex.LowIndexLean513dc7cc.row035_good022_checked", "axioms": ["propext", "Classical.choice", "Quot.sound"]}, {"declared_name": "B699LowIndex.LowIndexLean513dc7cc.row035_good023_checked", "axioms": ["propext", "Classical.choice", "Quot.sound"]}, {"declared_name": "B699LowIndex.LowIndexLean513dc7cc.row035_good024_checked", "axioms": ["propext", "Classical.choice", "Quot.sound"]}, {"declared_name": "B699LowIndex.LowIndexLean513dc7cc.row035_good025_checked", "axioms": ["propext", "Classical.choice", "Quot.sound"]}, {"declared_name": "B699LowIndex.LowIndexLean513dc7cc.row035_good026_checked", "axioms": ["propext", "Classical.choice", "Quot.sound"]}, {"declared_name": "B699LowIndex.LowIndexLean513dc7cc.row035_good027_checked", "axioms": ["propext", "Classical.choice", "Quot.sound"]}, {"declared_name": "B699LowIndex.LowIndexLean513dc7cc.row035_good028_checked", "axioms": ["propext", "Classical.choice", "Quot.sound"]}, {"declared_name": "B699LowIndex.LowIndexLean513dc7cc.row035_good029_checked", "axioms": ["propext", "Classical.choice", "Quot.sound"]}, {"declared_name": "B699LowIndex.LowIndexLean513dc7cc.row035_good030_checked", "axioms": ["propext", "Classical.choice", "Quot.sound"]}, {"declared_name": "B699LowIndex.LowIndexLean513dc7cc.row035_good031_checked", "axioms": ["propext", "Classical.choice", "Quot.sound"]}], "unexpected_axioms": [], "guarded_output_inferred": false}}
2026-09-10T19:23:35.2479177Z B699_COMPILE {"source": "research/tasks/B699-Binomial/runs/20260911-low-index-lean-513dc7cc/lean/rows/Row035/Goods032.lean", "source_sha256_before": "667cf7e655cfa1a6bc9a36607674f2b15fa833f82e5b65aa5f6a7f2bb2f8d54d", "source_sha256_after": "667cf7e655cfa1a6bc9a36607674f2b15fa833f82e5b65aa5f6a7f2bb2f8d54d", "output_sha256": "8778970cb7cddab52c0afe623d889d1439036384a8b08d84ac4cf3ffdbb9e74b", "seconds": 1.443, "exit_code": 0, "failure": null, "log": "research/tasks/B699-Binomial/runs/20260911-low-index-lean-513dc7cc/verification/20260910T192207042879Z/logs/compile-0028-research_tasks_B699-Binomial_runs_20260911-low-index-lean-513dc7cc_lean_rows_Row035_Goods032.lean.log", "log_sha256": "946516fd950af3d24c8cdbe716cb0a8e7d4c852d242feeb9d9aacfe4a644dbc8", "axiom_audit": {"declared_print_axioms": 16, "declared_names": ["B699LowIndex.LowIndexLean513dc7cc.row035_good032_checked", "B699LowIndex.LowIndexLean513dc7cc.row035_good033_checked", "B699LowIndex.LowIndexLean513dc7cc.row035_good034_checked", "B699LowIndex.LowIndexLean513dc7cc.row035_good035_checked", "B699LowIndex.LowIndexLean513dc7cc.row035_good036_checked", "B699LowIndex.LowIndexLean513dc7cc.row035_good037_checked", "B699LowIndex.LowIndexLean513dc7cc.row035_good038_checked", "B699LowIndex.LowIndexLean513dc7cc.row035_good039_checked", "B699LowIndex.LowIndexLean513dc7cc.row035_good040_checked", "B699LowIndex.LowIndexLean513dc7cc.row035_good041_checked", "B699LowIndex.LowIndexLean513dc7cc.row035_good042_checked", "B699LowIndex.LowIndexLean513dc7cc.row035_good043_checked", "B699LowIndex.LowIndexLean513dc7cc.row035_good044_checked", "B699LowIndex.LowIndexLean513dc7cc.row035_good045_checked", "B699LowIndex.LowIndexLean513dc7cc.row035_good046_checked", "B699LowIndex.LowIndexLean513dc7cc.row035_good047_checked"], "guarded_print_axioms": 0, "guarded_names": [], "actual_printed": 16, "guard_msgs_in_source": 0, "printed": [{"declared_name": "B699LowIndex.LowIndexLean513dc7cc.row035_good032_checked", "axioms": ["propext", "Classical.choice", "Quot.sound"]}, {"declared_name": "B699LowIndex.LowIndexLean513dc7cc.row035_good033_checked", "axioms": ["propext", "Classical.choice", "Quot.sound"]}, {"declared_name": "B699LowIndex.LowIndexLean513dc7cc.row035_good034_checked", "axioms": ["propext", "Classical.choice", "Quot.sound"]}, {"declared_name": "B699LowIndex.LowIndexLean513dc7cc.row035_good035_checked", "axioms": ["propext", "Classical.choice", "Quot.sound"]}, {"declared_name": "B699LowIndex.LowIndexLean513dc7cc.row035_good036_checked", "axioms": ["propext", "Classical.choice", "Quot.sound"]}, {"declared_name": "B699LowIndex.LowIndexLean513dc7cc.row035_good037_checked", "axioms": ["propext", "Classical.choice", "Quot.sound"]}, {"declared_name": "B699LowIndex.LowIndexLean513dc7cc.row035_good038_checked", "axioms": ["propext", "Classical.choice", "Quot.sound"]}, {"declared_name": "B699LowIndex.LowIndexLean513dc7cc.row035_good039_checked", "axioms": ["propext", "Classical.choice", "Quot.sound"]}, {"declared_name": "B699LowIndex.LowIndexLean513dc7cc.row035_good040_checked", "axioms": ["propext", "Classical.choice", "Quot.sound"]}, {"declared_name": "B699LowIndex.LowIndexLean513dc7cc.row035_good041_checked", "axioms": ["propext", "Classical.choice", "Quot.sound"]}, {"declared_name": "B699LowIndex.LowIndexLean513dc7cc.row035_good042_checked", "axioms": ["propext", "Classical.choice", "Quot.sound"]}, {"declared_name": "B699LowIndex.LowIndexLean513dc7cc.row035_good043_checked", "axioms": ["propext", "Classical.choice", "Quot.sound"]}, {"declared_name": "B699LowIndex.LowIndexLean513dc7cc.row035_good044_checked", "axioms": ["propext", "Classical.choice", "Quot.sound"]}, {"declared_name": "B699LowIndex.LowIndexLean513dc7cc.row035_good045_checked", "axioms": ["propext", "Classical.choice", "Quot.sound"]}, {"declared_name": "B699LowIndex.LowIndexLean513dc7cc.row035_good046_checked", "axioms": ["propext", "Classical.choice", "Quot.sound"]}, {"declared_name": "B699LowIndex.LowIndexLean513dc7cc.row035_good047_checked", "axioms": ["propext", "Classical.choice", "Quot.sound"]}], "unexpected_axioms": [], "guarded_output_inferred": false}}
2026-09-10T19:23:35.2507063Z B699_COMPILE {"source": "research/tasks/B699-Binomial/runs/20260911-low-index-lean-513dc7cc/lean/rows/Row035/Goods048.lean", "source_sha256_before": "50e7459f69aa8dac70ac1012241b9374742152ed1c8346c8cc0418387ebbaf98", "source_sha256_after": "50e7459f69aa8dac70ac1012241b9374742152ed1c8346c8cc0418387ebbaf98", "output_sha256": "ae25a7a90543601eb989e5c600df4c3f1b6aa8b1c1f377e7a7682683f9965e68", "seconds": 1.461, "exit_code": 0, "failure": null, "log": "research/tasks/B699-Binomial/runs/20260911-low-index-lean-513dc7cc/verification/20260910T192207042879Z/logs/compile-0029-research_tasks_B699-Binomial_runs_20260911-low-index-lean-513dc7cc_lean_rows_Row035_Goods048.lean.log", "log_sha256": "89f735407aa226b4ff574b9ff1468424b8b86244abbce454e207a797cb068bb8", "axiom_audit": {"declared_print_axioms": 16, "declared_names": ["B699LowIndex.LowIndexLean513dc7cc.row035_good048_checked", "B699LowIndex.LowIndexLean513dc7cc.row035_good049_checked", "B699LowIndex.LowIndexLean513dc7cc.row035_good050_checked", "B699LowIndex.LowIndexLean513dc7cc.row035_good051_checked", "B699LowIndex.LowIndexLean513dc7cc.row035_good052_checked", "B699LowIndex.LowIndexLean513dc7cc.row035_good053_checked", "B699LowIndex.LowIndexLean513dc7cc.row035_good054_checked", "B699LowIndex.LowIndexLean513dc7cc.row035_good055_checked", "B699LowIndex.LowIndexLean513dc7cc.row035_good056_checked", "B699LowIndex.LowIndexLean513dc7cc.row035_good057_checked", "B699LowIndex.LowIndexLean513dc7cc.row035_good058_checked", "B699LowIndex.LowIndexLean513dc7cc.row035_good059_checked", "B699LowIndex.LowIndexLean513dc7cc.row035_good060_checked", "B699LowIndex.LowIndexLean513dc7cc.row035_good061_checked", "B699LowIndex.LowIndexLean513dc7cc.row035_good062_checked", "B699LowIndex.LowIndexLean513dc7cc.row035_good063_checked"], "guarded_print_axioms": 0, "guarded_names": [], "actual_printed": 16, "guard_msgs_in_source": 0, "printed": [{"declared_name": "B699LowIndex.LowIndexLean513dc7cc.row035_good048_checked", "axioms": ["propext", "Classical.choice", "Quot.sound"]}, {"declared_name": "B699LowIndex.LowIndexLean513dc7cc.row035_good049_checked", "axioms": ["propext", "Classical.choice", "Quot.sound"]}, {"declared_name": "B699LowIndex.LowIndexLean513dc7cc.row035_good050_checked", "axioms": ["propext", "Classical.choice", "Quot.sound"]}, {"declared_name": "B699LowIndex.LowIndexLean513dc7cc.row035_good051_checked", "axioms": ["propext", "Classical.choice", "Quot.sound"]}, {"declared_name": "B699LowIndex.LowIndexLean513dc7cc.row035_good052_checked", "axioms": ["propext", "Classical.choice", "Quot.sound"]}, {"declared_name": "B699LowIndex.LowIndexLean513dc7cc.row035_good053_checked", "axioms": ["propext", "Classical.choice", "Quot.sound"]}, {"declared_name": "B699LowIndex.LowIndexLean513dc7cc.row035_good054_checked", "axioms": ["propext", "Classical.choice", "Quot.sound"]}, {"declared_name": "B699LowIndex.LowIndexLean513dc7cc.row035_good055_checked", "axioms": ["propext", "Classical.choice", "Quot.sound"]}, {"declared_name": "B699LowIndex.LowIndexLean513dc7cc.row035_good056_checked", "axioms": ["propext", "Classical.choice", "Quot.sound"]}, {"declared_name": "B699LowIndex.LowIndexLean513dc7cc.row035_good057_checked", "axioms": ["propext", "Classical.choice", "Quot.sound"]}, {"declared_name": "B699LowIndex.LowIndexLean513dc7cc.row035_good058_checked", "axioms": ["propext", "Classical.choice", "Quot.sound"]}, {"declared_name": "B699LowIndex.LowIndexLean513dc7cc.row035_good059_checked", "axioms": ["propext", "Classical.choice", "Quot.sound"]}, {"declared_name": "B699LowIndex.LowIndexLean513dc7cc.row035_good060_checked", "axioms": ["propext", "Classical.choice", "Quot.sound"]}, {"declared_name": "B699LowIndex.LowIndexLean513dc7cc.row035_good061_checked", "axioms": ["propext", "Classical.choice", "Quot.sound"]}, {"declared_name": "B699LowIndex.LowIndexLean513dc7cc.row035_good062_checked", "axioms": ["propext", "Classical.choice", "Quot.sound"]}, {"declared_name": "B699LowIndex.LowIndexLean513dc7cc.row035_good063_checked", "axioms": ["propext", "Classical.choice", "Quot.sound"]}], "unexpected_axioms": [], "guarded_output_inferred": false}}
2026-09-10T19:23:35.2534602Z B699_COMPILE {"source": "research/tasks/B699-Binomial/runs/20260911-low-index-lean-513dc7cc/lean/rows/Row035/Goods064.lean", "source_sha256_before": "d6bd1972c8edd7804365f680dd02f1364051573fb6bad1b08743b741572dfcc8", "source_sha256_after": "d6bd1972c8edd7804365f680dd02f1364051573fb6bad1b08743b741572dfcc8", "output_sha256": "7d26ac2d377b9c81c3d1dbf3e94f0a2840db10ed206471699cc44141833231e3", "seconds": 1.445, "exit_code": 0, "failure": null, "log": "research/tasks/B699-Binomial/runs/20260911-low-index-lean-513dc7cc/verification/20260910T192207042879Z/logs/compile-0030-research_tasks_B699-Binomial_runs_20260911-low-index-lean-513dc7cc_lean_rows_Row035_Goods064.lean.log", "log_sha256": "139815481286950cbdeaac55cf740a03e6178f0d97517f877b669927b8f6b65d", "axiom_audit": {"declared_print_axioms": 16, "declared_names": ["B699LowIndex.LowIndexLean513dc7cc.row035_good064_checked", "B699LowIndex.LowIndexLean513dc7cc.row035_good065_checked", "B699LowIndex.LowIndexLean513dc7cc.row035_good066_checked", "B699LowIndex.LowIndexLean513dc7cc.row035_good067_checked", "B699LowIndex.LowIndexLean513dc7cc.row035_good068_checked", "B699LowIndex.LowIndexLean513dc7cc.row035_good069_checked", "B699LowIndex.LowIndexLean513dc7cc.row035_good070_checked", "B699LowIndex.LowIndexLean513dc7cc.row035_good071_checked", "B699LowIndex.LowIndexLean513dc7cc.row035_good072_checked", "B699LowIndex.LowIndexLean513dc7cc.row035_good073_checked", "B699LowIndex.LowIndexLean513dc7cc.row035_good074_checked", "B699LowIndex.LowIndexLean513dc7cc.row035_good075_checked", "B699LowIndex.LowIndexLean513dc7cc.row035_good076_checked", "B699LowIndex.LowIndexLean513dc7cc.row035_good077_checked", "B699LowIndex.LowIndexLean513dc7cc.row035_good078_checked", "B699LowIndex.LowIndexLean513dc7cc.row035_good079_checked"], "guarded_print_axioms": 0, "guarded_names": [], "actual_printed": 16, "guard_msgs_in_source": 0, "printed": [{"declared_name": "B699LowIndex.LowIndexLean513dc7cc.row035_good064_checked", "axioms": ["propext", "Classical.choice", "Quot.sound"]}, {"declared_name": "B699LowIndex.LowIndexLean513dc7cc.row035_good065_checked", "axioms": ["propext", "Classical.choice", "Quot.sound"]}, {"declared_name": "B699LowIndex.LowIndexLean513dc7cc.row035_good066_checked", "axioms": ["propext", "Classical.choice", "Quot.sound"]}, {"declared_name": "B699LowIndex.LowIndexLean513dc7cc.row035_good067_checked", "axioms": ["propext", "Classical.choice", "Quot.sound"]}, {"declared_name": "B699LowIndex.LowIndexLean513dc7cc.row035_good068_checked", "axioms": ["propext", "Classical.choice", "Quot.sound"]}, {"declared_name": "B699LowIndex.LowIndexLean513dc7cc.row035_good069_checked", "axioms": ["propext", "Classical.choice", "Quot.sound"]}, {"declared_name": "B699LowIndex.LowIndexLean513dc7cc.row035_good070_checked", "axioms": ["propext", "Classical.choice", "Quot.sound"]}, {"declared_name": "B699LowIndex.LowIndexLean513dc7cc.row035_good071_checked", "axioms": ["propext", "Classical.choice", "Quot.sound"]}, {"declared_name": "B699LowIndex.LowIndexLean513dc7cc.row035_good072_checked", "axioms": ["propext", "Classical.choice", "Quot.sound"]}, {"declared_name": "B699LowIndex.LowIndexLean513dc7cc.row035_good073_checked", "axioms": ["propext", "Classical.choice", "Quot.sound"]}, {"declared_name": "B699LowIndex.LowIndexLean513dc7cc.row035_good074_checked", "axioms": ["propext", "Classical.choice", "Quot.sound"]}, {"declared_name": "B699LowIndex.LowIndexLean513dc7cc.row035_good075_checked", "axioms": ["propext", "Classical.choice", "Quot.sound"]}, {"declared_name": "B699LowIndex.LowIndexLean513dc7cc.row035_good076_checked", "axioms": ["propext", "Classical.choice", "Quot.sound"]}, {"declared_name": "B699LowIndex.LowIndexLean513dc7cc.row035_good077_checked", "axioms": ["propext", "Classical.choice", "Quot.sound"]}, {"declared_name": "B699LowIndex.LowIndexLean513dc7cc.row035_good078_checked", "axioms": ["propext", "Classical.choice", "Quot.sound"]}, {"declared_name": "B699LowIndex.LowIndexLean513dc7cc.row035_good079_checked", "axioms": ["propext", "Classical.choice", "Quot.sound"]}], "unexpected_axioms": [], "guarded_output_inferred": false}}
2026-09-10T19:23:35.2562144Z B699_COMPILE {"source": "research/tasks/B699-Binomial/runs/20260911-low-index-lean-513dc7cc/lean/rows/Row035/Goods080.lean", "source_sha256_before": "7f6e0d1dff2ffc531116390c13869140d7c75c58fe63bc654bfa5c8c410a0336", "source_sha256_after": "7f6e0d1dff2ffc531116390c13869140d7c75c58fe63bc654bfa5c8c410a0336", "output_sha256": "0c6435248279d72ee315a6a133f57edd1d6c802633d3b2637f5dfb06b39b8f7b", "seconds": 1.513, "exit_code": 0, "failure": null, "log": "research/tasks/B699-Binomial/runs/20260911-low-index-lean-513dc7cc/verification/20260910T192207042879Z/logs/compile-0031-research_tasks_B699-Binomial_runs_20260911-low-index-lean-513dc7cc_lean_rows_Row035_Goods080.lean.log", "log_sha256": "050142daaa6df6c6977ae7efe3c35da4791df3b110d6f348ed809c9d3cf7e029", "axiom_audit": {"declared_print_axioms": 16, "declared_names": ["B699LowIndex.LowIndexLean513dc7cc.row035_good080_checked", "B699LowIndex.LowIndexLean513dc7cc.row035_good081_checked", "B699LowIndex.LowIndexLean513dc7cc.row035_good082_checked", "B699LowIndex.LowIndexLean513dc7cc.row035_good083_checked", "B699LowIndex.LowIndexLean513dc7cc.row035_good084_checked", "B699LowIndex.LowIndexLean513dc7cc.row035_good085_checked", "B699LowIndex.LowIndexLean513dc7cc.row035_good086_checked", "B699LowIndex.LowIndexLean513dc7cc.row035_good087_checked", "B699LowIndex.LowIndexLean513dc7cc.row035_good088_checked", "B699LowIndex.LowIndexLean513dc7cc.row035_good089_checked", "B699LowIndex.LowIndexLean513dc7cc.row035_good090_checked", "B699LowIndex.LowIndexLean513dc7cc.row035_good091_checked", "B699LowIndex.LowIndexLean513dc7cc.row035_good092_checked", "B699LowIndex.LowIndexLean513dc7cc.row035_good093_checked", "B699LowIndex.LowIndexLean513dc7cc.row035_good094_checked", "B699LowIndex.LowIndexLean513dc7cc.row035_good095_checked"], "guarded_print_axioms": 0, "guarded_names": [], "actual_printed": 16, "guard_msgs_in_source": 0, "printed": [{"declared_name": "B699LowIndex.LowIndexLean513dc7cc.row035_good080_checked", "axioms": ["propext", "Classical.choice", "Quot.sound"]}, {"declared_name": "B699LowIndex.LowIndexLean513dc7cc.row035_good081_checked", "axioms": ["propext", "Classical.choice", "Quot.sound"]}, {"declared_name": "B699LowIndex.LowIndexLean513dc7cc.row035_good082_checked", "axioms": ["propext", "Classical.choice", "Quot.sound"]}, {"declared_name": "B699LowIndex.LowIndexLean513dc7cc.row035_good083_checked", "axioms": ["propext", "Classical.choice", "Quot.sound"]}, {"declared_name": "B699LowIndex.LowIndexLean513dc7cc.row035_good084_checked", "axioms": ["propext", "Classical.choice", "Quot.sound"]}, {"declared_name": "B699LowIndex.LowIndexLean513dc7cc.row035_good085_checked", "axioms": ["propext", "Classical.choice", "Quot.sound"]}, {"declared_name": "B699LowIndex.LowIndexLean513dc7cc.row035_good086_checked", "axioms": ["propext", "Classical.choice", "Quot.sound"]}, {"declared_name": "B699LowIndex.LowIndexLean513dc7cc.row035_good087_checked", "axioms": ["propext", "Classical.choice", "Quot.sound"]}, {"declared_name": "B699LowIndex.LowIndexLean513dc7cc.row035_good088_checked", "axioms": ["propext", "Classical.choice", "Quot.sound"]}, {"declared_name": "B699LowIndex.LowIndexLean513dc7cc.row035_good089_checked", "axioms": ["propext", "Classical.choice", "Quot.sound"]}, {"declared_name": "B699LowIndex.LowIndexLean513dc7cc.row035_good090_checked", "axioms": ["propext", "Classical.choice", "Quot.sound"]}, {"declared_name": "B699LowIndex.LowIndexLean513dc7cc.row035_good091_checked", "axioms": ["propext", "Classical.choice", "Quot.sound"]}, {"declared_name": "B699LowIndex.LowIndexLean513dc7cc.row035_good092_checked", "axioms": ["propext", "Classical.choice", "Quot.sound"]}, {"declared_name": "B699LowIndex.LowIndexLean513dc7cc.row035_good093_checked", "axioms": ["propext", "Classical.choice", "Quot.sound"]}, {"declared_name": "B699LowIndex.LowIndexLean513dc7cc.row035_good094_checked", "axioms": ["propext", "Classical.choice", "Quot.sound"]}, {"declared_name": "B699LowIndex.LowIndexLean513dc7cc.row035_good095_checked", "axioms": ["propext", "Classical.choice", "Quot.sound"]}], "unexpected_axioms": [], "guarded_output_inferred": false}}
2026-09-10T19:23:35.2589495Z B699_COMPILE {"source": "research/tasks/B699-Binomial/runs/20260911-low-index-lean-513dc7cc/lean/rows/Row035/Goods096.lean", "source_sha256_before": "68a35a05c74a1752b18430ca51052d355b5102a6f3e9e6c6a3ab9865afefe16b", "source_sha256_after": "68a35a05c74a1752b18430ca51052d355b5102a6f3e9e6c6a3ab9865afefe16b", "output_sha256": "dfd86911e1c4461c82a45d2c9b9ee20cd6b02ddee00af5e8e9efc2c77f76ad9e", "seconds": 1.477, "exit_code": 0, "failure": null, "log": "research/tasks/B699-Binomial/runs/20260911-low-index-lean-513dc7cc/verification/20260910T192207042879Z/logs/compile-0032-research_tasks_B699-Binomial_runs_20260911-low-index-lean-513dc7cc_lean_rows_Row035_Goods096.lean.log", "log_sha256": "e5e3afca2f8f4219a1b1795c16906b13ad274056037eaea2463a0d1d1c643173", "axiom_audit": {"declared_print_axioms": 16, "declared_names": ["B699LowIndex.LowIndexLean513dc7cc.row035_good096_checked", "B699LowIndex.LowIndexLean513dc7cc.row035_good097_checked", "B699LowIndex.LowIndexLean513dc7cc.row035_good098_checked", "B699LowIndex.LowIndexLean513dc7cc.row035_good099_checked", "B699LowIndex.LowIndexLean513dc7cc.row035_good100_checked", "B699LowIndex.LowIndexLean513dc7cc.row035_good101_checked", "B699LowIndex.LowIndexLean513dc7cc.row035_good102_checked", "B699LowIndex.LowIndexLean513dc7cc.row035_good103_checked", "B699LowIndex.LowIndexLean513dc7cc.row035_good104_checked", "B699LowIndex.LowIndexLean513dc7cc.row035_good105_checked", "B699LowIndex.LowIndexLean513dc7cc.row035_good106_checked", "B699LowIndex.LowIndexLean513dc7cc.row035_good107_checked", "B699LowIndex.LowIndexLean513dc7cc.row035_good108_checked", "B699LowIndex.LowIndexLean513dc7cc.row035_good109_checked", "B699LowIndex.LowIndexLean513dc7cc.row035_good110_checked", "B699LowIndex.LowIndexLean513dc7cc.row035_good111_checked"], "guarded_print_axioms": 0, "guarded_names": [], "actual_printed": 16, "guard_msgs_in_source": 0, "printed": [{"declared_name": "B699LowIndex.LowIndexLean513dc7cc.row035_good096_checked", "axioms": ["propext", "Classical.choice", "Quot.sound"]}, {"declared_name": "B699LowIndex.LowIndexLean513dc7cc.row035_good097_checked", "axioms": ["propext", "Classical.choice", "Quot.sound"]}, {"declared_name": "B699LowIndex.LowIndexLean513dc7cc.row035_good098_checked", "axioms": ["propext", "Classical.choice", "Quot.sound"]}, {"declared_name": "B699LowIndex.LowIndexLean513dc7cc.row035_good099_checked", "axioms": ["propext", "Classical.choice", "Quot.sound"]}, {"declared_name": "B699LowIndex.LowIndexLean513dc7cc.row035_good100_checked", "axioms": ["propext", "Classical.choice", "Quot.sound"]}, {"declared_name": "B699LowIndex.LowIndexLean513dc7cc.row035_good101_checked", "axioms": ["propext", "Classical.choice", "Quot.sound"]}, {"declared_name": "B699LowIndex.LowIndexLean513dc7cc.row035_good102_checked", "axioms": ["propext", "Classical.choice", "Quot.sound"]}, {"declared_name": "B699LowIndex.LowIndexLean513dc7cc.row035_good103_checked", "axioms": ["propext", "Classical.choice", "Quot.sound"]}, {"declared_name": "B699LowIndex.LowIndexLean513dc7cc.row035_good104_checked", "axioms": ["propext", "Classical.choice", "Quot.sound"]}, {"declared_name": "B699LowIndex.LowIndexLean513dc7cc.row035_good105_checked", "axioms": ["propext", "Classical.choice", "Quot.sound"]}, {"declared_name": "B699LowIndex.LowIndexLean513dc7cc.row035_good106_checked", "axioms": ["propext", "Classical.choice", "Quot.sound"]}, {"declared_name": "B699LowIndex.LowIndexLean513dc7cc.row035_good107_checked", "axioms": ["propext", "Classical.choice", "Quot.sound"]}, {"declared_name": "B699LowIndex.LowIndexLean513dc7cc.row035_good108_checked", "axioms": ["propext", "Classical.choice", "Quot.sound"]}, {"declared_name": "B699LowIndex.LowIndexLean513dc7cc.row035_good109_checked", "axioms": ["propext", "Classical.choice", "Quot.sound"]}, {"declared_name": "B699LowIndex.LowIndexLean513dc7cc.row035_good110_checked", "axioms": ["propext", "Classical.choice", "Quot.sound"]}, {"declared_name": "B699LowIndex.LowIndexLean513dc7cc.row035_good111_checked", "axioms": ["propext", "Classical.choice", "Quot.sound"]}], "unexpected_axioms": [], "guarded_output_inferred": false}}
2026-09-10T19:23:35.2616927Z B699_COMPILE {"source": "research/tasks/B699-Binomial/runs/20260911-low-index-lean-513dc7cc/lean/rows/Row035/Goods112.lean", "source_sha256_before": "e836a51e3ebd7c15868dc5b456441cc80105f90b8ec084a53f4388d6f6aa3e5a", "source_sha256_after": "e836a51e3ebd7c15868dc5b456441cc80105f90b8ec084a53f4388d6f6aa3e5a", "output_sha256": "643c15f226e8d1b4994b5e8e831c81c8cb62e0bf7c7b063d24758e233358d162", "seconds": 1.493, "exit_code": 0, "failure": null, "log": "research/tasks/B699-Binomial/runs/20260911-low-index-lean-513dc7cc/verification/20260910T192207042879Z/logs/compile-0033-research_tasks_B699-Binomial_runs_20260911-low-index-lean-513dc7cc_lean_rows_Row035_Goods112.lean.log", "log_sha256": "60a46cac715a682b177d4c1468630f0c10514eefd4f27580bcb8a3c0758346b5", "axiom_audit": {"declared_print_axioms": 16, "declared_names": ["B699LowIndex.LowIndexLean513dc7cc.row035_good112_checked", "B699LowIndex.LowIndexLean513dc7cc.row035_good113_checked", "B699LowIndex.LowIndexLean513dc7cc.row035_good114_checked", "B699LowIndex.LowIndexLean513dc7cc.row035_good115_checked", "B699LowIndex.LowIndexLean513dc7cc.row035_good116_checked", "B699LowIndex.LowIndexLean513dc7cc.row035_good117_checked", "B699LowIndex.LowIndexLean513dc7cc.row035_good118_checked", "B699LowIndex.LowIndexLean513dc7cc.row035_good119_checked", "B699LowIndex.LowIndexLean513dc7cc.row035_good120_checked", "B699LowIndex.LowIndexLean513dc7cc.row035_good121_checked", "B699LowIndex.LowIndexLean513dc7cc.row035_good122_checked", "B699LowIndex.LowIndexLean513dc7cc.row035_good123_checked", "B699LowIndex.LowIndexLean513dc7cc.row035_good124_checked", "B699LowIndex.LowIndexLean513dc7cc.row035_good125_checked", "B699LowIndex.LowIndexLean513dc7cc.row035_good126_checked", "B699LowIndex.LowIndexLean513dc7cc.row035_good127_checked"], "guarded_print_axioms": 0, "guarded_names": [], "actual_printed": 16, "guard_msgs_in_source": 0, "printed": [{"declared_name": "B699LowIndex.LowIndexLean513dc7cc.row035_good112_checked", "axioms": ["propext", "Classical.choice", "Quot.sound"]}, {"declared_name": "B699LowIndex.LowIndexLean513dc7cc.row035_good113_checked", "axioms": ["propext", "Classical.choice", "Quot.sound"]}, {"declared_name": "B699LowIndex.LowIndexLean513dc7cc.row035_good114_checked", "axioms": ["propext", "Classical.choice", "Quot.sound"]}, {"declared_name": "B699LowIndex.LowIndexLean513dc7cc.row035_good115_checked", "axioms": ["propext", "Classical.choice", "Quot.sound"]}, {"declared_name": "B699LowIndex.LowIndexLean513dc7cc.row035_good116_checked", "axioms": ["propext", "Classical.choice", "Quot.sound"]}, {"declared_name": "B699LowIndex.LowIndexLean513dc7cc.row035_good117_checked", "axioms": ["propext", "Classical.choice", "Quot.sound"]}, {"declared_name": "B699LowIndex.LowIndexLean513dc7cc.row035_good118_checked", "axioms": ["propext", "Classical.choice", "Quot.sound"]}, {"declared_name": "B699LowIndex.LowIndexLean513dc7cc.row035_good119_checked", "axioms": ["propext", "Classical.choice", "Quot.sound"]}, {"declared_name": "B699LowIndex.LowIndexLean513dc7cc.row035_good120_checked", "axioms": ["propext", "Classical.choice", "Quot.sound"]}, {"declared_name": "B699LowIndex.LowIndexLean513dc7cc.row035_good121_checked", "axioms": ["propext", "Classical.choice", "Quot.sound"]}, {"declared_name": "B699LowIndex.LowIndexLean513dc7cc.row035_good122_checked", "axioms": ["propext", "Classical.choice", "Quot.sound"]}, {"declared_name": "B699LowIndex.LowIndexLean513dc7cc.row035_good123_checked", "axioms": ["propext", "Classical.choice", "Quot.sound"]}, {"declared_name": "B699LowIndex.LowIndexLean513dc7cc.row035_good124_checked", "axioms": ["propext", "Classical.choice", "Quot.sound"]}, {"declared_name": "B699LowIndex.LowIndexLean513dc7cc.row035_good125_checked", "axioms": ["propext", "Classical.choice", "Quot.sound"]}, {"declared_name": "B699LowIndex.LowIndexLean513dc7cc.row035_good126_checked", "axioms": ["propext", "Classical.choice", "Quot.sound"]}, {"declared_name": "B699LowIndex.LowIndexLean513dc7cc.row035_good127_checked", "axioms": ["propext", "Classical.choice", "Quot.sound"]}], "unexpected_axioms": [], "guarded_output_inferred": false}}
2026-09-10T19:23:35.2644238Z B699_COMPILE {"source": "research/tasks/B699-Binomial/runs/20260911-low-index-lean-513dc7cc/lean/rows/Row035/Goods128.lean", "source_sha256_before": "1fb5008001a2681e4632e8248ce6d0f72f57d712c7af171be25e82b4d6e442eb", "source_sha256_after": "1fb5008001a2681e4632e8248ce6d0f72f57d712c7af171be25e82b4d6e442eb", "output_sha256": "6fc054c62d9f35a4c27910ab3235306b60b68cf021b65660d3bbba687fba1608", "seconds": 1.507, "exit_code": 0, "failure": null, "log": "research/tasks/B699-Binomial/runs/20260911-low-index-lean-513dc7cc/verification/20260910T192207042879Z/logs/compile-0034-research_tasks_B699-Binomial_runs_20260911-low-index-lean-513dc7cc_lean_rows_Row035_Goods128.lean.log", "log_sha256": "32dc3d2d00bf369f9dd7f3cf5ce7cb15bc3190e486d4908a57dcaddd8902d671", "axiom_audit": {"declared_print_axioms": 16, "declared_names": ["B699LowIndex.LowIndexLean513dc7cc.row035_good128_checked", "B699LowIndex.LowIndexLean513dc7cc.row035_good129_checked", "B699LowIndex.LowIndexLean513dc7cc.row035_good130_checked", "B699LowIndex.LowIndexLean513dc7cc.row035_good131_checked", "B699LowIndex.LowIndexLean513dc7cc.row035_good132_checked", "B699LowIndex.LowIndexLean513dc7cc.row035_good133_checked", "B699LowIndex.LowIndexLean513dc7cc.row035_good134_checked", "B699LowIndex.LowIndexLean513dc7cc.row035_good135_checked", "B699LowIndex.LowIndexLean513dc7cc.row035_good136_checked", "B699LowIndex.LowIndexLean513dc7cc.row035_good137_checked", "B699LowIndex.LowIndexLean513dc7cc.row035_good138_checked", "B699LowIndex.LowIndexLean513dc7cc.row035_good139_checked", "B699LowIndex.LowIndexLean513dc7cc.row035_good140_checked", "B699LowIndex.LowIndexLean513dc7cc.row035_good141_checked", "B699LowIndex.LowIndexLean513dc7cc.row035_good142_checked", "B699LowIndex.LowIndexLean513dc7cc.row035_good143_checked"], "guarded_print_axioms": 0, "guarded_names": [], "actual_printed": 16, "guard_msgs_in_source": 0, "printed": [{"declared_name": "B699LowIndex.LowIndexLean513dc7cc.row035_good128_checked", "axioms": ["propext", "Classical.choice", "Quot.sound"]}, {"declared_name": "B699LowIndex.LowIndexLean513dc7cc.row035_good129_checked", "axioms": ["propext", "Classical.choice", "Quot.sound"]}, {"declared_name": "B699LowIndex.LowIndexLean513dc7cc.row035_good130_checked", "axioms": ["propext", "Classical.choice", "Quot.sound"]}, {"declared_name": "B699LowIndex.LowIndexLean513dc7cc.row035_good131_checked", "axioms": ["propext", "Classical.choice", "Quot.sound"]}, {"declared_name": "B699LowIndex.LowIndexLean513dc7cc.row035_good132_checked", "axioms": ["propext", "Classical.choice", "Quot.sound"]}, {"declared_name": "B699LowIndex.LowIndexLean513dc7cc.row035_good133_checked", "axioms": ["propext", "Classical.choice", "Quot.sound"]}, {"declared_name": "B699LowIndex.LowIndexLean513dc7cc.row035_good134_checked", "axioms": ["propext", "Classical.choice", "Quot.sound"]}, {"declared_name": "B699LowIndex.LowIndexLean513dc7cc.row035_good135_checked", "axioms": ["propext", "Classical.choice", "Quot.sound"]}, {"declared_name": "B699LowIndex.LowIndexLean513dc7cc.row035_good136_checked", "axioms": ["propext", "Classical.choice", "Quot.sound"]}, {"declared_name": "B699LowIndex.LowIndexLean513dc7cc.row035_good137_checked", "axioms": ["propext", "Classical.choice", "Quot.sound"]}, {"declared_name": "B699LowIndex.LowIndexLean513dc7cc.row035_good138_checked", "axioms": ["propext", "Classical.choice", "Quot.sound"]}, {"declared_name": "B699LowIndex.LowIndexLean513dc7cc.row035_good139_checked", "axioms": ["propext", "Classical.choice", "Quot.sound"]}, {"declared_name": "B699LowIndex.LowIndexLean513dc7cc.row035_good140_checked", "axioms": ["propext", "Classical.choice", "Quot.sound"]}, {"declared_name": "B699LowIndex.LowIndexLean513dc7cc.row035_good141_checked", "axioms": ["propext", "Classical.choice", "Quot.sound"]}, {"declared_name": "B699LowIndex.LowIndexLean513dc7cc.row035_good142_checked", "axioms": ["propext", "Classical.choice", "Quot.sound"]}, {"declared_name": "B699LowIndex.LowIndexLean513dc7cc.row035_good143_checked", "axioms": ["propext", "Classical.choice", "Quot.sound"]}], "unexpected_axioms": [], "guarded_output_inferred": false}}
2026-09-10T19:23:35.2671644Z B699_COMPILE {"source": "research/tasks/B699-Binomial/runs/20260911-low-index-lean-513dc7cc/lean/rows/Row035/Goods144.lean", "source_sha256_before": "5e06fa7e0b8fe249f87424d13369bf94f17ef4251bad74b5df7e295dfc8fac5b", "source_sha256_after": "5e06fa7e0b8fe249f87424d13369bf94f17ef4251bad74b5df7e295dfc8fac5b", "output_sha256": "7d82900bf9f8fcb46f578a80988f0f2d4900a83e449b080c79508c979bdbd12b", "seconds": 1.51, "exit_code": 0, "failure": null, "log": "research/tasks/B699-Binomial/runs/20260911-low-index-lean-513dc7cc/verification/20260910T192207042879Z/logs/compile-0035-research_tasks_B699-Binomial_runs_20260911-low-index-lean-513dc7cc_lean_rows_Row035_Goods144.lean.log", "log_sha256": "f8d30871115fbb6be3d558ef620d6ca3fa35f29922e82a741fea5944281cdd69", "axiom_audit": {"declared_print_axioms": 16, "declared_names": ["B699LowIndex.LowIndexLean513dc7cc.row035_good144_checked", "B699LowIndex.LowIndexLean513dc7cc.row035_good145_checked", "B699LowIndex.LowIndexLean513dc7cc.row035_good146_checked", "B699LowIndex.LowIndexLean513dc7cc.row035_good147_checked", "B699LowIndex.LowIndexLean513dc7cc.row035_good148_checked", "B699LowIndex.LowIndexLean513dc7cc.row035_good149_checked", "B699LowIndex.LowIndexLean513dc7cc.row035_good150_checked", "B699LowIndex.LowIndexLean513dc7cc.row035_good151_checked", "B699LowIndex.LowIndexLean513dc7cc.row035_good152_checked", "B699LowIndex.LowIndexLean513dc7cc.row035_good153_checked", "B699LowIndex.LowIndexLean513dc7cc.row035_good154_checked", "B699LowIndex.LowIndexLean513dc7cc.row035_good155_checked", "B699LowIndex.LowIndexLean513dc7cc.row035_good156_checked", "B699LowIndex.LowIndexLean513dc7cc.row035_good157_checked", "B699LowIndex.LowIndexLean513dc7cc.row035_good158_checked", "B699LowIndex.LowIndexLean513dc7cc.row035_good159_checked"], "guarded_print_axioms": 0, "guarded_names": [], "actual_printed": 16, "guard_msgs_in_source": 0, "printed": [{"declared_name": "B699LowIndex.LowIndexLean513dc7cc.row035_good144_checked", "axioms": ["propext", "Classical.choice", "Quot.sound"]}, {"declared_name": "B699LowIndex.LowIndexLean513dc7cc.row035_good145_checked", "axioms": ["propext", "Classical.choice", "Quot.sound"]}, {"declared_name": "B699LowIndex.LowIndexLean513dc7cc.row035_good146_checked", "axioms": ["propext", "Classical.choice", "Quot.sound"]}, {"declared_name": "B699LowIndex.LowIndexLean513dc7cc.row035_good147_checked", "axioms": ["propext", "Classical.choice", "Quot.sound"]}, {"declared_name": "B699LowIndex.LowIndexLean513dc7cc.row035_good148_checked", "axioms": ["propext", "Classical.choice", "Quot.sound"]}, {"declared_name": "B699LowIndex.LowIndexLean513dc7cc.row035_good149_checked", "axioms": ["propext", "Classical.choice", "Quot.sound"]}, {"declared_name": "B699LowIndex.LowIndexLean513dc7cc.row035_good150_checked", "axioms": ["propext", "Classical.choice", "Quot.sound"]}, {"declared_name": "B699LowIndex.LowIndexLean513dc7cc.row035_good151_checked", "axioms": ["propext", "Classical.choice", "Quot.sound"]}, {"declared_name": "B699LowIndex.LowIndexLean513dc7cc.row035_good152_checked", "axioms": ["propext", "Classical.choice", "Quot.sound"]}, {"declared_name": "B699LowIndex.LowIndexLean513dc7cc.row035_good153_checked", "axioms": ["propext", "Classical.choice", "Quot.sound"]}, {"declared_name": "B699LowIndex.LowIndexLean513dc7cc.row035_good154_checked", "axioms": ["propext", "Classical.choice", "Quot.sound"]}, {"declared_name": "B699LowIndex.LowIndexLean513dc7cc.row035_good155_checked", "axioms": ["propext", "Classical.choice", "Quot.sound"]}, {"declared_name": "B699LowIndex.LowIndexLean513dc7cc.row035_good156_checked", "axioms": ["propext", "Classical.choice", "Quot.sound"]}, {"declared_name": "B699LowIndex.LowIndexLean513dc7cc.row035_good157_checked", "axioms": ["propext", "Classical.choice", "Quot.sound"]}, {"declared_name": "B699LowIndex.LowIndexLean513dc7cc.row035_good158_checked", "axioms": ["propext", "Classical.choice", "Quot.sound"]}, {"declared_name": "B699LowIndex.LowIndexLean513dc7cc.row035_good159_checked", "axioms": ["propext", "Classical.choice", "Quot.sound"]}], "unexpected_axioms": [], "guarded_output_inferred": false}}
2026-09-10T19:23:35.2699037Z B699_COMPILE {"source": "research/tasks/B699-Binomial/runs/20260911-low-index-lean-513dc7cc/lean/rows/Row035/Goods160.lean", "source_sha256_before": "3c05d6824342f0f70a38dd07056fee47b79171d3bbc7c18521a589c0cf31cfff", "source_sha256_after": "3c05d6824342f0f70a38dd07056fee47b79171d3bbc7c18521a589c0cf31cfff", "output_sha256": "7fc9b949bfcea8915d1eb1aa1e7db550e4857bd484973daa225ef48f69cd911e", "seconds": 1.559, "exit_code": 0, "failure": null, "log": "research/tasks/B699-Binomial/runs/20260911-low-index-lean-513dc7cc/verification/20260910T192207042879Z/logs/compile-0036-research_tasks_B699-Binomial_runs_20260911-low-index-lean-513dc7cc_lean_rows_Row035_Goods160.lean.log", "log_sha256": "bc11988d50c63893b829e9d75b1851a66fc3b5da20904f8ce84a3c43a78164b4", "axiom_audit": {"declared_print_axioms": 16, "declared_names": ["B699LowIndex.LowIndexLean513dc7cc.row035_good160_checked", "B699LowIndex.LowIndexLean513dc7cc.row035_good161_checked", "B699LowIndex.LowIndexLean513dc7cc.row035_good162_checked", "B699LowIndex.LowIndexLean513dc7cc.row035_good163_checked", "B699LowIndex.LowIndexLean513dc7cc.row035_good164_checked", "B699LowIndex.LowIndexLean513dc7cc.row035_good165_checked", "B699LowIndex.LowIndexLean513dc7cc.row035_good166_checked", "B699LowIndex.LowIndexLean513dc7cc.row035_good167_checked", "B699LowIndex.LowIndexLean513dc7cc.row035_good168_checked", "B699LowIndex.LowIndexLean513dc7cc.row035_good169_checked", "B699LowIndex.LowIndexLean513dc7cc.row035_good170_checked", "B699LowIndex.LowIndexLean513dc7cc.row035_good171_checked", "B699LowIndex.LowIndexLean513dc7cc.row035_good172_checked", "B699LowIndex.LowIndexLean513dc7cc.row035_good173_checked", "B699LowIndex.LowIndexLean513dc7cc.row035_good174_checked", "B699LowIndex.LowIndexLean513dc7cc.row035_good175_checked"], "guarded_print_axioms": 0, "guarded_names": [], "actual_printed": 16, "guard_msgs_in_source": 0, "printed": [{"declared_name": "B699LowIndex.LowIndexLean513dc7cc.row035_good160_checked", "axioms": ["propext", "Classical.choice", "Quot.sound"]}, {"declared_name": "B699LowIndex.LowIndexLean513dc7cc.row035_good161_checked", "axioms": ["propext", "Classical.choice", "Quot.sound"]}, {"declared_name": "B699LowIndex.LowIndexLean513dc7cc.row035_good162_checked", "axioms": ["propext", "Classical.choice", "Quot.sound"]}, {"declared_name": "B699LowIndex.LowIndexLean513dc7cc.row035_good163_checked", "axioms": ["propext", "Classical.choice", "Quot.sound"]}, {"declared_name": "B699LowIndex.LowIndexLean513dc7cc.row035_good164_checked", "axioms": ["propext", "Classical.choice", "Quot.sound"]}, {"declared_name": "B699LowIndex.LowIndexLean513dc7cc.row035_good165_checked", "axioms": ["propext", "Classical.choice", "Quot.sound"]}, {"declared_name": "B699LowIndex.LowIndexLean513dc7cc.row035_good166_checked", "axioms": ["propext", "Classical.choice", "Quot.sound"]}, {"declared_name": "B699LowIndex.LowIndexLean513dc7cc.row035_good167_checked", "axioms": ["propext", "Classical.choice", "Quot.sound"]}, {"declared_name": "B699LowIndex.LowIndexLean513dc7cc.row035_good168_checked", "axioms": ["propext", "Classical.choice", "Quot.sound"]}, {"declared_name": "B699LowIndex.LowIndexLean513dc7cc.row035_good169_checked", "axioms": ["propext", "Classical.choice", "Quot.sound"]}, {"declared_name": "B699LowIndex.LowIndexLean513dc7cc.row035_good170_checked", "axioms": ["propext", "Classical.choice", "Quot.sound"]}, {"declared_name": "B699LowIndex.LowIndexLean513dc7cc.row035_good171_checked", "axioms": ["propext", "Classical.choice", "Quot.sound"]}, {"declared_name": "B699LowIndex.LowIndexLean513dc7cc.row035_good172_checked", "axioms": ["propext", "Classical.choice", "Quot.sound"]}, {"declared_name": "B699LowIndex.LowIndexLean513dc7cc.row035_good173_checked", "axioms": ["propext", "Classical.choice", "Quot.sound"]}, {"declared_name": "B699LowIndex.LowIndexLean513dc7cc.row035_good174_checked", "axioms": ["propext", "Classical.choice", "Quot.sound"]}, {"declared_name": "B699LowIndex.LowIndexLean513dc7cc.row035_good175_checked", "axioms": ["propext", "Classical.choice", "Quot.sound"]}], "unexpected_axioms": [], "guarded_output_inferred": false}}
2026-09-10T19:23:35.2730049Z B699_COMPILE {"source": "research/tasks/B699-Binomial/runs/20260911-low-index-lean-513dc7cc/lean/rows/Row035/Goods176.lean", "source_sha256_before": "3cdc60da8ec62f3a90b2ddd26d0238b06441cef51a395aadf068b81f7a68572c", "source_sha256_after": "3cdc60da8ec62f3a90b2ddd26d0238b06441cef51a395aadf068b81f7a68572c", "output_sha256": "58a0a69ef36f9e46ef6aaf9322111c454b4d47f657812a1c65898c3cfaafb626", "seconds": 1.564, "exit_code": 0, "failure": null, "log": "research/tasks/B699-Binomial/runs/20260911-low-index-lean-513dc7cc/verification/20260910T192207042879Z/logs/compile-0037-research_tasks_B699-Binomial_runs_20260911-low-index-lean-513dc7cc_lean_rows_Row035_Goods176.lean.log", "log_sha256": "55aa82b9a70ac08d4ad529779c0b582773c555a9592954f76035f21eb568622e", "axiom_audit": {"declared_print_axioms": 16, "declared_names": ["B699LowIndex.LowIndexLean513dc7cc.row035_good176_checked", "B699LowIndex.LowIndexLean513dc7cc.row035_good177_checked", "B699LowIndex.LowIndexLean513dc7cc.row035_good178_checked", "B699LowIndex.LowIndexLean513dc7cc.row035_good179_checked", "B699LowIndex.LowIndexLean513dc7cc.row035_good180_checked", "B699LowIndex.LowIndexLean513dc7cc.row035_good181_checked", "B699LowIndex.LowIndexLean513dc7cc.row035_good182_checked", "B699LowIndex.LowIndexLean513dc7cc.row035_good183_checked", "B699LowIndex.LowIndexLean513dc7cc.row035_good184_checked", "B699LowIndex.LowIndexLean513dc7cc.row035_good185_checked", "B699LowIndex.LowIndexLean513dc7cc.row035_good186_checked", "B699LowIndex.LowIndexLean513dc7cc.row035_good187_checked", "B699LowIndex.LowIndexLean513dc7cc.row035_good188_checked", "B699LowIndex.LowIndexLean513dc7cc.row035_good189_checked", "B699LowIndex.LowIndexLean513dc7cc.row035_good190_checked", "B699LowIndex.LowIndexLean513dc7cc.row035_good191_checked"], "guarded_print_axioms": 0, "guarded_names": [], "actual_printed": 16, "guard_msgs_in_source": 0, "printed": [{"declared_name": "B699LowIndex.LowIndexLean513dc7cc.row035_good176_checked", "axioms": ["propext", "Classical.choice", "Quot.sound"]}, {"declared_name": "B699LowIndex.LowIndexLean513dc7cc.row035_good177_checked", "axioms": ["propext", "Classical.choice", "Quot.sound"]}, {"declared_name": "B699LowIndex.LowIndexLean513dc7cc.row035_good178_checked", "axioms": ["propext", "Classical.choice", "Quot.sound"]}, {"declared_name": "B699LowIndex.LowIndexLean513dc7cc.row035_good179_checked", "axioms": ["propext", "Classical.choice", "Quot.sound"]}, {"declared_name": "B699LowIndex.LowIndexLean513dc7cc.row035_good180_checked", "axioms": ["propext", "Classical.choice", "Quot.sound"]}, {"declared_name": "B699LowIndex.LowIndexLean513dc7cc.row035_good181_checked", "axioms": ["propext", "Classical.choice", "Quot.sound"]}, {"declared_name": "B699LowIndex.LowIndexLean513dc7cc.row035_good182_checked", "axioms": ["propext", "Classical.choice", "Quot.sound"]}, {"declared_name": "B699LowIndex.LowIndexLean513dc7cc.row035_good183_checked", "axioms": ["propext", "Classical.choice", "Quot.sound"]}, {"declared_name": "B699LowIndex.LowIndexLean513dc7cc.row035_good184_checked", "axioms": ["propext", "Classical.choice", "Quot.sound"]}, {"declared_name": "B699LowIndex.LowIndexLean513dc7cc.row035_good185_checked", "axioms": ["propext", "Classical.choice", "Quot.sound"]}, {"declared_name": "B699LowIndex.LowIndexLean513dc7cc.row035_good186_checked", "axioms": ["propext", "Classical.choice", "Quot.sound"]}, {"declared_name": "B699LowIndex.LowIndexLean513dc7cc.row035_good187_checked", "axioms": ["propext", "Classical.choice", "Quot.sound"]}, {"declared_name": "B699LowIndex.LowIndexLean513dc7cc.row035_good188_checked", "axioms": ["propext", "Classical.choice", "Quot.sound"]}, {"declared_name": "B699LowIndex.LowIndexLean513dc7cc.row035_good189_checked", "axioms": ["propext", "Classical.choice", "Quot.sound"]}, {"declared_name": "B699LowIndex.LowIndexLean513dc7cc.row035_good190_checked", "axioms": ["propext", "Classical.choice", "Quot.sound"]}, {"declared_name": "B699LowIndex.LowIndexLean513dc7cc.row035_good191_checked", "axioms": ["propext", "Classical.choice", "Quot.sound"]}], "unexpected_axioms": [], "guarded_output_inferred": false}}
2026-09-10T19:23:35.2758771Z B699_COMPILE {"source": "research/tasks/B699-Binomial/runs/20260911-low-index-lean-513dc7cc/lean/rows/Row035/Goods192.lean", "source_sha256_before": "3cdf97afcd8cd2670c375ec4466fc6207f15dddd9dd2815638f5326e40aca1dd", "source_sha256_after": "3cdf97afcd8cd2670c375ec4466fc6207f15dddd9dd2815638f5326e40aca1dd", "output_sha256": "e93faaa04d97f75d1f6988498026803b966441bd7c568367bbc7397844bfe131", "seconds": 1.608, "exit_code": 0, "failure": null, "log": "research/tasks/B699-Binomial/runs/20260911-low-index-lean-513dc7cc/verification/20260910T192207042879Z/logs/compile-0038-research_tasks_B699-Binomial_runs_20260911-low-index-lean-513dc7cc_lean_rows_Row035_Goods192.lean.log", "log_sha256": "caf80067313d400c1e7f76cc4f15ee836845fc0c9af89f0bc47fcf18b9545c19", "axiom_audit": {"declared_print_axioms": 16, "declared_names": ["B699LowIndex.LowIndexLean513dc7cc.row035_good192_checked", "B699LowIndex.LowIndexLean513dc7cc.row035_good193_checked", "B699LowIndex.LowIndexLean513dc7cc.row035_good194_checked", "B699LowIndex.LowIndexLean513dc7cc.row035_good195_checked", "B699LowIndex.LowIndexLean513dc7cc.row035_good196_checked", "B699LowIndex.LowIndexLean513dc7cc.row035_good197_checked", "B699LowIndex.LowIndexLean513dc7cc.row035_good198_checked", "B699LowIndex.LowIndexLean513dc7cc.row035_good199_checked", "B699LowIndex.LowIndexLean513dc7cc.row035_good200_checked", "B699LowIndex.LowIndexLean513dc7cc.row035_good201_checked", "B699LowIndex.LowIndexLean513dc7cc.row035_good202_checked", "B699LowIndex.LowIndexLean513dc7cc.row035_good203_checked", "B699LowIndex.LowIndexLean513dc7cc.row035_good204_checked", "B699LowIndex.LowIndexLean513dc7cc.row035_good205_checked", "B699LowIndex.LowIndexLean513dc7cc.row035_good206_checked", "B699LowIndex.LowIndexLean513dc7cc.row035_good207_checked"], "guarded_print_axioms": 0, "guarded_names": [], "actual_printed": 16, "guard_msgs_in_source": 0, "printed": [{"declared_name": "B699LowIndex.LowIndexLean513dc7cc.row035_good192_checked", "axioms": ["propext", "Classical.choice", "Quot.sound"]}, {"declared_name": "B699LowIndex.LowIndexLean513dc7cc.row035_good193_checked", "axioms": ["propext", "Classical.choice", "Quot.sound"]}, {"declared_name": "B699LowIndex.LowIndexLean513dc7cc.row035_good194_checked", "axioms": ["propext", "Classical.choice", "Quot.sound"]}, {"declared_name": "B699LowIndex.LowIndexLean513dc7cc.row035_good195_checked", "axioms": ["propext", "Classical.choice", "Quot.sound"]}, {"declared_name": "B699LowIndex.LowIndexLean513dc7cc.row035_good196_checked", "axioms": ["propext", "Classical.choice", "Quot.sound"]}, {"declared_name": "B699LowIndex.LowIndexLean513dc7cc.row035_good197_checked", "axioms": ["propext", "Classical.choice", "Quot.sound"]}, {"declared_name": "B699LowIndex.LowIndexLean513dc7cc.row035_good198_checked", "axioms": ["propext", "Classical.choice", "Quot.sound"]}, {"declared_name": "B699LowIndex.LowIndexLean513dc7cc.row035_good199_checked", "axioms": ["propext", "Classical.choice", "Quot.sound"]}, {"declared_name": "B699LowIndex.LowIndexLean513dc7cc.row035_good200_checked", "axioms": ["propext", "Classical.choice", "Quot.sound"]}, {"declared_name": "B699LowIndex.LowIndexLean513dc7cc.row035_good201_checked", "axioms": ["propext", "Classical.choice", "Quot.sound"]}, {"declared_name": "B699LowIndex.LowIndexLean513dc7cc.row035_good202_checked", "axioms": ["propext", "Classical.choice", "Quot.sound"]}, {"declared_name": "B699LowIndex.LowIndexLean513dc7cc.row035_good203_checked", "axioms": ["propext", "Classical.choice", "Quot.sound"]}, {"declared_name": "B699LowIndex.LowIndexLean513dc7cc.row035_good204_checked", "axioms": ["propext", "Classical.choice", "Quot.sound"]}, {"declared_name": "B699LowIndex.LowIndexLean513dc7cc.row035_good205_checked", "axioms": ["propext", "Classical.choice", "Quot.sound"]}, {"declared_name": "B699LowIndex.LowIndexLean513dc7cc.row035_good206_checked", "axioms": ["propext", "Classical.choice", "Quot.sound"]}, {"declared_name": "B699LowIndex.LowIndexLean513dc7cc.row035_good207_checked", "axioms": ["propext", "Classical.choice", "Quot.sound"]}], "unexpected_axioms": [], "guarded_output_inferred": false}}
2026-09-10T19:23:35.2786239Z B699_COMPILE {"source": "research/tasks/B699-Binomial/runs/20260911-low-index-lean-513dc7cc/lean/rows/Row035/Goods208.lean", "source_sha256_before": "5e79cc4f4eaa3a16cdf051e88f12da461a5e7fd36950b487515dd73c1e925ace", "source_sha256_after": "5e79cc4f4eaa3a16cdf051e88f12da461a5e7fd36950b487515dd73c1e925ace", "output_sha256": "0bff58587f737a09f58af56397d8cd6e45346eaaac898b2c24367c85bc387e19", "seconds": 1.614, "exit_code": 0, "failure": null, "log": "research/tasks/B699-Binomial/runs/20260911-low-index-lean-513dc7cc/verification/20260910T192207042879Z/logs/compile-0039-research_tasks_B699-Binomial_runs_20260911-low-index-lean-513dc7cc_lean_rows_Row035_Goods208.lean.log", "log_sha256": "5f7f6b8144e27ccf09ca7d8f8199edf183890d804f736b9a24cd0a4db81c37ce", "axiom_audit": {"declared_print_axioms": 16, "declared_names": ["B699LowIndex.LowIndexLean513dc7cc.row035_good208_checked", "B699LowIndex.LowIndexLean513dc7cc.row035_good209_checked", "B699LowIndex.LowIndexLean513dc7cc.row035_good210_checked", "B699LowIndex.LowIndexLean513dc7cc.row035_good211_checked", "B699LowIndex.LowIndexLean513dc7cc.row035_good212_checked", "B699LowIndex.LowIndexLean513dc7cc.row035_good213_checked", "B699LowIndex.LowIndexLean513dc7cc.row035_good214_checked", "B699LowIndex.LowIndexLean513dc7cc.row035_good215_checked", "B699LowIndex.LowIndexLean513dc7cc.row035_good216_checked", "B699LowIndex.LowIndexLean513dc7cc.row035_good217_checked", "B699LowIndex.LowIndexLean513dc7cc.row035_good218_checked", "B699LowIndex.LowIndexLean513dc7cc.row035_good219_checked", "B699LowIndex.LowIndexLean513dc7cc.row035_good220_checked", "B699LowIndex.LowIndexLean513dc7cc.row035_good221_checked", "B699LowIndex.LowIndexLean513dc7cc.row035_good222_checked", "B699LowIndex.LowIndexLean513dc7cc.row035_good223_checked"], "guarded_print_axioms": 0, "guarded_names": [], "actual_printed": 16, "guard_msgs_in_source": 0, "printed": [{"declared_name": "B699LowIndex.LowIndexLean513dc7cc.row035_good208_checked", "axioms": ["propext", "Classical.choice", "Quot.sound"]}, {"declared_name": "B699LowIndex.LowIndexLean513dc7cc.row035_good209_checked", "axioms": ["propext", "Classical.choice", "Quot.sound"]}, {"declared_name": "B699LowIndex.LowIndexLean513dc7cc.row035_good210_checked", "axioms": ["propext", "Classical.choice", "Quot.sound"]}, {"declared_name": "B699LowIndex.LowIndexLean513dc7cc.row035_good211_checked", "axioms": ["propext", "Classical.choice", "Quot.sound"]}, {"declared_name": "B699LowIndex.LowIndexLean513dc7cc.row035_good212_checked", "axioms": ["propext", "Classical.choice", "Quot.sound"]}, {"declared_name": "B699LowIndex.LowIndexLean513dc7cc.row035_good213_checked", "axioms": ["propext", "Classical.choice", "Quot.sound"]}, {"declared_name": "B699LowIndex.LowIndexLean513dc7cc.row035_good214_checked", "axioms": ["propext", "Classical.choice", "Quot.sound"]}, {"declared_name": "B699LowIndex.LowIndexLean513dc7cc.row035_good215_checked", "axioms": ["propext", "Classical.choice", "Quot.sound"]}, {"declared_name": "B699LowIndex.LowIndexLean513dc7cc.row035_good216_checked", "axioms": ["propext", "Classical.choice", "Quot.sound"]}, {"declared_name": "B699LowIndex.LowIndexLean513dc7cc.row035_good217_checked", "axioms": ["propext", "Classical.choice", "Quot.sound"]}, {"declared_name": "B699LowIndex.LowIndexLean513dc7cc.row035_good218_checked", "axioms": ["propext", "Classical.choice", "Quot.sound"]}, {"declared_name": "B699LowIndex.LowIndexLean513dc7cc.row035_good219_checked", "axioms": ["propext", "Classical.choice", "Quot.sound"]}, {"declared_name": "B699LowIndex.LowIndexLean513dc7cc.row035_good220_checked", "axioms": ["propext", "Classical.choice", "Quot.sound"]}, {"declared_name": "B699LowIndex.LowIndexLean513dc7cc.row035_good221_checked", "axioms": ["propext", "Classical.choice", "Quot.sound"]}, {"declared_name": "B699LowIndex.LowIndexLean513dc7cc.row035_good222_checked", "axioms": ["propext", "Classical.choice", "Quot.sound"]}, {"declared_name": "B699LowIndex.LowIndexLean513dc7cc.row035_good223_checked", "axioms": ["propext", "Classical.choice", "Quot.sound"]}], "unexpected_axioms": [], "guarded_output_inferred": false}}
2026-09-10T19:23:35.2813684Z B699_COMPILE {"source": "research/tasks/B699-Binomial/runs/20260911-low-index-lean-513dc7cc/lean/rows/Row035/Goods224.lean", "source_sha256_before": "7b04ba876a171d50b11940236f2cf96d822d14e627e7c713d04da70d9ef03702", "source_sha256_after": "7b04ba876a171d50b11940236f2cf96d822d14e627e7c713d04da70d9ef03702", "output_sha256": "f706b8041484f77607282c8cd17cc617b22959b7cd6da941a624c1ca5d9132c7", "seconds": 1.63, "exit_code": 0, "failure": null, "log": "research/tasks/B699-Binomial/runs/20260911-low-index-lean-513dc7cc/verification/20260910T192207042879Z/logs/compile-0040-research_tasks_B699-Binomial_runs_20260911-low-index-lean-513dc7cc_lean_rows_Row035_Goods224.lean.log", "log_sha256": "a5af6d32b86900617fdc9864c8a1962b375a4070b8bf15c41174292cbd1ffa1d", "axiom_audit": {"declared_print_axioms": 16, "declared_names": ["B699LowIndex.LowIndexLean513dc7cc.row035_good224_checked", "B699LowIndex.LowIndexLean513dc7cc.row035_good225_checked", "B699LowIndex.LowIndexLean513dc7cc.row035_good226_checked", "B699LowIndex.LowIndexLean513dc7cc.row035_good227_checked", "B699LowIndex.LowIndexLean513dc7cc.row035_good228_checked", "B699LowIndex.LowIndexLean513dc7cc.row035_good229_checked", "B699LowIndex.LowIndexLean513dc7cc.row035_good230_checked", "B699LowIndex.LowIndexLean513dc7cc.row035_good231_checked", "B699LowIndex.LowIndexLean513dc7cc.row035_good232_checked", "B699LowIndex.LowIndexLean513dc7cc.row035_good233_checked", "B699LowIndex.LowIndexLean513dc7cc.row035_good234_checked", "B699LowIndex.LowIndexLean513dc7cc.row035_good235_checked", "B699LowIndex.LowIndexLean513dc7cc.row035_good236_checked", "B699LowIndex.LowIndexLean513dc7cc.row035_good237_checked", "B699LowIndex.LowIndexLean513dc7cc.row035_good238_checked", "B699LowIndex.LowIndexLean513dc7cc.row035_good239_checked"], "guarded_print_axioms": 0, "guarded_names": [], "actual_printed": 16, "guard_msgs_in_source": 0, "printed": [{"declared_name": "B699LowIndex.LowIndexLean513dc7cc.row035_good224_checked", "axioms": ["propext", "Classical.choice", "Quot.sound"]}, {"declared_name": "B699LowIndex.LowIndexLean513dc7cc.row035_good225_checked", "axioms": ["propext", "Classical.choice", "Quot.sound"]}, {"declared_name": "B699LowIndex.LowIndexLean513dc7cc.row035_good226_checked", "axioms": ["propext", "Classical.choice", "Quot.sound"]}, {"declared_name": "B699LowIndex.LowIndexLean513dc7cc.row035_good227_checked", "axioms": ["propext", "Classical.choice", "Quot.sound"]}, {"declared_name": "B699LowIndex.LowIndexLean513dc7cc.row035_good228_checked", "axioms": ["propext", "Classical.choice", "Quot.sound"]}, {"declared_name": "B699LowIndex.LowIndexLean513dc7cc.row035_good229_checked", "axioms": ["propext", "Classical.choice", "Quot.sound"]}, {"declared_name": "B699LowIndex.LowIndexLean513dc7cc.row035_good230_checked", "axioms": ["propext", "Classical.choice", "Quot.sound"]}, {"declared_name": "B699LowIndex.LowIndexLean513dc7cc.row035_good231_checked", "axioms": ["propext", "Classical.choice", "Quot.sound"]}, {"declared_name": "B699LowIndex.LowIndexLean513dc7cc.row035_good232_checked", "axioms": ["propext", "Classical.choice", "Quot.sound"]}, {"declared_name": "B699LowIndex.LowIndexLean513dc7cc.row035_good233_checked", "axioms": ["propext", "Classical.choice", "Quot.sound"]}, {"declared_name": "B699LowIndex.LowIndexLean513dc7cc.row035_good234_checked", "axioms": ["propext", "Classical.choice", "Quot.sound"]}, {"declared_name": "B699LowIndex.LowIndexLean513dc7cc.row035_good235_checked", "axioms": ["propext", "Classical.choice", "Quot.sound"]}, {"declared_name": "B699LowIndex.LowIndexLean513dc7cc.row035_good236_checked", "axioms": ["propext", "Classical.choice", "Quot.sound"]}, {"declared_name": "B699LowIndex.LowIndexLean513dc7cc.row035_good237_checked", "axioms": ["propext", "Classical.choice", "Quot.sound"]}, {"declared_name": "B699LowIndex.LowIndexLean513dc7cc.row035_good238_checked", "axioms": ["propext", "Classical.choice", "Quot.sound"]}, {"declared_name": "B699LowIndex.LowIndexLean513dc7cc.row035_good239_checked", "axioms": ["propext", "Classical.choice", "Quot.sound"]}], "unexpected_axioms": [], "guarded_output_inferred": false}}
2026-09-10T19:23:35.2835788Z B699_COMPILE {"source": "research/tasks/B699-Binomial/runs/20260911-low-index-lean-513dc7cc/lean/rows/Row035/Goods240.lean", "source_sha256_before": "876fb3c789a1747269fcc0aafe8f97ddb620508479830db0b3d705dc7d608f92", "source_sha256_after": "876fb3c789a1747269fcc0aafe8f97ddb620508479830db0b3d705dc7d608f92", "output_sha256": "9bd3f7982a5a5de9f476b3b887af95578052593583430d98429f36f4c3612b4e", "seconds": 1.584, "exit_code": 0, "failure": null, "log": "research/tasks/B699-Binomial/runs/20260911-low-index-lean-513dc7cc/verification/20260910T192207042879Z/logs/compile-0041-research_tasks_B699-Binomial_runs_20260911-low-index-lean-513dc7cc_lean_rows_Row035_Goods240.lean.log", "log_sha256": "d3bbe39f10c1d031c78765e1a77ca4a01bc08290b460d5bad1a6729da2542eaa", "axiom_audit": {"declared_print_axioms": 7, "declared_names": ["B699LowIndex.LowIndexLean513dc7cc.row035_good240_checked", "B699LowIndex.LowIndexLean513dc7cc.row035_good241_checked", "B699LowIndex.LowIndexLean513dc7cc.row035_good242_checked", "B699LowIndex.LowIndexLean513dc7cc.row035_good243_checked", "B699LowIndex.LowIndexLean513dc7cc.row035_good244_checked", "B699LowIndex.LowIndexLean513dc7cc.row035_good245_checked", "B699LowIndex.LowIndexLean513dc7cc.row035_good246_checked"], "guarded_print_axioms": 0, "guarded_names": [], "actual_printed": 7, "guard_msgs_in_source": 0, "printed": [{"declared_name": "B699LowIndex.LowIndexLean513dc7cc.row035_good240_checked", "axioms": ["propext", "Classical.choice", "Quot.sound"]}, {"declared_name": "B699LowIndex.LowIndexLean513dc7cc.row035_good241_checked", "axioms": ["propext", "Classical.choice", "Quot.sound"]}, {"declared_name": "B699LowIndex.LowIndexLean513dc7cc.row035_good242_checked", "axioms": ["propext", "Classical.choice", "Quot.sound"]}, {"declared_name": "B699LowIndex.LowIndexLean513dc7cc.row035_good243_checked", "axioms": ["propext", "Classical.choice", "Quot.sound"]}, {"declared_name": "B699LowIndex.LowIndexLean513dc7cc.row035_good244_checked", "axioms": ["propext", "Classical.choice", "Quot.sound"]}, {"declared_name": "B699LowIndex.LowIndexLean513dc7cc.row035_good245_checked", "axioms": ["propext", "Classical.choice", "Quot.sound"]}, {"declared_name": "B699LowIndex.LowIndexLean513dc7cc.row035_good246_checked", "axioms": ["propext", "Classical.choice", "Quot.sound"]}], "unexpected_axioms": [], "guarded_output_inferred": false}}
2026-09-10T19:23:35.2847930Z B699_COMPILE {"source": "research/tasks/B699-Binomial/runs/20260911-low-index-lean-513dc7cc/lean/rows/Row035/GoodsChecked.lean", "source_sha256_before": "2150211d2f6e7e65a0bff533b37326c853aedc0966bcaf4671a877eb8782fa9a", "source_sha256_after": "2150211d2f6e7e65a0bff533b37326c853aedc0966bcaf4671a877eb8782fa9a", "output_sha256": "acb10428c863954fac78db05065ed4d9a9184815d26340d2292cb974e983723c", "seconds": 1.405, "exit_code": 0, "failure": null, "log": "research/tasks/B699-Binomial/runs/20260911-low-index-lean-513dc7cc/verification/20260910T192207042879Z/logs/compile-0042-research_tasks_B699-Binomial_runs_20260911-low-index-lean-513dc7cc_lean_rows_Row035_GoodsChecked.lean.log", "log_sha256": "ccec97c3a5754bf3cebc2803f51b4d22ac4329b430b270de4c8ac541a2a6c0e6", "axiom_audit": {"declared_print_axioms": 1, "declared_names": ["B699LowIndex.LowIndexLean513dc7cc.row035_goods_checked"], "guarded_print_axioms": 0, "guarded_names": [], "actual_printed": 1, "guard_msgs_in_source": 0, "printed": [{"declared_name": "B699LowIndex.LowIndexLean513dc7cc.row035_goods_checked", "axioms": ["propext", "Classical.choice", "Quot.sound"]}], "unexpected_axioms": [], "guarded_output_inferred": false}}
2026-09-10T19:23:35.2855720Z B699_COMPILE {"source": "research/tasks/B699-Binomial/runs/20260911-low-index-lean-513dc7cc/lean/rows/Row035/Geometry.lean", "source_sha256_before": "27aa114c8f6042005eaea9a73d9aa6f45184ee256a478275b2892514f9f4bad4", "source_sha256_after": "27aa114c8f6042005eaea9a73d9aa6f45184ee256a478275b2892514f9f4bad4", "output_sha256": "d8b6a08ecea7e7c0228a715e061d75ddb2498f37e895409f6c690df7677410ee", "seconds": 1.603, "exit_code": 0, "failure": null, "log": "research/tasks/B699-Binomial/runs/20260911-low-index-lean-513dc7cc/verification/20260910T192207042879Z/logs/compile-0044-research_tasks_B699-Binomial_runs_20260911-low-index-lean-513dc7cc_lean_rows_Row035_Geometry.lean.log", "log_sha256": "5f3824255bfe21f57d3353b9f1dd938a5f1c7b20b4754b3e8e61ec3cccd8a56a", "axiom_audit": {"declared_print_axioms": 1, "declared_names": ["B699LowIndex.LowIndexLean513dc7cc.row035_bounds_eq"], "guarded_print_axioms": 0, "guarded_names": [], "actual_printed": 1, "guard_msgs_in_source": 0, "printed": [{"declared_name": "B699LowIndex.LowIndexLean513dc7cc.row035_bounds_eq", "axioms": []}], "unexpected_axioms": [], "guarded_output_inferred": false}}
2026-09-10T19:23:35.2873877Z B699_COMPILE {"source": "research/tasks/B699-Binomial/runs/20260911-low-index-lean-513dc7cc/lean/rows/Row035/Layers000.lean", "source_sha256_before": "5641e417a27db2ba1a14d83380779a2042526146796b8c1ee6e2530395301688", "source_sha256_after": "5641e417a27db2ba1a14d83380779a2042526146796b8c1ee6e2530395301688", "output_sha256": null, "seconds": 53.738, "exit_code": -6, "failure": "Lean exit -6; #print axioms output count mismatch for unguarded declarations: source=48 actual=0", "log": "research/tasks/B699-Binomial/runs/20260911-low-index-lean-513dc7cc/verification/20260910T192207042879Z/logs/compile-0045-research_tasks_B699-Binomial_runs_20260911-low-index-lean-513dc7cc_lean_rows_Row035_Layers000.lean.log", "log_sha256": "0a719d327c1d20103fc2d3571ae110960b9949c8d025cdae23bedc5265438c4e", "axiom_audit": {"declared_print_axioms": 48, "declared_names": ["B699LowIndex.LowIndexLean513dc7cc.row035_layer000_arithmetic", "B699LowIndex.LowIndexLean513dc7cc.row035_layer000_enumeration", "B699LowIndex.LowIndexLean513dc7cc.row035_layer000_pairs000", "B699LowIndex.LowIndexLean513dc7cc.row035_layer000_pairs001", "B699LowIndex.LowIndexLean513dc7cc.row035_layer000_pairs002", "B699LowIndex.LowIndexLean513dc7cc.row035_layer000_pairs003", "B699LowIndex.LowIndexLean513dc7cc.row035_layer000_pairs004", "B699LowIndex.LowIndexLean513dc7cc.row035_layer000_pairs005", "B699LowIndex.LowIndexLean513dc7cc.row035_layer000_pairs006", "B699LowIndex.LowIndexLean513dc7cc.row035_layer000_pairs", "B699LowIndex.LowIndexLean513dc7cc.row035_layer000_checked", "B699LowIndex.LowIndexLean513dc7cc.row035_layer001_arithmetic", "B699LowIndex.LowIndexLean513dc7cc.row035_layer001_enumeration", "B699LowIndex.LowIndexLean513dc7cc.row035_layer001_pairs000", "B699LowIndex.LowIndexLean513dc7cc.row035_layer001_pairs001", "B699LowIndex.LowIndexLean513dc7cc.row035_layer001_pairs002", "B699LowIndex.LowIndexLean513dc7cc.row035_layer001_pairs003", "B699LowIndex.LowIndexLean513dc7cc.row035_layer001_pairs004", "B699LowIndex.LowIndexLean513dc7cc.row035_layer001_pairs005", "B699LowIndex.LowIndexLean513dc7cc.row035_layer001_pairs006", "B699LowIndex.LowIndexLean513dc7cc.row035_layer001_pairs007", "B699LowIndex.LowIndexLean513dc7cc.row035_layer001_pairs", "B699LowIndex.LowIndexLean513dc7cc.row035_layer001_checked", "B699LowIndex.LowIndexLean513dc7cc.row035_layer002_arithmetic", "B699LowIndex.LowIndexLean513dc7cc.row035_layer002_enumeration", "B699LowIndex.LowIndexLean513dc7cc.row035_layer002_pairs000", "B699LowIndex.LowIndexLean513dc7cc.row035_layer002_pairs001", "B699LowIndex.LowIndexLean513dc7cc.row035_layer002_pairs002", "B699LowIndex.LowIndexLean513dc7cc.row035_layer002_pairs003", "B699LowIndex.LowIndexLean513dc7cc.row035_layer002_pairs004", "B699LowIndex.LowIndexLean513dc7cc.row035_layer002_pairs005", "B699LowIndex.LowIndexLean513dc7cc.row035_layer002_pairs006", "B699LowIndex.LowIndexLean513dc7cc.row035_layer002_pairs007", "B699LowIndex.LowIndexLean513dc7cc.row035_layer002_pairs008", "B699LowIndex.LowIndexLean513dc7cc.row035_layer002_pairs", "B699LowIndex.LowIndexLean513dc7cc.row035_layer002_checked", "B699LowIndex.LowIndexLean513dc7cc.row035_layer003_arithmetic", "B699LowIndex.LowIndexLean513dc7cc.row035_layer003_enumeration", "B699LowIndex.LowIndexLean513dc7cc.row035_layer003_pairs000", "B699LowIndex.LowIndexLean513dc7cc.row035_layer003_pairs001", "B699LowIndex.LowIndexLean513dc7cc.row035_layer003_pairs002", "B699LowIndex.LowIndexLean513dc7cc.row035_layer003_pairs003", "B699LowIndex.LowIndexLean513dc7cc.row035_layer003_pairs004", "B699LowIndex.LowIndexLean513dc7cc.row035_layer003_pairs005", "B699LowIndex.LowIndexLean513dc7cc.row035_layer003_pairs006", "B699LowIndex.LowIndexLean513dc7cc.row035_layer003_pairs007", "B699LowIndex.LowIndexLean513dc7cc.row035_layer003_pairs", "B699LowIndex.LowIndexLean513dc7cc.row035_layer003_checked"], "guarded_print_axioms": 0, "guarded_names": [], "actual_printed": 0, "guard_msgs_in_source": 0, "printed": [], "unexpected_axioms": [], "guarded_output_inferred": false, "error": "#print axioms output count mismatch for unguarded declarations: source=48 actual=0"}}
2026-09-10T19:23:35.2889532Z # command: LEAN -j1 -M3072 -DautoImplicit=false -DrelaxedAutoImplicit=false --root=PROJECT_ROOT -o .tools/20260911-low-index-lean-513dc7cc/20260910T192207042879Z/olean/research/tasks/B699-Binomial/runs/20260911-low-index-lean-513dc7cc/lean/rows/Row035/Layers000.olean research/tasks/B699-Binomial/runs/20260911-low-index-lean-513dc7cc/lean/rows/Row035/Layers000.lean
2026-09-10T19:23:35.2890908Z # cwd: PROJECT_ROOT
2026-09-10T19:23:35.2891144Z # started_utc: 2026-09-10T19:22:40.019551Z
2026-09-10T19:23:35.2891434Z # finished_utc: 2026-09-10T19:23:33.757470Z
2026-09-10T19:23:35.2891700Z # exit_code: -6
2026-09-10T19:23:35.2891904Z # timed_out: False
2026-09-10T19:23:35.2892704Z libc++abi: terminating due to uncaught exception of type lean::memory_exception: excessive memory consumption detected at 'interpreter' (potential solution: increase memory consumption threshold)
2026-09-10T19:23:35.2893393Z 
2026-09-10T19:23:35.2949771Z Node 20 is being deprecated. This workflow is running with Node 24 by default. If you need to temporarily use Node 20, you can set the ACTIONS_ALLOW_USE_UNSECURE_NODE_VERSION=true environment variable. For more information see: https://github.blog/changelog/2025-09-19-deprecation-of-node-20-on-github-actions-runners/
2026-09-10T19:23:35.2951175Z ##[group]Run actions/upload-artifact@ea165f8d65b6e75b540449e92b4886f43607fa02
2026-09-10T19:23:35.2951591Z with:
2026-09-10T19:23:35.2951798Z   name: b699-row-35-evidence
2026-09-10T19:23:35.2952457Z   path: research/tasks/B699-Binomial/runs/20260911-low-index-lean-513dc7cc/verification
research/tasks/B699-Binomial/runs/20260911-low-index-lean-513dc7cc/lean

2026-09-10T19:23:35.2953157Z   if-no-files-found: error
2026-09-10T19:23:35.2953413Z   compression-level: 6
2026-09-10T19:23:35.2953634Z   overwrite: false
2026-09-10T19:23:35.2953857Z   include-hidden-files: false
2026-09-10T19:23:35.2954089Z env:
2026-09-10T19:23:35.2954431Z   B699_RUN: research/tasks/B699-Binomial/runs/20260911-low-index-lean-513dc7cc
2026-09-10T19:23:35.2954856Z   B699_RAW: .tools/20260911-low-index-lean-513dc7cc
2026-09-10T19:23:35.2955147Z ##[endgroup]
2026-09-10T19:23:35.5044045Z (node:2960) [DEP0040] DeprecationWarning: The `punycode` module is deprecated. Please use a userland alternative instead.
2026-09-10T19:23:35.5046003Z (Use `node --trace-deprecation ...` to show where the warning was created)
2026-09-10T19:23:35.7297096Z Multiple search paths detected. Calculating the least common ancestor of all paths
2026-09-10T19:23:35.7299676Z The least common ancestor is /home/runner/work/lean-math-lab/lean-math-lab/research/tasks/B699-Binomial/runs/20260911-low-index-lean-513dc7cc. This will be the root directory of the artifact
2026-09-10T19:23:35.7301283Z With the provided path, there will be 386 files uploaded
2026-09-10T19:23:35.7302270Z Artifact name is valid!
2026-09-10T19:23:35.7302790Z Root directory input is valid!
2026-09-10T19:23:36.0829350Z Beginning upload of artifact content to blob storage
2026-09-10T19:23:36.5943102Z (node:2960) [DEP0169] DeprecationWarning: `url.parse()` behavior is not standardized and prone to errors that have security implications. Use the WHATWG URL API instead. CVEs are not issued for `url.parse()` vulnerabilities.
2026-09-10T19:23:37.3359544Z Uploaded bytes 678392
2026-09-10T19:23:37.4198867Z Finished uploading artifact content to blob storage!
2026-09-10T19:23:37.4200114Z SHA256 digest of uploaded artifact zip is f37dda714762a653ad31e7afc8fd59164705c9946eed283c02bb5c40ff05385c
2026-09-10T19:23:37.4201070Z Finalizing artifact upload
2026-09-10T19:23:37.6962667Z Artifact b699-row-35-evidence.zip successfully finalized. Artifact ID 10169277105
2026-09-10T19:23:37.6964490Z Artifact b699-row-35-evidence has been successfully uploaded! Final size is 678392 bytes. Artifact ID is 10169277105
2026-09-10T19:23:37.6971800Z Artifact download URL: https://github.com/HuanHuanHuanFFF/lean-math-lab/actions/runs/34519132194/artifacts/10169277105
2026-09-10T19:23:37.7204497Z Post job cleanup.
2026-09-10T19:23:37.8193353Z [command]/usr/bin/git version
2026-09-10T19:23:37.8271205Z git version 2.55.0
2026-09-10T19:23:37.8379190Z Temporarily overriding HOME='/home/runner/work/_temp/1cd39a08-744b-4c02-ab3d-ac1d3a34277b' before making global git config changes
2026-09-10T19:23:37.8380711Z Adding repository directory to the temporary git global config as a safe directory
2026-09-10T19:23:37.8381949Z [command]/usr/bin/git config --global --add safe.directory /home/runner/work/lean-math-lab/lean-math-lab
2026-09-10T19:23:37.8448279Z Removing SSH command configuration
2026-09-10T19:23:37.8449351Z [command]/usr/bin/git config --local --name-only --get-regexp core\.sshCommand
2026-09-10T19:23:37.8527942Z [command]/usr/bin/git submodule foreach --recursive sh -c "git config --local --name-only --get-regexp 'core\.sshCommand' && git config --local --unset-all 'core.sshCommand' || :"
2026-09-10T19:23:37.9038454Z Removing HTTP extra header
2026-09-10T19:23:37.9057804Z [command]/usr/bin/git config --local --name-only --get-regexp http\.https\:\/\/github\.com\/\.extraheader
2026-09-10T19:23:37.9124834Z [command]/usr/bin/git submodule foreach --recursive sh -c "git config --local --name-only --get-regexp 'http\.https\:\/\/github\.com\/\.extraheader' && git config --local --unset-all 'http.https://github.com/.extraheader' || :"
2026-09-10T19:23:37.9506137Z Removing includeIf entries pointing to credentials config files
2026-09-10T19:23:37.9507586Z [command]/usr/bin/git config --local --name-only --get-regexp ^includeIf\.gitdir:
2026-09-10T19:23:37.9547141Z includeif.gitdir:/home/runner/work/lean-math-lab/lean-math-lab/.git.path
2026-09-10T19:23:37.9557460Z includeif.gitdir:/home/runner/work/lean-math-lab/lean-math-lab/.git/worktrees/*.path
2026-09-10T19:23:37.9558335Z includeif.gitdir:/github/workspace/.git.path
2026-09-10T19:23:37.9558970Z includeif.gitdir:/github/workspace/.git/worktrees/*.path
2026-09-10T19:23:37.9609605Z [command]/usr/bin/git config --local --get-all includeif.gitdir:/home/runner/work/lean-math-lab/lean-math-lab/.git.path
2026-09-10T19:23:37.9620994Z /home/runner/work/_temp/git-credentials-924d2f13-b8a7-4395-81bd-c9a20ebeb091.config
2026-09-10T19:23:37.9677757Z [command]/usr/bin/git config --local --unset includeif.gitdir:/home/runner/work/lean-math-lab/lean-math-lab/.git.path \/home\/runner\/work\/_temp\/git\-credentials\-924d2f13\-b8a7\-4395\-81bd\-c9a20ebeb091\.config
2026-09-10T19:23:37.9729130Z [command]/usr/bin/git config --local --get-all includeif.gitdir:/home/runner/work/lean-math-lab/lean-math-lab/.git/worktrees/*.path
2026-09-10T19:23:37.9730485Z /home/runner/work/_temp/git-credentials-924d2f13-b8a7-4395-81bd-c9a20ebeb091.config
2026-09-10T19:23:37.9768719Z [command]/usr/bin/git config --local --unset includeif.gitdir:/home/runner/work/lean-math-lab/lean-math-lab/.git/worktrees/*.path \/home\/runner\/work\/_temp\/git\-credentials\-924d2f13\-b8a7\-4395\-81bd\-c9a20ebeb091\.config
2026-09-10T19:23:37.9828029Z [command]/usr/bin/git config --local --get-all includeif.gitdir:/github/workspace/.git.path
2026-09-10T19:23:37.9853850Z /github/runner_temp/git-credentials-924d2f13-b8a7-4395-81bd-c9a20ebeb091.config
2026-09-10T19:23:37.9894064Z [command]/usr/bin/git config --local --unset includeif.gitdir:/github/workspace/.git.path \/github\/runner_temp\/git\-credentials\-924d2f13\-b8a7\-4395\-81bd\-c9a20ebeb091\.config
2026-09-10T19:23:37.9911025Z [command]/usr/bin/git config --local --get-all includeif.gitdir:/github/workspace/.git/worktrees/*.path
2026-09-10T19:23:37.9952740Z /github/runner_temp/git-credentials-924d2f13-b8a7-4395-81bd-c9a20ebeb091.config
2026-09-10T19:23:37.9971370Z [command]/usr/bin/git config --local --unset includeif.gitdir:/github/workspace/.git/worktrees/*.path \/github\/runner_temp\/git\-credentials\-924d2f13\-b8a7\-4395\-81bd\-c9a20ebeb091\.config
2026-09-10T19:23:38.0019366Z [command]/usr/bin/git submodule foreach --recursive git config --local --show-origin --name-only --get-regexp remote.origin.url
2026-09-10T19:23:38.0278675Z Removing credentials config '/home/runner/work/_temp/git-credentials-924d2f13-b8a7-4395-81bd-c9a20ebeb091.config'
2026-09-10T19:23:38.0439768Z Cleaning up orphan processes
2026-09-10T19:23:38.0874040Z ##[warning]Node.js 20 is deprecated. The following actions target Node.js 20 but are being forced to run on Node.js 24: actions/download-artifact@d3f86a106a0bac45b974a628896c90dbdf5c8093, actions/upload-artifact@ea165f8d65b6e75b540449e92b4886f43607fa02. For more information see: https://github.blog/changelog/2025-09-19-deprecation-of-node-20-on-github-actions-runners/
