p 257 h 113 constraints 13114
0 0 1 0
1 0 1 1
2 0 1 2
3 0 1 3
4 0 1 4
5 0 1 5
6 0 1 6
7 0 1 7
8 0 1 8
9 0 1 9
10 0 1 10
11 0 1 11
12 0 1 12
13 0 1 13
14 0 1 14
15 0 1 15
16 0 1 16
17 0 1 17
18 0 1 18
19 0 1 19
20 0 1 20
21 0 1 21
22 0 1 22
23 0 1 23
24 0 1 24
25 0 1 25
26 0 1 26
27 0 1 27
28 0 1 28
29 0 1 29
30 0 1 30
31 0 1 31
32 0 1 32
33 0 1 33
34 0 1 34
35 0 1 35
36 0 1 36
37 0 1 37
38 0 1 38
39 0 1 39
40 0 1 40
41 0 1 41
42 0 1 42
43 0 1 43
44 0 1 44
45 0 1 45
46 0 1 46
47 0 1 47
48 0 1 48
49 0 1 49
50 0 1 50
51 0 1 51
52 0 1 52
53 0 1 53
54 0 1 54
55 0 1 55
56 0 1 56
57 1 1 2
58 1 1 3
59 1 1 4
60 1 1 5
61 1 1 6
62 1 1 7
63 1 1 8
64 1 1 9
65 1 1 10
66 1 1 11
67 1 1 12
68 1 1 13
69 1 1 14
70 1 1 15
71 1 1 16
72 1 1 17
73 1 1 18
74 1 1 19
75 1 1 20
76 1 1 21
77 1 1 22
78 1 1 23
79 1 1 24
80 1 1 25
81 1 1 26
82 1 1 27
83 1 1 28
84 1 1 29
85 1 1 30
86 1 1 31
87 1 1 32
88 1 1 33
89 1 1 34
90 1 1 35
91 1 1 36
92 1 1 37
93 1 1 38
94 1 1 39
95 1 1 40
96 1 1 41
97 1 1 42
98 1 1 43
99 1 1 44
100 1 1 45
101 1 1 46
102 1 1 47
103 1 1 48
104 1 1 49
105 1 1 50
106 1 1 51
107 1 1 52
108 1 1 53
109 1 1 54
110 1 1 55
111 1 1 56
112 1 1 57
113 2 1 4
114 2 1 5
115 2 1 6
116 2 1 7
117 2 1 8
118 2 1 9
119 2 1 10
120 2 1 11
121 2 1 12
122 2 1 13
123 2 1 14
124 2 1 15
125 2 1 16
126 2 1 17
127 2 1 18
128 2 1 19
129 2 1 20
130 2 1 21
131 2 1 22
132 2 1 23
133 2 1 24
134 2 1 25
135 2 1 26
136 2 1 27
137 2 1 28
138 2 1 29
139 2 1 30
140 2 1 31
141 2 1 32
142 2 1 33
143 2 1 34
144 2 1 35
145 2 1 36
146 2 1 37
147 2 1 38
148 2 1 39
149 2 1 40
150 2 1 41
151 2 1 42
152 2 1 43
153 2 1 44
154 2 1 45
155 2 1 46
156 2 1 47
157 2 1 48
158 2 1 49
159 2 1 50
160 2 1 51
161 2 1 52
162 2 1 53
163 2 1 54
164 2 1 55
165 2 1 56
166 2 1 57
167 2 1 58
168 3 1 6
169 3 1 7
170 3 1 8
171 3 1 9
172 3 1 10
173 3 1 11
174 3 1 12
175 3 1 13
176 3 1 14
177 3 1 15
178 3 1 16
179 3 1 17
180 3 1 18
181 3 1 19
182 3 1 20
183 3 1 21
184 3 1 22
185 3 1 23
186 3 1 24
187 3 1 25
188 3 1 26
189 3 1 27
190 3 1 28
191 3 1 29
192 3 1 30
193 3 1 31
194 3 1 32
195 3 1 33
196 3 1 34
197 3 1 35
198 3 1 36
199 3 1 37
200 3 1 38
201 3 1 39
202 3 1 40
203 3 1 41
204 3 1 42
205 3 1 43
206 3 1 44
207 3 1 45
208 3 1 46
209 3 1 47
210 3 1 48
211 3 1 49
212 3 1 50
213 3 1 51
214 3 1 52
215 3 1 53
216 3 1 54
217 3 1 55
218 3 1 56
219 3 1 57
220 3 1 58
221 3 1 59
222 4 1 8
223 4 1 9
224 4 1 10
225 4 1 11
226 4 1 12
227 4 1 13
228 4 1 14
229 4 1 15
230 4 1 16
231 4 1 17
232 4 1 18
233 4 1 19
234 4 1 20
235 4 1 21
236 4 1 22
237 4 1 23
238 4 1 24
239 4 1 25
240 4 1 26
241 4 1 27
242 4 1 28
243 4 1 29
244 4 1 30
245 4 1 31
246 4 1 32
247 4 1 33
248 4 1 34
249 4 1 35
250 4 1 36
251 4 1 37
252 4 1 38
253 4 1 39
254 4 1 40
255 4 1 41
256 4 1 42
257 4 1 43
258 4 1 44
259 4 1 45
260 4 1 46
261 4 1 47
262 4 1 48
263 4 1 49
264 4 1 50
265 4 1 51
266 4 1 52
267 4 1 53
268 4 1 54
269 4 1 55
270 4 1 56
271 4 1 57
272 4 1 58
273 4 1 59
274 4 1 60
275 5 1 10
276 5 1 11
277 5 1 12
278 5 1 13
279 5 1 14
280 5 1 15
281 5 1 16
282 5 1 17
283 5 1 18
284 5 1 19
285 5 1 20
286 5 1 21
287 5 1 22
288 5 1 23
289 5 1 24
290 5 1 25
291 5 1 26
292 5 1 27
293 5 1 28
294 5 1 29
295 5 1 30
296 5 1 31
297 5 1 32
298 5 1 33
299 5 1 34
300 5 1 35
301 5 1 36
302 5 1 37
303 5 1 38
304 5 1 39
305 5 1 40
306 5 1 41
307 5 1 42
308 5 1 43
309 5 1 44
310 5 1 45
311 5 1 46
312 5 1 47
313 5 1 48
314 5 1 49
315 5 1 50
316 5 1 51
317 5 1 52
318 5 1 53
319 5 1 54
320 5 1 55
321 5 1 56
322 5 1 57
323 5 1 58
324 5 1 59
325 5 1 60
326 5 1 61
327 6 1 12
328 6 1 13
329 6 1 14
330 6 1 15
331 6 1 16
332 6 1 17
333 6 1 18
334 6 1 19
335 6 1 20
336 6 1 21
337 6 1 22
338 6 1 23
339 6 1 24
340 6 1 25
341 6 1 26
342 6 1 27
343 6 1 28
344 6 1 29
345 6 1 30
346 6 1 31
347 6 1 32
348 6 1 33
349 6 1 34
350 6 1 35
351 6 1 36
352 6 1 37
353 6 1 38
354 6 1 39
355 6 1 40
356 6 1 41
357 6 1 42
358 6 1 43
359 6 1 44
360 6 1 45
361 6 1 46
362 6 1 47
363 6 1 48
364 6 1 49
365 6 1 50
366 6 1 51
367 6 1 52
368 6 1 53
369 6 1 54
370 6 1 55
371 6 1 56
372 6 1 57
373 6 1 58
374 6 1 59
375 6 1 60
376 6 1 61
377 6 1 62
378 7 1 14
379 7 1 15
380 7 1 16
381 7 1 17
382 7 1 18
383 7 1 19
384 7 1 20
385 7 1 21
386 7 1 22
387 7 1 23
388 7 1 24
389 7 1 25
390 7 1 26
391 7 1 27
392 7 1 28
393 7 1 29
394 7 1 30
395 7 1 31
396 7 1 32
397 7 1 33
398 7 1 34
399 7 1 35
400 7 1 36
401 7 1 37
402 7 1 38
403 7 1 39
404 7 1 40
405 7 1 41
406 7 1 42
407 7 1 43
408 7 1 44
409 7 1 45
410 7 1 46
411 7 1 47
412 7 1 48
413 7 1 49
414 7 1 50
415 7 1 51
416 7 1 52
417 7 1 53
418 7 1 54
419 7 1 55
420 7 1 56
421 7 1 57
422 7 1 58
423 7 1 59
424 7 1 60
425 7 1 61
426 7 1 62
427 7 1 63
428 8 1 16
429 8 1 17
430 8 1 18
431 8 1 19
432 8 1 20
433 8 1 21
434 8 1 22
435 8 1 23
436 8 1 24
437 8 1 25
438 8 1 26
439 8 1 27
440 8 1 28
441 8 1 29
442 8 1 30
443 8 1 31
444 8 1 32
445 8 1 33
446 8 1 34
447 8 1 35
448 8 1 36
449 8 1 37
450 8 1 38
451 8 1 39
452 8 1 40
453 8 1 41
454 8 1 42
455 8 1 43
456 8 1 44
457 8 1 45
458 8 1 46
459 8 1 47
460 8 1 48
461 8 1 49
462 8 1 50
463 8 1 51
464 8 1 52
465 8 1 53
466 8 1 54
467 8 1 55
468 8 1 56
469 8 1 57
470 8 1 58
471 8 1 59
472 8 1 60
473 8 1 61
474 8 1 62
475 8 1 63
476 8 1 64
477 9 1 18
478 9 1 19
479 9 1 20
480 9 1 21
481 9 1 22
482 9 1 23
483 9 1 24
484 9 1 25
485 9 1 26
486 9 1 27
487 9 1 28
488 9 1 29
489 9 1 30
490 9 1 31
491 9 1 32
492 9 1 33
493 9 1 34
494 9 1 35
495 9 1 36
496 9 1 37
497 9 1 38
498 9 1 39
499 9 1 40
500 9 1 41
501 9 1 42
502 9 1 43
503 9 1 44
504 9 1 45
505 9 1 46
506 9 1 47
507 9 1 48
508 9 1 49
509 9 1 50
510 9 1 51
511 9 1 52
512 9 1 53
513 9 1 54
514 9 1 55
515 9 1 56
516 9 1 57
517 9 1 58
518 9 1 59
519 9 1 60
520 9 1 61
521 9 1 62
522 9 1 63
523 9 1 64
524 9 1 65
525 10 1 20
526 10 1 21
527 10 1 22
528 10 1 23
529 10 1 24
530 10 1 25
531 10 1 26
532 10 1 27
533 10 1 28
534 10 1 29
535 10 1 30
536 10 1 31
537 10 1 32
538 10 1 33
539 10 1 34
540 10 1 35
541 10 1 36
542 10 1 37
543 10 1 38
544 10 1 39
545 10 1 40
546 10 1 41
547 10 1 42
548 10 1 43
549 10 1 44
550 10 1 45
551 10 1 46
552 10 1 47
553 10 1 48
554 10 1 49
555 10 1 50
556 10 1 51
557 10 1 52
558 10 1 53
559 10 1 54
560 10 1 55
561 10 1 56
562 10 1 57
563 10 1 58
564 10 1 59
565 10 1 60
566 10 1 61
567 10 1 62
568 10 1 63
569 10 1 64
570 10 1 65
571 10 1 66
572 11 1 22
573 11 1 23
574 11 1 24
575 11 1 25
576 11 1 26
577 11 1 27
578 11 1 28
579 11 1 29
580 11 1 30
581 11 1 31
582 11 1 32
583 11 1 33
584 11 1 34
585 11 1 35
586 11 1 36
587 11 1 37
588 11 1 38
589 11 1 39
590 11 1 40
591 11 1 41
592 11 1 42
593 11 1 43
594 11 1 44
595 11 1 45
596 11 1 46
597 11 1 47
598 11 1 48
599 11 1 49
600 11 1 50
601 11 1 51
602 11 1 52
603 11 1 53
604 11 1 54
605 11 1 55
606 11 1 56
607 11 1 57
608 11 1 58
609 11 1 59
610 11 1 60
611 11 1 61
612 11 1 62
613 11 1 63
614 11 1 64
615 11 1 65
616 11 1 66
617 11 1 67
618 12 1 24
619 12 1 25
620 12 1 26
621 12 1 27
622 12 1 28
623 12 1 29
624 12 1 30
625 12 1 31
626 12 1 32
627 12 1 33
628 12 1 34
629 12 1 35
630 12 1 36
631 12 1 37
632 12 1 38
633 12 1 39
634 12 1 40
635 12 1 41
636 12 1 42
637 12 1 43
638 12 1 44
639 12 1 45
640 12 1 46
641 12 1 47
642 12 1 48
643 12 1 49
644 12 1 50
645 12 1 51
646 12 1 52
647 12 1 53
648 12 1 54
649 12 1 55
650 12 1 56
651 12 1 57
652 12 1 58
653 12 1 59
654 12 1 60
655 12 1 61
656 12 1 62
657 12 1 63
658 12 1 64
659 12 1 65
660 12 1 66
661 12 1 67
662 12 1 68
663 13 1 26
664 13 1 27
665 13 1 28
666 13 1 29
667 13 1 30
668 13 1 31
669 13 1 32
670 13 1 33
671 13 1 34
672 13 1 35
673 13 1 36
674 13 1 37
675 13 1 38
676 13 1 39
677 13 1 40
678 13 1 41
679 13 1 42
680 13 1 43
681 13 1 44
682 13 1 45
683 13 1 46
684 13 1 47
685 13 1 48
686 13 1 49
687 13 1 50
688 13 1 51
689 13 1 52
690 13 1 53
691 13 1 54
692 13 1 55
693 13 1 56
694 13 1 57
695 13 1 58
696 13 1 59
697 13 1 60
698 13 1 61
699 13 1 62
700 13 1 63
701 13 1 64
702 13 1 65
703 13 1 66
704 13 1 67
705 13 1 68
706 13 1 69
707 14 1 28
708 14 1 29
709 14 1 30
710 14 1 31
711 14 1 32
712 14 1 33
713 14 1 34
714 14 1 35
715 14 1 36
716 14 1 37
717 14 1 38
718 14 1 39
719 14 1 40
720 14 1 41
721 14 1 42
722 14 1 43
723 14 1 44
724 14 1 45
725 14 1 46
726 14 1 47
727 14 1 48
728 14 1 49
729 14 1 50
730 14 1 51
731 14 1 52
732 14 1 53
733 14 1 54
734 14 1 55
735 14 1 56
736 14 1 57
737 14 1 58
738 14 1 59
739 14 1 60
740 14 1 61
741 14 1 62
742 14 1 63
743 14 1 64
744 14 1 65
745 14 1 66
746 14 1 67
747 14 1 68
748 14 1 69
749 14 1 70
750 15 1 30
751 15 1 31
752 15 1 32
753 15 1 33
754 15 1 34
755 15 1 35
756 15 1 36
757 15 1 37
758 15 1 38
759 15 1 39
760 15 1 40
761 15 1 41
762 15 1 42
763 15 1 43
764 15 1 44
765 15 1 45
766 15 1 46
767 15 1 47
768 15 1 48
769 15 1 49
770 15 1 50
771 15 1 51
772 15 1 52
773 15 1 53
774 15 1 54
775 15 1 55
776 15 1 56
777 15 1 57
778 15 1 58
779 15 1 59
780 15 1 60
781 15 1 61
782 15 1 62
783 15 1 63
784 15 1 64
785 15 1 65
786 15 1 66
787 15 1 67
788 15 1 68
789 15 1 69
790 15 1 70
791 15 1 71
792 16 1 32
793 16 1 33
794 16 1 34
795 16 1 35
796 16 1 36
797 16 1 37
798 16 1 38
799 16 1 39
800 16 1 40
801 16 1 41
802 16 1 42
803 16 1 43
804 16 1 44
805 16 1 45
806 16 1 46
807 16 1 47
808 16 1 48
809 16 1 49
810 16 1 50
811 16 1 51
812 16 1 52
813 16 1 53
814 16 1 54
815 16 1 55
816 16 1 56
817 16 1 57
818 16 1 58
819 16 1 59
820 16 1 60
821 16 1 61
822 16 1 62
823 16 1 63
824 16 1 64
825 16 1 65
826 16 1 66
827 16 1 67
828 16 1 68
829 16 1 69
830 16 1 70
831 16 1 71
832 16 1 72
833 17 1 34
834 17 1 35
835 17 1 36
836 17 1 37
837 17 1 38
838 17 1 39
839 17 1 40
840 17 1 41
841 17 1 42
842 17 1 43
843 17 1 44
844 17 1 45
845 17 1 46
846 17 1 47
847 17 1 48
848 17 1 49
849 17 1 50
850 17 1 51
851 17 1 52
852 17 1 53
853 17 1 54
854 17 1 55
855 17 1 56
856 17 1 57
857 17 1 58
858 17 1 59
859 17 1 60
860 17 1 61
861 17 1 62
862 17 1 63
863 17 1 64
864 17 1 65
865 17 1 66
866 17 1 67
867 17 1 68
868 17 1 69
869 17 1 70
870 17 1 71
871 17 1 72
872 17 1 73
873 18 1 36
874 18 1 37
875 18 1 38
876 18 1 39
877 18 1 40
878 18 1 41
879 18 1 42
880 18 1 43
881 18 1 44
882 18 1 45
883 18 1 46
884 18 1 47
885 18 1 48
886 18 1 49
887 18 1 50
888 18 1 51
889 18 1 52
890 18 1 53
891 18 1 54
892 18 1 55
893 18 1 56
894 18 1 57
895 18 1 58
896 18 1 59
897 18 1 60
898 18 1 61
899 18 1 62
900 18 1 63
901 18 1 64
902 18 1 65
903 18 1 66
904 18 1 67
905 18 1 68
906 18 1 69
907 18 1 70
908 18 1 71
909 18 1 72
910 18 1 73
911 18 1 74
912 19 1 38
913 19 1 39
914 19 1 40
915 19 1 41
916 19 1 42
917 19 1 43
918 19 1 44
919 19 1 45
920 19 1 46
921 19 1 47
922 19 1 48
923 19 1 49
924 19 1 50
925 19 1 51
926 19 1 52
927 19 1 53
928 19 1 54
929 19 1 55
930 19 1 56
931 19 1 57
932 19 1 58
933 19 1 59
934 19 1 60
935 19 1 61
936 19 1 62
937 19 1 63
938 19 1 64
939 19 1 65
940 19 1 66
941 19 1 67
942 19 1 68
943 19 1 69
944 19 1 70
945 19 1 71
946 19 1 72
947 19 1 73
948 19 1 74
949 19 1 75
950 20 1 40
951 20 1 41
952 20 1 42
953 20 1 43
954 20 1 44
955 20 1 45
956 20 1 46
957 20 1 47
958 20 1 48
959 20 1 49
960 20 1 50
961 20 1 51
962 20 1 52
963 20 1 53
964 20 1 54
965 20 1 55
966 20 1 56
967 20 1 57
968 20 1 58
969 20 1 59
970 20 1 60
971 20 1 61
972 20 1 62
973 20 1 63
974 20 1 64
975 20 1 65
976 20 1 66
977 20 1 67
978 20 1 68
979 20 1 69
980 20 1 70
981 20 1 71
982 20 1 72
983 20 1 73
984 20 1 74
985 20 1 75
986 20 1 76
987 21 1 42
988 21 1 43
989 21 1 44
990 21 1 45
991 21 1 46
992 21 1 47
993 21 1 48
994 21 1 49
995 21 1 50
996 21 1 51
997 21 1 52
998 21 1 53
999 21 1 54
1000 21 1 55
1001 21 1 56
1002 21 1 57
1003 21 1 58
1004 21 1 59
1005 21 1 60
1006 21 1 61
1007 21 1 62
1008 21 1 63
1009 21 1 64
1010 21 1 65
1011 21 1 66
1012 21 1 67
1013 21 1 68
1014 21 1 69
1015 21 1 70
1016 21 1 71
1017 21 1 72
1018 21 1 73
1019 21 1 74
1020 21 1 75
1021 21 1 76
1022 21 1 77
1023 22 1 44
1024 22 1 45
1025 22 1 46
1026 22 1 47
1027 22 1 48
1028 22 1 49
1029 22 1 50
1030 22 1 51
1031 22 1 52
1032 22 1 53
1033 22 1 54
1034 22 1 55
1035 22 1 56
1036 22 1 57
1037 22 1 58
1038 22 1 59
1039 22 1 60
1040 22 1 61
1041 22 1 62
1042 22 1 63
1043 22 1 64
1044 22 1 65
1045 22 1 66
1046 22 1 67
1047 22 1 68
1048 22 1 69
1049 22 1 70
1050 22 1 71
1051 22 1 72
1052 22 1 73
1053 22 1 74
1054 22 1 75
1055 22 1 76
1056 22 1 77
1057 22 1 78
1058 23 1 46
1059 23 1 47
1060 23 1 48
1061 23 1 49
1062 23 1 50
1063 23 1 51
1064 23 1 52
1065 23 1 53
1066 23 1 54
1067 23 1 55
1068 23 1 56
1069 23 1 57
1070 23 1 58
1071 23 1 59
1072 23 1 60
1073 23 1 61
1074 23 1 62
1075 23 1 63
1076 23 1 64
1077 23 1 65
1078 23 1 66
1079 23 1 67
1080 23 1 68
1081 23 1 69
1082 23 1 70
1083 23 1 71
1084 23 1 72
1085 23 1 73
1086 23 1 74
1087 23 1 75
1088 23 1 76
1089 23 1 77
1090 23 1 78
1091 23 1 79
1092 24 1 48
1093 24 1 49
1094 24 1 50
1095 24 1 51
1096 24 1 52
1097 24 1 53
1098 24 1 54
1099 24 1 55
1100 24 1 56
1101 24 1 57
1102 24 1 58
1103 24 1 59
1104 24 1 60
1105 24 1 61
1106 24 1 62
1107 24 1 63
1108 24 1 64
1109 24 1 65
1110 24 1 66
1111 24 1 67
1112 24 1 68
1113 24 1 69
1114 24 1 70
1115 24 1 71
1116 24 1 72
1117 24 1 73
1118 24 1 74
1119 24 1 75
1120 24 1 76
1121 24 1 77
1122 24 1 78
1123 24 1 79
1124 24 1 80
1125 25 1 50
1126 25 1 51
1127 25 1 52
1128 25 1 53
1129 25 1 54
1130 25 1 55
1131 25 1 56
1132 25 1 57
1133 25 1 58
1134 25 1 59
1135 25 1 60
1136 25 1 61
1137 25 1 62
1138 25 1 63
1139 25 1 64
1140 25 1 65
1141 25 1 66
1142 25 1 67
1143 25 1 68
1144 25 1 69
1145 25 1 70
1146 25 1 71
1147 25 1 72
1148 25 1 73
1149 25 1 74
1150 25 1 75
1151 25 1 76
1152 25 1 77
1153 25 1 78
1154 25 1 79
1155 25 1 80
1156 25 1 81
1157 26 1 52
1158 26 1 53
1159 26 1 54
1160 26 1 55
1161 26 1 56
1162 26 1 57
1163 26 1 58
1164 26 1 59
1165 26 1 60
1166 26 1 61
1167 26 1 62
1168 26 1 63
1169 26 1 64
1170 26 1 65
1171 26 1 66
1172 26 1 67
1173 26 1 68
1174 26 1 69
1175 26 1 70
1176 26 1 71
1177 26 1 72
1178 26 1 73
1179 26 1 74
1180 26 1 75
1181 26 1 76
1182 26 1 77
1183 26 1 78
1184 26 1 79
1185 26 1 80
1186 26 1 81
1187 26 1 82
1188 27 1 54
1189 27 1 55
1190 27 1 56
1191 27 1 57
1192 27 1 58
1193 27 1 59
1194 27 1 60
1195 27 1 61
1196 27 1 62
1197 27 1 63
1198 27 1 64
1199 27 1 65
1200 27 1 66
1201 27 1 67
1202 27 1 68
1203 27 1 69
1204 27 1 70
1205 27 1 71
1206 27 1 72
1207 27 1 73
1208 27 1 74
1209 27 1 75
1210 27 1 76
1211 27 1 77
1212 27 1 78
1213 27 1 79
1214 27 1 80
1215 27 1 81
1216 27 1 82
1217 27 1 83
1218 28 1 56
1219 28 1 57
1220 28 1 58
1221 28 1 59
1222 28 1 60
1223 28 1 61
1224 28 1 62
1225 28 1 63
1226 28 1 64
1227 28 1 65
1228 28 1 66
1229 28 1 67
1230 28 1 68
1231 28 1 69
1232 28 1 70
1233 28 1 71
1234 28 1 72
1235 28 1 73
1236 28 1 74
1237 28 1 75
1238 28 1 76
1239 28 1 77
1240 28 1 78
1241 28 1 79
1242 28 1 80
1243 28 1 81
1244 28 1 82
1245 28 1 83
1246 28 1 84
1247 29 1 58
1248 29 1 59
1249 29 1 60
1250 29 1 61
1251 29 1 62
1252 29 1 63
1253 29 1 64
1254 29 1 65
1255 29 1 66
1256 29 1 67
1257 29 1 68
1258 29 1 69
1259 29 1 70
1260 29 1 71
1261 29 1 72
1262 29 1 73
1263 29 1 74
1264 29 1 75
1265 29 1 76
1266 29 1 77
1267 29 1 78
1268 29 1 79
1269 29 1 80
1270 29 1 81
1271 29 1 82
1272 29 1 83
1273 29 1 84
1274 29 1 85
1275 30 1 60
1276 30 1 61
1277 30 1 62
1278 30 1 63
1279 30 1 64
1280 30 1 65
1281 30 1 66
1282 30 1 67
1283 30 1 68
1284 30 1 69
1285 30 1 70
1286 30 1 71
1287 30 1 72
1288 30 1 73
1289 30 1 74
1290 30 1 75
1291 30 1 76
1292 30 1 77
1293 30 1 78
1294 30 1 79
1295 30 1 80
1296 30 1 81
1297 30 1 82
1298 30 1 83
1299 30 1 84
1300 30 1 85
1301 30 1 86
1302 31 1 62
1303 31 1 63
1304 31 1 64
1305 31 1 65
1306 31 1 66
1307 31 1 67
1308 31 1 68
1309 31 1 69
1310 31 1 70
1311 31 1 71
1312 31 1 72
1313 31 1 73
1314 31 1 74
1315 31 1 75
1316 31 1 76
1317 31 1 77
1318 31 1 78
1319 31 1 79
1320 31 1 80
1321 31 1 81
1322 31 1 82
1323 31 1 83
1324 31 1 84
1325 31 1 85
1326 31 1 86
1327 31 1 87
1328 32 1 64
1329 32 1 65
1330 32 1 66
1331 32 1 67
1332 32 1 68
1333 32 1 69
1334 32 1 70
1335 32 1 71
1336 32 1 72
1337 32 1 73
1338 32 1 74
1339 32 1 75
1340 32 1 76
1341 32 1 77
1342 32 1 78
1343 32 1 79
1344 32 1 80
1345 32 1 81
1346 32 1 82
1347 32 1 83
1348 32 1 84
1349 32 1 85
1350 32 1 86
1351 32 1 87
1352 32 1 88
1353 33 1 66
1354 33 1 67
1355 33 1 68
1356 33 1 69
1357 33 1 70
1358 33 1 71
1359 33 1 72
1360 33 1 73
1361 33 1 74
1362 33 1 75
1363 33 1 76
1364 33 1 77
1365 33 1 78
1366 33 1 79
1367 33 1 80
1368 33 1 81
1369 33 1 82
1370 33 1 83
1371 33 1 84
1372 33 1 85
1373 33 1 86
1374 33 1 87
1375 33 1 88
1376 33 1 89
1377 34 1 68
1378 34 1 69
1379 34 1 70
1380 34 1 71
1381 34 1 72
1382 34 1 73
1383 34 1 74
1384 34 1 75
1385 34 1 76
1386 34 1 77
1387 34 1 78
1388 34 1 79
1389 34 1 80
1390 34 1 81
1391 34 1 82
1392 34 1 83
1393 34 1 84
1394 34 1 85
1395 34 1 86
1396 34 1 87
1397 34 1 88
1398 34 1 89
1399 34 1 90
1400 35 1 70
1401 35 1 71
1402 35 1 72
1403 35 1 73
1404 35 1 74
1405 35 1 75
1406 35 1 76
1407 35 1 77
1408 35 1 78
1409 35 1 79
1410 35 1 80
1411 35 1 81
1412 35 1 82
1413 35 1 83
1414 35 1 84
1415 35 1 85
1416 35 1 86
1417 35 1 87
1418 35 1 88
1419 35 1 89
1420 35 1 90
1421 35 1 91
1422 36 1 72
1423 36 1 73
1424 36 1 74
1425 36 1 75
1426 36 1 76
1427 36 1 77
1428 36 1 78
1429 36 1 79
1430 36 1 80
1431 36 1 81
1432 36 1 82
1433 36 1 83
1434 36 1 84
1435 36 1 85
1436 36 1 86
1437 36 1 87
1438 36 1 88
1439 36 1 89
1440 36 1 90
1441 36 1 91
1442 36 1 92
1443 37 1 74
1444 37 1 75
1445 37 1 76
1446 37 1 77
1447 37 1 78
1448 37 1 79
1449 37 1 80
1450 37 1 81
1451 37 1 82
1452 37 1 83
1453 37 1 84
1454 37 1 85
1455 37 1 86
1456 37 1 87
1457 37 1 88
1458 37 1 89
1459 37 1 90
1460 37 1 91
1461 37 1 92
1462 37 1 93
1463 38 1 76
1464 38 1 77
1465 38 1 78
1466 38 1 79
1467 38 1 80
1468 38 1 81
1469 38 1 82
1470 38 1 83
1471 38 1 84
1472 38 1 85
1473 38 1 86
1474 38 1 87
1475 38 1 88
1476 38 1 89
1477 38 1 90
1478 38 1 91
1479 38 1 92
1480 38 1 93
1481 38 1 94
1482 39 1 78
1483 39 1 79
1484 39 1 80
1485 39 1 81
1486 39 1 82
1487 39 1 83
1488 39 1 84
1489 39 1 85
1490 39 1 86
1491 39 1 87
1492 39 1 88
1493 39 1 89
1494 39 1 90
1495 39 1 91
1496 39 1 92
1497 39 1 93
1498 39 1 94
1499 39 1 95
1500 40 1 80
1501 40 1 81
1502 40 1 82
1503 40 1 83
1504 40 1 84
1505 40 1 85
1506 40 1 86
1507 40 1 87
1508 40 1 88
1509 40 1 89
1510 40 1 90
1511 40 1 91
1512 40 1 92
1513 40 1 93
1514 40 1 94
1515 40 1 95
1516 40 1 96
1517 41 1 82
1518 41 1 83
1519 41 1 84
1520 41 1 85
1521 41 1 86
1522 41 1 87
1523 41 1 88
1524 41 1 89
1525 41 1 90
1526 41 1 91
1527 41 1 92
1528 41 1 93
1529 41 1 94
1530 41 1 95
1531 41 1 96
1532 41 1 97
1533 42 1 84
1534 42 1 85
1535 42 1 86
1536 42 1 87
1537 42 1 88
1538 42 1 89
1539 42 1 90
1540 42 1 91
1541 42 1 92
1542 42 1 93
1543 42 1 94
1544 42 1 95
1545 42 1 96
1546 42 1 97
1547 42 1 98
1548 43 1 86
1549 43 1 87
1550 43 1 88
1551 43 1 89
1552 43 1 90
1553 43 1 91
1554 43 1 92
1555 43 1 93
1556 43 1 94
1557 43 1 95
1558 43 1 96
1559 43 1 97
1560 43 1 98
1561 43 1 99
1562 44 1 88
1563 44 1 89
1564 44 1 90
1565 44 1 91
1566 44 1 92
1567 44 1 93
1568 44 1 94
1569 44 1 95
1570 44 1 96
1571 44 1 97
1572 44 1 98
1573 44 1 99
1574 44 1 100
1575 45 1 90
1576 45 1 91
1577 45 1 92
1578 45 1 93
1579 45 1 94
1580 45 1 95
1581 45 1 96
1582 45 1 97
1583 45 1 98
1584 45 1 99
1585 45 1 100
1586 45 1 101
1587 46 1 92
1588 46 1 93
1589 46 1 94
1590 46 1 95
1591 46 1 96
1592 46 1 97
1593 46 1 98
1594 46 1 99
1595 46 1 100
1596 46 1 101
1597 46 1 102
1598 47 1 94
1599 47 1 95
1600 47 1 96
1601 47 1 97
1602 47 1 98
1603 47 1 99
1604 47 1 100
1605 47 1 101
1606 47 1 102
1607 47 1 103
1608 48 1 96
1609 48 1 97
1610 48 1 98
1611 48 1 99
1612 48 1 100
1613 48 1 101
1614 48 1 102
1615 48 1 103
1616 48 1 104
1617 49 1 98
1618 49 1 99
1619 49 1 100
1620 49 1 101
1621 49 1 102
1622 49 1 103
1623 49 1 104
1624 49 1 105
1625 50 1 100
1626 50 1 101
1627 50 1 102
1628 50 1 103
1629 50 1 104
1630 50 1 105
1631 50 1 106
1632 51 1 102
1633 51 1 103
1634 51 1 104
1635 51 1 105
1636 51 1 106
1637 51 1 107
1638 52 1 104
1639 52 1 105
1640 52 1 106
1641 52 1 107
1642 52 1 108
1643 53 1 106
1644 53 1 107
1645 53 1 108
1646 53 1 109
1647 54 1 108
1648 54 1 109
1649 54 1 110
1650 55 1 110
1651 55 1 111
1652 56 1 112
1653 57 255 114
1654 56 256 113
1655 55 128 112
1656 54 64 111
1657 53 32 110
1658 52 16 109
1659 51 8 108
1660 50 4 107
1661 49 2 106
1662 48 1 105
1663 47 129 104
1664 46 193 103
1665 45 225 102
1666 44 241 101
1667 43 249 100
1668 42 253 99
1669 41 255 98
1670 40 256 97
1671 39 128 96
1672 38 64 95
1673 37 32 94
1674 36 16 93
1675 35 8 92
1676 34 4 91
1677 33 2 90
1678 32 1 89
1679 31 129 88
1680 30 193 87
1681 29 225 86
1682 28 241 85
1683 27 249 84
1684 26 253 83
1685 25 255 82
1686 24 256 81
1687 23 128 80
1688 22 64 79
1689 21 32 78
1690 20 16 77
1691 19 8 76
1692 18 4 75
1693 17 2 74
1694 16 1 73
1695 15 129 72
1696 14 193 71
1697 13 225 70
1698 12 241 69
1699 11 249 68
1700 10 253 67
1701 9 255 66
1702 8 256 65
1703 7 128 64
1704 6 64 63
1705 5 32 62
1706 4 16 61
1707 3 8 60
1708 58 255 116
1709 57 256 115
1710 56 128 114
1711 55 64 113
1712 54 32 112
1713 53 16 111
1714 52 8 110
1715 51 4 109
1716 50 2 108
1717 49 1 107
1718 48 129 106
1719 47 193 105
1720 46 225 104
1721 45 241 103
1722 44 249 102
1723 43 253 101
1724 42 255 100
1725 41 256 99
1726 40 128 98
1727 39 64 97
1728 38 32 96
1729 37 16 95
1730 36 8 94
1731 35 4 93
1732 34 2 92
1733 33 1 91
1734 32 129 90
1735 31 193 89
1736 30 225 88
1737 29 241 87
1738 28 249 86
1739 27 253 85
1740 26 255 84
1741 25 256 83
1742 24 128 82
1743 23 64 81
1744 22 32 80
1745 21 16 79
1746 20 8 78
1747 19 4 77
1748 18 2 76
1749 17 1 75
1750 16 129 74
1751 15 193 73
1752 14 225 72
1753 13 241 71
1754 12 249 70
1755 11 253 69
1756 10 255 68
1757 9 256 67
1758 8 128 66
1759 7 64 65
1760 6 32 64
1761 5 16 63
1762 59 255 118
1763 58 256 117
1764 57 128 116
1765 56 64 115
1766 55 32 114
1767 54 16 113
1768 53 8 112
1769 52 4 111
1770 51 2 110
1771 50 1 109
1772 49 129 108
1773 48 193 107
1774 47 225 106
1775 46 241 105
1776 45 249 104
1777 44 253 103
1778 43 255 102
1779 42 256 101
1780 41 128 100
1781 40 64 99
1782 39 32 98
1783 38 16 97
1784 37 8 96
1785 36 4 95
1786 35 2 94
1787 34 1 93
1788 33 129 92
1789 32 193 91
1790 31 225 90
1791 30 241 89
1792 29 249 88
1793 28 253 87
1794 27 255 86
1795 26 256 85
1796 25 128 84
1797 24 64 83
1798 23 32 82
1799 22 16 81
1800 21 8 80
1801 20 4 79
1802 19 2 78
1803 18 1 77
1804 17 129 76
1805 16 193 75
1806 15 225 74
1807 14 241 73
1808 13 249 72
1809 12 253 71
1810 11 255 70
1811 10 256 69
1812 9 128 68
1813 8 64 67
1814 7 32 66
1815 60 255 120
1816 59 256 119
1817 58 128 118
1818 57 64 117
1819 56 32 116
1820 55 16 115
1821 54 8 114
1822 53 4 113
1823 52 2 112
1824 51 1 111
1825 50 129 110
1826 49 193 109
1827 48 225 108
1828 47 241 107
1829 46 249 106
1830 45 253 105
1831 44 255 104
1832 43 256 103
1833 42 128 102
1834 41 64 101
1835 40 32 100
1836 39 16 99
1837 38 8 98
1838 37 4 97
1839 36 2 96
1840 35 1 95
1841 34 129 94
1842 33 193 93
1843 32 225 92
1844 31 241 91
1845 30 249 90
1846 29 253 89
1847 28 255 88
1848 27 256 87
1849 26 128 86
1850 25 64 85
1851 24 32 84
1852 23 16 83
1853 22 8 82
1854 21 4 81
1855 20 2 80
1856 19 1 79
1857 18 129 78
1858 17 193 77
1859 16 225 76
1860 15 241 75
1861 14 249 74
1862 13 253 73
1863 12 255 72
1864 11 256 71
1865 10 128 70
1866 9 64 69
1867 61 255 122
1868 60 256 121
1869 59 128 120
1870 58 64 119
1871 57 32 118
1872 56 16 117
1873 55 8 116
1874 54 4 115
1875 53 2 114
1876 52 1 113
1877 51 129 112
1878 50 193 111
1879 49 225 110
1880 48 241 109
1881 47 249 108
1882 46 253 107
1883 45 255 106
1884 44 256 105
1885 43 128 104
1886 42 64 103
1887 41 32 102
1888 40 16 101
1889 39 8 100
1890 38 4 99
1891 37 2 98
1892 36 1 97
1893 35 129 96
1894 34 193 95
1895 33 225 94
1896 32 241 93
1897 31 249 92
1898 30 253 91
1899 29 255 90
1900 28 256 89
1901 27 128 88
1902 26 64 87
1903 25 32 86
1904 24 16 85
1905 23 8 84
1906 22 4 83
1907 21 2 82
1908 20 1 81
1909 19 129 80
1910 18 193 79
1911 17 225 78
1912 16 241 77
1913 15 249 76
1914 14 253 75
1915 13 255 74
1916 12 256 73
1917 11 128 72
1918 62 255 124
1919 61 256 123
1920 60 128 122
1921 59 64 121
1922 58 32 120
1923 57 16 119
1924 56 8 118
1925 55 4 117
1926 54 2 116
1927 53 1 115
1928 52 129 114
1929 51 193 113
1930 50 225 112
1931 49 241 111
1932 48 249 110
1933 47 253 109
1934 46 255 108
1935 45 256 107
1936 44 128 106
1937 43 64 105
1938 42 32 104
1939 41 16 103
1940 40 8 102
1941 39 4 101
1942 38 2 100
1943 37 1 99
1944 36 129 98
1945 35 193 97
1946 34 225 96
1947 33 241 95
1948 32 249 94
1949 31 253 93
1950 30 255 92
1951 29 256 91
1952 28 128 90
1953 27 64 89
1954 26 32 88
1955 25 16 87
1956 24 8 86
1957 23 4 85
1958 22 2 84
1959 21 1 83
1960 20 129 82
1961 19 193 81
1962 18 225 80
1963 17 241 79
1964 16 249 78
1965 15 253 77
1966 14 255 76
1967 13 256 75
1968 63 255 126
1969 62 256 125
1970 61 128 124
1971 60 64 123
1972 59 32 122
1973 58 16 121
1974 57 8 120
1975 56 4 119
1976 55 2 118
1977 54 1 117
1978 53 129 116
1979 52 193 115
1980 51 225 114
1981 50 241 113
1982 49 249 112
1983 48 253 111
1984 47 255 110
1985 46 256 109
1986 45 128 108
1987 44 64 107
1988 43 32 106
1989 42 16 105
1990 41 8 104
1991 40 4 103
1992 39 2 102
1993 38 1 101
1994 37 129 100
1995 36 193 99
1996 35 225 98
1997 34 241 97
1998 33 249 96
1999 32 253 95
2000 31 255 94
2001 30 256 93
2002 29 128 92
2003 28 64 91
2004 27 32 90
2005 26 16 89
2006 25 8 88
2007 24 4 87
2008 23 2 86
2009 22 1 85
2010 21 129 84
2011 20 193 83
2012 19 225 82
2013 18 241 81
2014 17 249 80
2015 16 253 79
2016 15 255 78
2017 64 255 128
2018 63 256 127
2019 62 128 126
2020 61 64 125
2021 60 32 124
2022 59 16 123
2023 58 8 122
2024 57 4 121
2025 56 2 120
2026 55 1 119
2027 54 129 118
2028 53 193 117
2029 52 225 116
2030 51 241 115
2031 50 249 114
2032 49 253 113
2033 48 255 112
2034 47 256 111
2035 46 128 110
2036 45 64 109
2037 44 32 108
2038 43 16 107
2039 42 8 106
2040 41 4 105
2041 40 2 104
2042 39 1 103
2043 38 129 102
2044 37 193 101
2045 36 225 100
2046 35 241 99
2047 34 249 98
2048 33 253 97
2049 32 255 96
2050 31 256 95
2051 30 128 94
2052 29 64 93
2053 28 32 92
2054 27 16 91
2055 26 8 90
2056 25 4 89
2057 24 2 88
2058 23 1 87
2059 22 129 86
2060 21 193 85
2061 20 225 84
2062 19 241 83
2063 18 249 82
2064 17 253 81
2065 65 255 130
2066 64 256 129
2067 63 128 128
2068 62 64 127
2069 61 32 126
2070 60 16 125
2071 59 8 124
2072 58 4 123
2073 57 2 122
2074 56 1 121
2075 55 129 120
2076 54 193 119
2077 53 225 118
2078 52 241 117
2079 51 249 116
2080 50 253 115
2081 49 255 114
2082 48 256 113
2083 47 128 112
2084 46 64 111
2085 45 32 110
2086 44 16 109
2087 43 8 108
2088 42 4 107
2089 41 2 106
2090 40 1 105
2091 39 129 104
2092 38 193 103
2093 37 225 102
2094 36 241 101
2095 35 249 100
2096 34 253 99
2097 33 255 98
2098 32 256 97
2099 31 128 96
2100 30 64 95
2101 29 32 94
2102 28 16 93
2103 27 8 92
2104 26 4 91
2105 25 2 90
2106 24 1 89
2107 23 129 88
2108 22 193 87
2109 21 225 86
2110 20 241 85
2111 19 249 84
2112 66 255 132
2113 65 256 131
2114 64 128 130
2115 63 64 129
2116 62 32 128
2117 61 16 127
2118 60 8 126
2119 59 4 125
2120 58 2 124
2121 57 1 123
2122 56 129 122
2123 55 193 121
2124 54 225 120
2125 53 241 119
2126 52 249 118
2127 51 253 117
2128 50 255 116
2129 49 256 115
2130 48 128 114
2131 47 64 113
2132 46 32 112
2133 45 16 111
2134 44 8 110
2135 43 4 109
2136 42 2 108
2137 41 1 107
2138 40 129 106
2139 39 193 105
2140 38 225 104
2141 37 241 103
2142 36 249 102
2143 35 253 101
2144 34 255 100
2145 33 256 99
2146 32 128 98
2147 31 64 97
2148 30 32 96
2149 29 16 95
2150 28 8 94
2151 27 4 93
2152 26 2 92
2153 25 1 91
2154 24 129 90
2155 23 193 89
2156 22 225 88
2157 21 241 87
2158 67 255 134
2159 66 256 133
2160 65 128 132
2161 64 64 131
2162 63 32 130
2163 62 16 129
2164 61 8 128
2165 60 4 127
2166 59 2 126
2167 58 1 125
2168 57 129 124
2169 56 193 123
2170 55 225 122
2171 54 241 121
2172 53 249 120
2173 52 253 119
2174 51 255 118
2175 50 256 117
2176 49 128 116
2177 48 64 115
2178 47 32 114
2179 46 16 113
2180 45 8 112
2181 44 4 111
2182 43 2 110
2183 42 1 109
2184 41 129 108
2185 40 193 107
2186 39 225 106
2187 38 241 105
2188 37 249 104
2189 36 253 103
2190 35 255 102
2191 34 256 101
2192 33 128 100
2193 32 64 99
2194 31 32 98
2195 30 16 97
2196 29 8 96
2197 28 4 95
2198 27 2 94
2199 26 1 93
2200 25 129 92
2201 24 193 91
2202 23 225 90
2203 68 255 136
2204 67 256 135
2205 66 128 134
2206 65 64 133
2207 64 32 132
2208 63 16 131
2209 62 8 130
2210 61 4 129
2211 60 2 128
2212 59 1 127
2213 58 129 126
2214 57 193 125
2215 56 225 124
2216 55 241 123
2217 54 249 122
2218 53 253 121
2219 52 255 120
2220 51 256 119
2221 50 128 118
2222 49 64 117
2223 48 32 116
2224 47 16 115
2225 46 8 114
2226 45 4 113
2227 44 2 112
2228 43 1 111
2229 42 129 110
2230 41 193 109
2231 40 225 108
2232 39 241 107
2233 38 249 106
2234 37 253 105
2235 36 255 104
2236 35 256 103
2237 34 128 102
2238 33 64 101
2239 32 32 100
2240 31 16 99
2241 30 8 98
2242 29 4 97
2243 28 2 96
2244 27 1 95
2245 26 129 94
2246 25 193 93
2247 69 255 138
2248 68 256 137
2249 67 128 136
2250 66 64 135
2251 65 32 134
2252 64 16 133
2253 63 8 132
2254 62 4 131
2255 61 2 130
2256 60 1 129
2257 59 129 128
2258 58 193 127
2259 57 225 126
2260 56 241 125
2261 55 249 124
2262 54 253 123
2263 53 255 122
2264 52 256 121
2265 51 128 120
2266 50 64 119
2267 49 32 118
2268 48 16 117
2269 47 8 116
2270 46 4 115
2271 45 2 114
2272 44 1 113
2273 43 129 112
2274 42 193 111
2275 41 225 110
2276 40 241 109
2277 39 249 108
2278 38 253 107
2279 37 255 106
2280 36 256 105
2281 35 128 104
2282 34 64 103
2283 33 32 102
2284 32 16 101
2285 31 8 100
2286 30 4 99
2287 29 2 98
2288 28 1 97
2289 27 129 96
2290 70 255 140
2291 69 256 139
2292 68 128 138
2293 67 64 137
2294 66 32 136
2295 65 16 135
2296 64 8 134
2297 63 4 133
2298 62 2 132
2299 61 1 131
2300 60 129 130
2301 59 193 129
2302 58 225 128
2303 57 241 127
2304 56 249 126
2305 55 253 125
2306 54 255 124
2307 53 256 123
2308 52 128 122
2309 51 64 121
2310 50 32 120
2311 49 16 119
2312 48 8 118
2313 47 4 117
2314 46 2 116
2315 45 1 115
2316 44 129 114
2317 43 193 113
2318 42 225 112
2319 41 241 111
2320 40 249 110
2321 39 253 109
2322 38 255 108
2323 37 256 107
2324 36 128 106
2325 35 64 105
2326 34 32 104
2327 33 16 103
2328 32 8 102
2329 31 4 101
2330 30 2 100
2331 29 1 99
2332 71 255 142
2333 70 256 141
2334 69 128 140
2335 68 64 139
2336 67 32 138
2337 66 16 137
2338 65 8 136
2339 64 4 135
2340 63 2 134
2341 62 1 133
2342 61 129 132
2343 60 193 131
2344 59 225 130
2345 58 241 129
2346 57 249 128
2347 56 253 127
2348 55 255 126
2349 54 256 125
2350 53 128 124
2351 52 64 123
2352 51 32 122
2353 50 16 121
2354 49 8 120
2355 48 4 119
2356 47 2 118
2357 46 1 117
2358 45 129 116
2359 44 193 115
2360 43 225 114
2361 42 241 113
2362 41 249 112
2363 40 253 111
2364 39 255 110
2365 38 256 109
2366 37 128 108
2367 36 64 107
2368 35 32 106
2369 34 16 105
2370 33 8 104
2371 32 4 103
2372 31 2 102
2373 72 255 144
2374 71 256 143
2375 70 128 142
2376 69 64 141
2377 68 32 140
2378 67 16 139
2379 66 8 138
2380 65 4 137
2381 64 2 136
2382 63 1 135
2383 62 129 134
2384 61 193 133
2385 60 225 132
2386 59 241 131
2387 58 249 130
2388 57 253 129
2389 56 255 128
2390 55 256 127
2391 54 128 126
2392 53 64 125
2393 52 32 124
2394 51 16 123
2395 50 8 122
2396 49 4 121
2397 48 2 120
2398 47 1 119
2399 46 129 118
2400 45 193 117
2401 44 225 116
2402 43 241 115
2403 42 249 114
2404 41 253 113
2405 40 255 112
2406 39 256 111
2407 38 128 110
2408 37 64 109
2409 36 32 108
2410 35 16 107
2411 34 8 106
2412 33 4 105
2413 73 255 146
2414 72 256 145
2415 71 128 144
2416 70 64 143
2417 69 32 142
2418 68 16 141
2419 67 8 140
2420 66 4 139
2421 65 2 138
2422 64 1 137
2423 63 129 136
2424 62 193 135
2425 61 225 134
2426 60 241 133
2427 59 249 132
2428 58 253 131
2429 57 255 130
2430 56 256 129
2431 55 128 128
2432 54 64 127
2433 53 32 126
2434 52 16 125
2435 51 8 124
2436 50 4 123
2437 49 2 122
2438 48 1 121
2439 47 129 120
2440 46 193 119
2441 45 225 118
2442 44 241 117
2443 43 249 116
2444 42 253 115
2445 41 255 114
2446 40 256 113
2447 39 128 112
2448 38 64 111
2449 37 32 110
2450 36 16 109
2451 35 8 108
2452 74 255 148
2453 73 256 147
2454 72 128 146
2455 71 64 145
2456 70 32 144
2457 69 16 143
2458 68 8 142
2459 67 4 141
2460 66 2 140
2461 65 1 139
2462 64 129 138
2463 63 193 137
2464 62 225 136
2465 61 241 135
2466 60 249 134
2467 59 253 133
2468 58 255 132
2469 57 256 131
2470 56 128 130
2471 55 64 129
2472 54 32 128
2473 53 16 127
2474 52 8 126
2475 51 4 125
2476 50 2 124
2477 49 1 123
2478 48 129 122
2479 47 193 121
2480 46 225 120
2481 45 241 119
2482 44 249 118
2483 43 253 117
2484 42 255 116
2485 41 256 115
2486 40 128 114
2487 39 64 113
2488 38 32 112
2489 37 16 111
2490 75 255 150
2491 74 256 149
2492 73 128 148
2493 72 64 147
2494 71 32 146
2495 70 16 145
2496 69 8 144
2497 68 4 143
2498 67 2 142
2499 66 1 141
2500 65 129 140
2501 64 193 139
2502 63 225 138
2503 62 241 137
2504 61 249 136
2505 60 253 135
2506 59 255 134
2507 58 256 133
2508 57 128 132
2509 56 64 131
2510 55 32 130
2511 54 16 129
2512 53 8 128
2513 52 4 127
2514 51 2 126
2515 50 1 125
2516 49 129 124
2517 48 193 123
2518 47 225 122
2519 46 241 121
2520 45 249 120
2521 44 253 119
2522 43 255 118
2523 42 256 117
2524 41 128 116
2525 40 64 115
2526 39 32 114
2527 76 255 152
2528 75 256 151
2529 74 128 150
2530 73 64 149
2531 72 32 148
2532 71 16 147
2533 70 8 146
2534 69 4 145
2535 68 2 144
2536 67 1 143
2537 66 129 142
2538 65 193 141
2539 64 225 140
2540 63 241 139
2541 62 249 138
2542 61 253 137
2543 60 255 136
2544 59 256 135
2545 58 128 134
2546 57 64 133
2547 56 32 132
2548 55 16 131
2549 54 8 130
2550 53 4 129
2551 52 2 128
2552 51 1 127
2553 50 129 126
2554 49 193 125
2555 48 225 124
2556 47 241 123
2557 46 249 122
2558 45 253 121
2559 44 255 120
2560 43 256 119
2561 42 128 118
2562 41 64 117
2563 77 255 154
2564 76 256 153
2565 75 128 152
2566 74 64 151
2567 73 32 150
2568 72 16 149
2569 71 8 148
2570 70 4 147
2571 69 2 146
2572 68 1 145
2573 67 129 144
2574 66 193 143
2575 65 225 142
2576 64 241 141
2577 63 249 140
2578 62 253 139
2579 61 255 138
2580 60 256 137
2581 59 128 136
2582 58 64 135
2583 57 32 134
2584 56 16 133
2585 55 8 132
2586 54 4 131
2587 53 2 130
2588 52 1 129
2589 51 129 128
2590 50 193 127
2591 49 225 126
2592 48 241 125
2593 47 249 124
2594 46 253 123
2595 45 255 122
2596 44 256 121
2597 43 128 120
2598 78 255 156
2599 77 256 155
2600 76 128 154
2601 75 64 153
2602 74 32 152
2603 73 16 151
2604 72 8 150
2605 71 4 149
2606 70 2 148
2607 69 1 147
2608 68 129 146
2609 67 193 145
2610 66 225 144
2611 65 241 143
2612 64 249 142
2613 63 253 141
2614 62 255 140
2615 61 256 139
2616 60 128 138
2617 59 64 137
2618 58 32 136
2619 57 16 135
2620 56 8 134
2621 55 4 133
2622 54 2 132
2623 53 1 131
2624 52 129 130
2625 51 193 129
2626 50 225 128
2627 49 241 127
2628 48 249 126
2629 47 253 125
2630 46 255 124
2631 45 256 123
2632 79 255 158
2633 78 256 157
2634 77 128 156
2635 76 64 155
2636 75 32 154
2637 74 16 153
2638 73 8 152
2639 72 4 151
2640 71 2 150
2641 70 1 149
2642 69 129 148
2643 68 193 147
2644 67 225 146
2645 66 241 145
2646 65 249 144
2647 64 253 143
2648 63 255 142
2649 62 256 141
2650 61 128 140
2651 60 64 139
2652 59 32 138
2653 58 16 137
2654 57 8 136
2655 56 4 135
2656 55 2 134
2657 54 1 133
2658 53 129 132
2659 52 193 131
2660 51 225 130
2661 50 241 129
2662 49 249 128
2663 48 253 127
2664 47 255 126
2665 80 255 160
2666 79 256 159
2667 78 128 158
2668 77 64 157
2669 76 32 156
2670 75 16 155
2671 74 8 154
2672 73 4 153
2673 72 2 152
2674 71 1 151
2675 70 129 150
2676 69 193 149
2677 68 225 148
2678 67 241 147
2679 66 249 146
2680 65 253 145
2681 64 255 144
2682 63 256 143
2683 62 128 142
2684 61 64 141
2685 60 32 140
2686 59 16 139
2687 58 8 138
2688 57 4 137
2689 56 2 136
2690 55 1 135
2691 54 129 134
2692 53 193 133
2693 52 225 132
2694 51 241 131
2695 50 249 130
2696 49 253 129
2697 81 255 162
2698 80 256 161
2699 79 128 160
2700 78 64 159
2701 77 32 158
2702 76 16 157
2703 75 8 156
2704 74 4 155
2705 73 2 154
2706 72 1 153
2707 71 129 152
2708 70 193 151
2709 69 225 150
2710 68 241 149
2711 67 249 148
2712 66 253 147
2713 65 255 146
2714 64 256 145
2715 63 128 144
2716 62 64 143
2717 61 32 142
2718 60 16 141
2719 59 8 140
2720 58 4 139
2721 57 2 138
2722 56 1 137
2723 55 129 136
2724 54 193 135
2725 53 225 134
2726 52 241 133
2727 51 249 132
2728 82 255 164
2729 81 256 163
2730 80 128 162
2731 79 64 161
2732 78 32 160
2733 77 16 159
2734 76 8 158
2735 75 4 157
2736 74 2 156
2737 73 1 155
2738 72 129 154
2739 71 193 153
2740 70 225 152
2741 69 241 151
2742 68 249 150
2743 67 253 149
2744 66 255 148
2745 65 256 147
2746 64 128 146
2747 63 64 145
2748 62 32 144
2749 61 16 143
2750 60 8 142
2751 59 4 141
2752 58 2 140
2753 57 1 139
2754 56 129 138
2755 55 193 137
2756 54 225 136
2757 53 241 135
2758 83 255 166
2759 82 256 165
2760 81 128 164
2761 80 64 163
2762 79 32 162
2763 78 16 161
2764 77 8 160
2765 76 4 159
2766 75 2 158
2767 74 1 157
2768 73 129 156
2769 72 193 155
2770 71 225 154
2771 70 241 153
2772 69 249 152
2773 68 253 151
2774 67 255 150
2775 66 256 149
2776 65 128 148
2777 64 64 147
2778 63 32 146
2779 62 16 145
2780 61 8 144
2781 60 4 143
2782 59 2 142
2783 58 1 141
2784 57 129 140
2785 56 193 139
2786 55 225 138
2787 84 255 168
2788 83 256 167
2789 82 128 166
2790 81 64 165
2791 80 32 164
2792 79 16 163
2793 78 8 162
2794 77 4 161
2795 76 2 160
2796 75 1 159
2797 74 129 158
2798 73 193 157
2799 72 225 156
2800 71 241 155
2801 70 249 154
2802 69 253 153
2803 68 255 152
2804 67 256 151
2805 66 128 150
2806 65 64 149
2807 64 32 148
2808 63 16 147
2809 62 8 146
2810 61 4 145
2811 60 2 144
2812 59 1 143
2813 58 129 142
2814 57 193 141
2815 85 255 170
2816 84 256 169
2817 83 128 168
2818 82 64 167
2819 81 32 166
2820 80 16 165
2821 79 8 164
2822 78 4 163
2823 77 2 162
2824 76 1 161
2825 75 129 160
2826 74 193 159
2827 73 225 158
2828 72 241 157
2829 71 249 156
2830 70 253 155
2831 69 255 154
2832 68 256 153
2833 67 128 152
2834 66 64 151
2835 65 32 150
2836 64 16 149
2837 63 8 148
2838 62 4 147
2839 61 2 146
2840 60 1 145
2841 59 129 144
2842 86 255 172
2843 85 256 171
2844 84 128 170
2845 83 64 169
2846 82 32 168
2847 81 16 167
2848 80 8 166
2849 79 4 165
2850 78 2 164
2851 77 1 163
2852 76 129 162
2853 75 193 161
2854 74 225 160
2855 73 241 159
2856 72 249 158
2857 71 253 157
2858 70 255 156
2859 69 256 155
2860 68 128 154
2861 67 64 153
2862 66 32 152
2863 65 16 151
2864 64 8 150
2865 63 4 149
2866 62 2 148
2867 61 1 147
2868 87 255 174
2869 86 256 173
2870 85 128 172
2871 84 64 171
2872 83 32 170
2873 82 16 169
2874 81 8 168
2875 80 4 167
2876 79 2 166
2877 78 1 165
2878 77 129 164
2879 76 193 163
2880 75 225 162
2881 74 241 161
2882 73 249 160
2883 72 253 159
2884 71 255 158
2885 70 256 157
2886 69 128 156
2887 68 64 155
2888 67 32 154
2889 66 16 153
2890 65 8 152
2891 64 4 151
2892 63 2 150
2893 88 255 176
2894 87 256 175
2895 86 128 174
2896 85 64 173
2897 84 32 172
2898 83 16 171
2899 82 8 170
2900 81 4 169
2901 80 2 168
2902 79 1 167
2903 78 129 166
2904 77 193 165
2905 76 225 164
2906 75 241 163
2907 74 249 162
2908 73 253 161
2909 72 255 160
2910 71 256 159
2911 70 128 158
2912 69 64 157
2913 68 32 156
2914 67 16 155
2915 66 8 154
2916 65 4 153
2917 89 255 178
2918 88 256 177
2919 87 128 176
2920 86 64 175
2921 85 32 174
2922 84 16 173
2923 83 8 172
2924 82 4 171
2925 81 2 170
2926 80 1 169
2927 79 129 168
2928 78 193 167
2929 77 225 166
2930 76 241 165
2931 75 249 164
2932 74 253 163
2933 73 255 162
2934 72 256 161
2935 71 128 160
2936 70 64 159
2937 69 32 158
2938 68 16 157
2939 67 8 156
2940 90 255 180
2941 89 256 179
2942 88 128 178
2943 87 64 177
2944 86 32 176
2945 85 16 175
2946 84 8 174
2947 83 4 173
2948 82 2 172
2949 81 1 171
2950 80 129 170
2951 79 193 169
2952 78 225 168
2953 77 241 167
2954 76 249 166
2955 75 253 165
2956 74 255 164
2957 73 256 163
2958 72 128 162
2959 71 64 161
2960 70 32 160
2961 69 16 159
2962 91 255 182
2963 90 256 181
2964 89 128 180
2965 88 64 179
2966 87 32 178
2967 86 16 177
2968 85 8 176
2969 84 4 175
2970 83 2 174
2971 82 1 173
2972 81 129 172
2973 80 193 171
2974 79 225 170
2975 78 241 169
2976 77 249 168
2977 76 253 167
2978 75 255 166
2979 74 256 165
2980 73 128 164
2981 72 64 163
2982 71 32 162
2983 92 255 184
2984 91 256 183
2985 90 128 182
2986 89 64 181
2987 88 32 180
2988 87 16 179
2989 86 8 178
2990 85 4 177
2991 84 2 176
2992 83 1 175
2993 82 129 174
2994 81 193 173
2995 80 225 172
2996 79 241 171
2997 78 249 170
2998 77 253 169
2999 76 255 168
3000 75 256 167
3001 74 128 166
3002 73 64 165
3003 93 255 186
3004 92 256 185
3005 91 128 184
3006 90 64 183
3007 89 32 182
3008 88 16 181
3009 87 8 180
3010 86 4 179
3011 85 2 178
3012 84 1 177
3013 83 129 176
3014 82 193 175
3015 81 225 174
3016 80 241 173
3017 79 249 172
3018 78 253 171
3019 77 255 170
3020 76 256 169
3021 75 128 168
3022 94 255 188
3023 93 256 187
3024 92 128 186
3025 91 64 185
3026 90 32 184
3027 89 16 183
3028 88 8 182
3029 87 4 181
3030 86 2 180
3031 85 1 179
3032 84 129 178
3033 83 193 177
3034 82 225 176
3035 81 241 175
3036 80 249 174
3037 79 253 173
3038 78 255 172
3039 77 256 171
3040 95 255 190
3041 94 256 189
3042 93 128 188
3043 92 64 187
3044 91 32 186
3045 90 16 185
3046 89 8 184
3047 88 4 183
3048 87 2 182
3049 86 1 181
3050 85 129 180
3051 84 193 179
3052 83 225 178
3053 82 241 177
3054 81 249 176
3055 80 253 175
3056 79 255 174
3057 96 255 192
3058 95 256 191
3059 94 128 190
3060 93 64 189
3061 92 32 188
3062 91 16 187
3063 90 8 186
3064 89 4 185
3065 88 2 184
3066 87 1 183
3067 86 129 182
3068 85 193 181
3069 84 225 180
3070 83 241 179
3071 82 249 178
3072 81 253 177
3073 97 255 194
3074 96 256 193
3075 95 128 192
3076 94 64 191
3077 93 32 190
3078 92 16 189
3079 91 8 188
3080 90 4 187
3081 89 2 186
3082 88 1 185
3083 87 129 184
3084 86 193 183
3085 85 225 182
3086 84 241 181
3087 83 249 180
3088 98 255 196
3089 97 256 195
3090 96 128 194
3091 95 64 193
3092 94 32 192
3093 93 16 191
3094 92 8 190
3095 91 4 189
3096 90 2 188
3097 89 1 187
3098 88 129 186
3099 87 193 185
3100 86 225 184
3101 85 241 183
3102 99 255 198
3103 98 256 197
3104 97 128 196
3105 96 64 195
3106 95 32 194
3107 94 16 193
3108 93 8 192
3109 92 4 191
3110 91 2 190
3111 90 1 189
3112 89 129 188
3113 88 193 187
3114 87 225 186
3115 100 255 200
3116 99 256 199
3117 98 128 198
3118 97 64 197
3119 96 32 196
3120 95 16 195
3121 94 8 194
3122 93 4 193
3123 92 2 192
3124 91 1 191
3125 90 129 190
3126 89 193 189
3127 101 255 202
3128 100 256 201
3129 99 128 200
3130 98 64 199
3131 97 32 198
3132 96 16 197
3133 95 8 196
3134 94 4 195
3135 93 2 194
3136 92 1 193
3137 91 129 192
3138 102 255 204
3139 101 256 203
3140 100 128 202
3141 99 64 201
3142 98 32 200
3143 97 16 199
3144 96 8 198
3145 95 4 197
3146 94 2 196
3147 93 1 195
3148 103 255 206
3149 102 256 205
3150 101 128 204
3151 100 64 203
3152 99 32 202
3153 98 16 201
3154 97 8 200
3155 96 4 199
3156 95 2 198
3157 104 255 208
3158 103 256 207
3159 102 128 206
3160 101 64 205
3161 100 32 204
3162 99 16 203
3163 98 8 202
3164 97 4 201
3165 105 255 210
3166 104 256 209
3167 103 128 208
3168 102 64 207
3169 101 32 206
3170 100 16 205
3171 99 8 204
3172 106 255 212
3173 105 256 211
3174 104 128 210
3175 103 64 209
3176 102 32 208
3177 101 16 207
3178 107 255 214
3179 106 256 213
3180 105 128 212
3181 104 64 211
3182 103 32 210
3183 108 255 216
3184 107 256 215
3185 106 128 214
3186 105 64 213
3187 109 255 218
3188 108 256 217
3189 107 128 216
3190 110 255 220
3191 109 256 219
3192 111 255 222
3193 0 1 57
3194 0 1 58
3195 0 1 59
3196 0 1 60
3197 0 1 61
3198 0 1 62
3199 0 1 63
3200 0 1 64
3201 0 1 65
3202 0 1 66
3203 0 1 67
3204 0 1 68
3205 0 1 69
3206 0 1 70
3207 0 1 71
3208 0 1 72
3209 0 1 73
3210 0 1 74
3211 0 1 75
3212 0 1 76
3213 0 1 77
3214 0 1 78
3215 0 1 79
3216 0 1 80
3217 0 1 81
3218 0 1 82
3219 0 1 83
3220 0 1 84
3221 0 1 85
3222 0 1 86
3223 0 1 87
3224 0 1 88
3225 0 1 89
3226 0 1 90
3227 0 1 91
3228 0 1 92
3229 0 1 93
3230 0 1 94
3231 0 1 95
3232 0 1 96
3233 0 1 97
3234 0 1 98
3235 0 1 99
3236 0 1 100
3237 0 1 101
3238 0 1 102
3239 0 1 103
3240 0 1 104
3241 0 1 105
3242 0 1 106
3243 0 1 107
3244 0 1 108
3245 1 1 58
3246 1 1 59
3247 1 1 60
3248 1 1 61
3249 1 1 62
3250 1 1 63
3251 1 1 64
3252 1 1 65
3253 1 1 66
3254 1 1 67
3255 1 1 68
3256 1 1 69
3257 1 1 70
3258 1 1 71
3259 1 1 72
3260 1 1 73
3261 1 1 74
3262 1 1 75
3263 1 1 76
3264 1 1 77
3265 1 1 78
3266 1 1 79
3267 1 1 80
3268 1 1 81
3269 1 1 82
3270 1 1 83
3271 1 1 84
3272 1 1 85
3273 1 1 86
3274 1 1 87
3275 1 1 88
3276 1 1 89
3277 1 1 90
3278 1 1 91
3279 1 1 92
3280 1 1 93
3281 1 1 94
3282 1 1 95
3283 1 1 96
3284 1 1 97
3285 1 1 98
3286 1 1 99
3287 1 1 100
3288 1 1 101
3289 1 1 102
3290 1 1 103
3291 1 1 104
3292 1 1 105
3293 1 1 106
3294 1 1 107
3295 1 1 108
3296 2 1 59
3297 2 1 60
3298 2 1 61
3299 2 1 62
3300 2 1 63
3301 2 1 64
3302 2 1 65
3303 2 1 66
3304 2 1 67
3305 2 1 68
3306 2 1 69
3307 2 1 70
3308 2 1 71
3309 2 1 72
3310 2 1 73
3311 2 1 74
3312 2 1 75
3313 2 1 76
3314 2 1 77
3315 2 1 78
3316 2 1 79
3317 2 1 80
3318 2 1 81
3319 2 1 82
3320 2 1 83
3321 2 1 84
3322 2 1 85
3323 2 1 86
3324 2 1 87
3325 2 1 88
3326 2 1 89
3327 2 1 90
3328 2 1 91
3329 2 1 92
3330 2 1 93
3331 2 1 94
3332 2 1 95
3333 2 1 96
3334 2 1 97
3335 2 1 98
3336 2 1 99
3337 2 1 100
3338 2 1 101
3339 2 1 102
3340 2 1 103
3341 2 1 104
3342 2 1 105
3343 2 1 106
3344 2 1 107
3345 2 1 108
3346 3 1 61
3347 3 1 62
3348 4 255 62
3349 3 1 63
3350 3 1 64
3351 3 1 65
3352 3 1 66
3353 3 1 67
3354 3 1 68
3355 3 1 69
3356 3 1 70
3357 3 1 71
3358 3 1 72
3359 3 1 73
3360 3 1 74
3361 3 1 75
3362 3 1 76
3363 3 1 77
3364 3 1 78
3365 3 1 79
3366 3 1 80
3367 3 1 81
3368 3 1 82
3369 3 1 83
3370 3 1 84
3371 3 1 85
3372 3 1 86
3373 3 1 87
3374 3 1 88
3375 3 1 89
3376 3 1 90
3377 3 1 91
3378 3 1 92
3379 3 1 93
3380 3 1 94
3381 3 1 95
3382 3 1 96
3383 3 1 97
3384 3 1 98
3385 3 1 99
3386 3 1 100
3387 3 1 101
3388 3 1 102
3389 3 1 103
3390 3 1 104
3391 3 1 105
3392 3 1 106
3393 3 1 107
3394 3 1 108
3395 4 1 63
3396 4 1 64
3397 5 255 64
3398 4 1 65
3399 6 4 65
3400 4 1 66
3401 4 1 67
3402 4 1 68
3403 4 1 69
3404 4 1 70
3405 4 1 71
3406 4 1 72
3407 4 1 73
3408 4 1 74
3409 4 1 75
3410 4 1 76
3411 4 1 77
3412 4 1 78
3413 4 1 79
3414 4 1 80
3415 4 1 81
3416 4 1 82
3417 4 1 83
3418 4 1 84
3419 4 1 85
3420 4 1 86
3421 4 1 87
3422 4 1 88
3423 4 1 89
3424 4 1 90
3425 4 1 91
3426 4 1 92
3427 4 1 93
3428 4 1 94
3429 4 1 95
3430 4 1 96
3431 4 1 97
3432 4 1 98
3433 4 1 99
3434 4 1 100
3435 4 1 101
3436 4 1 102
3437 4 1 103
3438 4 1 104
3439 4 1 105
3440 4 1 106
3441 4 1 107
3442 4 1 108
3443 5 1 65
3444 5 1 66
3445 6 255 66
3446 5 1 67
3447 7 4 67
3448 5 1 68
3449 8 249 68
3450 5 1 69
3451 5 1 70
3452 5 1 71
3453 5 1 72
3454 5 1 73
3455 5 1 74
3456 5 1 75
3457 5 1 76
3458 5 1 77
3459 5 1 78
3460 5 1 79
3461 5 1 80
3462 5 1 81
3463 5 1 82
3464 5 1 83
3465 5 1 84
3466 5 1 85
3467 5 1 86
3468 5 1 87
3469 5 1 88
3470 5 1 89
3471 5 1 90
3472 5 1 91
3473 5 1 92
3474 5 1 93
3475 5 1 94
3476 5 1 95
3477 5 1 96
3478 5 1 97
3479 5 1 98
3480 5 1 99
3481 5 1 100
3482 5 1 101
3483 5 1 102
3484 5 1 103
3485 5 1 104
3486 5 1 105
3487 5 1 106
3488 5 1 107
3489 5 1 108
3490 6 1 67
3491 6 1 68
3492 7 255 68
3493 6 1 69
3494 8 4 69
3495 6 1 70
3496 9 249 70
3497 6 1 71
3498 10 16 71
3499 6 1 72
3500 6 1 73
3501 6 1 74
3502 6 1 75
3503 6 1 76
3504 6 1 77
3505 6 1 78
3506 6 1 79
3507 6 1 80
3508 6 1 81
3509 6 1 82
3510 6 1 83
3511 6 1 84
3512 6 1 85
3513 6 1 86
3514 6 1 87
3515 6 1 88
3516 6 1 89
3517 6 1 90
3518 6 1 91
3519 6 1 92
3520 6 1 93
3521 6 1 94
3522 6 1 95
3523 6 1 96
3524 6 1 97
3525 6 1 98
3526 6 1 99
3527 6 1 100
3528 6 1 101
3529 6 1 102
3530 6 1 103
3531 6 1 104
3532 6 1 105
3533 6 1 106
3534 6 1 107
3535 6 1 108
3536 7 1 69
3537 7 1 70
3538 8 255 70
3539 7 1 71
3540 9 4 71
3541 7 1 72
3542 10 249 72
3543 7 1 73
3544 11 16 73
3545 7 1 74
3546 12 225 74
3547 7 1 75
3548 7 1 76
3549 7 1 77
3550 7 1 78
3551 7 1 79
3552 7 1 80
3553 7 1 81
3554 7 1 82
3555 7 1 83
3556 7 1 84
3557 7 1 85
3558 7 1 86
3559 7 1 87
3560 7 1 88
3561 7 1 89
3562 7 1 90
3563 7 1 91
3564 7 1 92
3565 7 1 93
3566 7 1 94
3567 7 1 95
3568 7 1 96
3569 7 1 97
3570 7 1 98
3571 7 1 99
3572 7 1 100
3573 7 1 101
3574 7 1 102
3575 7 1 103
3576 7 1 104
3577 7 1 105
3578 7 1 106
3579 7 1 107
3580 7 1 108
3581 8 1 71
3582 8 1 72
3583 9 255 72
3584 8 1 73
3585 10 4 73
3586 8 1 74
3587 11 249 74
3588 8 1 75
3589 12 16 75
3590 8 1 76
3591 13 225 76
3592 8 1 77
3593 14 64 77
3594 8 1 78
3595 8 1 79
3596 8 1 80
3597 8 1 81
3598 8 1 82
3599 8 1 83
3600 8 1 84
3601 8 1 85
3602 8 1 86
3603 8 1 87
3604 8 1 88
3605 8 1 89
3606 8 1 90
3607 8 1 91
3608 8 1 92
3609 8 1 93
3610 8 1 94
3611 8 1 95
3612 8 1 96
3613 8 1 97
3614 8 1 98
3615 8 1 99
3616 8 1 100
3617 8 1 101
3618 8 1 102
3619 8 1 103
3620 8 1 104
3621 8 1 105
3622 8 1 106
3623 8 1 107
3624 8 1 108
3625 9 1 73
3626 9 1 74
3627 10 255 74
3628 9 1 75
3629 11 4 75
3630 9 1 76
3631 12 249 76
3632 9 1 77
3633 13 16 77
3634 9 1 78
3635 14 225 78
3636 9 1 79
3637 15 64 79
3638 9 1 80
3639 16 129 80
3640 9 1 81
3641 9 1 82
3642 9 1 83
3643 9 1 84
3644 9 1 85
3645 9 1 86
3646 9 1 87
3647 9 1 88
3648 9 1 89
3649 9 1 90
3650 9 1 91
3651 9 1 92
3652 9 1 93
3653 9 1 94
3654 9 1 95
3655 9 1 96
3656 9 1 97
3657 9 1 98
3658 9 1 99
3659 9 1 100
3660 9 1 101
3661 9 1 102
3662 9 1 103
3663 9 1 104
3664 9 1 105
3665 9 1 106
3666 9 1 107
3667 9 1 108
3668 10 1 75
3669 10 1 76
3670 11 255 76
3671 10 1 77
3672 12 4 77
3673 10 1 78
3674 13 249 78
3675 10 1 79
3676 14 16 79
3677 10 1 80
3678 15 225 80
3679 10 1 81
3680 16 64 81
3681 10 1 82
3682 17 129 82
3683 10 1 83
3684 18 256 83
3685 10 1 84
3686 10 1 85
3687 10 1 86
3688 10 1 87
3689 10 1 88
3690 10 1 89
3691 10 1 90
3692 10 1 91
3693 10 1 92
3694 10 1 93
3695 10 1 94
3696 10 1 95
3697 10 1 96
3698 10 1 97
3699 10 1 98
3700 10 1 99
3701 10 1 100
3702 10 1 101
3703 10 1 102
3704 10 1 103
3705 10 1 104
3706 10 1 105
3707 10 1 106
3708 10 1 107
3709 10 1 108
3710 11 1 77
3711 11 1 78
3712 12 255 78
3713 11 1 79
3714 13 4 79
3715 11 1 80
3716 14 249 80
3717 11 1 81
3718 15 16 81
3719 11 1 82
3720 16 225 82
3721 11 1 83
3722 17 64 83
3723 11 1 84
3724 18 129 84
3725 11 1 85
3726 19 256 85
3727 11 1 86
3728 20 2 86
3729 11 1 87
3730 11 1 88
3731 11 1 89
3732 11 1 90
3733 11 1 91
3734 11 1 92
3735 11 1 93
3736 11 1 94
3737 11 1 95
3738 11 1 96
3739 11 1 97
3740 11 1 98
3741 11 1 99
3742 11 1 100
3743 11 1 101
3744 11 1 102
3745 11 1 103
3746 11 1 104
3747 11 1 105
3748 11 1 106
3749 11 1 107
3750 11 1 108
3751 12 1 79
3752 12 1 80
3753 13 255 80
3754 12 1 81
3755 14 4 81
3756 12 1 82
3757 15 249 82
3758 12 1 83
3759 16 16 83
3760 12 1 84
3761 17 225 84
3762 12 1 85
3763 18 64 85
3764 12 1 86
3765 19 129 86
3766 12 1 87
3767 20 256 87
3768 12 1 88
3769 21 2 88
3770 12 1 89
3771 22 253 89
3772 12 1 90
3773 12 1 91
3774 12 1 92
3775 12 1 93
3776 12 1 94
3777 12 1 95
3778 12 1 96
3779 12 1 97
3780 12 1 98
3781 12 1 99
3782 12 1 100
3783 12 1 101
3784 12 1 102
3785 12 1 103
3786 12 1 104
3787 12 1 105
3788 12 1 106
3789 12 1 107
3790 12 1 108
3791 13 1 81
3792 13 1 82
3793 14 255 82
3794 13 1 83
3795 15 4 83
3796 13 1 84
3797 16 249 84
3798 13 1 85
3799 17 16 85
3800 13 1 86
3801 18 225 86
3802 13 1 87
3803 19 64 87
3804 13 1 88
3805 20 129 88
3806 13 1 89
3807 21 256 89
3808 13 1 90
3809 22 2 90
3810 13 1 91
3811 23 253 91
3812 13 1 92
3813 24 8 92
3814 13 1 93
3815 13 1 94
3816 13 1 95
3817 13 1 96
3818 13 1 97
3819 13 1 98
3820 13 1 99
3821 13 1 100
3822 13 1 101
3823 13 1 102
3824 13 1 103
3825 13 1 104
3826 13 1 105
3827 13 1 106
3828 13 1 107
3829 13 1 108
3830 14 1 83
3831 14 1 84
3832 15 255 84
3833 14 1 85
3834 16 4 85
3835 14 1 86
3836 17 249 86
3837 14 1 87
3838 18 16 87
3839 14 1 88
3840 19 225 88
3841 14 1 89
3842 20 64 89
3843 14 1 90
3844 21 129 90
3845 14 1 91
3846 22 256 91
3847 14 1 92
3848 23 2 92
3849 14 1 93
3850 24 253 93
3851 14 1 94
3852 25 8 94
3853 14 1 95
3854 26 241 95
3855 14 1 96
3856 14 1 97
3857 14 1 98
3858 14 1 99
3859 14 1 100
3860 14 1 101
3861 14 1 102
3862 14 1 103
3863 14 1 104
3864 14 1 105
3865 14 1 106
3866 14 1 107
3867 14 1 108
3868 15 1 85
3869 15 1 86
3870 16 255 86
3871 15 1 87
3872 17 4 87
3873 15 1 88
3874 18 249 88
3875 15 1 89
3876 19 16 89
3877 15 1 90
3878 20 225 90
3879 15 1 91
3880 21 64 91
3881 15 1 92
3882 22 129 92
3883 15 1 93
3884 23 256 93
3885 15 1 94
3886 24 2 94
3887 15 1 95
3888 25 253 95
3889 15 1 96
3890 26 8 96
3891 15 1 97
3892 27 241 97
3893 15 1 98
3894 28 32 98
3895 15 1 99
3896 15 1 100
3897 15 1 101
3898 15 1 102
3899 15 1 103
3900 15 1 104
3901 15 1 105
3902 15 1 106
3903 15 1 107
3904 15 1 108
3905 16 1 87
3906 16 1 88
3907 17 255 88
3908 16 1 89
3909 18 4 89
3910 16 1 90
3911 19 249 90
3912 16 1 91
3913 20 16 91
3914 16 1 92
3915 21 225 92
3916 16 1 93
3917 22 64 93
3918 16 1 94
3919 23 129 94
3920 16 1 95
3921 24 256 95
3922 16 1 96
3923 25 2 96
3924 16 1 97
3925 26 253 97
3926 16 1 98
3927 27 8 98
3928 16 1 99
3929 28 241 99
3930 16 1 100
3931 29 32 100
3932 16 1 101
3933 30 193 101
3934 16 1 102
3935 16 1 103
3936 16 1 104
3937 16 1 105
3938 16 1 106
3939 16 1 107
3940 16 1 108
3941 17 1 89
3942 17 1 90
3943 18 255 90
3944 17 1 91
3945 19 4 91
3946 17 1 92
3947 20 249 92
3948 17 1 93
3949 21 16 93
3950 17 1 94
3951 22 225 94
3952 17 1 95
3953 23 64 95
3954 17 1 96
3955 24 129 96
3956 17 1 97
3957 25 256 97
3958 17 1 98
3959 26 2 98
3960 17 1 99
3961 27 253 99
3962 17 1 100
3963 28 8 100
3964 17 1 101
3965 29 241 101
3966 17 1 102
3967 30 32 102
3968 17 1 103
3969 31 193 103
3970 17 1 104
3971 32 128 104
3972 17 1 105
3973 17 1 106
3974 17 1 107
3975 17 1 108
3976 18 1 91
3977 18 1 92
3978 19 255 92
3979 18 1 93
3980 20 4 93
3981 18 1 94
3982 21 249 94
3983 18 1 95
3984 22 16 95
3985 18 1 96
3986 23 225 96
3987 18 1 97
3988 24 64 97
3989 18 1 98
3990 25 129 98
3991 18 1 99
3992 26 256 99
3993 18 1 100
3994 27 2 100
3995 18 1 101
3996 28 253 101
3997 18 1 102
3998 29 8 102
3999 18 1 103
4000 30 241 103
4001 18 1 104
4002 31 32 104
4003 18 1 105
4004 32 193 105
4005 18 1 106
4006 33 128 106
4007 18 1 107
4008 34 1 107
4009 18 1 108
4010 19 1 93
4011 19 1 94
4012 20 255 94
4013 19 1 95
4014 21 4 95
4015 19 1 96
4016 22 249 96
4017 19 1 97
4018 23 16 97
4019 19 1 98
4020 24 225 98
4021 19 1 99
4022 25 64 99
4023 19 1 100
4024 26 129 100
4025 19 1 101
4026 27 256 101
4027 19 1 102
4028 28 2 102
4029 19 1 103
4030 29 253 103
4031 19 1 104
4032 30 8 104
4033 19 1 105
4034 31 241 105
4035 19 1 106
4036 32 32 106
4037 19 1 107
4038 33 193 107
4039 19 1 108
4040 34 128 108
4041 18 8 109
4042 19 1 109
4043 20 1 95
4044 20 1 96
4045 21 255 96
4046 20 1 97
4047 22 4 97
4048 20 1 98
4049 23 249 98
4050 20 1 99
4051 24 16 99
4052 20 1 100
4053 25 225 100
4054 20 1 101
4055 26 64 101
4056 20 1 102
4057 27 129 102
4058 20 1 103
4059 28 256 103
4060 20 1 104
4061 29 2 104
4062 20 1 105
4063 30 253 105
4064 20 1 106
4065 31 8 106
4066 20 1 107
4067 32 241 107
4068 20 1 108
4069 33 32 108
4070 16 213 109
4071 17 85 109
4072 20 1 109
4073 35 60 109
4074 20 1 110
4075 21 1 97
4076 21 1 98
4077 22 255 98
4078 21 1 99
4079 23 4 99
4080 21 1 100
4081 24 249 100
4082 21 1 101
4083 25 16 101
4084 21 1 102
4085 26 225 102
4086 21 1 103
4087 27 64 103
4088 21 1 104
4089 28 129 104
4090 21 1 105
4091 29 256 105
4092 21 1 106
4093 30 2 106
4094 21 1 107
4095 31 253 107
4096 21 1 108
4097 32 8 108
4098 14 88 109
4099 15 17 109
4100 21 1 109
4101 34 218 109
4102 18 146 110
4103 19 10 110
4104 21 1 110
4105 36 189 110
4106 22 1 99
4107 22 1 100
4108 23 255 100
4109 22 1 101
4110 24 4 101
4111 22 1 102
4112 25 249 102
4113 22 1 103
4114 26 16 103
4115 22 1 104
4116 27 225 104
4117 22 1 105
4118 28 64 105
4119 22 1 106
4120 29 129 106
4121 22 1 107
4122 30 256 107
4123 22 1 108
4124 31 2 108
4125 12 164 109
4126 13 71 109
4127 22 1 109
4128 33 19 109
4129 16 124 110
4130 17 59 110
4131 22 1 110
4132 35 27 110
4133 20 165 111
4134 21 131 111
4135 22 1 111
4136 23 1 101
4137 23 1 102
4138 24 255 102
4139 23 1 103
4140 25 4 103
4141 23 1 104
4142 26 249 104
4143 23 1 105
4144 27 16 105
4145 23 1 106
4146 28 225 106
4147 23 1 107
4148 29 64 107
4149 23 1 108
4150 30 129 108
4151 10 19 109
4152 11 126 109
4153 23 1 109
4154 32 27 109
4155 14 139 110
4156 15 21 110
4157 23 1 110
4158 34 159 110
4159 18 135 111
4160 19 29 111
4161 23 1 111
4162 36 144 111
4163 22 66 112
4164 23 1 112
4165 24 1 103
4166 24 1 104
4167 25 255 104
4168 24 1 105
4169 26 4 105
4170 24 1 106
4171 27 249 106
4172 24 1 107
4173 28 16 107
4174 24 1 108
4175 29 225 108
4176 8 46 109
4177 9 74 109
4178 24 1 109
4179 31 65 109
4180 12 79 110
4181 13 64 110
4182 24 1 110
4183 33 77 110
4184 16 88 111
4185 17 176 111
4186 24 1 111
4187 35 65 111
4188 20 147 112
4189 21 43 112
4190 24 1 112
4191 37 52 112
4192 24 1 113
4193 25 1 105
4194 25 1 106
4195 26 255 106
4196 25 1 107
4197 27 4 107
4198 25 1 108
4199 28 249 108
4200 6 64 109
4201 7 94 109
4202 25 1 109
4203 30 140 109
4204 10 139 110
4205 11 56 110
4206 25 1 110
4207 32 100 110
4208 14 206 111
4209 15 27 111
4210 25 1 111
4211 34 154 111
4212 18 152 112
4213 19 47 112
4214 25 1 112
4215 36 208 112
4216 22 27 113
4217 23 160 113
4218 25 1 113
4219 38 214 113
4220 26 1 107
4221 26 1 108
4222 27 255 108
4223 4 165 109
4224 5 32 109
4225 26 1 109
4226 29 145 109
4227 8 146 110
4228 9 102 110
4229 26 1 110
4230 31 248 110
4231 12 182 111
4232 13 114 111
4233 26 1 111
4234 33 244 111
4235 16 240 112
4236 17 9 112
4237 26 1 112
4238 35 6 112
4239 20 76 113
4240 21 152 113
4241 26 1 113
4242 37 9 113
4243 24 56 114
4244 25 151 114
4245 26 1 114
4246 3 256 109
4247 27 1 109
4248 28 132 109
4249 6 249 110
4250 7 81 110
4251 27 1 110
4252 30 222 110
4253 10 89 111
4254 11 203 111
4255 27 1 111
4256 32 245 111
4257 14 71 112
4258 15 36 112
4259 27 1 112
4260 34 189 112
4261 18 249 113
4262 19 231 113
4263 27 1 113
4264 36 234 113
4265 22 222 114
4266 23 187 114
4267 27 1 114
4268 38 42 114
4269 26 111 115
4270 27 1 115
4271 5 107 110
4272 28 1 110
4273 29 138 110
4274 8 92 111
4275 9 225 111
4276 28 1 111
4277 31 2 111
4278 12 1 112
4279 13 138 112
4280 28 1 112
4281 33 204 112
4282 16 3 113
4283 17 16 113
4284 28 1 113
4285 35 90 113
4286 20 252 114
4287 21 48 114
4288 28 1 114
4289 37 71 114
4290 24 227 115
4291 25 197 115
4292 28 1 115
4293 39 16 115
4294 28 1 116
4295 7 108 111
4296 29 1 111
4297 30 218 111
4298 10 63 112
4299 11 101 112
4300 29 1 112
4301 32 214 112
4302 14 41 113
4303 15 4 113
4304 29 1 113
4305 34 65 113
4306 18 32 114
4307 19 85 114
4308 29 1 114
4309 36 160 114
4310 22 253 115
4311 23 244 115
4312 29 1 115
4313 38 96 115
4314 26 27 116
4315 27 54 116
4316 29 1 116
4317 40 192 116
4318 9 193 112
4319 30 1 112
4320 31 49 112
4321 12 128 113
4322 13 246 113
4323 30 1 113
4324 33 222 113
4325 16 137 114
4326 17 145 114
4327 30 1 114
4328 35 242 114
4329 20 24 115
4330 21 128 115
4331 30 1 115
4332 37 43 115
4333 24 253 116
4334 25 244 116
4335 30 1 116
4336 39 55 116
4337 28 36 117
4338 29 72 117
4339 30 1 117
4340 11 98 113
4341 31 1 113
4342 32 11 113
4343 14 135 114
4344 15 143 114
4345 31 1 114
4346 34 215 114
4347 18 6 115
4348 19 57 115
4349 31 1 115
4350 36 95 115
4351 22 228 116
4352 23 188 116
4353 31 1 116
4354 38 86 116
4355 26 173 117
4356 27 241 117
4357 31 1 117
4358 40 220 117
4359 30 129 118
4360 31 1 118
4361 13 49 114
4362 32 1 114
4363 33 83 114
4364 16 90 115
4365 17 181 115
4366 32 1 115
4367 35 206 115
4368 20 198 116
4369 21 82 116
4370 32 1 116
4371 37 14 116
4372 24 77 117
4373 25 68 117
4374 32 1 117
4375 39 15 117
4376 28 131 118
4377 29 233 118
4378 32 1 118
4379 41 182 118
4380 32 1 119
4381 15 58 115
4382 33 1 115
4383 34 103 115
4384 18 59 116
4385 19 13 116
4386 33 1 116
4387 36 214 116
4388 22 57 117
4389 23 156 117
4390 33 1 117
4391 38 136 117
4392 26 245 118
4393 27 193 118
4394 33 1 118
4395 40 36 118
4396 30 98 119
4397 31 190 119
4398 33 1 119
4399 42 21 119
4400 17 245 116
4401 34 1 116
4402 35 254 116
4403 20 59 117
4404 21 13 117
4405 34 1 117
4406 37 139 117
4407 24 110 118
4408 25 17 118
4409 34 1 118
4410 39 221 118
4411 28 237 119
4412 29 236 119
4413 34 1 119
4414 41 99 119
4415 32 10 120
4416 33 161 120
4417 34 1 120
4418 19 155 117
4419 35 1 117
4420 36 151 117
4421 22 225 118
4422 23 67 118
4423 35 1 118
4424 38 247 118
4425 26 189 119
4426 27 125 119
4427 35 1 119
4428 40 232 119
4429 30 217 120
4430 31 215 120
4431 35 1 120
4432 42 73 120
4433 34 198 121
4434 35 1 121
4435 21 78 118
4436 36 1 118
4437 37 70 118
4438 24 248 119
4439 25 59 119
4440 36 1 119
4441 39 244 119
4442 28 218 120
4443 29 15 120
4444 36 1 120
4445 41 254 120
4446 32 161 121
4447 33 2 121
4448 36 1 121
4449 43 200 121
4450 36 1 122
4451 23 104 119
4452 37 1 119
4453 38 194 119
4454 26 222 120
4455 27 1 120
4456 37 1 120
4457 40 154 120
4458 30 242 121
4459 31 243 121
4460 37 1 121
4461 42 251 121
4462 34 151 122
4463 35 120 122
4464 37 1 122
4465 44 58 122
4466 25 90 120
4467 38 1 120
4468 39 253 120
4469 28 187 121
4470 29 2 121
4471 38 1 121
4472 41 19 121
4473 32 218 122
4474 33 15 122
4475 38 1 122
4476 43 115 122
4477 36 143 123
4478 37 163 123
4479 38 1 123
4480 27 8 121
4481 39 1 121
4482 40 19 121
4483 30 185 122
4484 31 215 122
4485 39 1 122
4486 42 174 122
4487 34 50 123
4488 35 218 123
4489 39 1 123
4490 44 221 123
4491 38 209 124
4492 39 1 124
4493 29 103 122
4494 40 1 122
4495 41 98 122
4496 32 4 123
4497 33 88 123
4498 40 1 123
4499 43 4 123
4500 36 59 124
4501 37 175 124
4502 40 1 124
4503 45 131 124
4504 40 1 125
4505 31 122 123
4506 41 1 123
4507 42 166 123
4508 34 99 124
4509 35 122 124
4510 41 1 124
4511 44 212 124
4512 38 233 125
4513 39 29 125
4514 41 1 125
4515 46 15 125
4516 33 109 124
4517 42 1 124
4518 43 251 124
4519 36 139 125
4520 37 231 125
4521 42 1 125
4522 45 114 125
4523 40 121 126
4524 41 250 126
4525 42 1 126
4526 35 102 125
4527 43 1 125
4528 44 140 125
4529 38 51 126
4530 39 94 126
4531 43 1 126
4532 46 228 126
4533 42 203 127
4534 43 1 127
4535 37 48 126
4536 44 1 126
4537 45 249 126
4538 40 49 127
4539 41 50 127
4540 44 1 127
4541 47 56 127
4542 44 1 128
4543 39 100 127
4544 45 1 127
4545 46 196 127
4546 42 64 128
4547 43 123 128
4548 45 1 128
4549 48 224 128
4550 41 205 128
4551 46 1 128
4552 47 245 128
4553 44 126 129
4554 45 202 129
4555 46 1 129
4556 43 98 129
4557 47 1 129
4558 48 241 129
4559 46 222 130
4560 47 1 130
4561 45 1 130
4562 48 1 130
4563 49 233 130
4564 48 1 131
4565 47 186 131
4566 49 1 131
4567 50 209 131
4568 49 166 132
4569 50 1 132
4570 51 1 133
4571 52 162 134
4572 51 54 134
4573 50 18 133
4574 49 6 133
4575 48 2 132
4576 47 172 132
4577 46 143 131
4578 45 219 131
4579 44 73 130
4580 43 110 130
4581 42 208 129
4582 41 155 129
4583 40 223 128
4584 39 160 128
4585 38 139 127
4586 37 132 127
4587 36 44 126
4588 35 186 126
4589 34 62 125
4590 33 192 125
4591 32 64 124
4592 31 107 124
4593 30 207 123
4594 29 69 123
4595 28 23 122
4596 27 179 122
4597 26 231 121
4598 25 77 121
4599 24 197 120
4600 23 237 120
4601 22 79 119
4602 21 112 119
4603 20 123 118
4604 19 41 118
4605 18 185 117
4606 17 233 117
4607 16 249 116
4608 15 83 116
4609 14 199 115
4610 13 152 115
4611 12 222 114
4612 53 162 136
4613 52 54 135
4614 51 18 135
4615 50 6 134
4616 49 2 134
4617 48 172 133
4618 47 143 133
4619 46 219 132
4620 45 73 132
4621 44 110 131
4622 43 208 131
4623 42 155 130
4624 41 223 130
4625 40 160 129
4626 39 139 129
4627 38 132 128
4628 37 44 128
4629 36 186 127
4630 35 62 127
4631 34 192 126
4632 33 64 126
4633 32 107 125
4634 31 207 125
4635 30 69 124
4636 29 23 124
4637 28 179 123
4638 27 231 123
4639 26 77 122
4640 25 197 122
4641 24 237 121
4642 23 79 121
4643 22 112 120
4644 21 123 120
4645 20 41 119
4646 19 185 119
4647 18 233 118
4648 17 249 118
4649 16 83 117
4650 15 199 117
4651 14 152 116
4652 54 162 137
4653 53 54 137
4654 52 18 136
4655 51 6 136
4656 50 2 135
4657 49 172 135
4658 48 143 134
4659 47 219 134
4660 46 73 133
4661 45 110 133
4662 44 208 132
4663 43 155 132
4664 42 223 131
4665 41 160 131
4666 40 139 130
4667 39 132 130
4668 38 44 129
4669 37 186 129
4670 36 62 128
4671 35 192 128
4672 34 64 127
4673 33 107 127
4674 32 207 126
4675 31 69 126
4676 30 23 125
4677 29 179 125
4678 28 231 124
4679 27 77 124
4680 26 197 123
4681 25 237 123
4682 24 79 122
4683 23 112 122
4684 22 123 121
4685 21 41 121
4686 20 185 120
4687 19 233 120
4688 18 249 119
4689 17 83 119
4690 16 199 118
4691 55 162 139
4692 54 54 138
4693 53 18 138
4694 52 6 137
4695 51 2 137
4696 50 172 136
4697 49 143 136
4698 48 219 135
4699 47 73 135
4700 46 110 134
4701 45 208 134
4702 44 155 133
4703 43 223 133
4704 42 160 132
4705 41 139 132
4706 40 132 131
4707 39 44 131
4708 38 186 130
4709 37 62 130
4710 36 192 129
4711 35 64 129
4712 34 107 128
4713 33 207 128
4714 32 69 127
4715 31 23 127
4716 30 179 126
4717 29 231 126
4718 28 77 125
4719 27 197 125
4720 26 237 124
4721 25 79 124
4722 24 112 123
4723 23 123 123
4724 22 41 122
4725 21 185 122
4726 20 233 121
4727 19 249 121
4728 18 83 120
4729 56 162 140
4730 55 54 140
4731 54 18 139
4732 53 6 139
4733 52 2 138
4734 51 172 138
4735 50 143 137
4736 49 219 137
4737 48 73 136
4738 47 110 136
4739 46 208 135
4740 45 155 135
4741 44 223 134
4742 43 160 134
4743 42 139 133
4744 41 132 133
4745 40 44 132
4746 39 186 132
4747 38 62 131
4748 37 192 131
4749 36 64 130
4750 35 107 130
4751 34 207 129
4752 33 69 129
4753 32 23 128
4754 31 179 128
4755 30 231 127
4756 29 77 127
4757 28 197 126
4758 27 237 126
4759 26 79 125
4760 25 112 125
4761 24 123 124
4762 23 41 124
4763 22 185 123
4764 21 233 123
4765 20 249 122
4766 57 162 142
4767 56 54 141
4768 55 18 141
4769 54 6 140
4770 53 2 140
4771 52 172 139
4772 51 143 139
4773 50 219 138
4774 49 73 138
4775 48 110 137
4776 47 208 137
4777 46 155 136
4778 45 223 136
4779 44 160 135
4780 43 139 135
4781 42 132 134
4782 41 44 134
4783 40 186 133
4784 39 62 133
4785 38 192 132
4786 37 64 132
4787 36 107 131
4788 35 207 131
4789 34 69 130
4790 33 23 130
4791 32 179 129
4792 31 231 129
4793 30 77 128
4794 29 197 128
4795 28 237 127
4796 27 79 127
4797 26 112 126
4798 25 123 126
4799 24 41 125
4800 23 185 125
4801 22 233 124
4802 58 162 143
4803 57 54 143
4804 56 18 142
4805 55 6 142
4806 54 2 141
4807 53 172 141
4808 52 143 140
4809 51 219 140
4810 50 73 139
4811 49 110 139
4812 48 208 138
4813 47 155 138
4814 46 223 137
4815 45 160 137
4816 44 139 136
4817 43 132 136
4818 42 44 135
4819 41 186 135
4820 40 62 134
4821 39 192 134
4822 38 64 133
4823 37 107 133
4824 36 207 132
4825 35 69 132
4826 34 23 131
4827 33 179 131
4828 32 231 130
4829 31 77 130
4830 30 197 129
4831 29 237 129
4832 28 79 128
4833 27 112 128
4834 26 123 127
4835 25 41 127
4836 24 185 126
4837 59 162 145
4838 58 54 144
4839 57 18 144
4840 56 6 143
4841 55 2 143
4842 54 172 142
4843 53 143 142
4844 52 219 141
4845 51 73 141
4846 50 110 140
4847 49 208 140
4848 48 155 139
4849 47 223 139
4850 46 160 138
4851 45 139 138
4852 44 132 137
4853 43 44 137
4854 42 186 136
4855 41 62 136
4856 40 192 135
4857 39 64 135
4858 38 107 134
4859 37 207 134
4860 36 69 133
4861 35 23 133
4862 34 179 132
4863 33 231 132
4864 32 77 131
4865 31 197 131
4866 30 237 130
4867 29 79 130
4868 28 112 129
4869 27 123 129
4870 26 41 128
4871 60 162 146
4872 59 54 146
4873 58 18 145
4874 57 6 145
4875 56 2 144
4876 55 172 144
4877 54 143 143
4878 53 219 143
4879 52 73 142
4880 51 110 142
4881 50 208 141
4882 49 155 141
4883 48 223 140
4884 47 160 140
4885 46 139 139
4886 45 132 139
4887 44 44 138
4888 43 186 138
4889 42 62 137
4890 41 192 137
4891 40 64 136
4892 39 107 136
4893 38 207 135
4894 37 69 135
4895 36 23 134
4896 35 179 134
4897 34 231 133
4898 33 77 133
4899 32 197 132
4900 31 237 132
4901 30 79 131
4902 29 112 131
4903 28 123 130
4904 61 162 148
4905 60 54 147
4906 59 18 147
4907 58 6 146
4908 57 2 146
4909 56 172 145
4910 55 143 145
4911 54 219 144
4912 53 73 144
4913 52 110 143
4914 51 208 143
4915 50 155 142
4916 49 223 142
4917 48 160 141
4918 47 139 141
4919 46 132 140
4920 45 44 140
4921 44 186 139
4922 43 62 139
4923 42 192 138
4924 41 64 138
4925 40 107 137
4926 39 207 137
4927 38 69 136
4928 37 23 136
4929 36 179 135
4930 35 231 135
4931 34 77 134
4932 33 197 134
4933 32 237 133
4934 31 79 133
4935 30 112 132
4936 62 162 149
4937 61 54 149
4938 60 18 148
4939 59 6 148
4940 58 2 147
4941 57 172 147
4942 56 143 146
4943 55 219 146
4944 54 73 145
4945 53 110 145
4946 52 208 144
4947 51 155 144
4948 50 223 143
4949 49 160 143
4950 48 139 142
4951 47 132 142
4952 46 44 141
4953 45 186 141
4954 44 62 140
4955 43 192 140
4956 42 64 139
4957 41 107 139
4958 40 207 138
4959 39 69 138
4960 38 23 137
4961 37 179 137
4962 36 231 136
4963 35 77 136
4964 34 197 135
4965 33 237 135
4966 32 79 134
4967 63 162 151
4968 62 54 150
4969 61 18 150
4970 60 6 149
4971 59 2 149
4972 58 172 148
4973 57 143 148
4974 56 219 147
4975 55 73 147
4976 54 110 146
4977 53 208 146
4978 52 155 145
4979 51 223 145
4980 50 160 144
4981 49 139 144
4982 48 132 143
4983 47 44 143
4984 46 186 142
4985 45 62 142
4986 44 192 141
4987 43 64 141
4988 42 107 140
4989 41 207 140
4990 40 69 139
4991 39 23 139
4992 38 179 138
4993 37 231 138
4994 36 77 137
4995 35 197 137
4996 34 237 136
4997 64 162 152
4998 63 54 152
4999 62 18 151
5000 61 6 151
5001 60 2 150
5002 59 172 150
5003 58 143 149
5004 57 219 149
5005 56 73 148
5006 55 110 148
5007 54 208 147
5008 53 155 147
5009 52 223 146
5010 51 160 146
5011 50 139 145
5012 49 132 145
5013 48 44 144
5014 47 186 144
5015 46 62 143
5016 45 192 143
5017 44 64 142
5018 43 107 142
5019 42 207 141
5020 41 69 141
5021 40 23 140
5022 39 179 140
5023 38 231 139
5024 37 77 139
5025 36 197 138
5026 65 162 154
5027 64 54 153
5028 63 18 153
5029 62 6 152
5030 61 2 152
5031 60 172 151
5032 59 143 151
5033 58 219 150
5034 57 73 150
5035 56 110 149
5036 55 208 149
5037 54 155 148
5038 53 223 148
5039 52 160 147
5040 51 139 147
5041 50 132 146
5042 49 44 146
5043 48 186 145
5044 47 62 145
5045 46 192 144
5046 45 64 144
5047 44 107 143
5048 43 207 143
5049 42 69 142
5050 41 23 142
5051 40 179 141
5052 39 231 141
5053 38 77 140
5054 66 162 155
5055 65 54 155
5056 64 18 154
5057 63 6 154
5058 62 2 153
5059 61 172 153
5060 60 143 152
5061 59 219 152
5062 58 73 151
5063 57 110 151
5064 56 208 150
5065 55 155 150
5066 54 223 149
5067 53 160 149
5068 52 139 148
5069 51 132 148
5070 50 44 147
5071 49 186 147
5072 48 62 146
5073 47 192 146
5074 46 64 145
5075 45 107 145
5076 44 207 144
5077 43 69 144
5078 42 23 143
5079 41 179 143
5080 40 231 142
5081 67 162 157
5082 66 54 156
5083 65 18 156
5084 64 6 155
5085 63 2 155
5086 62 172 154
5087 61 143 154
5088 60 219 153
5089 59 73 153
5090 58 110 152
5091 57 208 152
5092 56 155 151
5093 55 223 151
5094 54 160 150
5095 53 139 150
5096 52 132 149
5097 51 44 149
5098 50 186 148
5099 49 62 148
5100 48 192 147
5101 47 64 147
5102 46 107 146
5103 45 207 146
5104 44 69 145
5105 43 23 145
5106 42 179 144
5107 68 162 158
5108 67 54 158
5109 66 18 157
5110 65 6 157
5111 64 2 156
5112 63 172 156
5113 62 143 155
5114 61 219 155
5115 60 73 154
5116 59 110 154
5117 58 208 153
5118 57 155 153
5119 56 223 152
5120 55 160 152
5121 54 139 151
5122 53 132 151
5123 52 44 150
5124 51 186 150
5125 50 62 149
5126 49 192 149
5127 48 64 148
5128 47 107 148
5129 46 207 147
5130 45 69 147
5131 44 23 146
5132 69 162 160
5133 68 54 159
5134 67 18 159
5135 66 6 158
5136 65 2 158
5137 64 172 157
5138 63 143 157
5139 62 219 156
5140 61 73 156
5141 60 110 155
5142 59 208 155
5143 58 155 154
5144 57 223 154
5145 56 160 153
5146 55 139 153
5147 54 132 152
5148 53 44 152
5149 52 186 151
5150 51 62 151
5151 50 192 150
5152 49 64 150
5153 48 107 149
5154 47 207 149
5155 46 69 148
5156 70 162 161
5157 69 54 161
5158 68 18 160
5159 67 6 160
5160 66 2 159
5161 65 172 159
5162 64 143 158
5163 63 219 158
5164 62 73 157
5165 61 110 157
5166 60 208 156
5167 59 155 156
5168 58 223 155
5169 57 160 155
5170 56 139 154
5171 55 132 154
5172 54 44 153
5173 53 186 153
5174 52 62 152
5175 51 192 152
5176 50 64 151
5177 49 107 151
5178 48 207 150
5179 71 162 163
5180 70 54 162
5181 69 18 162
5182 68 6 161
5183 67 2 161
5184 66 172 160
5185 65 143 160
5186 64 219 159
5187 63 73 159
5188 62 110 158
5189 61 208 158
5190 60 155 157
5191 59 223 157
5192 58 160 156
5193 57 139 156
5194 56 132 155
5195 55 44 155
5196 54 186 154
5197 53 62 154
5198 52 192 153
5199 51 64 153
5200 50 107 152
5201 72 162 164
5202 71 54 164
5203 70 18 163
5204 69 6 163
5205 68 2 162
5206 67 172 162
5207 66 143 161
5208 65 219 161
5209 64 73 160
5210 63 110 160
5211 62 208 159
5212 61 155 159
5213 60 223 158
5214 59 160 158
5215 58 139 157
5216 57 132 157
5217 56 44 156
5218 55 186 156
5219 54 62 155
5220 53 192 155
5221 52 64 154
5222 73 162 166
5223 72 54 165
5224 71 18 165
5225 70 6 164
5226 69 2 164
5227 68 172 163
5228 67 143 163
5229 66 219 162
5230 65 73 162
5231 64 110 161
5232 63 208 161
5233 62 155 160
5234 61 223 160
5235 60 160 159
5236 59 139 159
5237 58 132 158
5238 57 44 158
5239 56 186 157
5240 55 62 157
5241 54 192 156
5242 74 162 167
5243 73 54 167
5244 72 18 166
5245 71 6 166
5246 70 2 165
5247 69 172 165
5248 68 143 164
5249 67 219 164
5250 66 73 163
5251 65 110 163
5252 64 208 162
5253 63 155 162
5254 62 223 161
5255 61 160 161
5256 60 139 160
5257 59 132 160
5258 58 44 159
5259 57 186 159
5260 56 62 158
5261 75 162 169
5262 74 54 168
5263 73 18 168
5264 72 6 167
5265 71 2 167
5266 70 172 166
5267 69 143 166
5268 68 219 165
5269 67 73 165
5270 66 110 164
5271 65 208 164
5272 64 155 163
5273 63 223 163
5274 62 160 162
5275 61 139 162
5276 60 132 161
5277 59 44 161
5278 58 186 160
5279 76 162 170
5280 75 54 170
5281 74 18 169
5282 73 6 169
5283 72 2 168
5284 71 172 168
5285 70 143 167
5286 69 219 167
5287 68 73 166
5288 67 110 166
5289 66 208 165
5290 65 155 165
5291 64 223 164
5292 63 160 164
5293 62 139 163
5294 61 132 163
5295 60 44 162
5296 77 162 172
5297 76 54 171
5298 75 18 171
5299 74 6 170
5300 73 2 170
5301 72 172 169
5302 71 143 169
5303 70 219 168
5304 69 73 168
5305 68 110 167
5306 67 208 167
5307 66 155 166
5308 65 223 166
5309 64 160 165
5310 63 139 165
5311 62 132 164
5312 78 162 173
5313 77 54 173
5314 76 18 172
5315 75 6 172
5316 74 2 171
5317 73 172 171
5318 72 143 170
5319 71 219 170
5320 70 73 169
5321 69 110 169
5322 68 208 168
5323 67 155 168
5324 66 223 167
5325 65 160 167
5326 64 139 166
5327 79 162 175
5328 78 54 174
5329 77 18 174
5330 76 6 173
5331 75 2 173
5332 74 172 172
5333 73 143 172
5334 72 219 171
5335 71 73 171
5336 70 110 170
5337 69 208 170
5338 68 155 169
5339 67 223 169
5340 66 160 168
5341 80 162 176
5342 79 54 176
5343 78 18 175
5344 77 6 175
5345 76 2 174
5346 75 172 174
5347 74 143 173
5348 73 219 173
5349 72 73 172
5350 71 110 172
5351 70 208 171
5352 69 155 171
5353 68 223 170
5354 81 162 178
5355 80 54 177
5356 79 18 177
5357 78 6 176
5358 77 2 176
5359 76 172 175
5360 75 143 175
5361 74 219 174
5362 73 73 174
5363 72 110 173
5364 71 208 173
5365 70 155 172
5366 82 162 179
5367 81 54 179
5368 80 18 178
5369 79 6 178
5370 78 2 177
5371 77 172 177
5372 76 143 176
5373 75 219 176
5374 74 73 175
5375 73 110 175
5376 72 208 174
5377 83 162 181
5378 82 54 180
5379 81 18 180
5380 80 6 179
5381 79 2 179
5382 78 172 178
5383 77 143 178
5384 76 219 177
5385 75 73 177
5386 74 110 176
5387 84 162 182
5388 83 54 182
5389 82 18 181
5390 81 6 181
5391 80 2 180
5392 79 172 180
5393 78 143 179
5394 77 219 179
5395 76 73 178
5396 85 162 184
5397 84 54 183
5398 83 18 183
5399 82 6 182
5400 81 2 182
5401 80 172 181
5402 79 143 181
5403 78 219 180
5404 86 162 185
5405 85 54 185
5406 84 18 184
5407 83 6 184
5408 82 2 183
5409 81 172 183
5410 80 143 182
5411 87 162 187
5412 86 54 186
5413 85 18 186
5414 84 6 185
5415 83 2 185
5416 82 172 184
5417 88 162 188
5418 87 54 188
5419 86 18 187
5420 85 6 187
5421 84 2 186
5422 89 162 190
5423 88 54 189
5424 87 18 189
5425 86 6 188
5426 90 162 191
5427 89 54 191
5428 88 18 190
5429 91 162 193
5430 90 54 192
5431 92 162 194
5432 93 256 196
5433 91 64 194
5434 89 16 192
5435 87 4 190
5436 85 1 188
5437 83 193 186
5438 81 241 184
5439 79 253 182
5440 77 256 180
5441 75 64 178
5442 73 16 176
5443 71 4 174
5444 69 1 172
5445 67 193 170
5446 65 241 168
5447 63 253 166
5448 61 256 164
5449 59 64 162
5450 57 16 160
5451 55 4 158
5452 53 1 156
5453 51 193 154
5454 49 241 152
5455 47 253 150
5456 45 256 148
5457 43 64 146
5458 41 16 144
5459 39 4 142
5460 37 1 140
5461 35 193 138
5462 33 241 136
5463 31 253 134
5464 29 256 132
5465 27 64 130
5466 25 16 128
5467 23 4 126
5468 21 1 124
5469 19 193 122
5470 17 241 120
5471 15 253 118
5472 94 256 197
5473 92 64 195
5474 90 16 193
5475 88 4 191
5476 86 1 189
5477 84 193 187
5478 82 241 185
5479 80 253 183
5480 78 256 181
5481 76 64 179
5482 74 16 177
5483 72 4 175
5484 70 1 173
5485 68 193 171
5486 66 241 169
5487 64 253 167
5488 62 256 165
5489 60 64 163
5490 58 16 161
5491 56 4 159
5492 54 1 157
5493 52 193 155
5494 50 241 153
5495 48 253 151
5496 46 256 149
5497 44 64 147
5498 42 16 145
5499 40 4 143
5500 38 1 141
5501 36 193 139
5502 34 241 137
5503 32 253 135
5504 30 256 133
5505 28 64 131
5506 26 16 129
5507 24 4 127
5508 22 1 125
5509 20 193 123
5510 95 256 199
5511 93 64 197
5512 91 16 195
5513 89 4 193
5514 87 1 191
5515 85 193 189
5516 83 241 187
5517 81 253 185
5518 79 256 183
5519 77 64 181
5520 75 16 179
5521 73 4 177
5522 71 1 175
5523 69 193 173
5524 67 241 171
5525 65 253 169
5526 63 256 167
5527 61 64 165
5528 59 16 163
5529 57 4 161
5530 55 1 159
5531 53 193 157
5532 51 241 155
5533 49 253 153
5534 47 256 151
5535 45 64 149
5536 43 16 147
5537 41 4 145
5538 39 1 143
5539 37 193 141
5540 35 241 139
5541 33 253 137
5542 31 256 135
5543 29 64 133
5544 27 16 131
5545 25 4 129
5546 96 256 200
5547 94 64 198
5548 92 16 196
5549 90 4 194
5550 88 1 192
5551 86 193 190
5552 84 241 188
5553 82 253 186
5554 80 256 184
5555 78 64 182
5556 76 16 180
5557 74 4 178
5558 72 1 176
5559 70 193 174
5560 68 241 172
5561 66 253 170
5562 64 256 168
5563 62 64 166
5564 60 16 164
5565 58 4 162
5566 56 1 160
5567 54 193 158
5568 52 241 156
5569 50 253 154
5570 48 256 152
5571 46 64 150
5572 44 16 148
5573 42 4 146
5574 40 1 144
5575 38 193 142
5576 36 241 140
5577 34 253 138
5578 32 256 136
5579 30 64 134
5580 97 256 202
5581 95 64 200
5582 93 16 198
5583 91 4 196
5584 89 1 194
5585 87 193 192
5586 85 241 190
5587 83 253 188
5588 81 256 186
5589 79 64 184
5590 77 16 182
5591 75 4 180
5592 73 1 178
5593 71 193 176
5594 69 241 174
5595 67 253 172
5596 65 256 170
5597 63 64 168
5598 61 16 166
5599 59 4 164
5600 57 1 162
5601 55 193 160
5602 53 241 158
5603 51 253 156
5604 49 256 154
5605 47 64 152
5606 45 16 150
5607 43 4 148
5608 41 1 146
5609 39 193 144
5610 37 241 142
5611 35 253 140
5612 98 256 203
5613 96 64 201
5614 94 16 199
5615 92 4 197
5616 90 1 195
5617 88 193 193
5618 86 241 191
5619 84 253 189
5620 82 256 187
5621 80 64 185
5622 78 16 183
5623 76 4 181
5624 74 1 179
5625 72 193 177
5626 70 241 175
5627 68 253 173
5628 66 256 171
5629 64 64 169
5630 62 16 167
5631 60 4 165
5632 58 1 163
5633 56 193 161
5634 54 241 159
5635 52 253 157
5636 50 256 155
5637 48 64 153
5638 46 16 151
5639 44 4 149
5640 42 1 147
5641 40 193 145
5642 99 256 205
5643 97 64 203
5644 95 16 201
5645 93 4 199
5646 91 1 197
5647 89 193 195
5648 87 241 193
5649 85 253 191
5650 83 256 189
5651 81 64 187
5652 79 16 185
5653 77 4 183
5654 75 1 181
5655 73 193 179
5656 71 241 177
5657 69 253 175
5658 67 256 173
5659 65 64 171
5660 63 16 169
5661 61 4 167
5662 59 1 165
5663 57 193 163
5664 55 241 161
5665 53 253 159
5666 51 256 157
5667 49 64 155
5668 47 16 153
5669 45 4 151
5670 100 256 206
5671 98 64 204
5672 96 16 202
5673 94 4 200
5674 92 1 198
5675 90 193 196
5676 88 241 194
5677 86 253 192
5678 84 256 190
5679 82 64 188
5680 80 16 186
5681 78 4 184
5682 76 1 182
5683 74 193 180
5684 72 241 178
5685 70 253 176
5686 68 256 174
5687 66 64 172
5688 64 16 170
5689 62 4 168
5690 60 1 166
5691 58 193 164
5692 56 241 162
5693 54 253 160
5694 52 256 158
5695 50 64 156
5696 101 256 208
5697 99 64 206
5698 97 16 204
5699 95 4 202
5700 93 1 200
5701 91 193 198
5702 89 241 196
5703 87 253 194
5704 85 256 192
5705 83 64 190
5706 81 16 188
5707 79 4 186
5708 77 1 184
5709 75 193 182
5710 73 241 180
5711 71 253 178
5712 69 256 176
5713 67 64 174
5714 65 16 172
5715 63 4 170
5716 61 1 168
5717 59 193 166
5718 57 241 164
5719 55 253 162
5720 102 256 209
5721 100 64 207
5722 98 16 205
5723 96 4 203
5724 94 1 201
5725 92 193 199
5726 90 241 197
5727 88 253 195
5728 86 256 193
5729 84 64 191
5730 82 16 189
5731 80 4 187
5732 78 1 185
5733 76 193 183
5734 74 241 181
5735 72 253 179
5736 70 256 177
5737 68 64 175
5738 66 16 173
5739 64 4 171
5740 62 1 169
5741 60 193 167
5742 103 256 211
5743 101 64 209
5744 99 16 207
5745 97 4 205
5746 95 1 203
5747 93 193 201
5748 91 241 199
5749 89 253 197
5750 87 256 195
5751 85 64 193
5752 83 16 191
5753 81 4 189
5754 79 1 187
5755 77 193 185
5756 75 241 183
5757 73 253 181
5758 71 256 179
5759 69 64 177
5760 67 16 175
5761 65 4 173
5762 104 256 212
5763 102 64 210
5764 100 16 208
5765 98 4 206
5766 96 1 204
5767 94 193 202
5768 92 241 200
5769 90 253 198
5770 88 256 196
5771 86 64 194
5772 84 16 192
5773 82 4 190
5774 80 1 188
5775 78 193 186
5776 76 241 184
5777 74 253 182
5778 72 256 180
5779 70 64 178
5780 105 256 214
5781 103 64 212
5782 101 16 210
5783 99 4 208
5784 97 1 206
5785 95 193 204
5786 93 241 202
5787 91 253 200
5788 89 256 198
5789 87 64 196
5790 85 16 194
5791 83 4 192
5792 81 1 190
5793 79 193 188
5794 77 241 186
5795 75 253 184
5796 106 256 215
5797 104 64 213
5798 102 16 211
5799 100 4 209
5800 98 1 207
5801 96 193 205
5802 94 241 203
5803 92 253 201
5804 90 256 199
5805 88 64 197
5806 86 16 195
5807 84 4 193
5808 82 1 191
5809 80 193 189
5810 107 256 217
5811 105 64 215
5812 103 16 213
5813 101 4 211
5814 99 1 209
5815 97 193 207
5816 95 241 205
5817 93 253 203
5818 91 256 201
5819 89 64 199
5820 87 16 197
5821 85 4 195
5822 108 256 218
5823 106 64 216
5824 104 16 214
5825 102 4 212
5826 100 1 210
5827 98 193 208
5828 96 241 206
5829 94 253 204
5830 92 256 202
5831 90 64 200
5832 109 256 220
5833 107 64 218
5834 105 16 216
5835 103 4 214
5836 101 1 212
5837 99 193 210
5838 97 241 208
5839 95 253 206
5840 110 256 221
5841 108 64 219
5842 106 16 217
5843 104 4 215
5844 102 1 213
5845 100 193 211
5846 111 256 223
5847 109 64 221
5848 107 16 219
5849 105 4 217
5850 112 256 224
5851 110 64 222
5852 0 255 109
5853 0 255 110
5854 0 255 111
5855 0 255 112
5856 0 255 113
5857 0 255 114
5858 0 255 115
5859 0 255 116
5860 0 255 117
5861 0 255 118
5862 0 255 119
5863 0 255 120
5864 0 255 121
5865 0 255 122
5866 0 255 123
5867 0 255 124
5868 0 255 125
5869 0 255 126
5870 0 255 127
5871 0 255 128
5872 0 255 129
5873 0 255 130
5874 0 255 131
5875 0 255 132
5876 0 255 133
5877 0 255 134
5878 0 255 135
5879 0 255 136
5880 0 255 137
5881 0 255 138
5882 0 255 139
5883 0 255 140
5884 0 255 141
5885 0 255 142
5886 0 255 143
5887 0 255 144
5888 0 255 145
5889 0 255 146
5890 1 256 109
5891 1 256 110
5892 1 256 111
5893 1 256 112
5894 1 256 113
5895 1 256 114
5896 1 256 115
5897 1 256 116
5898 1 256 117
5899 1 256 118
5900 1 256 119
5901 1 256 120
5902 1 256 121
5903 1 256 122
5904 1 256 123
5905 1 256 124
5906 1 256 125
5907 1 256 126
5908 1 256 127
5909 1 256 128
5910 1 256 129
5911 1 256 130
5912 1 256 131
5913 1 256 132
5914 1 256 133
5915 1 256 134
5916 1 256 135
5917 1 256 136
5918 1 256 137
5919 1 256 138
5920 1 256 139
5921 1 256 140
5922 1 256 141
5923 1 256 142
5924 1 256 143
5925 1 256 144
5926 1 256 145
5927 2 128 109
5928 2 128 110
5929 2 128 111
5930 2 128 112
5931 2 128 113
5932 2 128 114
5933 2 128 115
5934 2 128 116
5935 2 128 117
5936 2 128 118
5937 2 128 119
5938 2 128 120
5939 2 128 121
5940 2 128 122
5941 2 128 123
5942 2 128 124
5943 2 128 125
5944 2 128 126
5945 2 128 127
5946 2 128 128
5947 2 128 129
5948 2 128 130
5949 2 128 131
5950 2 128 132
5951 2 128 133
5952 2 128 134
5953 2 128 135
5954 2 128 136
5955 2 128 137
5956 2 128 138
5957 2 128 139
5958 2 128 140
5959 2 128 141
5960 2 128 142
5961 2 128 143
5962 2 128 144
5963 3 128 110
5964 4 193 110
5965 3 64 111
5966 3 64 112
5967 3 64 113
5968 3 64 114
5969 3 64 115
5970 3 64 116
5971 3 64 117
5972 3 64 118
5973 3 64 119
5974 3 64 120
5975 3 64 121
5976 3 64 122
5977 3 64 123
5978 3 64 124
5979 3 64 125
5980 3 64 126
5981 3 64 127
5982 3 64 128
5983 3 64 129
5984 3 64 130
5985 3 64 131
5986 3 64 132
5987 3 64 133
5988 3 64 134
5989 3 64 135
5990 3 64 136
5991 3 64 137
5992 3 64 138
5993 3 64 139
5994 3 64 140
5995 3 64 141
5996 3 64 142
5997 3 64 143
5998 4 128 111
5999 5 193 111
6000 6 32 111
6001 4 32 112
6002 4 32 113
6003 4 32 114
6004 4 32 115
6005 4 32 116
6006 4 32 117
6007 4 32 118
6008 4 32 119
6009 4 32 120
6010 4 32 121
6011 4 32 122
6012 4 32 123
6013 4 32 124
6014 4 32 125
6015 4 32 126
6016 4 32 127
6017 4 32 128
6018 4 32 129
6019 4 32 130
6020 4 32 131
6021 4 32 132
6022 4 32 133
6023 4 32 134
6024 4 32 135
6025 4 32 136
6026 4 32 137
6027 4 32 138
6028 4 32 139
6029 4 32 140
6030 4 32 141
6031 4 32 142
6032 5 128 112
6033 6 193 112
6034 7 32 112
6035 8 241 112
6036 5 16 113
6037 5 16 114
6038 5 16 115
6039 5 16 116
6040 5 16 117
6041 5 16 118
6042 5 16 119
6043 5 16 120
6044 5 16 121
6045 5 16 122
6046 5 16 123
6047 5 16 124
6048 5 16 125
6049 5 16 126
6050 5 16 127
6051 5 16 128
6052 5 16 129
6053 5 16 130
6054 5 16 131
6055 5 16 132
6056 5 16 133
6057 5 16 134
6058 5 16 135
6059 5 16 136
6060 5 16 137
6061 5 16 138
6062 5 16 139
6063 5 16 140
6064 5 16 141
6065 6 128 113
6066 7 193 113
6067 8 32 113
6068 9 241 113
6069 10 8 113
6070 6 8 114
6071 6 8 115
6072 6 8 116
6073 6 8 117
6074 6 8 118
6075 6 8 119
6076 6 8 120
6077 6 8 121
6078 6 8 122
6079 6 8 123
6080 6 8 124
6081 6 8 125
6082 6 8 126
6083 6 8 127
6084 6 8 128
6085 6 8 129
6086 6 8 130
6087 6 8 131
6088 6 8 132
6089 6 8 133
6090 6 8 134
6091 6 8 135
6092 6 8 136
6093 6 8 137
6094 6 8 138
6095 6 8 139
6096 6 8 140
6097 7 128 114
6098 8 193 114
6099 9 32 114
6100 10 241 114
6101 11 8 114
6102 7 8 115
6103 12 255 115
6104 7 4 116
6105 7 4 117
6106 7 4 118
6107 7 4 119
6108 7 4 120
6109 7 4 121
6110 7 4 122
6111 7 4 123
6112 7 4 124
6113 7 4 125
6114 7 4 126
6115 7 4 127
6116 7 4 128
6117 7 4 129
6118 7 4 130
6119 7 4 131
6120 7 4 132
6121 7 4 133
6122 7 4 134
6123 7 4 135
6124 7 4 136
6125 7 4 137
6126 7 4 138
6127 7 4 139
6128 8 128 115
6129 9 193 115
6130 10 32 115
6131 11 241 115
6132 8 16 116
6133 12 4 116
6134 13 255 116
6135 8 4 117
6136 14 129 117
6137 8 2 118
6138 8 2 119
6139 8 2 120
6140 8 2 121
6141 8 2 122
6142 8 2 123
6143 8 2 124
6144 8 2 125
6145 8 2 126
6146 8 2 127
6147 8 2 128
6148 8 2 129
6149 8 2 130
6150 8 2 131
6151 8 2 132
6152 8 2 133
6153 8 2 134
6154 8 2 135
6155 8 2 136
6156 8 2 137
6157 8 2 138
6158 9 128 116
6159 10 193 116
6160 11 32 116
6161 9 32 117
6162 12 249 117
6163 13 4 117
6164 9 8 118
6165 14 256 118
6166 9 4 119
6167 15 193 119
6168 16 32 119
6169 9 1 120
6170 9 1 121
6171 9 1 122
6172 9 1 123
6173 9 1 124
6174 9 1 125
6175 9 1 126
6176 9 1 127
6177 9 1 128
6178 9 1 129
6179 9 1 130
6180 9 1 131
6181 9 1 132
6182 9 1 133
6183 9 1 134
6184 9 1 135
6185 9 1 136
6186 9 1 137
6187 10 128 117
6188 11 193 117
6189 10 64 118
6190 12 16 118
6191 13 249 118
6192 10 16 119
6193 14 2 119
6194 10 8 120
6195 15 128 120
6196 16 193 120
6197 10 2 121
6198 17 16 121
6199 18 249 121
6200 10 129 122
6201 10 129 123
6202 10 129 124
6203 10 129 125
6204 10 129 126
6205 10 129 127
6206 10 129 128
6207 10 129 129
6208 10 129 130
6209 10 129 131
6210 10 129 132
6211 10 129 133
6212 10 129 134
6213 10 129 135
6214 10 129 136
6215 11 128 118
6216 11 128 119
6217 12 225 119
6218 13 16 119
6219 11 32 120
6220 14 253 120
6221 11 16 121
6222 15 1 121
6223 16 128 121
6224 11 4 122
6225 17 225 122
6226 18 16 122
6227 11 1 123
6228 19 253 123
6229 11 129 124
6230 20 1 124
6231 11 193 125
6232 11 193 126
6233 11 193 127
6234 11 193 128
6235 11 193 129
6236 11 193 130
6237 11 193 131
6238 11 193 132
6239 11 193 133
6240 11 193 134
6241 11 193 135
6242 12 128 120
6243 13 63 120
6244 12 38 121
6245 13 76 121
6246 14 8 121
6247 12 32 122
6248 15 255 122
6249 16 1 122
6250 12 8 123
6251 17 64 123
6252 18 225 123
6253 12 2 124
6254 19 8 124
6255 12 1 125
6256 20 255 125
6257 21 1 125
6258 12 193 126
6259 22 64 126
6260 12 225 127
6261 12 225 128
6262 12 225 129
6263 12 225 130
6264 12 225 131
6265 12 225 132
6266 12 225 133
6267 12 225 134
6268 13 128 122
6269 14 63 122
6270 13 38 123
6271 14 76 123
6272 15 8 123
6273 16 120 123
6274 13 221 124
6275 16 197 124
6276 17 129 124
6277 18 64 124
6278 13 4 125
6279 19 241 125
6280 13 2 126
6281 20 4 126
6282 21 255 126
6283 13 129 127
6284 22 129 127
6285 23 64 127
6286 13 225 128
6287 24 241 128
6288 13 241 129
6289 13 241 130
6290 13 241 131
6291 13 241 132
6292 13 241 133
6293 14 128 124
6294 15 63 124
6295 14 38 125
6296 15 76 125
6297 16 8 125
6298 17 120 125
6299 18 129 125
6300 14 60 126
6301 17 249 126
6302 18 224 126
6303 19 32 126
6304 14 4 127
6305 20 249 127
6306 21 4 127
6307 14 1 128
6308 22 256 128
6309 23 129 128
6310 14 193 129
6311 24 32 129
6312 14 225 130
6313 25 249 130
6314 26 4 130
6315 14 249 131
6316 14 249 132
6317 15 128 126
6318 16 63 126
6319 15 38 127
6320 16 76 127
6321 17 8 127
6322 18 120 127
6323 19 129 127
6324 15 60 128
6325 18 249 128
6326 19 224 128
6327 20 32 128
6328 21 197 128
6329 15 72 129
6330 21 135 129
6331 22 2 129
6332 23 256 129
6333 15 129 130
6334 24 193 130
6335 15 193 131
6336 25 16 131
6337 26 249 131
6338 15 241 132
6339 27 2 132
6340 16 128 128
6341 17 63 128
6342 16 38 129
6343 17 76 129
6344 18 8 129
6345 19 120 129
6346 20 129 129
6347 16 60 130
6348 19 249 130
6349 20 224 130
6350 21 32 130
6351 22 197 130
6352 23 226 130
6353 16 148 131
6354 22 177 131
6355 23 69 131
6356 24 128 131
6357 16 129 132
6358 25 225 132
6359 26 16 132
6360 28 224 132
6361 14 238 133
6362 17 128 130
6363 18 63 130
6364 17 38 131
6365 18 76 131
6366 19 8 131
6367 20 120 131
6368 21 129 131
6369 17 60 132
6370 20 249 132
6371 21 224 132
6372 22 32 132
6373 23 197 132
6374 24 226 132
6375 15 246 133
6376 16 65 133
6377 17 102 133
6378 23 9 133
6379 24 81 133
6380 25 234 133
6381 26 5 133
6382 27 92 133
6383 18 128 132
6384 19 63 132
6385 18 38 133
6386 19 76 133
6387 20 8 133
6388 21 120 133
6389 22 129 133
6390 28 9 133
6391 13 111 134
6392 14 65 134
6393 15 195 134
6394 16 88 134
6395 17 145 134
6396 18 17 134
6397 21 214 134
6398 22 102 134
6399 23 68 134
6400 24 67 134
6401 25 242 134
6402 26 94 134
6403 19 128 134
6404 20 63 134
6405 27 115 134
6406 28 216 134
6407 29 18 134
6408 12 88 135
6409 13 9 135
6410 14 83 135
6411 15 29 135
6412 16 205 135
6413 17 129 135
6414 18 143 135
6415 19 157 135
6416 20 189 135
6417 21 211 135
6418 22 153 135
6419 23 228 135
6420 24 105 135
6421 25 214 135
6422 26 150 135
6423 27 163 135
6424 28 249 135
6425 29 69 135
6426 30 64 135
6427 11 230 136
6428 12 183 136
6429 13 237 136
6430 14 105 136
6431 15 129 136
6432 16 94 136
6433 17 32 136
6434 18 45 136
6435 19 102 136
6436 20 224 136
6437 21 121 136
6438 22 109 136
6439 23 109 136
6440 24 150 136
6441 25 187 136
6442 26 21 136
6443 27 206 136
6444 28 206 136
6445 29 30 136
6446 30 201 136
6447 31 108 136
6448 10 33 137
6449 11 97 137
6450 12 146 137
6451 13 132 137
6452 14 221 137
6453 15 94 137
6454 16 148 137
6455 17 242 137
6456 18 153 137
6457 19 21 137
6458 20 32 137
6459 21 193 137
6460 22 152 137
6461 23 234 137
6462 24 236 137
6463 25 93 137
6464 26 217 137
6465 27 33 137
6466 28 207 137
6467 29 126 137
6468 30 120 137
6469 31 165 137
6470 32 151 137
6471 9 100 138
6472 10 215 138
6473 11 35 138
6474 12 83 138
6475 13 145 138
6476 14 89 138
6477 15 146 138
6478 16 148 138
6479 17 143 138
6480 18 123 138
6481 19 100 138
6482 20 233 138
6483 21 111 138
6484 22 252 138
6485 23 231 138
6486 24 223 138
6487 25 17 138
6488 26 109 138
6489 27 255 138
6490 28 207 138
6491 29 75 138
6492 30 236 138
6493 31 180 138
6494 32 120 138
6495 33 214 138
6496 8 143 139
6497 9 1 139
6498 10 150 139
6499 11 16 139
6500 12 82 139
6501 13 231 139
6502 14 115 139
6503 15 185 139
6504 16 46 139
6505 17 161 139
6506 18 86 139
6507 19 237 139
6508 20 159 139
6509 21 191 139
6510 22 48 139
6511 23 144 139
6512 24 106 139
6513 25 174 139
6514 26 40 139
6515 27 40 139
6516 28 30 139
6517 29 126 139
6518 30 120 139
6519 31 141 139
6520 32 76 139
6521 33 102 139
6522 34 223 139
6523 7 180 140
6524 8 250 140
6525 9 8 140
6526 10 201 140
6527 11 16 140
6528 12 148 140
6529 13 171 140
6530 14 131 140
6531 15 4 140
6532 16 150 140
6533 17 173 140
6534 18 31 140
6535 19 169 140
6536 20 63 140
6537 21 164 140
6538 22 38 140
6539 23 9 140
6540 24 188 140
6541 25 58 140
6542 26 31 140
6543 27 73 140
6544 28 10 140
6545 29 209 140
6546 30 132 140
6547 31 19 140
6548 32 105 140
6549 33 37 140
6550 34 131 140
6551 6 141 141
6552 7 108 141
6553 8 171 141
6554 9 31 141
6555 15 66 141
6556 17 170 141
6557 19 152 141
6558 20 128 141
6559 21 75 141
6560 22 21 141
6561 23 122 141
6562 24 237 141
6563 25 186 141
6564 26 137 141
6565 27 52 141
6566 28 45 141
6567 29 77 141
6568 30 256 141
6569 31 87 141
6570 32 239 141
6571 33 130 141
6572 34 48 141
6573 35 68 141
6574 36 165 141
6575 5 111 142
6576 6 3 142
6577 7 146 142
6578 25 174 142
6579 27 124 142
6580 29 256 142
6581 30 187 142
6582 31 122 142
6583 32 154 142
6584 33 17 142
6585 34 32 142
6586 35 215 142
6587 36 195 142
6588 4 145 143
6589 5 121 143
6590 35 190 143
6591 37 193 143
6592 3 128 144
6593 38 2 143
6594 37 1 144
6595 36 193 143
6596 35 225 144
6597 34 249 143
6598 33 253 143
6599 32 256 143
6600 31 128 143
6601 30 32 143
6602 29 16 143
6603 28 4 142
6604 27 2 143
6605 26 129 142
6606 25 193 143
6607 24 241 142
6608 23 249 142
6609 22 255 142
6610 21 256 142
6611 20 64 142
6612 19 32 142
6613 18 8 141
6614 17 4 142
6615 16 1 141
6616 15 129 142
6617 14 225 141
6618 13 241 141
6619 12 253 141
6620 11 255 141
6621 10 128 141
6622 9 64 142
6623 8 16 142
6624 10 207 142
6625 11 172 142
6626 12 134 142
6627 13 124 142
6628 14 198 142
6629 16 182 142
6630 18 170 142
6631 6 38 143
6632 7 186 143
6633 8 48 143
6634 39 2 145
6635 38 129 144
6636 37 193 145
6637 36 241 144
6638 35 249 145
6639 34 255 144
6640 33 256 144
6641 32 64 144
6642 31 32 144
6643 30 8 144
6644 29 4 144
6645 28 1 143
6646 27 129 144
6647 26 225 143
6648 25 241 144
6649 24 253 143
6650 23 255 143
6651 22 128 143
6652 21 64 143
6653 20 16 143
6654 19 8 143
6655 9 193 143
6656 17 1 143
6657 10 16 143
6658 15 225 143
6659 14 241 143
6660 13 253 143
6661 12 255 143
6662 11 128 143
6663 18 121 143
6664 16 138 143
6665 4 222 144
6666 5 103 144
6667 6 20 144
6668 7 157 144
6669 8 118 144
6670 9 166 144
6671 10 40 144
6672 11 175 144
6673 12 67 144
6674 40 1 146
6675 39 129 146
6676 38 225 145
6677 37 241 146
6678 36 253 145
6679 35 255 146
6680 34 128 145
6681 33 64 145
6682 32 16 145
6683 31 8 145
6684 30 2 145
6685 29 1 145
6686 28 193 144
6687 27 225 145
6688 26 249 144
6689 25 253 145
6690 24 256 144
6691 23 128 144
6692 22 32 144
6693 21 16 144
6694 20 4 144
6695 19 2 144
6696 13 125 144
6697 17 193 144
6698 14 75 144
6699 15 249 144
6700 16 90 144
6701 18 191 144
6702 2 105 145
6703 3 63 145
6704 4 146 145
6705 5 64 145
6706 6 203 145
6707 7 56 145
6708 8 203 145
6709 9 96 145
6710 10 60 145
6711 11 2 145
6712 12 160 145
6713 41 1 147
6714 40 193 147
6715 39 225 147
6716 38 249 146
6717 37 253 147
6718 36 256 146
6719 35 128 147
6720 34 32 146
6721 33 16 146
6722 32 4 146
6723 31 2 146
6724 30 129 146
6725 29 193 146
6726 28 241 145
6727 27 249 146
6728 26 255 145
6729 25 256 146
6730 24 64 145
6731 23 32 145
6732 22 8 145
6733 21 4 145
6734 20 1 145
6735 19 129 145
6736 13 197 145
6737 17 241 145
6738 14 200 145
6739 15 255 145
6740 16 43 145
6741 18 146 145
6742 1 246 146
6743 2 27 146
6744 3 33 146
6745 4 166 146
6746 5 207 146
6747 6 223 146
6748 7 170 146
6749 8 15 146
6750 9 23 146
6751 42 129 148
6752 41 193 148
6753 40 241 148
6754 39 249 148
6755 38 255 147
6756 37 256 148
6757 36 64 147
6758 35 32 148
6759 34 8 147
6760 33 4 147
6761 32 1 147
6762 31 129 147
6763 30 225 147
6764 29 241 147
6765 28 253 146
6766 27 255 147
6767 26 128 146
6768 25 64 147
6769 24 16 146
6770 23 8 146
6771 22 2 146
6772 21 1 146
6773 20 193 146
6774 19 225 146
6775 10 192 146
6776 17 253 146
6777 11 1 146
6778 15 128 146
6779 12 193 146
6780 13 98 146
6781 14 213 146
6782 16 172 146
6783 18 87 146
6784 0 215 147
6785 1 234 147
6786 2 38 147
6787 3 47 147
6788 43 129 149
6789 42 225 149
6790 41 241 149
6791 40 253 149
6792 39 255 149
6793 38 128 148
6794 37 64 149
6795 36 16 148
6796 35 8 149
6797 34 2 148
6798 33 1 148
6799 32 193 148
6800 31 225 148
6801 30 249 148
6802 29 253 148
6803 28 256 147
6804 27 128 148
6805 26 32 147
6806 25 16 148
6807 24 4 147
6808 23 2 147
6809 22 129 147
6810 21 193 147
6811 20 241 147
6812 19 249 147
6813 4 198 147
6814 17 256 147
6815 5 26 147
6816 15 32 147
6817 6 21 147
6818 7 255 147
6819 9 17 147
6820 8 132 147
6821 10 10 147
6822 11 192 147
6823 12 218 147
6824 44 193 150
6825 43 225 150
6826 42 249 150
6827 41 253 150
6828 40 256 150
6829 39 128 150
6830 38 32 149
6831 37 16 150
6832 36 4 149
6833 35 2 150
6834 34 129 149
6835 33 193 149
6836 32 241 149
6837 31 249 149
6838 30 255 149
6839 29 256 149
6840 28 64 148
6841 27 32 149
6842 26 8 148
6843 25 4 149
6844 24 1 148
6845 23 129 148
6846 22 225 148
6847 21 241 148
6848 20 253 148
6849 19 255 148
6850 18 128 147
6851 17 64 148
6852 16 16 147
6853 15 8 148
6854 14 2 147
6855 13 1 147
6856 0 207 148
6857 1 181 148
6858 12 96 148
6859 45 193 152
6860 44 241 151
6861 43 249 151
6862 42 255 151
6863 41 256 151
6864 40 64 151
6865 39 32 151
6866 38 8 150
6867 37 4 151
6868 36 1 150
6869 35 129 151
6870 34 225 150
6871 33 241 150
6872 32 253 150
6873 31 255 150
6874 30 128 150
6875 29 64 150
6876 28 16 149
6877 27 8 150
6878 26 2 149
6879 25 1 150
6880 24 193 149
6881 23 225 149
6882 22 249 149
6883 21 253 149
6884 20 256 149
6885 19 128 149
6886 18 32 148
6887 17 16 149
6888 16 4 148
6889 15 2 149
6890 14 129 148
6891 13 193 148
6892 0 53 149
6893 46 225 152
6894 45 241 153
6895 44 253 152
6896 43 255 152
6897 42 128 152
6898 41 64 152
6899 40 16 152
6900 39 8 152
6901 38 2 151
6902 37 1 152
6903 36 193 151
6904 35 225 152
6905 34 249 151
6906 33 253 151
6907 32 256 151
6908 31 128 151
6909 30 32 151
6910 29 16 151
6911 28 4 150
6912 27 2 151
6913 26 129 150
6914 25 193 151
6915 24 241 150
6916 23 249 150
6917 22 255 150
6918 21 256 150
6919 20 64 150
6920 19 32 150
6921 18 8 149
6922 17 4 150
6923 16 1 149
6924 15 129 150
6925 14 225 149
6926 47 225 154
6927 46 249 153
6928 45 253 154
6929 44 256 153
6930 43 128 153
6931 42 32 153
6932 41 16 153
6933 40 4 153
6934 39 2 153
6935 38 129 152
6936 37 193 153
6937 36 241 152
6938 35 249 153
6939 34 255 152
6940 33 256 152
6941 32 64 152
6942 31 32 152
6943 30 8 152
6944 29 4 152
6945 28 1 151
6946 27 129 152
6947 26 225 151
6948 25 241 152
6949 24 253 151
6950 23 255 151
6951 22 128 151
6952 21 64 151
6953 20 16 151
6954 19 8 151
6955 18 2 150
6956 17 1 151
6957 16 193 150
6958 48 241 154
6959 47 249 155
6960 46 255 154
6961 45 256 155
6962 44 64 154
6963 43 32 154
6964 42 8 154
6965 41 4 154
6966 40 1 154
6967 39 129 154
6968 38 225 153
6969 37 241 154
6970 36 253 153
6971 35 255 154
6972 34 128 153
6973 33 64 153
6974 32 16 153
6975 31 8 153
6976 30 2 153
6977 29 1 153
6978 28 193 152
6979 27 225 153
6980 26 249 152
6981 25 253 153
6982 24 256 152
6983 23 128 152
6984 22 32 152
6985 21 16 152
6986 20 4 152
6987 19 2 152
6988 18 129 151
6989 49 241 156
6990 48 253 155
6991 47 255 156
6992 46 128 155
6993 45 64 156
6994 44 16 155
6995 43 8 155
6996 42 2 155
6997 41 1 155
6998 40 193 155
6999 39 225 155
7000 38 249 154
7001 37 253 155
7002 36 256 154
7003 35 128 155
7004 34 32 154
7005 33 16 154
7006 32 4 154
7007 31 2 154
7008 30 129 154
7009 29 193 154
7010 28 241 153
7011 27 249 154
7012 26 255 153
7013 25 256 154
7014 24 64 153
7015 23 32 153
7016 22 8 153
7017 21 4 153
7018 20 1 153
7019 50 249 157
7020 49 253 157
7021 48 256 156
7022 47 128 157
7023 46 32 156
7024 45 16 157
7025 44 4 156
7026 43 2 156
7027 42 129 156
7028 41 193 156
7029 40 241 156
7030 39 249 156
7031 38 255 155
7032 37 256 156
7033 36 64 155
7034 35 32 156
7035 34 8 155
7036 33 4 155
7037 32 1 155
7038 31 129 155
7039 30 225 155
7040 29 241 155
7041 28 253 154
7042 27 255 155
7043 26 128 154
7044 25 64 155
7045 24 16 154
7046 23 8 154
7047 22 2 154
7048 51 249 158
7049 50 255 158
7050 49 256 158
7051 48 64 157
7052 47 32 158
7053 46 8 157
7054 45 4 158
7055 44 1 157
7056 43 129 157
7057 42 225 157
7058 41 241 157
7059 40 253 157
7060 39 255 157
7061 38 128 156
7062 37 64 157
7063 36 16 156
7064 35 8 157
7065 34 2 156
7066 33 1 156
7067 32 193 156
7068 31 225 156
7069 30 249 156
7070 29 253 156
7071 28 256 155
7072 27 128 156
7073 26 32 155
7074 25 16 156
7075 24 4 155
7076 52 253 159
7077 51 255 159
7078 50 128 159
7079 49 64 159
7080 48 16 158
7081 47 8 159
7082 46 2 158
7083 45 1 159
7084 44 193 158
7085 43 225 158
7086 42 249 158
7087 41 253 158
7088 40 256 158
7089 39 128 158
7090 38 32 157
7091 37 16 158
7092 36 4 157
7093 35 2 158
7094 34 129 157
7095 33 193 157
7096 32 241 157
7097 31 249 157
7098 30 255 157
7099 29 256 157
7100 28 64 156
7101 27 32 157
7102 26 8 156
7103 53 253 160
7104 52 256 160
7105 51 128 160
7106 50 32 160
7107 49 16 160
7108 48 4 159
7109 47 2 160
7110 46 129 159
7111 45 193 160
7112 44 241 159
7113 43 249 159
7114 42 255 159
7115 41 256 159
7116 40 64 159
7117 39 32 159
7118 38 8 158
7119 37 4 159
7120 36 1 158
7121 35 129 159
7122 34 225 158
7123 33 241 158
7124 32 253 158
7125 31 255 158
7126 30 128 158
7127 29 64 158
7128 28 16 157
7129 54 255 161
7130 53 256 161
7131 52 64 161
7132 51 32 161
7133 50 8 161
7134 49 4 161
7135 48 1 160
7136 47 129 161
7137 46 225 160
7138 45 241 161
7139 44 253 160
7140 43 255 160
7141 42 128 160
7142 41 64 160
7143 40 16 160
7144 39 8 160
7145 38 2 159
7146 37 1 160
7147 36 193 159
7148 35 225 160
7149 34 249 159
7150 33 253 159
7151 32 256 159
7152 31 128 159
7153 30 32 159
7154 55 255 163
7155 54 128 162
7156 53 64 162
7157 52 16 162
7158 51 8 162
7159 50 2 162
7160 49 1 162
7161 48 193 161
7162 47 225 162
7163 46 249 161
7164 45 253 162
7165 44 256 161
7166 43 128 161
7167 42 32 161
7168 41 16 161
7169 40 4 161
7170 39 2 161
7171 38 129 160
7172 37 193 161
7173 36 241 160
7174 35 249 161
7175 34 255 160
7176 33 256 160
7177 32 64 160
7178 56 256 163
7179 55 128 164
7180 54 32 163
7181 53 16 163
7182 52 4 163
7183 51 2 163
7184 50 129 163
7185 49 193 163
7186 48 241 162
7187 47 249 163
7188 46 255 162
7189 45 256 163
7190 44 64 162
7191 43 32 162
7192 42 8 162
7193 41 4 162
7194 40 1 162
7195 39 129 162
7196 38 225 161
7197 37 241 162
7198 36 253 161
7199 35 255 162
7200 34 128 161
7201 57 256 165
7202 56 64 164
7203 55 32 165
7204 54 8 164
7205 53 4 164
7206 52 1 164
7207 51 129 164
7208 50 225 164
7209 49 241 164
7210 48 253 163
7211 47 255 164
7212 46 128 163
7213 45 64 164
7214 44 16 163
7215 43 8 163
7216 42 2 163
7217 41 1 163
7218 40 193 163
7219 39 225 163
7220 38 249 162
7221 37 253 163
7222 36 256 162
7223 58 128 165
7224 57 64 166
7225 56 16 165
7226 55 8 166
7227 54 2 165
7228 53 1 165
7229 52 193 165
7230 51 225 165
7231 50 249 165
7232 49 253 165
7233 48 256 164
7234 47 128 165
7235 46 32 164
7236 45 16 165
7237 44 4 164
7238 43 2 164
7239 42 129 164
7240 41 193 164
7241 40 241 164
7242 39 249 164
7243 38 255 163
7244 59 128 167
7245 58 32 166
7246 57 16 167
7247 56 4 166
7248 55 2 167
7249 54 129 166
7250 53 193 166
7251 52 241 166
7252 51 249 166
7253 50 255 166
7254 49 256 166
7255 48 64 165
7256 47 32 166
7257 46 8 165
7258 45 4 166
7259 44 1 165
7260 43 129 165
7261 42 225 165
7262 41 241 165
7263 40 253 165
7264 60 64 168
7265 59 32 168
7266 58 8 167
7267 57 4 168
7268 56 1 167
7269 55 129 168
7270 54 225 167
7271 53 241 167
7272 52 253 167
7273 51 255 167
7274 50 128 167
7275 49 64 167
7276 48 16 166
7277 47 8 167
7278 46 2 166
7279 45 1 167
7280 44 193 166
7281 43 225 166
7282 42 249 166
7283 61 64 169
7284 60 16 169
7285 59 8 169
7286 58 2 168
7287 57 1 169
7288 56 193 168
7289 55 225 169
7290 54 249 168
7291 53 253 168
7292 52 256 168
7293 51 128 168
7294 50 32 168
7295 49 16 168
7296 48 4 167
7297 47 2 168
7298 46 129 167
7299 45 193 168
7300 44 241 167
7301 62 32 170
7302 61 16 170
7303 60 4 170
7304 59 2 170
7305 58 129 169
7306 57 193 170
7307 56 241 169
7308 55 249 170
7309 54 255 169
7310 53 256 169
7311 52 64 169
7312 51 32 169
7313 50 8 169
7314 49 4 169
7315 48 1 168
7316 47 129 169
7317 46 225 168
7318 63 32 171
7319 62 8 171
7320 61 4 171
7321 60 1 171
7322 59 129 171
7323 58 225 170
7324 57 241 171
7325 56 253 170
7326 55 255 171
7327 54 128 170
7328 53 64 170
7329 52 16 170
7330 51 8 170
7331 50 2 170
7332 49 1 170
7333 48 193 169
7334 64 16 172
7335 63 8 172
7336 62 2 172
7337 61 1 172
7338 60 193 172
7339 59 225 172
7340 58 249 171
7341 57 253 172
7342 56 256 171
7343 55 128 172
7344 54 32 171
7345 53 16 171
7346 52 4 171
7347 51 2 171
7348 50 129 171
7349 65 16 174
7350 64 4 173
7351 63 2 173
7352 62 129 173
7353 61 193 173
7354 60 241 173
7355 59 249 173
7356 58 255 172
7357 57 256 173
7358 56 64 172
7359 55 32 173
7360 54 8 172
7361 53 4 172
7362 52 1 172
7363 66 8 174
7364 65 4 175
7365 64 1 174
7366 63 129 174
7367 62 225 174
7368 61 241 174
7369 60 253 174
7370 59 255 174
7371 58 128 173
7372 57 64 174
7373 56 16 173
7374 55 8 174
7375 54 2 173
7376 67 8 176
7377 66 2 175
7378 65 1 176
7379 64 193 175
7380 63 225 175
7381 62 249 175
7382 61 253 175
7383 60 256 175
7384 59 128 175
7385 58 32 174
7386 57 16 175
7387 56 4 174
7388 68 4 176
7389 67 2 177
7390 66 129 176
7391 65 193 177
7392 64 241 176
7393 63 249 176
7394 62 255 176
7395 61 256 176
7396 60 64 176
7397 59 32 176
7398 58 8 175
7399 69 4 178
7400 68 1 177
7401 67 129 178
7402 66 225 177
7403 65 241 178
7404 64 253 177
7405 63 255 177
7406 62 128 177
7407 61 64 177
7408 60 16 177
7409 70 2 179
7410 69 1 179
7411 68 193 178
7412 67 225 179
7413 66 249 178
7414 65 253 179
7415 64 256 178
7416 63 128 178
7417 62 32 178
7418 71 2 180
7419 70 129 180
7420 69 193 180
7421 68 241 179
7422 67 249 180
7423 66 255 179
7424 65 256 180
7425 64 64 179
7426 72 1 181
7427 71 129 181
7428 70 225 181
7429 69 241 181
7430 68 253 180
7431 67 255 181
7432 66 128 180
7433 73 1 182
7434 72 193 182
7435 71 225 182
7436 70 249 182
7437 69 253 182
7438 68 256 181
7439 74 129 183
7440 73 193 183
7441 72 241 183
7442 71 249 183
7443 70 255 183
7444 75 129 185
7445 74 225 184
7446 73 241 184
7447 72 253 184
7448 76 193 185
7449 75 225 186
7450 74 249 185
7451 77 193 187
7452 76 241 186
7453 78 225 187
7454 79 139 189
7455 77 66 188
7456 75 11 187
7457 73 216 185
7458 71 36 184
7459 69 6 183
7460 67 1 182
7461 65 43 181
7462 63 50 179
7463 61 94 178
7464 59 187 177
7465 57 74 176
7466 55 98 175
7467 53 102 173
7468 51 17 172
7469 49 217 171
7470 47 79 170
7471 45 56 169
7472 43 95 167
7473 41 230 166
7474 39 124 165
7475 37 192 164
7476 35 32 163
7477 33 91 161
7478 31 58 160
7479 29 181 159
7480 27 73 158
7481 25 55 157
7482 23 52 155
7483 21 180 154
7484 19 30 153
7485 17 5 152
7486 15 215 151
7487 80 198 190
7488 78 33 188
7489 76 134 187
7490 74 108 186
7491 72 18 185
7492 70 3 184
7493 68 129 182
7494 66 150 181
7495 64 25 180
7496 62 47 179
7497 60 222 178
7498 58 37 176
7499 56 49 175
7500 54 51 174
7501 52 137 173
7502 50 237 172
7503 48 168 170
7504 46 28 169
7505 44 176 168
7506 42 115 167
7507 40 62 166
7508 38 96 164
7509 36 16 163
7510 34 174 162
7511 32 29 161
7512 30 219 160
7513 28 165 158
7514 26 156 157
7515 24 26 156
7516 22 90 155
7517 20 15 154
7518 18 131 152
7519 81 198 191
7520 79 33 190
7521 77 134 189
7522 75 108 188
7523 73 18 186
7524 71 3 185
7525 69 129 184
7526 67 150 183
7527 65 25 182
7528 63 47 180
7529 61 222 179
7530 59 37 178
7531 57 49 177
7532 55 51 176
7533 53 137 174
7534 51 237 173
7535 49 168 172
7536 47 28 171
7537 45 176 170
7538 43 115 168
7539 41 62 167
7540 39 96 166
7541 37 16 165
7542 35 174 164
7543 33 29 162
7544 31 219 161
7545 29 165 160
7546 27 156 159
7547 25 26 158
7548 23 90 156
7549 21 15 155
7550 82 99 192
7551 80 145 191
7552 78 67 189
7553 76 54 188
7554 74 9 187
7555 72 130 186
7556 70 193 185
7557 68 75 183
7558 66 141 182
7559 64 152 181
7560 62 111 180
7561 60 147 179
7562 58 153 177
7563 56 154 176
7564 54 197 175
7565 52 247 174
7566 50 84 173
7567 48 14 171
7568 46 88 170
7569 44 186 169
7570 42 31 168
7571 40 48 167
7572 38 8 165
7573 36 87 164
7574 34 143 163
7575 32 238 162
7576 30 211 161
7577 28 78 159
7578 26 13 158
7579 24 45 157
7580 83 99 193
7581 81 145 192
7582 79 67 191
7583 77 54 190
7584 75 9 189
7585 73 130 187
7586 71 193 186
7587 69 75 185
7588 67 141 184
7589 65 152 183
7590 63 111 181
7591 61 147 180
7592 59 153 179
7593 57 154 178
7594 55 197 177
7595 53 247 175
7596 51 84 174
7597 49 14 173
7598 47 88 172
7599 45 186 171
7600 43 31 169
7601 41 48 168
7602 39 8 167
7603 37 87 166
7604 35 143 165
7605 33 238 163
7606 31 211 162
7607 29 78 161
7608 27 13 160
7609 84 178 194
7610 82 201 193
7611 80 162 192
7612 78 27 190
7613 76 133 189
7614 74 65 188
7615 72 225 187
7616 70 166 186
7617 68 199 184
7618 66 76 183
7619 64 184 182
7620 62 202 181
7621 60 205 180
7622 58 77 178
7623 56 227 177
7624 54 252 176
7625 52 42 175
7626 50 7 174
7627 48 44 172
7628 46 93 171
7629 44 144 170
7630 42 24 169
7631 40 4 168
7632 38 172 166
7633 36 200 165
7634 34 119 164
7635 32 234 163
7636 30 39 162
7637 85 178 196
7638 83 201 194
7639 81 162 193
7640 79 27 192
7641 77 133 191
7642 75 65 190
7643 73 225 188
7644 71 166 187
7645 69 199 186
7646 67 76 185
7647 65 184 184
7648 63 202 182
7649 61 205 181
7650 59 77 180
7651 57 227 179
7652 55 252 178
7653 53 42 176
7654 51 7 175
7655 49 44 174
7656 47 93 173
7657 45 144 172
7658 43 24 170
7659 41 4 169
7660 39 172 168
7661 37 200 167
7662 35 119 166
7663 33 234 164
7664 86 89 196
7665 84 229 195
7666 82 81 194
7667 80 142 193
7668 78 195 191
7669 76 161 190
7670 74 241 189
7671 72 83 188
7672 70 228 187
7673 68 38 185
7674 66 92 184
7675 64 101 183
7676 62 231 182
7677 60 167 181
7678 58 242 179
7679 56 126 178
7680 54 21 177
7681 52 132 176
7682 50 22 175
7683 48 175 173
7684 46 72 172
7685 44 12 171
7686 42 2 170
7687 40 86 169
7688 38 100 167
7689 36 188 166
7690 87 89 198
7691 85 229 197
7692 83 81 195
7693 81 142 194
7694 79 195 193
7695 77 161 192
7696 75 241 191
7697 73 83 189
7698 71 228 188
7699 69 38 187
7700 67 92 186
7701 65 101 185
7702 63 231 183
7703 61 167 182
7704 59 242 181
7705 57 126 180
7706 55 21 179
7707 53 132 177
7708 51 22 176
7709 49 175 175
7710 47 72 174
7711 45 12 173
7712 43 2 171
7713 41 86 170
7714 39 100 169
7715 88 173 198
7716 86 243 197
7717 84 169 196
7718 82 71 195
7719 80 226 194
7720 78 209 192
7721 76 249 191
7722 74 170 190
7723 72 114 189
7724 70 19 188
7725 68 46 186
7726 66 179 185
7727 64 244 184
7728 62 212 183
7729 60 121 182
7730 58 63 180
7731 56 139 179
7732 54 66 178
7733 52 11 177
7734 50 216 176
7735 48 36 174
7736 46 6 173
7737 44 1 172
7738 42 43 171
7739 89 173 200
7740 87 243 199
7741 85 169 198
7742 83 71 196
7743 81 226 195
7744 79 209 194
7745 77 249 193
7746 75 170 192
7747 73 114 190
7748 71 19 189
7749 69 46 188
7750 67 179 187
7751 65 244 186
7752 63 212 184
7753 61 121 183
7754 59 63 182
7755 57 139 181
7756 55 66 180
7757 53 11 178
7758 51 216 177
7759 49 36 176
7760 47 6 175
7761 45 1 174
7762 90 215 201
7763 88 250 199
7764 86 213 198
7765 84 164 197
7766 82 113 196
7767 80 233 195
7768 78 253 193
7769 76 85 192
7770 74 57 191
7771 72 138 190
7772 70 23 189
7773 68 218 187
7774 66 122 186
7775 64 106 185
7776 62 189 184
7777 60 160 183
7778 58 198 181
7779 56 33 180
7780 54 134 179
7781 52 108 178
7782 50 18 177
7783 48 3 175
7784 91 215 202
7785 89 250 201
7786 87 213 200
7787 85 164 199
7788 83 113 197
7789 81 233 196
7790 79 253 195
7791 77 85 194
7792 75 57 193
7793 73 138 191
7794 71 23 190
7795 69 218 189
7796 67 122 188
7797 65 106 187
7798 63 189 185
7799 61 160 184
7800 59 198 183
7801 57 33 182
7802 55 134 181
7803 53 108 179
7804 51 18 178
7805 92 236 203
7806 90 125 202
7807 88 235 200
7808 86 82 199
7809 84 185 198
7810 82 245 197
7811 80 255 196
7812 78 171 194
7813 76 157 193
7814 74 69 192
7815 72 140 191
7816 70 109 190
7817 68 61 188
7818 66 53 187
7819 64 223 186
7820 62 80 185
7821 60 99 184
7822 58 145 182
7823 56 67 181
7824 54 54 180
7825 93 236 204
7826 91 125 203
7827 89 235 202
7828 87 82 201
7829 85 185 200
7830 83 245 198
7831 81 255 197
7832 79 171 196
7833 77 157 195
7834 75 69 194
7835 73 140 192
7836 71 109 191
7837 69 61 190
7838 67 53 189
7839 65 223 188
7840 63 80 186
7841 61 99 185
7842 59 145 184
7843 57 67 183
7844 94 118 205
7845 92 191 204
7846 90 246 203
7847 88 41 201
7848 86 221 200
7849 84 251 199
7850 82 256 198
7851 80 214 197
7852 78 207 195
7853 76 163 194
7854 74 70 193
7855 72 183 192
7856 70 159 191
7857 68 155 189
7858 66 240 188
7859 64 40 187
7860 62 178 186
7861 60 201 185
7862 95 118 207
7863 93 191 205
7864 91 246 204
7865 89 41 203
7866 87 221 202
7867 85 251 201
7868 83 256 199
7869 81 214 198
7870 79 207 197
7871 77 163 196
7872 75 70 195
7873 73 183 193
7874 71 159 192
7875 69 155 191
7876 67 240 190
7877 65 40 189
7878 63 178 187
7879 96 59 207
7880 94 224 206
7881 92 123 205
7882 90 149 204
7883 88 239 202
7884 86 254 201
7885 84 128 200
7886 82 107 199
7887 80 232 198
7888 78 210 196
7889 76 35 195
7890 74 220 194
7891 72 208 193
7892 70 206 192
7893 68 120 190
7894 66 20 189
7895 97 59 209
7896 95 224 208
7897 93 123 206
7898 91 149 205
7899 89 239 204
7900 87 254 203
7901 85 128 202
7902 83 107 200
7903 81 232 199
7904 79 210 198
7905 77 35 197
7906 75 220 196
7907 73 208 194
7908 71 206 193
7909 69 120 192
7910 98 158 209
7911 96 112 208
7912 94 190 207
7913 92 203 206
7914 90 248 205
7915 88 127 203
7916 86 64 202
7917 84 182 201
7918 82 116 200
7919 80 105 199
7920 78 146 197
7921 76 110 196
7922 74 104 195
7923 72 103 194
7924 99 158 211
7925 97 112 210
7926 95 190 209
7927 93 203 207
7928 91 248 206
7929 89 127 205
7930 87 64 204
7931 85 182 203
7932 83 116 201
7933 81 105 200
7934 79 146 199
7935 77 110 198
7936 75 104 197
7937 100 79 212
7938 98 56 210
7939 96 95 209
7940 94 230 208
7941 92 124 207
7942 90 192 206
7943 88 32 204
7944 86 91 203
7945 84 58 202
7946 82 181 201
7947 80 73 200
7948 78 55 198
7949 101 79 213
7950 99 56 212
7951 97 95 211
7952 95 230 210
7953 93 124 208
7954 91 192 207
7955 89 32 206
7956 87 91 205
7957 85 58 204
7958 83 181 202
7959 81 73 201
7960 102 168 214
7961 100 28 213
7962 98 176 211
7963 96 115 210
7964 94 62 209
7965 92 96 208
7966 90 16 207
7967 88 174 205
7968 86 29 204
7969 84 219 203
7970 103 168 215
7971 101 28 214
7972 99 176 213
7973 97 115 212
7974 95 62 211
7975 93 96 209
7976 91 16 208
7977 89 174 207
7978 87 29 206
7979 104 84 216
7980 102 14 215
7981 100 88 214
7982 98 186 212
7983 96 31 211
7984 94 48 210
7985 92 8 209
7986 90 87 208
7987 105 84 218
7988 103 14 216
7989 101 88 215
7990 99 186 214
7991 97 31 213
7992 95 48 212
7993 93 8 210
7994 106 42 218
7995 104 7 217
7996 102 44 216
7997 100 93 215
7998 98 144 213
7999 96 24 212
8000 107 42 220
8001 105 7 219
8002 103 44 217
8003 101 93 216
8004 99 144 215
8005 108 21 220
8006 106 132 219
8007 104 22 218
8008 102 175 217
8009 109 21 222
8010 107 132 221
8011 105 22 220
8012 110 139 223
8013 108 66 221
8014 111 139 224
8015 2 53 148
8016 3 212 148
8017 1 102 149
8018 0 206 150
8019 0 206 151
8020 0 206 152
8021 0 206 153
8022 0 206 154
8023 0 206 155
8024 0 206 156
8025 0 206 157
8026 0 206 158
8027 0 206 159
8028 0 206 160
8029 0 206 161
8030 0 206 162
8031 0 206 163
8032 0 206 164
8033 0 206 165
8034 0 206 166
8035 0 206 167
8036 0 206 168
8037 0 206 169
8038 0 206 170
8039 0 206 171
8040 0 206 172
8041 0 206 173
8042 0 206 174
8043 0 206 175
8044 4 238 148
8045 5 181 148
8046 2 48 149
8047 3 125 149
8048 1 120 150
8049 1 120 151
8050 1 120 152
8051 1 120 153
8052 1 120 154
8053 1 120 155
8054 1 120 156
8055 1 120 157
8056 1 120 158
8057 1 120 159
8058 1 120 160
8059 1 120 161
8060 1 120 162
8061 1 120 163
8062 1 120 164
8063 1 120 165
8064 1 120 166
8065 1 120 167
8066 1 120 168
8067 1 120 169
8068 1 120 170
8069 1 120 171
8070 1 120 172
8071 1 120 173
8072 6 65 148
8073 7 3 148
8074 4 201 149
8075 5 154 149
8076 2 156 150
8077 3 182 150
8078 2 20 151
8079 2 20 152
8080 2 20 153
8081 2 20 154
8082 2 20 155
8083 2 20 156
8084 2 20 157
8085 2 20 158
8086 2 20 159
8087 2 20 160
8088 2 20 161
8089 2 20 162
8090 2 20 163
8091 2 20 164
8092 2 20 165
8093 2 20 166
8094 2 20 167
8095 2 20 168
8096 2 20 169
8097 2 20 170
8098 2 20 171
8099 8 224 148
8100 9 125 148
8101 6 151 149
8102 7 163 149
8103 4 75 150
8104 5 216 150
8105 3 59 151
8106 4 137 151
8107 3 89 152
8108 3 89 153
8109 3 89 154
8110 3 89 155
8111 3 89 156
8112 3 89 157
8113 3 89 158
8114 3 89 159
8115 3 89 160
8116 3 89 161
8117 3 89 162
8118 3 89 163
8119 3 89 164
8120 3 89 165
8121 3 89 166
8122 3 89 167
8123 3 89 168
8124 3 89 169
8125 10 167 148
8126 11 154 148
8127 8 38 149
8128 9 24 149
8129 6 41 150
8130 7 5 150
8131 5 231 151
8132 6 140 151
8133 4 71 152
8134 5 107 152
8135 4 229 153
8136 4 229 154
8137 4 229 155
8138 4 229 156
8139 4 229 157
8140 4 229 158
8141 4 229 159
8142 4 229 160
8143 4 229 161
8144 4 229 162
8145 4 229 163
8146 4 229 164
8147 4 229 165
8148 4 229 166
8149 4 229 167
8150 10 136 149
8151 11 30 149
8152 12 60 149
8153 13 240 149
8154 8 252 150
8155 9 37 150
8156 7 116 151
8157 8 8 151
8158 6 217 152
8159 7 175 152
8160 5 141 153
8161 6 121 153
8162 5 81 154
8163 5 81 155
8164 5 81 156
8165 5 81 157
8166 5 81 158
8167 5 81 159
8168 5 81 160
8169 5 81 161
8170 5 81 162
8171 5 81 163
8172 5 81 164
8173 5 81 165
8174 10 160 150
8175 11 126 150
8176 12 252 150
8177 13 237 150
8178 14 217 150
8179 9 103 151
8180 10 144 151
8181 16 54 151
8182 8 218 152
8183 9 10 152
8184 7 221 153
8185 8 73 153
8186 6 219 154
8187 7 188 154
8188 6 142 155
8189 6 142 156
8190 6 142 157
8191 6 142 158
8192 6 142 159
8193 6 142 160
8194 6 142 161
8195 6 142 162
8196 6 142 163
8197 11 80 151
8198 12 94 151
8199 13 130 151
8200 14 183 151
8201 10 173 152
8202 11 161 152
8203 12 64 152
8204 15 130 152
8205 9 100 153
8206 10 226 153
8207 17 210 153
8208 8 239 154
8209 9 7 154
8210 19 102 154
8211 7 88 155
8212 8 153 155
8213 7 195 156
8214 7 195 157
8215 7 195 158
8216 7 195 159
8217 7 195 160
8218 7 195 161
8219 13 19 152
8220 14 93 152
8221 16 83 152
8222 11 171 153
8223 12 30 153
8224 13 8 153
8225 14 160 153
8226 15 55 153
8227 18 9 153
8228 10 253 154
8229 11 176 154
8230 12 217 154
8231 9 71 155
8232 10 181 155
8233 20 240 155
8234 8 26 156
8235 9 219 156
8236 22 190 156
8237 8 161 157
8238 8 161 158
8239 8 161 159
8240 16 239 153
8241 13 164 154
8242 14 104 154
8243 15 141 154
8244 16 123 154
8245 17 192 154
8246 18 83 154
8247 11 40 155
8248 12 205 155
8249 13 186 155
8250 14 95 155
8251 19 237 155
8252 10 164 156
8253 11 44 156
8254 12 7 156
8255 21 177 156
8256 9 220 157
8257 10 201 157
8258 23 108 157
8259 9 241 158
8260 15 154 155
8261 16 196 155
8262 17 107 155
8263 18 10 155
8264 13 57 156
8265 14 242 156
8266 15 69 156
8267 16 101 156
8268 17 160 156
8269 18 103 156
8270 20 14 156
8271 11 32 157
8272 12 12 157
8273 13 241 157
8274 14 170 157
8275 22 166 157
8276 10 204 158
8277 11 143 158
8278 12 29 158
8279 19 149 156
8280 15 101 157
8281 16 177 157
8282 17 189 157
8283 18 185 157
8284 19 87 157
8285 20 175 157
8286 21 77 157
8287 13 97 158
8288 14 58 158
8289 15 10 158
8290 16 225 158
8291 17 156 158
8292 18 137 158
8293 23 172 158
8294 24 82 158
8295 9 253 159
8296 10 98 159
8297 19 170 158
8298 20 7 158
8299 21 150 158
8300 22 107 158
8301 11 244 159
8302 12 74 159
8303 13 169 159
8304 14 173 159
8305 15 174 159
8306 16 160 159
8307 17 8 159
8308 18 22 159
8309 19 20 159
8310 20 100 159
8311 21 118 159
8312 22 79 159
8313 23 146 159
8314 24 175 159
8315 25 170 159
8316 26 48 159
8317 8 88 160
8318 9 214 160
8319 10 229 160
8320 11 79 160
8321 12 132 160
8322 13 94 160
8323 14 32 160
8324 15 28 160
8325 16 47 160
8326 17 254 160
8327 18 92 160
8328 19 130 160
8329 20 35 160
8330 21 187 160
8331 22 256 160
8332 23 112 160
8333 24 199 160
8334 25 97 160
8335 26 127 160
8336 28 58 160
8337 8 178 161
8338 9 102 161
8339 10 118 161
8340 11 111 161
8341 12 35 161
8342 13 84 161
8343 14 192 161
8344 15 145 161
8345 16 239 161
8346 17 59 161
8347 18 73 161
8348 19 35 161
8349 20 207 161
8350 21 89 161
8351 22 209 161
8352 23 238 161
8353 24 191 161
8354 25 194 161
8355 26 106 161
8356 27 186 161
8357 28 219 161
8358 7 178 162
8359 8 190 162
8360 9 242 162
8361 10 155 162
8362 11 66 162
8363 12 152 162
8364 13 120 162
8365 14 33 162
8366 15 250 162
8367 16 26 162
8368 17 107 162
8369 18 220 162
8370 19 74 162
8371 20 16 162
8372 21 171 162
8373 22 112 162
8374 23 165 162
8375 24 159 162
8376 25 124 162
8377 26 180 162
8378 27 18 162
8379 28 107 162
8380 29 135 162
8381 7 138 163
8382 8 209 163
8383 9 25 163
8384 10 13 163
8385 11 87 163
8386 12 133 163
8387 13 160 163
8388 14 44 163
8389 15 183 163
8390 16 76 163
8391 17 49 163
8392 18 209 163
8393 19 52 163
8394 20 51 163
8395 21 170 163
8396 22 17 163
8397 23 11 163
8398 24 226 163
8399 25 192 163
8400 26 223 163
8401 27 165 163
8402 28 122 163
8403 29 243 163
8404 30 1 163
8405 31 68 163
8406 6 43 164
8407 7 83 164
8408 8 50 164
8409 9 58 164
8410 10 107 164
8411 11 250 164
8412 12 172 164
8413 13 4 164
8414 14 158 164
8415 15 197 164
8416 16 100 164
8417 17 187 164
8418 18 221 164
8419 19 220 164
8420 20 90 164
8421 21 228 164
8422 22 99 164
8423 23 77 164
8424 24 155 164
8425 25 219 164
8426 26 1 164
8427 27 85 164
8428 28 244 164
8429 29 17 164
8430 30 53 164
8431 31 102 164
8432 32 69 164
8433 6 209 165
8434 7 119 165
8435 8 145 165
8436 9 200 165
8437 10 243 165
8438 11 1 165
8439 12 42 165
8440 13 31 165
8441 14 248 165
8442 15 193 165
8443 16 79 165
8444 17 237 165
8445 18 1 165
8446 19 134 165
8447 20 132 165
8448 21 143 165
8449 5 119 166
8450 22 140 165
8451 23 63 165
8452 24 226 165
8453 25 193 165
8454 26 86 165
8455 27 232 165
8456 28 95 165
8457 29 245 165
8458 30 15 165
8459 31 221 165
8460 32 230 165
8461 33 136 165
8462 34 120 165
8463 6 101 166
8464 7 157 166
8465 8 116 166
8466 9 166 166
8467 10 34 166
8468 11 207 166
8469 12 161 166
8470 13 192 166
8471 14 16 166
8472 15 104 166
8473 16 86 166
8474 17 149 166
8475 18 220 166
8476 19 44 166
8477 20 186 166
8478 21 110 166
8479 22 107 166
8480 23 117 166
8481 24 188 166
8482 25 254 166
8483 26 71 166
8484 27 165 166
8485 28 111 166
8486 29 163 166
8487 30 38 166
8488 31 72 166
8489 32 233 166
8490 33 190 166
8491 34 53 166
8492 5 179 167
8493 6 25 167
8494 7 250 167
8495 8 129 167
8496 10 122 167
8497 9 61 167
8498 11 85 167
8499 12 56 167
8500 13 65 167
8501 14 141 167
8502 15 217 167
8503 16 63 167
8504 17 213 167
8505 18 177 167
8506 19 85 167
8507 20 142 167
8508 21 112 167
8509 22 113 167
8510 23 178 167
8511 24 138 167
8512 25 111 167
8513 26 152 167
8514 27 221 167
8515 28 248 167
8516 29 11 167
8517 30 2 167
8518 31 170 167
8519 32 126 167
8520 33 228 167
8521 34 60 167
8522 35 231 167
8523 36 1 167
8524 4 156 168
8525 5 228 168
8526 6 78 168
8527 7 78 168
8528 8 240 168
8529 9 62 168
8530 10 15 168
8531 11 194 168
8532 12 149 168
8533 13 169 168
8534 14 20 168
8535 15 150 168
8536 16 12 168
8537 17 180 168
8538 18 195 168
8539 19 130 168
8540 20 65 168
8541 21 220 168
8542 22 22 168
8543 23 99 168
8544 24 36 168
8545 26 239 168
8546 25 55 168
8547 27 204 168
8548 28 81 168
8549 29 249 168
8550 30 157 168
8551 31 169 168
8552 32 196 168
8553 33 217 168
8554 34 231 168
8555 35 179 168
8556 36 218 168
8557 37 61 168
8558 38 68 168
8559 4 141 169
8560 5 251 169
8561 6 86 169
8562 7 227 169
8563 8 196 169
8564 9 246 169
8565 10 63 169
8566 11 196 169
8567 12 39 169
8568 13 9 169
8569 14 9 169
8570 15 109 169
8571 16 72 169
8572 17 4 169
8573 18 213 169
8574 19 154 169
8575 20 58 169
8576 21 116 169
8577 22 147 169
8578 23 46 169
8579 24 255 169
8580 25 113 169
8581 26 170 169
8582 27 31 169
8583 28 247 169
8584 29 216 169
8585 30 14 169
8586 31 25 169
8587 32 18 169
8588 33 91 169
8589 34 14 169
8590 35 199 169
8591 36 239 169
8592 37 229 169
8593 38 140 169
8594 3 37 170
8595 4 120 170
8596 5 82 170
8597 6 30 170
8598 7 74 170
8599 8 101 170
8600 9 178 170
8601 10 20 170
8602 11 124 170
8603 12 60 170
8604 13 16 170
8605 14 178 170
8606 15 123 170
8607 16 41 170
8608 17 45 170
8609 18 255 170
8610 19 96 170
8611 20 20 170
8612 21 59 170
8613 22 85 170
8614 23 200 170
8615 24 199 170
8616 25 200 170
8617 26 177 170
8618 27 123 170
8619 28 216 170
8620 29 168 170
8621 30 208 170
8622 31 12 170
8623 32 191 170
8624 33 199 170
8625 34 89 170
8626 35 16 170
8627 36 249 170
8628 37 168 170
8629 38 106 170
8630 39 14 170
8631 40 83 170
8632 3 51 171
8633 4 2 171
8634 5 36 171
8635 6 90 171
8636 7 18 171
8637 8 69 171
8638 9 30 171
8639 10 240 171
8640 11 159 171
8641 12 236 171
8642 13 241 171
8643 14 61 171
8644 15 45 171
8645 16 193 171
8646 17 144 171
8647 18 119 171
8648 19 171 171
8649 20 232 171
8650 21 4 171
8651 22 1 171
8652 23 165 171
8653 24 147 171
8654 25 129 171
8655 26 80 171
8656 27 203 171
8657 28 152 171
8658 29 128 171
8659 30 14 171
8660 31 158 171
8661 32 214 171
8662 33 1 171
8663 34 11 171
8664 35 58 171
8665 36 168 171
8666 37 176 171
8667 38 146 171
8668 39 31 171
8669 40 75 171
8670 41 112 171
8671 2 47 172
8672 3 166 172
8673 4 235 172
8674 5 203 172
8675 6 121 172
8676 7 253 172
8677 8 47 172
8678 9 6 172
8679 10 116 172
8680 11 106 172
8681 12 141 172
8682 13 94 172
8683 14 100 172
8684 15 244 172
8685 16 255 172
8686 17 62 172
8687 18 220 172
8688 19 231 172
8689 20 61 172
8690 21 3 172
8691 22 55 172
8692 23 69 172
8693 24 73 172
8694 25 87 172
8695 26 49 172
8696 27 230 172
8697 28 230 172
8698 29 71 172
8699 30 218 172
8700 31 249 172
8701 32 165 172
8702 33 242 172
8703 34 256 172
8704 35 63 172
8705 36 40 172
8706 37 114 172
8707 38 133 172
8708 39 33 172
8709 40 244 172
8710 41 64 172
8711 42 125 172
8712 43 89 172
8713 2 234 173
8714 3 51 173
8715 4 83 173
8716 5 247 173
8717 6 2 173
8718 7 52 173
8719 8 237 173
8720 9 238 173
8721 10 219 173
8722 11 126 173
8723 12 90 173
8724 13 129 173
8725 14 54 173
8726 15 172 173
8727 16 174 173
8728 17 155 173
8729 18 162 173
8730 19 92 173
8731 20 2 173
8732 21 159 173
8733 22 37 173
8734 23 16 173
8735 24 67 173
8736 25 187 173
8737 26 76 173
8738 27 9 173
8739 28 38 173
8740 29 232 173
8741 30 153 173
8742 31 14 173
8743 32 20 173
8744 33 237 173
8745 34 194 173
8746 35 134 173
8747 36 185 173
8748 37 149 173
8749 38 26 173
8750 39 32 173
8751 40 107 173
8752 41 13 173
8753 42 83 173
8754 43 113 173
8755 44 4 173
8756 1 124 174
8757 2 43 174
8758 3 114 174
8759 4 220 174
8760 5 96 174
8761 6 74 174
8762 7 137 174
8763 8 184 174
8764 9 77 174
8765 10 80 174
8766 11 30 174
8767 12 234 174
8768 13 246 174
8769 14 32 174
8770 15 194 174
8771 16 147 174
8772 17 57 174
8773 18 159 174
8774 19 219 174
8775 20 144 174
8776 21 92 174
8777 22 120 174
8778 23 128 174
8779 24 8 174
8780 25 251 174
8781 26 23 174
8782 27 194 174
8783 28 112 174
8784 29 81 174
8785 30 18 174
8786 31 134 174
8787 32 47 174
8788 33 41 174
8789 34 213 174
8790 35 37 174
8791 36 218 174
8792 37 248 174
8793 38 20 174
8794 39 14 174
8795 40 94 174
8796 41 89 174
8797 42 75 174
8798 43 102 174
8799 44 37 174
8800 46 198 174
8801 1 189 175
8802 2 190 175
8803 3 209 175
8804 4 58 175
8805 5 127 175
8806 6 235 175
8807 7 110 175
8808 8 79 175
8809 9 131 175
8810 10 172 175
8811 11 50 175
8812 20 137 175
8813 21 10 175
8814 22 237 175
8815 23 112 175
8816 24 17 175
8817 25 240 175
8818 26 106 175
8819 27 66 175
8820 28 63 175
8821 29 216 175
8822 30 70 175
8823 31 54 175
8824 32 100 175
8825 33 255 175
8826 34 102 175
8827 35 62 175
8828 36 128 175
8829 37 1 175
8830 38 66 175
8831 39 194 175
8832 40 188 175
8833 41 150 175
8834 42 129 175
8835 43 57 175
8836 44 66 175
8837 45 202 175
8838 46 35 175
8839 24 194 176
8840 25 138 176
8841 26 92 176
8842 27 222 176
8843 28 101 176
8844 29 181 176
8845 30 139 176
8846 31 210 176
8847 32 111 176
8848 33 201 176
8849 34 121 176
8850 35 176 176
8851 36 189 176
8852 37 192 176
8853 38 158 176
8854 39 81 176
8855 40 101 176
8856 41 151 176
8857 42 139 176
8858 43 88 176
8859 44 50 176
8860 45 21 176
8861 46 44 176
8862 47 238 176
8863 48 206 176
8864 27 97 177
8865 29 235 177
8866 30 174 177
8867 31 94 177
8868 32 174 177
8869 33 167 177
8870 34 182 177
8871 35 164 177
8872 36 107 177
8873 37 11 177
8874 38 229 177
8875 39 24 177
8876 40 218 177
8877 41 251 177
8878 42 224 177
8879 43 142 177
8880 44 109 177
8881 45 15 177
8882 46 27 177
8883 47 96 177
8884 48 74 177
8885 49 80 177
8886 30 123 178
8887 32 13 178
8888 33 121 178
8889 34 236 178
8890 35 252 178
8891 36 199 178
8892 37 85 178
8893 38 134 178
8894 39 250 178
8895 40 217 178
8896 41 83 178
8897 42 52 178
8898 43 182 178
8899 44 48 178
8900 45 23 178
8901 46 219 178
8902 47 200 178
8903 48 237 178
8904 49 159 178
8905 50 79 178
8906 35 217 179
8907 36 56 179
8908 37 253 179
8909 39 155 179
8910 40 131 179
8911 38 71 179
8912 41 56 179
8913 42 36 179
8914 43 62 179
8915 47 40 179
8916 45 60 179
8917 46 17 179
8918 44 115 179
8919 48 126 179
8920 49 204 179
8921 50 165 179
8922 51 63 179
8923 52 163 179
8924 39 167 180
8925 40 56 180
8926 41 165 180
8927 42 211 180
8928 45 218 180
8929 46 5 180
8930 44 23 180
8931 43 168 180
8932 47 1 180
8933 48 192 180
8934 51 142 180
8935 50 211 180
8936 49 178 180
8937 52 96 180
8938 53 256 180
8939 42 32 181
8940 45 36 181
8941 44 56 181
8942 46 169 181
8943 47 213 181
8944 51 234 181
8945 50 145 181
8946 49 87 181
8947 48 223 181
8948 52 167 181
8949 53 80 181
8950 54 68 181
8951 45 220 182
8952 47 88 182
8953 51 201 182
8954 50 29 182
8955 49 223 182
8956 48 96 182
8957 55 68 182
8958 54 65 182
8959 53 39 182
8960 52 67 182
8961 56 216 182
8962 50 160 183
8963 51 144 183
8964 55 65 183
8965 54 13 183
8966 53 162 183
8967 52 219 183
8968 58 35 183
8969 56 225 183
8970 55 13 184
8971 54 54 184
8972 57 233 184
8973 58 66 184
8974 56 45 184
8975 59 59 185
8976 57 135 185
8977 60 191 186
8978 61 153 186
8979 59 231 186
8980 58 243 185
8981 55 159 185
8982 53 52 184
8983 51 13 184
8984 49 196 183
8985 47 49 183
8986 46 116 182
8987 43 122 181
8988 41 159 181
8989 39 104 181
8990 37 26 180
8991 35 135 180
8992 33 49 179
8993 31 205 178
8994 29 244 178
8995 28 113 177
8996 25 208 177
8997 23 26 176
8998 21 135 176
8999 19 98 175
9000 17 153 175
9001 12 242 175
9002 13 211 175
9003 14 221 175
9004 15 101 175
9005 16 88 175
9006 18 36 175
9007 0 99 176
9008 1 24 176
9009 2 121 176
9010 3 87 176
9011 4 178 176
9012 5 27 176
9013 6 218 176
9014 7 248 176
9015 62 51 187
9016 60 77 187
9017 57 116 186
9018 56 155 185
9019 54 103 185
9020 52 90 184
9021 50 151 184
9022 48 51 183
9023 45 132 183
9024 44 212 182
9025 42 53 182
9026 40 206 181
9027 38 90 180
9028 36 151 180
9029 34 102 179
9030 32 154 179
9031 30 167 179
9032 27 192 178
9033 26 206 177
9034 24 180 177
9035 22 45 176
9036 20 204 176
9037 8 186 176
9038 9 162 176
9039 10 206 176
9040 11 205 176
9041 12 137 176
9042 13 12 176
9043 14 152 176
9044 15 10 176
9045 16 47 176
9046 17 231 176
9047 18 132 176
9048 19 117 176
9049 0 229 177
9050 1 172 177
9051 63 154 188
9052 61 167 187
9053 59 106 187
9054 58 48 186
9055 55 103 186
9056 53 45 185
9057 51 204 185
9058 49 51 184
9059 47 77 184
9060 46 8 183
9061 43 155 182
9062 41 103 182
9063 39 90 182
9064 37 151 181
9065 35 102 181
9066 33 77 180
9067 31 212 179
9068 29 53 179
9069 28 29 178
9070 25 180 178
9071 23 151 177
9072 21 102 177
9073 2 143 177
9074 3 147 177
9075 4 203 177
9076 5 34 177
9077 6 127 177
9078 7 147 177
9079 8 98 177
9080 9 226 177
9081 10 164 177
9082 11 56 177
9083 12 26 177
9084 13 27 177
9085 14 57 177
9086 64 137 188
9087 62 227 188
9088 60 121 188
9089 57 253 187
9090 56 60 186
9091 54 15 186
9092 52 68 185
9093 50 17 185
9094 48 227 184
9095 45 6 184
9096 44 223 183
9097 42 120 183
9098 40 30 182
9099 38 68 181
9100 36 17 181
9101 34 197 180
9102 32 242 180
9103 30 189 180
9104 27 149 179
9105 26 30 178
9106 24 136 178
9107 22 34 177
9108 20 137 177
9109 15 29 177
9110 16 75 177
9111 17 167 177
9112 18 132 177
9113 19 190 177
9114 0 134 178
9115 1 192 178
9116 2 230 178
9117 3 16 178
9118 4 13 178
9119 5 150 178
9120 65 137 190
9121 63 242 189
9122 61 189 188
9123 59 240 188
9124 58 112 187
9125 55 15 187
9126 53 34 186
9127 51 137 186
9128 49 227 185
9129 47 121 185
9130 46 195 184
9131 43 60 183
9132 41 15 183
9133 39 68 183
9134 37 17 182
9135 35 197 182
9136 33 121 181
9137 31 223 180
9138 29 120 180
9139 28 174 179
9140 25 136 179
9141 23 17 178
9142 21 197 178
9143 6 35 178
9144 7 132 178
9145 8 229 178
9146 9 93 178
9147 10 93 178
9148 11 78 178
9149 12 146 178
9150 13 32 178
9151 14 252 178
9152 15 214 178
9153 66 237 190
9154 64 252 189
9155 62 63 189
9156 60 80 189
9157 57 13 188
9158 56 131 187
9159 54 97 187
9160 52 217 186
9161 50 247 186
9162 48 63 185
9163 45 238 185
9164 44 20 184
9165 42 5 184
9166 40 194 183
9167 38 217 182
9168 36 247 182
9169 34 126 181
9170 32 160 181
9171 30 40 181
9172 27 8 180
9173 26 194 179
9174 24 177 179
9175 22 237 178
9176 20 252 178
9177 16 233 178
9178 17 78 178
9179 18 175 178
9180 19 199 178
9181 0 240 179
9182 1 48 179
9183 2 57 179
9184 3 228 179
9185 67 237 191
9186 65 252 191
9187 63 160 190
9188 61 40 189
9189 59 10 189
9190 58 202 188
9191 55 97 188
9192 53 237 187
9193 51 252 187
9194 49 63 186
9195 47 80 186
9196 46 184 185
9197 43 131 184
9198 41 97 184
9199 39 217 184
9200 37 247 183
9201 35 126 183
9202 33 80 182
9203 31 20 181
9204 29 5 181
9205 28 213 180
9206 25 177 180
9207 23 247 179
9208 21 126 179
9209 4 82 179
9210 5 68 179
9211 6 102 179
9212 7 104 179
9213 8 50 179
9214 9 248 179
9215 10 218 179
9216 68 168 191
9217 66 42 191
9218 64 139 190
9219 62 99 190
9220 60 89 190
9221 57 221 189
9222 56 59 188
9223 54 79 188
9224 52 84 187
9225 50 21 187
9226 48 99 186
9227 45 130 186
9228 44 215 185
9229 42 118 185
9230 40 158 184
9231 38 84 183
9232 36 21 183
9233 34 198 182
9234 32 178 182
9235 30 173 182
9236 27 53 181
9237 26 158 180
9238 24 168 180
9239 22 42 179
9240 20 139 179
9241 11 98 179
9242 12 65 179
9243 13 6 179
9244 14 229 179
9245 15 4 179
9246 69 168 193
9247 67 42 192
9248 65 139 192
9249 63 178 191
9250 61 173 190
9251 59 236 190
9252 58 138 189
9253 55 79 189
9254 53 42 188
9255 51 139 188
9256 49 99 187
9257 47 89 187
9258 46 102 186
9259 43 59 185
9260 41 79 185
9261 39 84 185
9262 37 21 184
9263 35 198 184
9264 33 89 183
9265 31 215 182
9266 29 118 182
9267 28 245 181
9268 25 168 181
9269 23 21 180
9270 21 198 180
9271 19 178 179
9272 17 173 179
9273 16 77 179
9274 18 94 179
9275 70 56 193
9276 68 7 192
9277 66 66 192
9278 64 145 191
9279 62 229 191
9280 60 250 191
9281 57 232 190
9282 56 56 189
9283 54 14 189
9284 52 132 188
9285 50 33 188
9286 48 229 187
9287 45 239 187
9288 44 191 186
9289 42 112 186
9290 40 28 185
9291 38 132 184
9292 36 33 184
9293 34 201 183
9294 32 243 183
9295 30 125 183
9296 27 104 182
9297 26 28 181
9298 24 7 181
9299 22 66 180
9300 20 145 180
9301 0 167 180
9302 1 222 180
9303 71 28 194
9304 69 7 194
9305 67 66 193
9306 65 145 193
9307 63 243 192
9308 61 125 191
9309 59 224 191
9310 58 87 190
9311 55 14 190
9312 53 66 189
9313 51 145 189
9314 49 229 188
9315 47 250 188
9316 46 76 187
9317 43 56 186
9318 41 14 186
9319 39 132 186
9320 37 33 185
9321 35 201 185
9322 33 250 184
9323 31 191 183
9324 29 112 183
9325 28 8 182
9326 25 7 182
9327 23 33 181
9328 21 201 181
9329 19 243 180
9330 72 95 195
9331 70 88 194
9332 68 11 193
9333 66 67 193
9334 64 81 192
9335 62 213 192
9336 60 246 192
9337 57 122 191
9338 56 88 190
9339 54 22 190
9340 52 134 189
9341 50 162 189
9342 48 213 188
9343 45 146 188
9344 44 190 187
9345 42 176 187
9346 40 44 186
9347 38 134 185
9348 36 162 185
9349 34 169 184
9350 32 235 184
9351 30 123 184
9352 27 155 183
9353 26 44 182
9354 24 11 182
9355 22 67 181
9356 73 176 195
9357 71 44 195
9358 69 11 195
9359 67 67 194
9360 65 81 194
9361 63 235 193
9362 61 123 192
9363 59 95 192
9364 58 90 191
9365 55 22 191
9366 53 67 190
9367 51 81 190
9368 49 213 189
9369 47 246 189
9370 46 223 188
9371 43 88 187
9372 41 22 187
9373 39 134 187
9374 37 162 186
9375 35 169 186
9376 33 246 185
9377 31 190 184
9378 29 176 184
9379 28 81 183
9380 25 11 183
9381 74 230 196
9382 72 186 196
9383 70 175 195
9384 68 54 194
9385 66 142 194
9386 64 164 193
9387 62 41 193
9388 60 203 193
9389 57 58 192
9390 56 175 191
9391 54 108 191
9392 52 27 190
9393 50 71 190
9394 48 41 189
9395 45 182 189
9396 44 115 188
9397 42 93 188
9398 40 216 187
9399 38 27 186
9400 36 71 186
9401 34 82 185
9402 32 149 185
9403 30 230 185
9404 27 216 184
9405 76 71 197
9406 73 93 196
9407 71 216 196
9408 69 54 196
9409 67 142 195
9410 65 164 195
9411 63 149 194
9412 61 230 193
9413 59 186 193
9414 58 89 192
9415 55 108 192
9416 53 142 191
9417 51 164 191
9418 49 41 190
9419 47 203 190
9420 46 188 189
9421 43 175 188
9422 41 108 188
9423 39 27 188
9424 37 71 187
9425 35 82 187
9426 33 203 186
9427 31 115 185
9428 75 239 198
9429 74 31 197
9430 72 72 197
9431 70 18 196
9432 68 195 195
9433 66 113 195
9434 64 221 194
9435 62 248 194
9436 60 62 194
9437 57 75 193
9438 56 18 192
9439 54 133 192
9440 52 226 191
9441 50 185 191
9442 48 248 190
9443 45 189 190
9444 44 144 189
9445 42 36 189
9446 40 9 188
9447 38 226 187
9448 36 185 187
9449 34 239 186
9450 77 124 199
9451 76 199 198
9452 73 36 197
9453 71 9 197
9454 69 195 197
9455 67 113 196
9456 65 221 196
9457 63 124 195
9458 61 31 194
9459 59 72 194
9460 58 26 193
9461 55 133 193
9462 53 113 192
9463 51 221 192
9464 49 248 191
9465 47 62 191
9466 46 229 190
9467 43 18 189
9468 41 133 189
9469 39 226 189
9470 37 185 188
9471 78 192 199
9472 75 132 199
9473 74 12 198
9474 72 3 198
9475 70 65 197
9476 68 233 196
9477 66 251 196
9478 64 127 195
9479 62 96 195
9480 60 24 195
9481 57 77 194
9482 56 65 193
9483 54 209 193
9484 52 245 192
9485 50 254 192
9486 48 96 191
9487 45 50 191
9488 44 6 190
9489 42 130 190
9490 40 161 189
9491 79 192 200
9492 77 48 200
9493 76 41 199
9494 73 130 198
9495 71 161 198
9496 69 233 198
9497 67 251 197
9498 65 127 197
9499 63 48 196
9500 61 12 195
9501 59 3 195
9502 58 56 194
9503 55 209 194
9504 53 251 193
9505 51 127 193
9506 49 96 192
9507 47 24 192
9508 46 224 191
9509 43 65 190
9510 80 64 201
9511 78 8 200
9512 75 200 200
9513 74 129 199
9514 72 225 199
9515 70 249 198
9516 68 256 197
9517 66 64 197
9518 64 16 196
9519 62 4 196
9520 60 1 196
9521 57 184 195
9522 56 249 194
9523 54 255 194
9524 52 128 193
9525 50 32 193
9526 48 4 192
9527 45 117 192
9528 81 32 202
9529 79 8 201
9530 77 2 201
9531 76 99 200
9532 73 241 199
9533 71 253 199
9534 69 256 199
9535 67 64 198
9536 65 16 198
9537 63 2 197
9538 61 129 196
9539 59 225 196
9540 58 159 195
9541 55 255 195
9542 53 64 194
9543 51 16 194
9544 49 4 193
9545 82 182 202
9546 80 174 202
9547 78 86 201
9548 75 155 201
9549 74 166 200
9550 72 170 200
9551 70 171 199
9552 68 182 198
9553 66 174 198
9554 64 172 197
9555 62 43 197
9556 60 75 197
9557 57 112 196
9558 56 171 195
9559 54 107 195
9560 52 91 194
9561 83 91 203
9562 81 87 203
9563 79 86 202
9564 77 150 202
9565 76 105 201
9566 73 85 200
9567 71 214 200
9568 69 182 200
9569 67 174 199
9570 65 172 199
9571 63 150 198
9572 61 166 197
9573 59 170 197
9574 58 31 196
9575 55 107 196
9576 84 116 204
9577 82 29 203
9578 80 200 203
9579 78 25 202
9580 75 241 202
9581 74 114 201
9582 72 157 201
9583 70 232 200
9584 68 29 199
9585 66 200 199
9586 64 50 198
9587 62 141 198
9588 60 228 198
9589 57 220 197
9590 85 116 205
9591 83 143 204
9592 81 100 204
9593 79 25 203
9594 77 199 203
9595 76 117 202
9596 73 207 201
9597 71 116 201
9598 69 29 201
9599 67 200 200
9600 65 50 200
9601 63 199 199
9602 61 114 198
9603 86 105 205
9604 84 219 205
9605 82 119 204
9606 80 94 204
9607 78 76 203
9608 75 166 203
9609 74 69 202
9610 72 210 202
9611 70 181 201
9612 68 119 200
9613 66 94 200
9614 64 152 199
9615 88 230 206
9616 85 219 206
9617 83 188 205
9618 81 47 205
9619 79 76 204
9620 77 19 204
9621 76 35 203
9622 73 105 202
9623 71 219 202
9624 69 119 202
9625 67 94 201
9626 87 168 207
9627 86 165 206
9628 84 234 206
9629 82 187 205
9630 80 111 205
9631 78 46 204
9632 75 238 204
9633 74 35 203
9634 72 73 203
9635 70 211 202
9636 89 146 208
9637 88 205 207
9638 85 234 207
9639 83 222 206
9640 81 184 206
9641 79 46 205
9642 77 140 205
9643 76 162 204
9644 73 165 203
9645 90 220 209
9646 87 238 208
9647 86 39 207
9648 84 74 207
9649 82 147 206
9650 80 101 206
9651 78 109 205
9652 75 54 205
9653 91 110 209
9654 89 156 209
9655 88 155 208
9656 85 74 208
9657 83 202 207
9658 81 179 207
9659 79 109 206
9660 92 208 210
9661 90 52 210
9662 87 165 209
9663 86 98 208
9664 84 153 208
9665 82 231 207
9666 93 104 211
9667 91 26 210
9668 89 135 210
9669 88 154 209
9670 85 153 209
9671 94 206 211
9672 92 180 211
9673 90 45 211
9674 87 122 210
9675 95 206 213
9676 93 90 212
9677 91 151 211
9678 96 120 213
9679 94 30 212
9680 97 120 214
9681 98 12 214
9682 95 12 214
9683 92 2 212
9684 89 1 211
9685 86 43 209
9686 83 150 208
9687 80 50 207
9688 77 25 206
9689 74 47 204
9690 71 152 203
9691 68 111 201
9692 65 111 201
9693 62 147 199
9694 59 202 198
9695 56 205 196
9696 53 231 195
9697 50 77 194
9698 47 167 193
9699 44 242 191
9700 41 121 190
9701 38 63 188
9702 35 63 188
9703 32 139 186
9704 29 198 185
9705 26 33 183
9706 23 145 182
9707 20 134 181
9708 17 67 180
9709 2 57 180
9710 3 211 180
9711 99 12 216
9712 96 2 214
9713 93 1 213
9714 90 86 212
9715 88 20 210
9716 84 50 209
9717 81 25 208
9718 78 47 206
9719 76 115 205
9720 72 222 204
9721 69 111 203
9722 66 147 201
9723 63 202 200
9724 60 153 199
9725 58 183 197
9726 54 77 196
9727 51 167 195
9728 48 242 193
9729 46 50 192
9730 42 126 191
9731 39 63 190
9732 36 139 188
9733 33 198 187
9734 30 66 186
9735 28 68 184
9736 24 134 183
9737 21 67 182
9738 18 54 180
9739 100 4 216
9740 97 2 215
9741 94 86 213
9742 91 43 212
9743 87 21 211
9744 85 50 210
9745 82 94 208
9746 79 47 207
9747 75 59 206
9748 73 111 204
9749 70 37 203
9750 67 147 202
9751 64 153 200
9752 61 205 199
9753 57 189 198
9754 55 77 197
9755 52 227 195
9756 49 242 194
9757 45 192 193
9758 43 63 191
9759 40 21 190
9760 37 139 189
9761 34 66 187
9762 31 33 186
9763 27 3 185
9764 25 134 184
9765 101 2 217
9766 98 86 215
9767 95 86 215
9768 92 100 213
9769 89 50 212
9770 86 94 210
9771 83 47 209
9772 80 187 208
9773 77 222 207
9774 74 37 205
9775 71 147 204
9776 68 153 202
9777 65 153 202
9778 62 154 200
9779 59 77 199
9780 56 227 197
9781 53 242 196
9782 50 252 195
9783 47 126 194
9784 44 21 192
9785 41 139 191
9786 38 66 189
9787 35 66 189
9788 32 11 187
9789 102 172 218
9790 99 86 217
9791 96 100 215
9792 93 50 214
9793 90 188 213
9794 88 20 211
9795 84 187 210
9796 81 222 209
9797 78 37 207
9798 76 11 206
9799 72 49 205
9800 69 153 204
9801 66 154 202
9802 63 77 201
9803 60 197 200
9804 58 85 198
9805 54 252 197
9806 51 126 196
9807 48 21 194
9808 46 236 193
9809 42 132 192
9810 39 66 191
9811 103 86 218
9812 100 200 217
9813 97 100 216
9814 94 188 214
9815 91 94 213
9816 87 72 212
9817 85 187 211
9818 82 74 209
9819 79 37 208
9820 75 209 207
9821 73 153 205
9822 70 51 204
9823 67 154 203
9824 64 197 201
9825 61 227 200
9826 57 225 199
9827 55 252 198
9828 52 42 196
9829 49 21 195
9830 45 132 194
9831 104 200 219
9832 101 100 218
9833 98 188 216
9834 95 188 216
9835 92 117 214
9836 89 187 213
9837 86 74 211
9838 83 37 210
9839 80 98 209
9840 77 49 208
9841 74 51 206
9842 71 154 205
9843 68 197 203
9844 65 197 203
9845 62 247 201
9846 59 252 200
9847 56 42 198
9848 53 21 197
9849 106 47 220
9850 102 119 219
9851 99 188 218
9852 96 117 216
9853 93 187 215
9854 90 148 214
9855 88 59 212
9856 84 98 211
9857 81 49 210
9858 78 51 208
9859 76 155 207
9860 72 137 206
9861 69 197 205
9862 66 247 203
9863 63 252 202
9864 60 84 201
9865 105 199 221
9866 103 188 219
9867 100 234 218
9868 97 117 217
9869 94 148 215
9870 91 74 214
9871 87 182 213
9872 85 98 212
9873 82 102 210
9874 79 51 209
9875 75 197 208
9876 73 197 206
9877 70 237 205
9878 67 247 204
9879 107 119 222
9880 104 234 220
9881 101 117 219
9882 98 148 217
9883 95 148 217
9884 92 196 215
9885 89 98 214
9886 86 102 212
9887 83 51 211
9888 80 17 210
9889 77 137 209
9890 74 237 207
9891 108 234 222
9892 106 69 221
9893 102 39 220
9894 99 148 219
9895 96 196 217
9896 93 98 216
9897 90 204 215
9898 88 104 213
9899 84 17 212
9900 81 137 211
9901 109 234 223
9902 105 13 222
9903 103 148 220
9904 100 135 219
9905 97 196 218
9906 94 204 216
9907 91 102 215
9908 87 97 214
9909 110 78 224
9910 107 39 223
9911 104 135 221
9912 101 196 220
9913 98 204 218
9914 95 204 218
9915 111 39 225
9916 108 135 223
9917 106 167 222
9918 102 151 221
9919 112 13 225
9920 109 135 224
9921 4 92 180
9922 5 44 180
9923 6 254 180
9924 7 242 180
9925 8 243 180
9926 0 95 181
9927 0 95 182
9928 0 95 183
9929 0 95 184
9930 0 95 185
9931 0 95 186
9932 0 95 187
9933 0 95 188
9934 0 95 189
9935 0 95 190
9936 0 95 191
9937 0 95 192
9938 0 95 193
9939 0 95 194
9940 0 95 195
9941 0 95 196
9942 9 155 180
9943 10 80 180
9944 11 237 180
9945 12 152 180
9946 13 6 180
9947 14 215 180
9948 15 37 180
9949 1 186 181
9950 1 186 182
9951 1 186 183
9952 1 186 184
9953 1 186 185
9954 1 186 186
9955 1 186 187
9956 1 186 188
9957 1 186 189
9958 1 186 190
9959 1 186 191
9960 1 186 192
9961 1 186 193
9962 16 133 180
9963 2 134 181
9964 3 127 181
9965 4 230 181
9966 5 139 181
9967 6 182 181
9968 7 183 181
9969 8 118 181
9970 9 85 181
9971 19 3 181
9972 2 72 182
9973 2 72 183
9974 2 72 184
9975 2 72 185
9976 2 72 186
9977 2 72 187
9978 2 72 188
9979 2 72 189
9980 2 72 190
9981 10 147 181
9982 11 85 181
9983 12 59 181
9984 13 100 181
9985 14 109 181
9986 15 256 181
9987 16 133 181
9988 17 64 181
9989 18 210 181
9990 3 63 182
9991 4 237 182
9992 20 193 182
9993 22 84 182
9994 3 3 183
9995 3 3 184
9996 3 3 185
9997 3 3 186
9998 3 3 187
9999 5 159 182
10000 6 106 182
10001 7 74 182
10002 8 157 182
10003 9 170 182
10004 10 125 182
10005 11 43 182
10006 12 78 182
10007 13 85 182
10008 14 84 182
10009 15 247 182
10010 16 209 182
10011 4 225 183
10012 21 249 183
10013 23 139 183
10014 4 225 184
10015 26 47 184
10016 17 92 182
10017 18 145 182
10018 19 40 182
10019 5 90 183
10020 6 243 183
10021 7 23 183
10022 8 50 183
10023 9 41 183
10024 10 8 183
10025 11 43 183
10026 12 26 183
10027 13 60 183
10028 14 45 183
10029 15 59 183
10030 22 172 183
10031 5 170 184
10032 16 142 183
10033 17 213 183
10034 18 144 183
10035 19 170 183
10036 20 94 183
10037 6 99 184
10038 7 12 184
10039 8 25 184
10040 9 30 184
10041 10 96 184
10042 11 17 184
10043 12 62 184
10044 13 38 184
10045 14 35 184
10046 15 128 184
10047 16 21 184
10048 17 216 184
10049 18 72 184
10050 19 47 184
10051 20 154 184
10052 21 71 184
10053 22 202 184
10054 23 57 184
10055 24 58 184
10056 4 28 185
10057 5 255 185
10058 6 74 185
10059 7 199 185
10060 8 100 185
10061 9 118 185
10062 10 83 185
10063 11 72 185
10064 12 197 185
10065 13 51 185
10066 14 33 185
10067 15 196 185
10068 16 21 185
10069 17 170 185
10070 18 204 185
10071 19 171 185
10072 20 69 185
10073 21 163 185
10074 22 226 185
10075 23 2 185
10076 24 173 185
10077 25 114 185
10078 26 16 185
10079 28 137 185
10080 4 63 186
10081 5 187 186
10082 6 222 186
10083 7 95 186
10084 8 194 186
10085 9 108 186
10086 10 168 186
10087 11 202 186
10088 12 155 186
10089 13 85 186
10090 14 40 186
10091 15 51 186
10092 16 152 186
10093 17 236 186
10094 18 234 186
10095 19 80 186
10096 20 130 186
10097 21 180 186
10098 22 219 186
10099 23 196 186
10100 24 110 186
10101 25 163 186
10102 26 112 186
10103 27 251 186
10104 28 22 186
10105 29 27 186
10106 4 89 187
10107 5 31 187
10108 6 126 187
10109 7 218 187
10110 8 211 187
10111 9 241 187
10112 10 80 187
10113 11 138 187
10114 12 186 187
10115 13 142 187
10116 14 149 187
10117 15 172 187
10118 16 189 187
10119 17 244 187
10120 18 44 187
10121 19 71 187
10122 20 243 187
10123 21 255 187
10124 22 178 187
10125 23 105 187
10126 24 188 187
10127 25 254 187
10128 26 144 187
10129 27 58 187
10130 28 178 187
10131 29 201 187
10132 30 23 187
10133 31 13 187
10134 3 166 188
10135 4 27 188
10136 5 147 188
10137 6 77 188
10138 7 111 188
10139 8 242 188
10140 9 213 188
10141 10 161 188
10142 11 49 188
10143 12 83 188
10144 13 140 188
10145 14 148 188
10146 15 98 188
10147 16 41 188
10148 17 55 188
10149 18 213 188
10150 19 83 188
10151 20 33 188
10152 21 55 188
10153 22 35 188
10154 23 173 188
10155 24 198 188
10156 25 143 188
10157 26 227 188
10158 27 243 188
10159 28 129 188
10160 29 204 188
10161 30 152 188
10162 31 176 188
10163 32 29 188
10164 33 75 188
10165 34 253 188
10166 3 139 189
10167 4 198 189
10168 5 186 189
10169 6 60 189
10170 7 90 189
10171 8 150 189
10172 9 169 189
10173 10 85 189
10174 11 116 189
10175 12 161 189
10176 13 39 189
10177 14 238 189
10178 15 123 189
10179 16 47 189
10180 17 118 189
10181 18 136 189
10182 19 184 189
10183 20 153 189
10184 21 19 189
10185 22 119 189
10186 23 143 189
10187 24 153 189
10188 25 211 189
10189 26 23 189
10190 27 204 189
10191 28 158 189
10192 29 116 189
10193 30 22 189
10194 31 13 189
10195 32 10 189
10196 33 206 189
10197 34 216 189
10198 36 122 189
10199 3 49 190
10200 4 235 190
10201 5 234 190
10202 6 72 190
10203 7 256 190
10204 8 6 190
10205 9 1 190
10206 10 240 190
10207 11 166 190
10208 12 69 190
10209 13 115 190
10210 14 43 190
10211 15 76 190
10212 16 13 190
10213 17 127 190
10214 18 93 190
10215 19 143 190
10216 20 18 190
10217 21 21 190
10218 22 46 190
10219 23 55 190
10220 24 95 190
10221 25 122 190
10222 26 239 190
10223 27 109 190
10224 28 30 190
10225 29 25 190
10226 30 190 190
10227 31 252 190
10228 32 6 190
10229 33 233 190
10230 34 120 190
10231 35 232 190
10232 36 100 190
10233 37 39 190
10234 38 88 190
10235 2 86 191
10236 3 147 191
10237 4 219 191
10238 5 58 191
10239 6 36 191
10240 7 60 191
10241 8 238 191
10242 9 174 191
10243 10 153 191
10244 11 166 191
10245 12 235 191
10246 13 43 191
10247 14 94 191
10248 15 98 191
10249 16 93 191
10250 17 256 191
10251 18 194 191
10252 19 218 191
10253 20 93 191
10254 21 202 191
10255 22 246 191
10256 23 81 191
10257 24 101 191
10258 25 39 191
10259 26 53 191
10260 27 149 191
10261 28 244 191
10262 29 185 191
10263 30 91 191
10264 31 73 191
10265 32 240 191
10266 33 248 191
10267 34 231 191
10268 35 110 191
10269 36 71 191
10270 37 54 191
10271 38 98 191
10272 40 13 191
10273 2 208 192
10274 3 197 192
10275 4 148 192
10276 5 243 192
10277 6 182 192
10278 7 223 192
10279 8 44 192
10280 9 24 192
10281 10 59 192
10282 11 185 192
10283 12 73 192
10284 13 105 192
10285 14 9 192
10286 15 139 192
10287 16 210 192
10288 17 17 192
10289 18 182 192
10290 19 94 192
10291 20 39 192
10292 21 103 192
10293 22 108 192
10294 23 10 192
10295 24 175 192
10296 25 158 192
10297 26 117 192
10298 27 52 192
10299 28 220 192
10300 29 232 192
10301 30 75 192
10302 31 229 192
10303 32 145 192
10304 33 220 192
10305 34 20 192
10306 35 101 192
10307 36 10 192
10308 37 203 192
10309 38 117 192
10310 39 208 192
10311 40 36 192
10312 41 217 192
10313 43 190 192
10314 2 28 193
10315 3 190 193
10316 4 100 193
10317 5 134 193
10318 6 109 193
10319 7 10 193
10320 8 60 193
10321 9 252 193
10322 10 19 193
10323 11 15 193
10324 12 102 193
10325 13 244 193
10326 14 246 193
10327 15 189 193
10328 16 24 193
10329 17 183 193
10330 18 88 193
10331 19 244 193
10332 20 65 193
10333 21 87 193
10334 22 144 193
10335 23 158 193
10336 24 82 193
10337 25 115 193
10338 26 198 193
10339 27 135 193
10340 28 100 193
10341 29 209 193
10342 30 9 193
10343 31 108 193
10344 32 79 193
10345 33 90 193
10346 34 49 193
10347 35 210 193
10348 36 256 193
10349 37 173 193
10350 38 207 193
10351 39 226 193
10352 40 102 193
10353 41 238 193
10354 42 202 193
10355 43 240 193
10356 44 189 193
10357 1 106 194
10358 2 7 194
10359 3 113 194
10360 4 57 194
10361 5 28 194
10362 6 46 194
10363 7 103 194
10364 8 89 194
10365 9 2 194
10366 10 128 194
10367 11 207 194
10368 12 5 194
10369 13 243 194
10370 14 92 194
10371 15 133 194
10372 16 101 194
10373 17 20 194
10374 18 37 194
10375 19 74 194
10376 20 203 194
10377 21 25 194
10378 22 131 194
10379 23 38 194
10380 24 142 194
10381 25 184 194
10382 26 63 194
10383 27 10 194
10384 28 248 194
10385 29 243 194
10386 30 6 194
10387 31 34 194
10388 32 240 194
10389 33 63 194
10390 34 11 194
10391 35 231 194
10392 36 174 194
10393 37 238 194
10394 38 94 194
10395 39 207 194
10396 40 49 194
10397 41 255 194
10398 42 18 194
10399 43 185 194
10400 44 126 194
10401 46 225 194
10402 1 189 195
10403 2 143 195
10404 3 237 195
10405 4 56 195
10406 5 173 195
10407 6 229 195
10408 7 85 195
10409 8 31 195
10410 9 106 195
10411 10 121 195
10412 11 161 195
10413 12 119 195
10414 13 158 195
10415 14 237 195
10416 15 245 195
10417 16 202 195
10418 17 182 195
10419 18 9 195
10420 19 54 195
10421 20 254 195
10422 21 66 195
10423 22 44 195
10424 23 237 195
10425 24 112 195
10426 25 57 195
10427 26 139 195
10428 27 205 195
10429 28 205 195
10430 29 108 195
10431 30 231 195
10432 31 252 195
10433 32 227 195
10434 33 67 195
10435 34 240 195
10436 35 247 195
10437 36 107 195
10438 37 111 195
10439 38 93 195
10440 39 2 195
10441 40 250 195
10442 41 16 195
10443 42 255 195
10444 43 63 195
10445 44 245 195
10446 45 198 195
10447 46 151 195
10448 47 61 195
10449 48 231 195
10450 1 219 196
10451 2 230 196
10452 3 103 196
10453 4 170 196
10454 5 166 196
10455 6 62 196
10456 7 22 196
10457 8 192 196
10458 9 83 196
10459 10 234 196
10460 11 201 196
10461 12 170 196
10462 13 37 196
10463 14 222 196
10464 15 147 196
10465 16 252 196
10466 17 3 196
10467 18 170 196
10468 19 86 196
10469 20 114 196
10470 21 154 196
10471 22 88 196
10472 23 181 196
10473 24 59 196
10474 25 83 196
10475 26 52 196
10476 27 234 196
10477 28 148 196
10478 29 1 196
10479 30 89 196
10480 31 58 196
10481 32 89 196
10482 33 201 196
10483 34 6 196
10484 35 242 196
10485 36 221 196
10486 37 148 196
10487 38 9 196
10488 39 166 196
10489 40 198 196
10490 41 52 196
10491 42 216 196
10492 43 168 196
10493 44 141 196
10494 45 22 196
10495 46 169 196
10496 47 142 196
10497 48 145 196
10498 49 12 196
10499 50 167 196
10500 0 249 197
10501 1 58 197
10502 2 152 197
10503 3 235 197
10504 4 29 197
10505 5 167 197
10506 6 171 197
10507 7 214 197
10508 8 81 197
10509 9 51 197
10510 10 14 197
10511 11 160 197
10512 12 104 197
10513 13 8 197
10514 14 39 197
10515 15 245 197
10516 16 62 197
10517 17 38 197
10518 18 22 197
10519 19 123 197
10520 20 14 197
10521 21 165 197
10522 22 12 197
10523 23 78 197
10524 24 238 197
10525 25 100 197
10526 26 81 197
10527 27 67 197
10528 28 132 197
10529 29 253 197
10530 30 12 197
10531 31 94 197
10532 32 103 197
10533 33 56 197
10534 34 89 197
10535 35 97 197
10536 36 111 197
10537 37 111 197
10538 38 233 197
10539 39 67 197
10540 40 185 197
10541 41 2 197
10542 42 152 197
10543 43 26 197
10544 44 183 197
10545 45 113 197
10546 46 195 197
10547 47 38 197
10548 48 154 197
10549 49 79 197
10550 50 247 197
10551 51 86 197
10552 52 196 197
10553 0 48 198
10554 1 47 198
10555 2 80 198
10556 3 55 198
10557 4 135 198
10558 5 35 198
10559 6 198 198
10560 7 81 198
10561 8 158 198
10562 9 15 198
10563 10 199 198
10564 11 101 198
10565 12 108 198
10566 13 174 198
10567 14 55 198
10568 15 163 198
10569 16 214 198
10570 17 167 198
10571 18 55 198
10572 19 44 198
10573 20 39 198
10574 21 19 198
10575 22 74 198
10576 23 132 198
10577 24 43 198
10578 25 205 198
10579 26 65 198
10580 27 153 198
10581 28 2 198
10582 29 222 198
10583 30 245 198
10584 31 184 198
10585 32 142 198
10586 33 150 198
10587 34 144 198
10588 35 45 198
10589 36 146 198
10590 37 51 198
10591 39 128 198
10592 38 252 198
10593 40 209 198
10594 41 222 198
10595 42 21 198
10596 43 191 198
10597 44 89 198
10598 45 216 198
10599 46 180 198
10600 47 192 198
10601 48 99 198
10602 49 35 198
10603 50 223 198
10604 51 125 198
10605 52 242 198
10606 53 35 198
10607 54 109 198
10608 0 212 199
10609 1 64 199
10610 2 112 199
10611 3 219 199
10612 4 164 199
10613 5 98 199
10614 6 59 199
10615 7 246 199
10616 8 56 199
10617 9 82 199
10618 10 41 199
10619 11 37 199
10620 12 49 199
10621 13 160 199
10622 14 28 199
10623 15 98 199
10624 16 179 199
10625 17 215 199
10626 18 151 199
10627 19 152 199
10628 20 246 199
10629 21 140 199
10630 22 81 199
10631 23 20 199
10632 24 99 199
10633 25 62 199
10634 26 196 199
10635 27 70 199
10636 28 16 199
10637 29 71 199
10638 30 152 199
10639 31 31 199
10640 32 113 199
10641 33 134 199
10642 34 175 199
10643 35 105 199
10644 36 114 199
10645 37 196 199
10646 38 227 199
10647 39 8 199
10648 40 227 199
10649 41 11 199
10650 42 198 199
10651 43 246 199
10652 44 154 199
10653 45 82 199
10654 46 249 199
10655 47 151 199
10656 48 110 199
10657 49 106 199
10658 50 110 199
10659 51 39 199
10660 52 65 199
10661 53 3 199
10662 54 57 199
10663 55 112 199
10664 56 193 199
10665 58 103 199
10666 0 72 200
10667 1 197 200
10668 2 98 200
10669 3 88 200
10670 4 226 200
10671 5 175 200
10672 6 11 200
10673 7 31 200
10674 8 150 200
10675 9 222 200
10676 10 226 200
10677 11 216 200
10678 12 74 200
10679 13 222 200
10680 14 48 200
10681 15 149 200
10682 16 191 200
10683 17 61 200
10684 18 169 200
10685 19 213 200
10686 20 30 200
10687 21 252 200
10688 22 248 200
10689 23 130 200
10690 24 101 200
10691 25 87 200
10692 26 185 200
10693 27 135 200
10694 28 87 200
10695 29 52 200
10696 30 243 200
10697 31 108 200
10698 32 22 200
10699 33 65 200
10700 34 209 200
10701 35 13 200
10702 36 17 200
10703 37 1 200
10704 38 4 200
10705 39 219 200
10706 40 107 200
10707 41 98 200
10708 42 219 200
10709 43 156 200
10710 44 180 200
10711 45 156 200
10712 46 51 200
10713 47 45 200
10714 48 175 200
10715 49 178 200
10716 50 69 200
10717 51 133 200
10718 52 20 200
10719 53 242 200
10720 54 177 200
10721 55 241 200
10722 56 240 200
10723 57 69 200
10724 58 159 200
10725 0 194 201
10726 1 44 201
10727 2 169 201
10728 3 93 201
10729 4 147 201
10730 5 8 201
10731 6 25 201
10732 7 71 201
10733 8 72 201
10734 9 116 201
10735 10 49 201
10736 11 249 201
10737 12 210 201
10738 13 39 201
10739 14 187 201
10740 15 61 201
10741 16 174 201
10742 17 230 201
10743 18 117 201
10744 19 141 201
10745 20 61 201
10746 21 220 201
10747 22 250 201
10748 23 167 201
10749 24 137 201
10750 25 90 201
10751 26 188 201
10752 27 191 201
10753 28 5 201
10754 29 74 201
10755 30 36 201
10756 31 191 201
10757 32 60 201
10758 33 128 201
10759 34 25 201
10760 39 171 201
10761 35 57 201
10762 36 234 201
10763 37 229 201
10764 38 173 201
10765 40 254 201
10766 41 68 201
10767 59 151 201
10768 45 86 201
10769 55 94 201
10770 53 173 201
10771 51 1 201
10772 49 26 201
10773 47 67 201
10774 46 46 201
10775 42 85 201
10776 43 122 201
10777 44 92 201
10778 48 29 201
10779 50 186 201
10780 52 43 201
10781 54 133 201
10782 61 132 201
10783 57 66 201
10784 56 222 201
10785 58 93 201
10786 0 249 202
10787 1 240 202
10788 2 135 202
10789 3 247 202
10790 4 48 202
10791 5 11 202
10792 39 76 202
10793 6 178 202
10794 35 94 202
10795 7 108 202
10796 60 92 202
10797 59 113 202
10798 45 62 202
10799 55 118 202
10800 53 75 202
10801 51 45 202
10802 49 142 202
10803 47 188 202
10804 46 234 202
10805 42 224 202
10806 41 52 202
10807 40 115 202
10808 37 143 202
10809 62 197 202
10810 61 202 202
10811 57 210 202
10812 56 224 202
10813 54 83 202
10814 52 102 202
10815 50 164 202
10816 48 187 202
10817 58 47 202
10818 44 193 202
10819 43 241 202
10820 64 97 202
10821 39 138 203
10822 60 60 203
10823 59 202 203
10824 45 178 203
10825 55 170 203
10826 53 34 203
10827 51 226 203
10828 49 222 203
10829 47 236 203
10830 46 127 203
10831 42 149 203
10832 63 75 203
10833 62 127 203
10834 61 170 203
10835 57 217 203
10836 56 57 203
10837 54 137 203
10838 52 221 203
10839 50 184 203
10840 48 191 203
10841 58 189 203
10842 65 126 204
10843 64 194 203
10844 60 118 204
10845 59 95 204
10846 45 178 204
10847 55 197 204
10848 53 245 204
10849 51 147 204
10850 49 224 204
10851 66 139 204
10852 63 212 204
10853 62 61 204
10854 61 231 204
10855 57 220 204
10856 56 252 204
10857 54 254 204
10858 52 179 204
10859 68 8 204
10860 65 16 205
10861 64 49 204
10862 60 76 205
10863 59 163 205
10864 58 250 204
10865 55 127 205
10866 67 202 205
10867 66 87 205
10868 63 189 205
10869 62 175 205
10870 61 103 205
10871 57 121 205
10872 69 145 206
10873 68 218 205
10874 65 206 206
10875 64 144 205
10876 60 193 206
10877 70 243 206
10878 67 72 206
10879 66 60 206
10880 63 239 206
10881 71 81 206
10882 69 100 207
10883 68 79 206
10884 72 213 207
10885 70 141 207
10886 73 164 207
10887 74 188 208
10888 71 211 207
10889 67 94 207
10890 65 156 207
10891 62 26 206
10892 59 103 206
10893 56 60 205
10894 53 40 205
10895 50 20 204
10896 47 99 204
10897 44 145 203
10898 41 11 203
10899 38 216 202
10900 36 224 202
10901 32 72 202
10902 8 144 202
10903 9 74 202
10904 10 72 202
10905 11 194 202
10906 12 248 202
10907 13 63 202
10908 14 79 202
10909 15 103 202
10910 16 217 202
10911 17 83 202
10912 18 89 202
10913 19 20 202
10914 20 32 202
10915 21 177 202
10916 22 229 202
10917 23 137 202
10918 24 75 202
10919 25 101 202
10920 26 254 202
10921 27 179 202
10922 76 249 208
10923 72 117 208
10924 69 78 208
10925 66 13 207
10926 64 71 206
10927 61 138 206
10928 58 129 205
10929 54 10 205
10930 51 178 205
10931 48 201 204
10932 46 74 204
10933 43 79 203
10934 40 96 203
10935 35 4 203
10936 33 24 202
10937 30 12 202
10938 28 174 202
10939 29 182 202
10940 31 228 202
10941 34 78 202
10942 0 161 203
10943 1 199 203
10944 2 28 203
10945 3 104 203
10946 4 195 203
10947 5 231 203
10948 6 244 203
10949 7 15 203
10950 8 201 203
10951 9 189 203
10952 10 11 203
10953 11 118 203
10954 12 98 203
10955 13 15 203
10956 75 77 209
10957 73 148 208
10958 70 74 208
10959 68 195 207
10960 63 171 207
10961 60 169 207
10962 57 214 206
10963 55 5 206
10964 52 215 205
10965 49 229 205
10966 45 199 205
10967 42 3 204
10968 39 132 204
10969 37 18 203
10970 14 62 203
10971 15 180 203
10972 16 129 203
10973 17 158 203
10974 18 126 203
10975 19 117 203
10976 20 9 203
10977 21 43 203
10978 22 79 203
10979 23 144 203
10980 24 114 203
10981 25 217 203
10982 26 84 203
10983 27 98 203
10984 28 107 203
10985 29 88 203
10986 30 214 203
10987 31 25 203
10988 32 244 203
10989 78 124 209
10990 74 37 209
10991 71 196 208
10992 67 96 208
10993 65 151 208
10994 62 68 207
10995 59 131 207
10996 56 236 206
10997 53 243 206
10998 50 250 205
10999 47 81 205
11000 44 142 204
11001 41 9 204
11002 38 130 203
11003 36 235 203
11004 33 29 203
11005 34 217 203
11006 0 221 204
11007 1 251 204
11008 2 128 204
11009 3 25 204
11010 4 94 204
11011 5 192 204
11012 6 146 204
11013 7 96 204
11014 8 33 204
11015 9 252 204
11016 10 32 204
11017 11 163 204
11018 12 166 204
11019 13 216 204
11020 14 115 204
11021 77 56 210
11022 76 145 209
11023 72 49 209
11024 69 204 209
11025 66 34 208
11026 64 216 207
11027 61 78 207
11028 58 53 206
11029 54 125 206
11030 51 169 206
11031 48 71 205
11032 46 101 205
11033 43 224 204
11034 40 240 204
11035 35 38 204
11036 15 20 204
11037 16 66 204
11038 17 223 204
11039 18 201 204
11040 19 210 204
11041 20 202 204
11042 21 70 204
11043 22 118 204
11044 23 88 204
11045 24 78 204
11046 25 137 204
11047 26 110 204
11048 27 131 204
11049 28 4 204
11050 29 216 204
11051 30 141 204
11052 79 202 210
11053 75 249 210
11054 73 51 209
11055 70 154 209
11056 68 110 208
11057 63 74 208
11058 60 9 208
11059 57 113 207
11060 55 191 207
11061 52 246 206
11062 49 164 206
11063 45 205 206
11064 42 157 205
11065 39 26 205
11066 37 225 204
11067 31 168 204
11068 32 5 204
11069 33 136 204
11070 34 78 204
11071 36 125 204
11072 38 198 204
11073 0 100 205
11074 1 2 205
11075 2 9 205
11076 3 224 205
11077 4 2 205
11078 5 118 205
11079 6 223 205
11080 7 96 205
11081 8 213 205
11082 80 179 211
11083 78 7 210
11084 74 77 210
11085 71 137 209
11086 67 190 209
11087 65 217 209
11088 62 79 208
11089 59 224 208
11090 56 123 207
11091 53 82 207
11092 50 41 206
11093 47 113 206
11094 44 233 205
11095 41 241 205
11096 9 189 205
11097 10 120 205
11098 11 42 205
11099 12 149 205
11100 13 19 205
11101 14 153 205
11102 15 35 205
11103 16 35 205
11104 17 46 205
11105 18 89 205
11106 19 51 205
11107 20 1 205
11108 21 135 205
11109 22 110 205
11110 23 180 205
11111 82 243 211
11112 77 29 211
11113 76 249 210
11114 72 227 210
11115 69 237 210
11116 66 168 209
11117 64 153 208
11118 61 48 208
11119 58 251 207
11120 54 149 207
11121 51 185 207
11122 48 245 206
11123 46 86 206
11124 43 131 205
11125 40 252 205
11126 35 10 205
11127 24 41 205
11128 25 12 205
11129 26 58 205
11130 27 157 205
11131 28 34 205
11132 29 236 205
11133 30 122 205
11134 31 135 205
11135 32 151 205
11136 33 148 205
11137 34 256 205
11138 36 3 205
11139 81 107 212
11140 79 212 211
11141 75 233 211
11142 73 252 210
11143 70 126 210
11144 68 230 209
11145 63 193 209
11146 60 189 209
11147 57 89 208
11148 55 203 208
11149 52 248 207
11150 49 251 207
11151 45 185 207
11152 42 136 206
11153 39 63 206
11154 37 114 205
11155 38 185 205
11156 0 189 206
11157 1 184 206
11158 2 73 206
11159 3 125 206
11160 4 126 206
11161 5 132 206
11162 6 197 206
11163 7 231 206
11164 8 48 206
11165 9 44 206
11166 83 106 212
11167 80 53 212
11168 78 75 211
11169 74 63 211
11170 71 42 210
11171 67 136 210
11172 65 14 210
11173 62 88 209
11174 59 230 209
11175 56 124 208
11176 53 254 208
11177 50 127 207
11178 47 256 207
11179 44 214 206
11180 41 57 206
11181 10 212 206
11182 11 116 206
11183 12 221 206
11184 13 10 206
11185 14 35 206
11186 15 135 206
11187 16 145 206
11188 17 126 206
11189 18 250 206
11190 19 147 206
11191 20 193 206
11192 84 155 213
11193 82 169 212
11194 77 16 212
11195 76 81 211
11196 72 139 211
11197 69 7 211
11198 66 44 210
11199 64 144 209
11200 61 192 209
11201 58 114 208
11202 54 192 208
11203 51 128 208
11204 48 107 207
11205 46 54 207
11206 43 143 206
11207 40 154 206
11208 35 70 206
11209 21 60 206
11210 22 127 206
11211 23 6 206
11212 24 250 206
11213 25 185 206
11214 26 181 206
11215 27 82 206
11216 28 90 206
11217 85 206 213
11218 81 211 213
11219 79 80 212
11220 75 180 212
11221 73 66 211
11222 70 33 211
11223 68 256 210
11224 63 169 210
11225 60 235 210
11226 57 56 209
11227 55 96 209
11228 52 16 208
11229 49 182 208
11230 45 159 208
11231 42 181 207
11232 39 209 207
11233 37 140 206
11234 29 23 206
11235 30 93 206
11236 31 107 206
11237 32 6 206
11238 33 141 206
11239 34 155 206
11240 36 24 206
11241 86 60 213
11242 83 40 213
11243 80 20 213
11244 78 203 212
11245 74 145 212
11246 71 11 211
11247 67 126 211
11248 65 175 211
11249 62 72 210
11250 59 48 210
11251 56 8 209
11252 53 91 209
11253 50 174 208
11254 47 116 208
11255 44 105 207
11256 41 70 207
11257 38 183 206
11258 0 256 207
11259 1 111 207
11260 2 78 207
11261 3 10 207
11262 4 61 207
11263 5 220 207
11264 88 204 214
11265 84 10 214
11266 82 116 213
11267 77 240 213
11268 76 191 212
11269 72 67 212
11270 69 216 212
11271 66 36 211
11272 64 61 210
11273 61 127 210
11274 58 61 209
11275 54 87 209
11276 51 58 209
11277 48 181 208
11278 46 120 208
11279 43 4 207
11280 40 198 207
11281 35 215 207
11282 6 246 207
11283 7 135 207
11284 8 225 207
11285 9 20 207
11286 87 158 215
11287 85 5 214
11288 81 29 214
11289 79 229 213
11290 75 213 213
11291 73 54 212
11292 70 27 212
11293 68 146 211
11294 63 121 211
11295 60 16 211
11296 57 14 210
11297 55 172 210
11298 52 200 209
11299 49 219 209
11300 45 209 209
11301 42 97 208
11302 39 249 208
11303 37 208 207
11304 10 255 207
11305 11 157 207
11306 12 118 207
11307 89 131 215
11308 86 236 214
11309 83 243 214
11310 80 250 214
11311 78 231 213
11312 74 142 213
11313 71 9 212
11314 67 160 212
11315 65 3 212
11316 62 129 211
11317 59 86 211
11318 56 100 210
11319 53 238 210
11320 50 119 209
11321 47 165 209
11322 44 156 208
11323 41 104 208
11324 38 103 207
11325 36 34 207
11326 32 120 207
11327 90 97 216
11328 88 91 215
11329 84 125 215
11330 82 202 214
11331 77 152 214
11332 76 150 213
11333 72 195 213
11334 69 130 213
11335 66 193 212
11336 64 99 211
11337 61 160 211
11338 58 32 210
11339 54 188 210
11340 51 211 210
11341 48 78 209
11342 46 88 209
11343 43 51 208
11344 40 34 208
11345 35 90 208
11346 91 59 216
11347 87 111 216
11348 85 191 215
11349 81 69 215
11350 79 164 214
11351 75 198 214
11352 73 161 213
11353 70 209 213
11354 68 144 212
11355 63 120 212
11356 60 89 212
11357 57 78 211
11358 55 94 211
11359 52 187 210
11360 49 39 210
11361 45 6 210
11362 42 196 209
11363 39 98 209
11364 92 79 216
11365 89 224 216
11366 86 123 215
11367 83 82 215
11368 80 41 215
11369 78 206 214
11370 74 233 214
11371 71 241 213
11372 67 47 213
11373 65 166 213
11374 62 199 212
11375 59 47 212
11376 56 222 211
11377 53 148 211
11378 50 74 210
11379 47 135 210
11380 44 151 209
11381 93 112 217
11382 90 56 217
11383 88 212 216
11384 84 149 216
11385 82 32 215
11386 77 49 215
11387 76 56 214
11388 72 253 214
11389 69 83 214
11390 66 228 213
11391 64 204 212
11392 61 26 212
11393 58 71 211
11394 54 37 211
11395 51 196 211
11396 48 204 210
11397 94 14 217
11398 91 95 217
11399 87 29 217
11400 85 203 216
11401 81 44 216
11402 79 251 215
11403 75 73 215
11404 73 85 214
11405 70 171 214
11406 68 191 213
11407 63 6 213
11408 60 75 213
11409 57 67 212
11410 55 147 212
11411 52 153 211
11412 96 173 218
11413 92 88 217
11414 89 230 217
11415 86 124 216
11416 83 254 216
11417 80 127 216
11418 78 89 215
11419 74 214 215
11420 71 57 214
11421 67 215 214
11422 65 19 214
11423 62 46 213
11424 59 202 213
11425 56 205 212
11426 95 93 219
11427 93 115 218
11428 90 186 218
11429 88 12 217
11430 84 192 217
11431 82 206 216
11432 77 212 216
11433 76 193 215
11434 72 207 215
11435 69 138 215
11436 66 23 214
11437 64 104 213
11438 61 65 213
11439 97 22 219
11440 94 175 218
11441 91 31 218
11442 87 18 218
11443 85 96 217
11444 81 20 217
11445 79 182 216
11446 75 163 216
11447 73 163 215
11448 70 210 215
11449 68 8 214
11450 63 35 214
11451 98 216 219
11452 96 184 219
11453 92 72 218
11454 89 48 218
11455 86 8 217
11456 83 91 217
11457 80 174 217
11458 78 235 216
11459 74 105 216
11460 71 70 215
11461 67 10 215
11462 99 216 220
11463 95 206 220
11464 93 24 219
11465 90 12 219
11466 88 71 218
11467 84 87 218
11468 82 150 217
11469 77 160 217
11470 76 187 216
11471 72 146 216
11472 100 27 220
11473 97 18 220
11474 94 3 219
11475 91 2 219
11476 87 117 219
11477 85 172 218
11478 81 94 218
11479 79 219 217
11480 75 119 217
11481 101 9 221
11482 98 130 220
11483 96 249 220
11484 92 129 219
11485 89 86 219
11486 86 100 218
11487 83 238 218
11488 80 119 218
11489 103 180 221
11490 99 130 221
11491 95 233 221
11492 93 43 220
11493 90 150 220
11494 88 157 219
11495 84 188 219
11496 102 104 222
11497 100 209 221
11498 97 225 221
11499 94 166 220
11500 91 25 220
11501 87 47 220
11502 104 233 222
11503 101 241 222
11504 98 83 221
11505 96 91 221
11506 92 199 220
11507 105 15 223
11508 103 95 222
11509 99 83 222
11510 95 228 222
11511 106 53 223
11512 102 220 223
11513 100 171 222
11514 107 256 224
11515 104 214 223
11516 108 107 224
11517 13 245 207
11518 14 53 207
11519 15 2 207
11520 16 197 207
11521 17 118 207
11522 18 34 207
11523 19 41 207
11524 20 106 207
11525 21 140 207
11526 22 236 207
11527 23 66 207
11528 0 7 208
11529 0 7 209
11530 0 7 210
11531 0 7 211
11532 0 7 212
11533 24 103 207
11534 25 114 207
11535 26 23 207
11536 27 29 207
11537 28 28 207
11538 29 248 207
11539 30 66 207
11540 31 124 207
11541 33 120 207
11542 34 27 207
11543 1 204 208
11544 2 221 208
11545 3 172 208
11546 4 114 208
11547 5 255 208
11548 6 221 208
11549 7 9 208
11550 8 191 208
11551 9 196 208
11552 10 119 208
11553 11 17 208
11554 12 214 208
11555 13 16 208
11556 14 227 208
11557 15 32 208
11558 16 107 208
11559 17 164 208
11560 18 159 208
11561 19 81 208
11562 20 140 208
11563 21 19 208
11564 22 129 208
11565 23 62 208
11566 24 4 208
11567 25 102 208
11568 26 106 208
11569 27 47 208
11570 28 244 208
11571 29 195 208
11572 30 134 208
11573 31 78 208
11574 32 199 208
11575 33 30 208
11576 34 18 208
11577 36 13 208
11578 37 184 208
11579 38 139 208
11580 1 20 209
11581 2 12 209
11582 3 43 209
11583 4 156 209
11584 5 105 209
11585 6 219 209
11586 7 45 209
11587 8 90 209
11588 9 4 209
11589 10 86 209
11590 11 237 209
11591 12 26 209
11592 13 131 209
11593 14 25 209
11594 15 87 209
11595 16 123 209
11596 17 191 209
11597 18 98 209
11598 19 94 209
11599 20 123 209
11600 21 84 209
11601 22 213 209
11602 23 130 209
11603 24 27 209
11604 25 150 209
11605 26 223 209
11606 27 150 209
11607 28 51 209
11608 29 236 209
11609 30 106 209
11610 31 16 209
11611 32 256 209
11612 33 112 209
11613 34 189 209
11614 35 219 209
11615 36 157 209
11616 37 41 209
11617 38 207 209
11618 40 179 209
11619 41 215 209
11620 43 14 209
11621 1 187 210
11622 2 256 210
11623 3 71 210
11624 4 34 210
11625 5 186 210
11626 6 99 210
11627 7 159 210
11628 8 23 210
11629 9 192 210
11630 10 30 210
11631 11 104 210
11632 12 25 210
11633 13 101 210
11634 14 22 210
11635 15 153 210
11636 16 26 210
11637 17 101 210
11638 18 109 210
11639 19 188 210
11640 20 106 210
11641 21 240 210
11642 22 40 210
11643 23 238 210
11644 24 7 210
11645 25 143 210
11646 26 235 210
11647 27 130 210
11648 28 246 210
11649 29 183 210
11650 30 233 210
11651 31 59 210
11652 32 151 210
11653 33 50 210
11654 34 208 210
11655 35 16 210
11656 36 217 210
11657 37 54 210
11658 38 215 210
11659 39 66 210
11660 40 98 210
11661 41 90 210
11662 42 116 210
11663 43 127 210
11664 46 48 210
11665 44 35 210
11666 1 214 211
11667 2 54 211
11668 3 25 211
11669 4 209 211
11670 5 73 211
11671 6 243 211
11672 7 143 211
11673 8 213 211
11674 9 120 211
11675 10 143 211
11676 11 162 211
11677 12 48 211
11678 13 170 211
11679 14 91 211
11680 15 62 211
11681 16 110 211
11682 17 33 211
11683 18 134 211
11684 19 138 211
11685 20 39 211
11686 21 194 211
11687 22 197 211
11688 23 224 211
11689 24 66 211
11690 25 8 211
11691 26 138 211
11692 27 140 211
11693 28 229 211
11694 29 49 211
11695 30 106 211
11696 31 153 211
11697 32 195 211
11698 33 219 211
11699 34 123 211
11700 35 149 211
11701 36 204 211
11702 37 198 211
11703 38 119 211
11704 39 250 211
11705 40 37 211
11706 41 134 211
11707 42 248 211
11708 43 243 211
11709 44 184 211
11710 45 217 211
11711 46 5 211
11712 47 252 211
11713 48 65 211
11714 49 238 211
11715 50 42 211
11716 1 75 212
11717 2 175 212
11718 3 119 212
11719 4 211 212
11720 5 200 212
11721 6 171 212
11722 7 31 212
11723 8 73 212
11724 9 203 212
11725 10 178 212
11726 11 15 212
11727 12 64 212
11728 13 22 212
11729 14 216 212
11730 15 3 212
11731 16 24 212
11732 17 113 212
11733 18 210 212
11734 19 84 212
11735 20 35 212
11736 21 114 212
11737 22 234 212
11738 23 123 212
11739 24 23 212
11740 25 12 212
11741 26 107 212
11742 27 249 212
11743 28 118 212
11744 29 247 212
11745 30 33 212
11746 31 171 212
11747 32 185 212
11748 33 155 212
11749 34 118 212
11750 35 90 212
11751 36 110 212
11752 37 134 212
11753 38 189 212
11754 39 13 212
11755 40 194 212
11756 41 14 212
11757 42 6 212
11758 43 146 212
11759 44 87 212
11760 45 6 212
11761 46 21 212
11762 47 113 212
11763 48 10 212
11764 49 172 212
11765 50 125 212
11766 51 76 212
11767 52 228 212
11768 53 185 212
11769 54 191 212
11770 58 187 212
11771 0 62 213
11772 1 181 213
11773 2 24 213
11774 3 95 213
11775 4 140 213
11776 5 209 213
11777 6 127 213
11778 7 236 213
11779 8 137 213
11780 9 202 213
11781 10 149 213
11782 11 46 213
11783 12 210 213
11784 13 235 213
11785 14 46 213
11786 15 201 213
11787 16 236 213
11788 17 250 213
11789 18 5 213
11790 19 223 213
11791 20 115 213
11792 21 199 213
11793 22 226 213
11794 23 103 213
11795 24 122 213
11796 25 21 213
11797 26 200 213
11798 27 144 213
11799 28 119 213
11800 29 26 213
11801 30 234 213
11802 31 226 213
11803 32 29 213
11804 33 102 213
11805 34 37 213
11806 35 171 213
11807 36 97 213
11808 37 181 213
11809 38 134 213
11810 39 160 213
11811 40 41 213
11812 41 124 213
11813 42 92 213
11814 43 139 213
11815 44 194 213
11816 45 237 213
11817 46 171 213
11818 47 254 213
11819 48 234 213
11820 49 72 213
11821 50 170 213
11822 51 69 213
11823 52 223 213
11824 53 11 213
11825 54 87 213
11826 55 77 213
11827 56 66 213
11828 57 100 213
11829 58 186 213
11830 0 51 214
11831 1 135 214
11832 2 225 214
11833 3 95 214
11834 4 146 214
11835 5 94 214
11836 6 16 214
11837 7 144 214
11838 8 226 214
11839 9 41 214
11840 10 73 214
11841 11 172 214
11842 12 50 214
11843 13 204 214
11844 14 183 214
11845 15 23 214
11846 16 170 214
11847 17 88 214
11848 18 217 214
11849 19 179 214
11850 20 34 214
11851 21 46 214
11852 22 120 214
11853 23 90 214
11854 24 211 214
11855 25 43 214
11856 26 117 214
11857 27 49 214
11858 28 85 214
11859 29 197 214
11860 30 90 214
11861 31 140 214
11862 32 145 214
11863 33 108 214
11864 34 232 214
11865 35 230 214
11866 36 85 214
11867 37 250 214
11868 38 170 214
11869 39 94 214
11870 40 30 214
11871 41 200 214
11872 42 103 214
11873 43 120 214
11874 44 130 214
11875 45 59 214
11876 46 168 214
11877 47 160 214
11878 48 153 214
11879 49 129 214
11880 50 124 214
11881 51 46 214
11882 52 1 214
11883 53 142 214
11884 54 65 214
11885 55 169 214
11886 56 235 214
11887 57 88 214
11888 58 129 214
11889 59 138 214
11890 60 161 214
11891 61 193 214
11892 62 171 214
11893 64 14 214
11894 0 215 215
11895 1 160 215
11896 2 107 215
11897 3 109 215
11898 4 110 215
11899 5 208 215
11900 6 130 215
11901 7 22 215
11902 8 173 215
11903 9 229 215
11904 10 228 215
11905 11 235 215
11906 12 22 215
11907 13 16 215
11908 14 96 215
11909 15 76 215
11910 16 84 215
11911 17 176 215
11912 18 204 215
11913 19 52 215
11914 20 179 215
11915 21 71 215
11916 22 81 215
11917 23 233 215
11918 24 91 215
11919 25 246 215
11920 26 169 215
11921 27 222 215
11922 28 144 215
11923 29 212 215
11924 30 25 215
11925 31 233 215
11926 32 118 215
11927 33 26 215
11928 34 202 215
11929 35 224 215
11930 36 212 215
11931 37 233 215
11932 38 141 215
11933 39 70 215
11934 40 96 215
11935 41 228 215
11936 42 7 215
11937 43 122 215
11938 44 197 215
11939 45 183 215
11940 46 112 215
11941 47 72 215
11942 48 169 215
11943 49 131 215
11944 50 163 215
11945 51 186 215
11946 52 148 215
11947 53 156 215
11948 54 150 215
11949 55 90 215
11950 56 81 215
11951 57 245 215
11952 58 9 215
11953 59 168 215
11954 60 173 215
11955 61 165 215
11956 62 159 215
11957 63 118 215
11958 64 233 215
11959 65 119 215
11960 66 131 215
11961 68 175 215
11962 0 34 216
11963 1 163 216
11964 2 189 216
11965 3 252 216
11966 4 72 216
11967 5 211 216
11968 6 140 216
11969 7 27 216
11970 8 16 216
11971 9 242 216
11972 10 110 216
11973 11 167 216
11974 12 97 216
11975 13 20 216
11976 14 31 216
11977 15 220 216
11978 16 199 216
11979 17 204 216
11980 18 52 216
11981 19 144 216
11982 20 229 216
11983 21 87 216
11984 22 243 216
11985 23 155 216
11986 24 239 216
11987 25 36 216
11988 26 154 216
11989 27 156 216
11990 28 229 216
11991 29 243 216
11992 30 185 216
11993 31 47 216
11994 32 171 216
11995 33 82 216
11996 34 103 216
11997 35 69 216
11998 36 206 216
11999 37 239 216
12000 38 229 216
12001 39 219 216
12002 40 51 216
12003 41 127 216
12004 42 63 216
12005 43 227 216
12006 44 170 216
12007 45 246 216
12008 46 103 216
12009 47 161 216
12010 48 205 216
12011 49 12 216
12012 50 161 216
12013 51 152 216
12014 52 248 216
12015 53 219 216
12016 54 200 216
12017 55 55 216
12018 56 190 216
12019 57 43 216
12020 58 219 216
12021 59 250 216
12022 60 49 216
12023 61 212 216
12024 62 91 216
12025 63 140 216
12026 64 108 216
12027 65 100 216
12028 66 122 216
12029 67 128 216
12030 68 133 216
12031 69 73 216
12032 70 136 216
12033 71 38 216
12034 73 145 216
12035 0 162 217
12036 1 187 217
12037 2 46 217
12038 3 200 217
12039 4 179 217
12040 5 182 217
12041 6 49 217
12042 7 93 217
12043 8 41 217
12044 9 237 217
12045 10 93 217
12046 11 8 217
12047 12 123 217
12048 13 237 217
12049 14 155 217
12050 15 74 217
12051 16 207 217
12052 17 2 217
12053 18 3 217
12054 19 79 217
12055 20 159 217
12056 21 157 217
12057 22 121 217
12058 23 152 217
12059 24 187 217
12060 25 212 217
12061 26 224 217
12062 27 169 217
12063 28 7 217
12064 29 71 217
12065 30 5 217
12066 31 248 217
12067 32 93 217
12068 33 215 217
12069 34 181 217
12070 35 137 217
12071 36 126 217
12072 37 26 217
12073 38 67 217
12074 39 102 217
12075 40 4 217
12076 41 72 217
12077 42 66 217
12078 43 213 217
12079 44 188 217
12080 45 145 217
12081 46 247 217
12082 47 222 217
12083 48 43 217
12084 49 165 217
12085 50 90 217
12086 51 183 217
12087 52 111 217
12088 53 184 217
12089 54 42 217
12090 55 183 217
12091 56 47 217
12092 57 204 217
12093 58 73 217
12094 59 97 217
12095 60 73 217
12096 61 61 217
12097 62 252 217
12098 63 15 217
12099 64 26 217
12100 65 196 217
12101 66 179 217
12102 67 97 217
12103 68 80 217
12104 69 233 217
12105 70 197 217
12106 71 33 217
12107 72 11 217
12108 73 101 217
12109 74 60 217
12110 76 233 217
12111 78 103 217
12112 0 158 218
12113 1 63 218
12114 2 63 218
12115 3 88 218
12116 4 238 218
12117 5 38 218
12118 6 55 218
12119 7 55 218
12120 8 102 218
12121 9 248 218
12122 10 193 218
12123 11 38 218
12124 12 158 218
12125 13 157 218
12126 14 222 218
12127 15 203 218
12128 16 183 218
12129 17 199 218
12130 18 100 218
12131 19 50 218
12132 20 29 218
12133 21 233 218
12134 22 97 218
12135 23 204 218
12136 24 114 218
12137 25 159 218
12138 26 34 218
12139 27 109 218
12140 28 17 218
12141 29 153 218
12142 30 226 218
12143 31 10 218
12144 32 99 218
12145 33 82 218
12146 34 24 218
12147 35 224 218
12148 36 35 218
12149 37 52 218
12150 38 234 218
12151 39 147 218
12152 40 238 218
12153 41 242 218
12154 42 10 218
12155 43 37 218
12156 44 66 218
12157 45 143 218
12158 46 124 218
12159 47 178 218
12160 48 96 218
12161 49 25 218
12162 50 22 218
12163 51 52 218
12164 52 18 218
12165 53 104 218
12166 54 75 218
12167 55 249 218
12168 56 48 218
12169 57 223 218
12170 58 199 218
12171 59 256 218
12172 60 141 218
12173 61 72 218
12174 62 177 218
12175 63 89 218
12176 64 132 218
12177 65 99 218
12178 66 32 218
12179 67 4 218
12180 68 119 218
12181 69 241 218
12182 70 104 218
12183 71 129 218
12184 72 37 218
12185 73 72 218
12186 74 15 218
12187 75 243 218
12188 76 212 218
12189 77 26 218
12190 78 213 218
12191 79 4 218
12192 82 23 218
12193 0 230 219
12194 1 238 219
12195 2 184 219
12196 3 52 219
12197 4 8 219
12198 5 33 219
12199 6 122 219
12200 7 26 219
12201 8 35 219
12202 9 24 219
12203 10 207 219
12204 11 202 219
12205 12 121 219
12206 13 118 219
12207 14 124 219
12208 15 170 219
12209 16 182 219
12210 17 112 219
12211 18 208 219
12212 19 28 219
12213 20 74 219
12214 21 225 219
12215 22 80 219
12216 23 66 219
12217 24 232 219
12218 25 157 219
12219 26 45 219
12220 27 158 219
12221 28 5 219
12222 29 93 219
12223 30 26 219
12224 31 25 219
12225 32 242 219
12226 33 24 219
12227 34 166 219
12228 35 163 219
12229 36 190 219
12230 37 107 219
12231 38 171 219
12232 40 116 219
12233 39 253 219
12234 41 186 219
12235 42 165 219
12236 43 140 219
12237 44 91 219
12238 45 19 219
12239 46 208 219
12240 47 182 219
12241 48 65 219
12242 49 209 219
12243 50 131 219
12244 51 89 219
12245 52 50 219
12246 53 77 219
12247 54 84 219
12248 55 109 219
12249 56 93 219
12250 57 91 219
12251 58 92 219
12252 59 109 219
12253 60 39 219
12254 61 37 219
12255 62 38 219
12256 63 170 219
12257 64 211 219
12258 65 95 219
12259 66 129 219
12260 67 253 219
12261 68 248 219
12262 69 170 219
12263 70 62 219
12264 71 111 219
12265 72 184 219
12266 73 174 219
12267 74 86 219
12268 75 76 219
12269 76 105 219
12270 77 164 219
12271 78 89 219
12272 79 218 219
12273 80 89 219
12274 81 156 219
12275 82 254 219
12276 83 137 219
12277 85 26 219
12278 86 164 219
12279 0 79 220
12280 1 12 220
12281 2 228 220
12282 3 243 220
12283 4 153 220
12284 5 65 220
12285 6 148 220
12286 7 8 220
12287 8 13 220
12288 9 83 220
12289 10 214 220
12290 11 1 220
12291 12 210 220
12292 14 6 220
12293 13 234 220
12294 15 214 220
12295 16 27 220
12296 17 238 220
12297 18 133 220
12298 19 177 220
12299 20 38 220
12300 21 102 220
12301 22 210 220
12302 23 44 220
12303 24 41 220
12304 25 174 220
12305 26 118 220
12306 27 13 220
12307 28 132 220
12308 29 76 220
12309 30 80 220
12310 31 107 220
12311 32 49 220
12312 33 130 220
12313 34 33 220
12314 35 68 220
12315 36 93 220
12316 37 37 220
12317 38 210 220
12318 39 210 220
12319 40 122 220
12320 41 53 220
12321 42 207 220
12322 43 34 220
12323 44 146 220
12324 45 158 220
12325 46 105 220
12326 47 183 220
12327 48 126 220
12328 49 144 220
12329 50 112 220
12330 51 51 220
12331 52 203 220
12332 53 77 220
12333 54 105 220
12334 55 249 220
12335 56 197 220
12336 57 222 220
12337 58 5 220
12338 59 33 220
12339 60 211 220
12340 61 101 220
12341 62 89 220
12342 63 16 220
12343 64 225 220
12344 65 107 220
12345 66 158 220
12346 67 106 220
12347 68 11 220
12348 69 168 220
12349 70 121 220
12350 71 5 220
12351 72 131 220
12352 73 113 220
12353 74 132 220
12354 75 93 220
12355 76 170 220
12356 77 142 220
12357 78 230 220
12358 79 32 220
12359 80 41 220
12360 81 23 220
12361 82 84 220
12362 83 84 220
12363 84 84 220
12364 85 9 220
12365 86 163 220
12366 88 112 220
12367 89 99 220
12368 0 140 221
12369 1 64 221
12370 2 170 221
12371 3 183 221
12372 4 222 221
12373 5 57 221
12374 6 10 221
12375 7 147 221
12376 8 46 221
12377 9 150 221
12378 10 112 221
12379 11 195 221
12380 12 167 221
12381 13 196 221
12382 14 119 221
12383 15 156 221
12384 16 89 221
12385 17 116 221
12386 18 63 221
12387 19 220 221
12388 20 7 221
12389 21 233 221
12390 22 193 221
12391 23 189 221
12392 24 245 221
12393 25 180 221
12394 26 121 221
12395 27 188 221
12396 28 159 221
12397 29 87 221
12398 30 215 221
12399 31 201 221
12400 32 130 221
12401 33 79 221
12402 34 115 221
12403 35 151 221
12404 36 197 221
12405 37 173 221
12406 38 162 221
12407 39 82 221
12408 40 18 221
12409 41 147 221
12410 42 229 221
12411 43 155 221
12412 44 5 221
12413 45 197 221
12414 46 118 221
12415 47 129 221
12416 48 133 221
12417 49 143 221
12418 50 162 221
12419 51 30 221
12420 52 19 221
12421 53 252 221
12422 54 120 221
12423 55 76 221
12424 56 215 221
12425 57 111 221
12426 58 96 221
12427 59 161 221
12428 60 142 221
12429 61 103 221
12430 62 226 221
12431 63 81 221
12432 64 111 221
12433 65 171 221
12434 66 194 221
12435 67 95 221
12436 68 26 221
12437 69 252 221
12438 70 119 221
12439 71 97 221
12440 72 188 221
12441 73 197 221
12442 74 155 221
12443 75 222 221
12444 76 210 221
12445 77 227 221
12446 78 18 221
12447 79 197 221
12448 80 43 221
12449 81 60 221
12450 82 227 221
12451 83 186 221
12452 84 28 221
12453 85 204 221
12454 86 116 221
12455 87 36 221
12456 88 63 221
12457 89 169 221
12458 90 176 221
12459 91 193 221
12460 92 218 221
12461 93 14 221
12462 94 76 221
12463 0 60 222
12464 1 159 222
12465 2 4 222
12466 3 127 222
12467 4 177 222
12468 5 104 222
12469 6 204 222
12470 7 194 222
12471 8 102 222
12472 9 187 222
12473 10 168 222
12474 11 109 222
12475 12 204 222
12476 13 190 222
12477 14 11 222
12478 15 246 222
12479 16 101 222
12480 17 83 222
12481 18 171 222
12482 19 137 222
12483 20 207 222
12484 21 70 222
12485 22 204 222
12486 23 254 222
12487 24 94 222
12488 25 215 222
12489 26 137 222
12490 27 150 222
12491 28 122 222
12492 29 148 222
12493 30 129 222
12494 31 66 222
12495 32 153 222
12496 33 229 222
12497 34 41 222
12498 35 174 222
12499 36 244 222
12500 37 136 222
12501 38 166 222
12502 39 78 222
12503 40 18 222
12504 41 236 222
12505 42 49 222
12506 43 187 222
12507 44 70 222
12508 45 125 222
12509 46 145 222
12510 47 74 222
12511 48 206 222
12512 49 238 222
12513 50 35 222
12514 51 6 222
12515 52 69 222
12516 53 232 222
12517 54 50 222
12518 55 206 222
12519 56 151 222
12520 57 25 222
12521 58 85 222
12522 59 141 222
12523 60 207 222
12524 61 130 222
12525 62 49 222
12526 63 238 222
12527 64 241 222
12528 65 95 222
12529 66 55 222
12530 67 250 222
12531 68 34 222
12532 69 52 222
12533 70 174 222
12534 71 83 222
12535 72 252 222
12536 73 50 222
12537 74 76 222
12538 75 155 222
12539 76 152 222
12540 77 238 222
12541 78 99 222
12542 79 44 222
12543 80 69 222
12544 81 38 222
12545 82 187 222
12546 83 112 222
12547 84 93 222
12548 85 76 222
12549 86 235 222
12550 87 103 222
12551 88 136 222
12552 89 239 222
12553 90 177 222
12554 91 49 222
12555 92 64 222
12556 93 10 222
12557 94 5 222
12558 96 48 222
12559 97 10 222
12560 98 201 222
12561 0 128 223
12562 1 34 223
12563 2 228 223
12564 3 114 223
12565 4 120 223
12566 5 115 223
12567 6 162 223
12568 7 73 223
12569 8 14 223
12570 9 50 223
12571 10 66 223
12572 11 26 223
12573 12 122 223
12574 13 26 223
12575 14 185 223
12576 15 252 223
12577 16 41 223
12578 17 225 223
12579 18 86 223
12580 19 19 223
12581 20 221 223
12582 21 201 223
12583 22 253 223
12584 23 93 223
12585 24 13 223
12586 25 47 223
12587 26 9 223
12588 27 23 223
12589 28 171 223
12590 29 196 223
12591 30 34 223
12592 31 252 223
12593 32 38 223
12594 33 104 223
12595 34 104 223
12596 35 63 223
12597 36 145 223
12598 37 17 223
12599 38 241 223
12600 39 137 223
12601 40 251 223
12602 41 13 223
12603 42 165 223
12604 43 89 223
12605 0 246 224
12606 44 151 223
12607 0 82 225
12608 45 196 223
12609 46 85 223
12610 47 38 223
12611 48 233 223
12612 49 225 223
12613 50 199 223
12614 51 185 223
12615 52 230 223
12616 53 152 223
12617 54 101 223
12618 55 216 223
12619 56 30 223
12620 57 85 223
12621 58 40 223
12622 59 78 223
12623 60 4 223
12624 61 239 223
12625 62 228 223
12626 63 210 223
12627 64 85 223
12628 65 240 223
12629 66 230 223
12630 67 7 223
12631 68 87 223
12632 69 154 223
12633 70 130 223
12634 71 210 223
12635 72 193 223
12636 73 152 223
12637 74 123 223
12638 75 247 223
12639 76 66 223
12640 77 105 223
12641 78 150 223
12642 79 52 223
12643 80 200 223
12644 81 43 223
12645 82 144 223
12646 83 78 223
12647 84 19 223
12648 85 252 223
12649 86 115 223
12650 87 31 223
12651 88 48 223
12652 89 148 223
12653 90 242 223
12654 91 14 223
12655 92 240 223
12656 93 84 223
12657 94 22 223
12658 95 77 223
12659 96 170 223
12660 97 47 223
12661 98 8 223
12662 99 88 223
12663 100 124 223
12664 101 165 223
12665 103 117 223
12666 1 130 224
12667 2 167 224
12668 3 176 224
12669 4 86 224
12670 5 241 224
12671 6 80 224
12672 7 106 224
12673 8 243 224
12674 9 119 224
12675 10 188 224
12676 11 18 224
12677 12 132 224
12678 13 19 224
12679 14 175 224
12680 15 51 224
12681 16 243 224
12682 17 179 224
12683 18 68 224
12684 19 24 224
12685 20 196 224
12686 21 39 224
12687 22 177 224
12688 23 222 224
12689 24 46 224
12690 25 107 224
12691 26 102 224
12692 27 118 224
12693 28 150 224
12694 29 101 224
12695 30 41 224
12696 31 71 224
12697 32 183 224
12698 33 48 224
12699 34 89 224
12700 35 161 224
12701 36 131 224
12702 37 239 224
12703 38 164 224
12704 39 203 224
12705 40 73 224
12706 41 73 224
12707 42 202 224
12708 43 232 224
12709 44 19 224
12710 45 88 224
12711 46 27 224
12712 48 252 224
12713 47 65 224
12714 49 164 224
12715 50 1 224
12716 51 248 224
12717 52 147 224
12718 53 56 224
12719 54 24 224
12720 55 66 224
12721 56 172 224
12722 57 111 224
12723 58 182 224
12724 59 49 224
12725 60 131 224
12726 61 204 224
12727 62 206 224
12728 63 235 224
12729 64 190 224
12730 65 66 224
12731 66 30 224
12732 67 254 224
12733 68 138 224
12734 69 246 224
12735 70 27 224
12736 71 129 224
12737 72 15 224
12738 73 76 224
12739 74 107 224
12740 75 230 224
12741 76 223 224
12742 77 149 224
12743 78 15 224
12744 79 90 224
12745 80 47 224
12746 81 42 224
12747 82 27 224
12748 83 5 224
12749 84 151 224
12750 85 247 224
12751 86 155 224
12752 87 10 224
12753 88 50 224
12754 89 176 224
12755 90 44 224
12756 91 206 224
12757 92 164 224
12758 93 235 224
12759 94 86 224
12760 95 92 224
12761 96 125 224
12762 97 102 224
12763 98 30 224
12764 99 38 224
12765 100 185 224
12766 101 235 224
12767 102 228 224
12768 103 243 224
12769 104 68 224
12770 105 181 224
12771 106 161 224
12772 2 25 225
12773 1 104 225
12774 3 160 225
12775 4 5 225
12776 5 80 225
12777 6 159 225
12778 7 134 225
12779 8 16 225
12780 9 2 225
12781 10 245 225
12782 12 213 225
12783 11 246 225
12784 13 113 225
12785 14 170 225
12786 15 142 225
12787 16 175 225
12788 17 7 225
12789 18 238 225
12790 19 232 225
12791 20 131 225
12792 21 151 225
12793 22 123 225
12794 23 71 225
12795 24 183 225
12796 25 56 225
12797 26 24 225
12798 27 106 225
12799 28 13 225
12800 29 205 225
12801 30 123 225
12802 31 168 225
12803 32 55 225
12804 33 110 225
12805 34 22 225
12806 35 244 225
12807 36 68 225
12808 37 69 225
12809 38 176 225
12810 39 176 225
12811 40 186 225
12812 41 252 225
12813 42 151 225
12814 43 1 225
12815 44 212 225
12816 45 114 225
12817 46 20 225
12818 47 232 225
12819 48 246 225
12820 49 4 225
12821 50 89 225
12822 52 4 225
12823 51 123 225
12824 53 43 225
12825 54 51 225
12826 55 128 225
12827 56 160 225
12828 57 243 225
12829 58 36 225
12830 59 24 225
12831 60 48 225
12832 61 161 225
12833 62 232 225
12834 63 163 225
12835 64 11 225
12836 65 65 225
12837 66 243 225
12838 67 154 225
12839 68 122 225
12840 69 70 225
12841 70 179 225
12842 71 132 225
12843 72 161 225
12844 73 181 225
12845 74 171 225
12846 75 182 225
12847 76 62 225
12848 77 41 225
12849 78 8 225
12850 79 215 225
12851 80 16 225
12852 81 2 225
12853 82 117 225
12854 83 104 225
12855 84 152 225
12856 85 22 225
12857 86 170 225
12858 87 181 225
12859 88 51 225
12860 89 84 225
12861 90 15 225
12862 91 39 225
12863 92 208 225
12864 93 228 225
12865 94 126 225
12866 95 205 225
12867 96 234 225
12868 97 125 225
12869 98 237 225
12870 99 192 225
12871 100 232 225
12872 101 213 225
12873 102 5 225
12874 103 215 225
12875 104 218 225
12876 105 97 225
12877 106 188 225
12878 107 42 225
12879 108 104 225
12880 109 114 225
12881 110 215 225
12882 0 141 226
12883 1 138 226
12884 2 176 226
12885 3 255 226
12886 4 210 226
12887 5 198 226
12888 6 163 226
12889 7 111 226
12890 8 137 226
12891 9 7 226
12892 10 121 226
12893 11 184 226
12894 12 97 226
12895 13 10 226
12896 14 12 226
12897 15 11 226
12898 16 51 226
12899 17 88 226
12900 18 131 226
12901 19 125 226
12902 20 127 226
12903 21 203 226
12904 22 138 226
12905 23 208 226
12906 24 231 226
12907 25 73 226
12908 26 232 226
12909 27 192 226
12910 28 119 226
12911 29 8 226
12912 30 255 226
12913 31 153 226
12914 32 101 226
12915 33 32 226
12916 34 23 226
12917 35 174 226
12918 36 253 226
12919 37 87 226
12920 38 228 226
12921 39 202 226
12922 40 38 226
12923 41 220 226
12924 42 27 226
12925 43 219 226
12926 44 202 226
12927 45 103 226
12928 46 251 226
12929 47 5 226
12930 48 202 226
12931 49 112 226
12932 50 185 226
12933 51 87 226
12934 52 169 226
12935 54 11 226
12936 53 11 226
12937 55 229 226
12938 56 27 226
12939 57 26 226
12940 58 182 226
12941 59 136 226
12942 60 146 226
12943 61 151 226
12944 62 195 226
12945 63 165 226
12946 64 238 226
12947 65 111 226
12948 66 125 226
12949 67 77 226
12950 68 157 226
12951 69 155 226
12952 70 92 226
12953 71 40 226
12954 72 180 226
12955 73 30 226
12956 74 84 226
12957 75 33 226
12958 76 170 226
12959 77 218 226
12960 78 244 226
12961 79 62 226
12962 80 40 226
12963 81 239 226
12964 82 179 226
12965 83 49 226
12966 84 199 226
12967 85 165 226
12968 86 157 226
12969 87 221 226
12970 88 215 226
12971 89 43 226
12972 90 114 226
12973 91 169 226
12974 92 194 226
12975 93 18 226
12976 95 175 226
12977 94 249 226
12978 96 3 226
12979 97 85 226
12980 98 190 226
12981 99 8 226
12982 100 234 226
12983 101 115 226
12984 102 23 226
12985 103 237 226
12986 104 90 226
12987 105 38 226
12988 106 42 226
12989 107 179 226
12990 108 147 226
12991 109 52 226
12992 110 49 226
12993 111 44 226
12994 112 113 226
12995 113 232 226
12996 0 107 227
12997 1 170 227
12998 2 67 227
12999 3 113 227
13000 4 88 227
13001 5 65 227
13002 6 172 227
13003 7 194 227
13004 8 49 227
13005 9 139 227
13006 10 224 227
13007 11 110 227
13008 12 110 227
13009 13 159 227
13010 14 174 227
13011 15 48 227
13012 16 87 227
13013 17 99 227
13014 18 87 227
13015 19 69 227
13016 20 222 227
13017 21 77 227
13018 22 84 227
13019 23 13 227
13020 24 69 227
13021 25 108 227
13022 26 8 227
13023 27 240 227
13024 28 78 227
13025 29 171 227
13026 30 218 227
13027 31 108 227
13028 32 195 227
13029 33 16 227
13030 34 132 227
13031 35 55 227
13032 36 151 227
13033 37 170 227
13034 38 76 227
13035 39 64 227
13036 40 189 227
13037 41 203 227
13038 42 211 227
13039 43 170 227
13040 44 102 227
13041 45 124 227
13042 46 38 227
13043 47 158 227
13044 48 135 227
13045 49 27 227
13046 50 91 227
13047 51 214 227
13048 52 32 227
13049 53 108 227
13050 54 69 227
13051 55 7 227
13052 56 89 227
13053 57 232 227
13054 58 145 227
13055 59 248 227
13056 60 233 227
13057 61 194 227
13058 62 81 227
13059 63 87 227
13060 64 121 227
13061 65 223 227
13062 66 195 227
13063 67 66 227
13064 68 153 227
13065 69 230 227
13066 70 49 227
13067 71 28 227
13068 72 228 227
13069 73 152 227
13070 74 129 227
13071 75 108 227
13072 76 254 227
13073 77 170 227
13074 78 41 227
13075 79 81 227
13076 80 28 227
13077 81 171 227
13078 82 155 227
13079 83 12 227
13080 84 92 227
13081 85 169 227
13082 86 250 227
13083 87 129 227
13084 88 134 227
13085 89 155 227
13086 90 161 227
13087 91 176 227
13088 92 178 227
13089 93 8 227
13090 94 146 227
13091 95 244 227
13092 96 19 227
13093 97 82 227
13094 98 136 227
13095 99 120 227
13096 100 125 227
13097 101 69 227
13098 102 209 227
13099 103 77 227
13100 104 204 227
13101 105 72 227
13102 106 56 227
13103 107 134 227
13104 108 210 227
13105 109 140 227
13106 110 221 227
13107 111 180 227
13108 112 16 227
13109 113 145 227
13110 0 164 228
13111 1 207 228
13112 2 97 228
13113 3 97 228
weights 229 229 229 229 228 228 228 228 228 228 228 228 228 228 228 228 228 228 228 228 228 228 228 228 228 228 228 228 228 228 228 228 228 228 228 228 228 228 228 228 228 228 228 228 228 228 228 228 228 228 228 228 228 228 228 228 228 228 228 228 228 228 228 228 228 228 228 228 228 228 228 228 228 228 228 228 228 228 228 228 228 228 228 228 228 228 228 228 228 228 228 228 228 228 228 228 228 228 228 228 228 228 228 228 228 228 228 228 228 228 228 228 228 228
