# command: LEAN -j1 -M1536 -DautoImplicit=false -DrelaxedAutoImplicit=false --root=PROJECT_ROOT -o .tools/20260911-low-index-lean-513dc7cc/20260912T101104533996Z/olean/research/tasks/B699-Binomial/runs/20260911-low-index-lean-513dc7cc/lean/I11TerminalMembership/Pair37/Audit.olean research/tasks/B699-Binomial/runs/20260911-low-index-lean-513dc7cc/lean/I11TerminalMembership/Pair37/Audit.lean
# cwd: PROJECT_ROOT
# started_utc: 2026-09-12T10:14:31.368901Z
# finished_utc: 2026-09-12T10:14:41.003781Z
# exit_code: 0
# timed_out: False
Math.B699.I11TerminalMembership.Pair37.outsideCell : Math.B699.CRTGrid.CellData
'Math.B699.I11TerminalMembership.Pair37.outsideCell' does not depend on any axioms
Math.B699.I11TerminalMembership.Pair37.cellA1B1 : Math.B699.CRTGrid.CellData
'Math.B699.I11TerminalMembership.Pair37.cellA1B1' does not depend on any axioms
Math.B699.I11TerminalMembership.Pair37.cellA1B2 : Math.B699.CRTGrid.CellData
'Math.B699.I11TerminalMembership.Pair37.cellA1B2' does not depend on any axioms
Math.B699.I11TerminalMembership.Pair37.cellA1B3 : Math.B699.CRTGrid.CellData
'Math.B699.I11TerminalMembership.Pair37.cellA1B3' does not depend on any axioms
Math.B699.I11TerminalMembership.Pair37.cellA1B4 : Math.B699.CRTGrid.CellData
'Math.B699.I11TerminalMembership.Pair37.cellA1B4' does not depend on any axioms
Math.B699.I11TerminalMembership.Pair37.cellA1B5 : Math.B699.CRTGrid.CellData
'Math.B699.I11TerminalMembership.Pair37.cellA1B5' does not depend on any axioms
Math.B699.I11TerminalMembership.Pair37.cellA1B6 : Math.B699.CRTGrid.CellData
'Math.B699.I11TerminalMembership.Pair37.cellA1B6' does not depend on any axioms
Math.B699.I11TerminalMembership.Pair37.cellA1B7 : Math.B699.CRTGrid.CellData
'Math.B699.I11TerminalMembership.Pair37.cellA1B7' does not depend on any axioms
Math.B699.I11TerminalMembership.Pair37.cellA1B8 : Math.B699.CRTGrid.CellData
'Math.B699.I11TerminalMembership.Pair37.cellA1B8' does not depend on any axioms
Math.B699.I11TerminalMembership.Pair37.cellA2B1 : Math.B699.CRTGrid.CellData
'Math.B699.I11TerminalMembership.Pair37.cellA2B1' does not depend on any axioms
Math.B699.I11TerminalMembership.Pair37.cellA2B2 : Math.B699.CRTGrid.CellData
'Math.B699.I11TerminalMembership.Pair37.cellA2B2' does not depend on any axioms
Math.B699.I11TerminalMembership.Pair37.cellA2B3 : Math.B699.CRTGrid.CellData
'Math.B699.I11TerminalMembership.Pair37.cellA2B3' does not depend on any axioms
Math.B699.I11TerminalMembership.Pair37.cellA2B4 : Math.B699.CRTGrid.CellData
'Math.B699.I11TerminalMembership.Pair37.cellA2B4' does not depend on any axioms
Math.B699.I11TerminalMembership.Pair37.cellA2B5 : Math.B699.CRTGrid.CellData
'Math.B699.I11TerminalMembership.Pair37.cellA2B5' does not depend on any axioms
Math.B699.I11TerminalMembership.Pair37.cellA2B6 : Math.B699.CRTGrid.CellData
'Math.B699.I11TerminalMembership.Pair37.cellA2B6' does not depend on any axioms
Math.B699.I11TerminalMembership.Pair37.cellA2B7 : Math.B699.CRTGrid.CellData
'Math.B699.I11TerminalMembership.Pair37.cellA2B7' does not depend on any axioms
Math.B699.I11TerminalMembership.Pair37.cellA2B8 : Math.B699.CRTGrid.CellData
'Math.B699.I11TerminalMembership.Pair37.cellA2B8' does not depend on any axioms
Math.B699.I11TerminalMembership.Pair37.cellA3B1 : Math.B699.CRTGrid.CellData
'Math.B699.I11TerminalMembership.Pair37.cellA3B1' does not depend on any axioms
Math.B699.I11TerminalMembership.Pair37.cellA3B2 : Math.B699.CRTGrid.CellData
'Math.B699.I11TerminalMembership.Pair37.cellA3B2' does not depend on any axioms
Math.B699.I11TerminalMembership.Pair37.cellA3B3 : Math.B699.CRTGrid.CellData
'Math.B699.I11TerminalMembership.Pair37.cellA3B3' does not depend on any axioms
Math.B699.I11TerminalMembership.Pair37.cellA3B4 : Math.B699.CRTGrid.CellData
'Math.B699.I11TerminalMembership.Pair37.cellA3B4' does not depend on any axioms
Math.B699.I11TerminalMembership.Pair37.cellA3B5 : Math.B699.CRTGrid.CellData
'Math.B699.I11TerminalMembership.Pair37.cellA3B5' does not depend on any axioms
Math.B699.I11TerminalMembership.Pair37.cellA3B6 : Math.B699.CRTGrid.CellData
'Math.B699.I11TerminalMembership.Pair37.cellA3B6' does not depend on any axioms
Math.B699.I11TerminalMembership.Pair37.cellA3B7 : Math.B699.CRTGrid.CellData
'Math.B699.I11TerminalMembership.Pair37.cellA3B7' does not depend on any axioms
Math.B699.I11TerminalMembership.Pair37.cellA3B8 : Math.B699.CRTGrid.CellData
'Math.B699.I11TerminalMembership.Pair37.cellA3B8' does not depend on any axioms
Math.B699.I11TerminalMembership.Pair37.cellA4B1 : Math.B699.CRTGrid.CellData
'Math.B699.I11TerminalMembership.Pair37.cellA4B1' does not depend on any axioms
Math.B699.I11TerminalMembership.Pair37.cellA4B2 : Math.B699.CRTGrid.CellData
'Math.B699.I11TerminalMembership.Pair37.cellA4B2' does not depend on any axioms
Math.B699.I11TerminalMembership.Pair37.cellA4B3 : Math.B699.CRTGrid.CellData
'Math.B699.I11TerminalMembership.Pair37.cellA4B3' does not depend on any axioms
Math.B699.I11TerminalMembership.Pair37.cellA4B4 : Math.B699.CRTGrid.CellData
'Math.B699.I11TerminalMembership.Pair37.cellA4B4' does not depend on any axioms
Math.B699.I11TerminalMembership.Pair37.cellA4B5 : Math.B699.CRTGrid.CellData
'Math.B699.I11TerminalMembership.Pair37.cellA4B5' does not depend on any axioms
Math.B699.I11TerminalMembership.Pair37.cellA4B6 : Math.B699.CRTGrid.CellData
'Math.B699.I11TerminalMembership.Pair37.cellA4B6' does not depend on any axioms
Math.B699.I11TerminalMembership.Pair37.cellA4B7 : Math.B699.CRTGrid.CellData
'Math.B699.I11TerminalMembership.Pair37.cellA4B7' does not depend on any axioms
Math.B699.I11TerminalMembership.Pair37.cellA4B8 : Math.B699.CRTGrid.CellData
'Math.B699.I11TerminalMembership.Pair37.cellA4B8' does not depend on any axioms
Math.B699.I11TerminalMembership.Pair37.cellA5B1 : Math.B699.CRTGrid.CellData
'Math.B699.I11TerminalMembership.Pair37.cellA5B1' does not depend on any axioms
Math.B699.I11TerminalMembership.Pair37.cellA5B2 : Math.B699.CRTGrid.CellData
'Math.B699.I11TerminalMembership.Pair37.cellA5B2' does not depend on any axioms
Math.B699.I11TerminalMembership.Pair37.cellA5B3 : Math.B699.CRTGrid.CellData
'Math.B699.I11TerminalMembership.Pair37.cellA5B3' does not depend on any axioms
Math.B699.I11TerminalMembership.Pair37.cellA5B4 : Math.B699.CRTGrid.CellData
'Math.B699.I11TerminalMembership.Pair37.cellA5B4' does not depend on any axioms
Math.B699.I11TerminalMembership.Pair37.cellA5B5 : Math.B699.CRTGrid.CellData
'Math.B699.I11TerminalMembership.Pair37.cellA5B5' does not depend on any axioms
Math.B699.I11TerminalMembership.Pair37.cellA5B6 : Math.B699.CRTGrid.CellData
'Math.B699.I11TerminalMembership.Pair37.cellA5B6' does not depend on any axioms
Math.B699.I11TerminalMembership.Pair37.cellA5B7 : Math.B699.CRTGrid.CellData
'Math.B699.I11TerminalMembership.Pair37.cellA5B7' does not depend on any axioms
Math.B699.I11TerminalMembership.Pair37.cellA5B8 : Math.B699.CRTGrid.CellData
'Math.B699.I11TerminalMembership.Pair37.cellA5B8' does not depend on any axioms
Math.B699.I11TerminalMembership.Pair37.cellA6B1 : Math.B699.CRTGrid.CellData
'Math.B699.I11TerminalMembership.Pair37.cellA6B1' does not depend on any axioms
Math.B699.I11TerminalMembership.Pair37.cellA6B2 : Math.B699.CRTGrid.CellData
'Math.B699.I11TerminalMembership.Pair37.cellA6B2' does not depend on any axioms
Math.B699.I11TerminalMembership.Pair37.cellA6B3 : Math.B699.CRTGrid.CellData
'Math.B699.I11TerminalMembership.Pair37.cellA6B3' does not depend on any axioms
Math.B699.I11TerminalMembership.Pair37.cellA6B4 : Math.B699.CRTGrid.CellData
'Math.B699.I11TerminalMembership.Pair37.cellA6B4' does not depend on any axioms
Math.B699.I11TerminalMembership.Pair37.cellA6B5 : Math.B699.CRTGrid.CellData
'Math.B699.I11TerminalMembership.Pair37.cellA6B5' does not depend on any axioms
Math.B699.I11TerminalMembership.Pair37.cellA6B6 : Math.B699.CRTGrid.CellData
'Math.B699.I11TerminalMembership.Pair37.cellA6B6' does not depend on any axioms
Math.B699.I11TerminalMembership.Pair37.cellA6B7 : Math.B699.CRTGrid.CellData
'Math.B699.I11TerminalMembership.Pair37.cellA6B7' does not depend on any axioms
Math.B699.I11TerminalMembership.Pair37.cellA6B8 : Math.B699.CRTGrid.CellData
'Math.B699.I11TerminalMembership.Pair37.cellA6B8' does not depend on any axioms
Math.B699.I11TerminalMembership.Pair37.cellA7B1 : Math.B699.CRTGrid.CellData
'Math.B699.I11TerminalMembership.Pair37.cellA7B1' does not depend on any axioms
Math.B699.I11TerminalMembership.Pair37.cellA7B2 : Math.B699.CRTGrid.CellData
'Math.B699.I11TerminalMembership.Pair37.cellA7B2' does not depend on any axioms
Math.B699.I11TerminalMembership.Pair37.cellA7B3 : Math.B699.CRTGrid.CellData
'Math.B699.I11TerminalMembership.Pair37.cellA7B3' does not depend on any axioms
Math.B699.I11TerminalMembership.Pair37.cellA7B4 : Math.B699.CRTGrid.CellData
'Math.B699.I11TerminalMembership.Pair37.cellA7B4' does not depend on any axioms
Math.B699.I11TerminalMembership.Pair37.cellA7B5 : Math.B699.CRTGrid.CellData
'Math.B699.I11TerminalMembership.Pair37.cellA7B5' does not depend on any axioms
Math.B699.I11TerminalMembership.Pair37.cellA7B6 : Math.B699.CRTGrid.CellData
'Math.B699.I11TerminalMembership.Pair37.cellA7B6' does not depend on any axioms
Math.B699.I11TerminalMembership.Pair37.cellA7B7 : Math.B699.CRTGrid.CellData
'Math.B699.I11TerminalMembership.Pair37.cellA7B7' does not depend on any axioms
Math.B699.I11TerminalMembership.Pair37.cellA7B8 : Math.B699.CRTGrid.CellData
'Math.B699.I11TerminalMembership.Pair37.cellA7B8' does not depend on any axioms
Math.B699.I11TerminalMembership.Pair37.cellA8B1 : Math.B699.CRTGrid.CellData
'Math.B699.I11TerminalMembership.Pair37.cellA8B1' does not depend on any axioms
Math.B699.I11TerminalMembership.Pair37.cellA8B2 : Math.B699.CRTGrid.CellData
'Math.B699.I11TerminalMembership.Pair37.cellA8B2' does not depend on any axioms
Math.B699.I11TerminalMembership.Pair37.cellA8B3 : Math.B699.CRTGrid.CellData
'Math.B699.I11TerminalMembership.Pair37.cellA8B3' does not depend on any axioms
Math.B699.I11TerminalMembership.Pair37.cellA8B4 : Math.B699.CRTGrid.CellData
'Math.B699.I11TerminalMembership.Pair37.cellA8B4' does not depend on any axioms
Math.B699.I11TerminalMembership.Pair37.cellA8B5 : Math.B699.CRTGrid.CellData
'Math.B699.I11TerminalMembership.Pair37.cellA8B5' does not depend on any axioms
Math.B699.I11TerminalMembership.Pair37.cellA8B6 : Math.B699.CRTGrid.CellData
'Math.B699.I11TerminalMembership.Pair37.cellA8B6' does not depend on any axioms
Math.B699.I11TerminalMembership.Pair37.cellA8B7 : Math.B699.CRTGrid.CellData
'Math.B699.I11TerminalMembership.Pair37.cellA8B7' does not depend on any axioms
Math.B699.I11TerminalMembership.Pair37.cellA8B8 : Math.B699.CRTGrid.CellData
'Math.B699.I11TerminalMembership.Pair37.cellA8B8' does not depend on any axioms
Math.B699.I11TerminalMembership.Pair37.cellA9B1 : Math.B699.CRTGrid.CellData
'Math.B699.I11TerminalMembership.Pair37.cellA9B1' does not depend on any axioms
Math.B699.I11TerminalMembership.Pair37.cellA9B2 : Math.B699.CRTGrid.CellData
'Math.B699.I11TerminalMembership.Pair37.cellA9B2' does not depend on any axioms
Math.B699.I11TerminalMembership.Pair37.cellA9B3 : Math.B699.CRTGrid.CellData
'Math.B699.I11TerminalMembership.Pair37.cellA9B3' does not depend on any axioms
Math.B699.I11TerminalMembership.Pair37.cellA9B4 : Math.B699.CRTGrid.CellData
'Math.B699.I11TerminalMembership.Pair37.cellA9B4' does not depend on any axioms
Math.B699.I11TerminalMembership.Pair37.cellA9B5 : Math.B699.CRTGrid.CellData
'Math.B699.I11TerminalMembership.Pair37.cellA9B5' does not depend on any axioms
Math.B699.I11TerminalMembership.Pair37.cellA9B6 : Math.B699.CRTGrid.CellData
'Math.B699.I11TerminalMembership.Pair37.cellA9B6' does not depend on any axioms
Math.B699.I11TerminalMembership.Pair37.cellA9B7 : Math.B699.CRTGrid.CellData
'Math.B699.I11TerminalMembership.Pair37.cellA9B7' does not depend on any axioms
Math.B699.I11TerminalMembership.Pair37.cellA9B8 : Math.B699.CRTGrid.CellData
'Math.B699.I11TerminalMembership.Pair37.cellA9B8' does not depend on any axioms
Math.B699.I11TerminalMembership.Pair37.cellA10B1 : Math.B699.CRTGrid.CellData
'Math.B699.I11TerminalMembership.Pair37.cellA10B1' does not depend on any axioms
Math.B699.I11TerminalMembership.Pair37.cellA10B2 : Math.B699.CRTGrid.CellData
'Math.B699.I11TerminalMembership.Pair37.cellA10B2' does not depend on any axioms
Math.B699.I11TerminalMembership.Pair37.cellA10B3 : Math.B699.CRTGrid.CellData
'Math.B699.I11TerminalMembership.Pair37.cellA10B3' does not depend on any axioms
Math.B699.I11TerminalMembership.Pair37.cellA10B4 : Math.B699.CRTGrid.CellData
'Math.B699.I11TerminalMembership.Pair37.cellA10B4' does not depend on any axioms
Math.B699.I11TerminalMembership.Pair37.cellA10B5 : Math.B699.CRTGrid.CellData
'Math.B699.I11TerminalMembership.Pair37.cellA10B5' does not depend on any axioms
Math.B699.I11TerminalMembership.Pair37.cellA10B6 : Math.B699.CRTGrid.CellData
'Math.B699.I11TerminalMembership.Pair37.cellA10B6' does not depend on any axioms
Math.B699.I11TerminalMembership.Pair37.cellA10B7 : Math.B699.CRTGrid.CellData
'Math.B699.I11TerminalMembership.Pair37.cellA10B7' does not depend on any axioms
Math.B699.I11TerminalMembership.Pair37.cellA10B8 : Math.B699.CRTGrid.CellData
'Math.B699.I11TerminalMembership.Pair37.cellA10B8' does not depend on any axioms
Math.B699.I11TerminalMembership.Pair37.cellA11B1 : Math.B699.CRTGrid.CellData
'Math.B699.I11TerminalMembership.Pair37.cellA11B1' does not depend on any axioms
Math.B699.I11TerminalMembership.Pair37.cellA11B2 : Math.B699.CRTGrid.CellData
'Math.B699.I11TerminalMembership.Pair37.cellA11B2' does not depend on any axioms
Math.B699.I11TerminalMembership.Pair37.cellA11B3 : Math.B699.CRTGrid.CellData
'Math.B699.I11TerminalMembership.Pair37.cellA11B3' does not depend on any axioms
Math.B699.I11TerminalMembership.Pair37.cellA11B4 : Math.B699.CRTGrid.CellData
'Math.B699.I11TerminalMembership.Pair37.cellA11B4' does not depend on any axioms
Math.B699.I11TerminalMembership.Pair37.cellA11B5 : Math.B699.CRTGrid.CellData
'Math.B699.I11TerminalMembership.Pair37.cellA11B5' does not depend on any axioms
Math.B699.I11TerminalMembership.Pair37.cellA11B6 : Math.B699.CRTGrid.CellData
'Math.B699.I11TerminalMembership.Pair37.cellA11B6' does not depend on any axioms
Math.B699.I11TerminalMembership.Pair37.cellA11B7 : Math.B699.CRTGrid.CellData
'Math.B699.I11TerminalMembership.Pair37.cellA11B7' does not depend on any axioms
Math.B699.I11TerminalMembership.Pair37.cellA11B8 : Math.B699.CRTGrid.CellData
'Math.B699.I11TerminalMembership.Pair37.cellA11B8' does not depend on any axioms
Math.B699.I11TerminalMembership.Pair37.cellA12B1 : Math.B699.CRTGrid.CellData
'Math.B699.I11TerminalMembership.Pair37.cellA12B1' does not depend on any axioms
Math.B699.I11TerminalMembership.Pair37.cellA12B2 : Math.B699.CRTGrid.CellData
'Math.B699.I11TerminalMembership.Pair37.cellA12B2' does not depend on any axioms
Math.B699.I11TerminalMembership.Pair37.cellA12B3 : Math.B699.CRTGrid.CellData
'Math.B699.I11TerminalMembership.Pair37.cellA12B3' does not depend on any axioms
Math.B699.I11TerminalMembership.Pair37.cellA12B4 : Math.B699.CRTGrid.CellData
'Math.B699.I11TerminalMembership.Pair37.cellA12B4' does not depend on any axioms
Math.B699.I11TerminalMembership.Pair37.cellA12B5 : Math.B699.CRTGrid.CellData
'Math.B699.I11TerminalMembership.Pair37.cellA12B5' does not depend on any axioms
Math.B699.I11TerminalMembership.Pair37.cellA12B6 : Math.B699.CRTGrid.CellData
'Math.B699.I11TerminalMembership.Pair37.cellA12B6' does not depend on any axioms
Math.B699.I11TerminalMembership.Pair37.cellA12B7 : Math.B699.CRTGrid.CellData
'Math.B699.I11TerminalMembership.Pair37.cellA12B7' does not depend on any axioms
Math.B699.I11TerminalMembership.Pair37.cellA12B8 : Math.B699.CRTGrid.CellData
'Math.B699.I11TerminalMembership.Pair37.cellA12B8' does not depend on any axioms
Math.B699.I11TerminalMembership.Pair37.cellA13B1 : Math.B699.CRTGrid.CellData
'Math.B699.I11TerminalMembership.Pair37.cellA13B1' does not depend on any axioms
Math.B699.I11TerminalMembership.Pair37.cellA13B2 : Math.B699.CRTGrid.CellData
'Math.B699.I11TerminalMembership.Pair37.cellA13B2' does not depend on any axioms
Math.B699.I11TerminalMembership.Pair37.cellA13B3 : Math.B699.CRTGrid.CellData
'Math.B699.I11TerminalMembership.Pair37.cellA13B3' does not depend on any axioms
Math.B699.I11TerminalMembership.Pair37.cellA13B4 : Math.B699.CRTGrid.CellData
'Math.B699.I11TerminalMembership.Pair37.cellA13B4' does not depend on any axioms
Math.B699.I11TerminalMembership.Pair37.cellA13B5 : Math.B699.CRTGrid.CellData
'Math.B699.I11TerminalMembership.Pair37.cellA13B5' does not depend on any axioms
Math.B699.I11TerminalMembership.Pair37.cellA13B6 : Math.B699.CRTGrid.CellData
'Math.B699.I11TerminalMembership.Pair37.cellA13B6' does not depend on any axioms
Math.B699.I11TerminalMembership.Pair37.cellA13B7 : Math.B699.CRTGrid.CellData
'Math.B699.I11TerminalMembership.Pair37.cellA13B7' does not depend on any axioms
Math.B699.I11TerminalMembership.Pair37.cellA13B8 : Math.B699.CRTGrid.CellData
'Math.B699.I11TerminalMembership.Pair37.cellA13B8' does not depend on any axioms
Math.B699.I11TerminalMembership.Pair37.cellA14B1 : Math.B699.CRTGrid.CellData
'Math.B699.I11TerminalMembership.Pair37.cellA14B1' does not depend on any axioms
Math.B699.I11TerminalMembership.Pair37.cellA14B2 : Math.B699.CRTGrid.CellData
'Math.B699.I11TerminalMembership.Pair37.cellA14B2' does not depend on any axioms
Math.B699.I11TerminalMembership.Pair37.cellA14B3 : Math.B699.CRTGrid.CellData
'Math.B699.I11TerminalMembership.Pair37.cellA14B3' does not depend on any axioms
Math.B699.I11TerminalMembership.Pair37.cellA14B4 : Math.B699.CRTGrid.CellData
'Math.B699.I11TerminalMembership.Pair37.cellA14B4' does not depend on any axioms
Math.B699.I11TerminalMembership.Pair37.cellA14B5 : Math.B699.CRTGrid.CellData
'Math.B699.I11TerminalMembership.Pair37.cellA14B5' does not depend on any axioms
Math.B699.I11TerminalMembership.Pair37.cellA14B6 : Math.B699.CRTGrid.CellData
'Math.B699.I11TerminalMembership.Pair37.cellA14B6' does not depend on any axioms
Math.B699.I11TerminalMembership.Pair37.cellA14B7 : Math.B699.CRTGrid.CellData
'Math.B699.I11TerminalMembership.Pair37.cellA14B7' does not depend on any axioms
Math.B699.I11TerminalMembership.Pair37.cellA14B8 : Math.B699.CRTGrid.CellData
'Math.B699.I11TerminalMembership.Pair37.cellA14B8' does not depend on any axioms
Math.B699.I11TerminalMembership.Pair37.cellA15B1 : Math.B699.CRTGrid.CellData
'Math.B699.I11TerminalMembership.Pair37.cellA15B1' does not depend on any axioms
Math.B699.I11TerminalMembership.Pair37.cellA15B2 : Math.B699.CRTGrid.CellData
'Math.B699.I11TerminalMembership.Pair37.cellA15B2' does not depend on any axioms
Math.B699.I11TerminalMembership.Pair37.cellA15B3 : Math.B699.CRTGrid.CellData
'Math.B699.I11TerminalMembership.Pair37.cellA15B3' does not depend on any axioms
Math.B699.I11TerminalMembership.Pair37.cellA15B4 : Math.B699.CRTGrid.CellData
'Math.B699.I11TerminalMembership.Pair37.cellA15B4' does not depend on any axioms
Math.B699.I11TerminalMembership.Pair37.cellA15B5 : Math.B699.CRTGrid.CellData
'Math.B699.I11TerminalMembership.Pair37.cellA15B5' does not depend on any axioms
Math.B699.I11TerminalMembership.Pair37.cellA15B6 : Math.B699.CRTGrid.CellData
'Math.B699.I11TerminalMembership.Pair37.cellA15B6' does not depend on any axioms
Math.B699.I11TerminalMembership.Pair37.cellA15B7 : Math.B699.CRTGrid.CellData
'Math.B699.I11TerminalMembership.Pair37.cellA15B7' does not depend on any axioms
Math.B699.I11TerminalMembership.Pair37.cellA15B8 : Math.B699.CRTGrid.CellData
'Math.B699.I11TerminalMembership.Pair37.cellA15B8' does not depend on any axioms
Math.B699.I11TerminalMembership.Pair37.rowA1 (b : ℕ) : Math.B699.CRTGrid.CellData
'Math.B699.I11TerminalMembership.Pair37.rowA1' does not depend on any axioms
Math.B699.I11TerminalMembership.Pair37.rowA2 (b : ℕ) : Math.B699.CRTGrid.CellData
'Math.B699.I11TerminalMembership.Pair37.rowA2' does not depend on any axioms
Math.B699.I11TerminalMembership.Pair37.rowA3 (b : ℕ) : Math.B699.CRTGrid.CellData
'Math.B699.I11TerminalMembership.Pair37.rowA3' does not depend on any axioms
Math.B699.I11TerminalMembership.Pair37.rowA4 (b : ℕ) : Math.B699.CRTGrid.CellData
'Math.B699.I11TerminalMembership.Pair37.rowA4' does not depend on any axioms
Math.B699.I11TerminalMembership.Pair37.rowA5 (b : ℕ) : Math.B699.CRTGrid.CellData
'Math.B699.I11TerminalMembership.Pair37.rowA5' does not depend on any axioms
Math.B699.I11TerminalMembership.Pair37.rowA6 (b : ℕ) : Math.B699.CRTGrid.CellData
'Math.B699.I11TerminalMembership.Pair37.rowA6' does not depend on any axioms
Math.B699.I11TerminalMembership.Pair37.rowA7 (b : ℕ) : Math.B699.CRTGrid.CellData
'Math.B699.I11TerminalMembership.Pair37.rowA7' does not depend on any axioms
Math.B699.I11TerminalMembership.Pair37.rowA8 (b : ℕ) : Math.B699.CRTGrid.CellData
'Math.B699.I11TerminalMembership.Pair37.rowA8' does not depend on any axioms
Math.B699.I11TerminalMembership.Pair37.rowA9 (b : ℕ) : Math.B699.CRTGrid.CellData
'Math.B699.I11TerminalMembership.Pair37.rowA9' does not depend on any axioms
Math.B699.I11TerminalMembership.Pair37.rowA10 (b : ℕ) : Math.B699.CRTGrid.CellData
'Math.B699.I11TerminalMembership.Pair37.rowA10' does not depend on any axioms
Math.B699.I11TerminalMembership.Pair37.rowA11 (b : ℕ) : Math.B699.CRTGrid.CellData
'Math.B699.I11TerminalMembership.Pair37.rowA11' does not depend on any axioms
Math.B699.I11TerminalMembership.Pair37.rowA12 (b : ℕ) : Math.B699.CRTGrid.CellData
'Math.B699.I11TerminalMembership.Pair37.rowA12' does not depend on any axioms
Math.B699.I11TerminalMembership.Pair37.rowA13 (b : ℕ) : Math.B699.CRTGrid.CellData
'Math.B699.I11TerminalMembership.Pair37.rowA13' does not depend on any axioms
Math.B699.I11TerminalMembership.Pair37.rowA14 (b : ℕ) : Math.B699.CRTGrid.CellData
'Math.B699.I11TerminalMembership.Pair37.rowA14' does not depend on any axioms
Math.B699.I11TerminalMembership.Pair37.rowA15 (b : ℕ) : Math.B699.CRTGrid.CellData
'Math.B699.I11TerminalMembership.Pair37.rowA15' does not depend on any axioms
Math.B699.I11TerminalMembership.Pair37.cells (a b : ℕ) : Math.B699.CRTGrid.CellData
'Math.B699.I11TerminalMembership.Pair37.cells' does not depend on any axioms
Math.B699.I11TerminalMembership.Pair37.cellA1B1_check :
  Math.B699.I11TerminalCRT.cellCoverCheck (3 ^ 1) (7 ^ 1)
      (Math.B699.CRTGrid.heightCap B699LowIndex.I11CrtStageMetadata.Stage04.H B699LowIndex.I11CrtStageMetadata.Stage04.M
        (3 ^ 1))
      (Math.B699.CRTGrid.heightCap B699LowIndex.I11CrtStageMetadata.Stage04.H B699LowIndex.I11CrtStageMetadata.Stage04.M
        (7 ^ 1))
      Math.B699.I11TerminalMembership.Pair37.cellA1B1 Math.B699.I11TerminalMembership.candidates =
    true
'Math.B699.I11TerminalMembership.Pair37.cellA1B1_check' depends on axioms: [propext]
Math.B699.I11TerminalMembership.Pair37.cellA1B2_check :
  Math.B699.I11TerminalCRT.cellCoverCheck (3 ^ 1) (7 ^ 2)
      (Math.B699.CRTGrid.heightCap B699LowIndex.I11CrtStageMetadata.Stage04.H B699LowIndex.I11CrtStageMetadata.Stage04.M
        (3 ^ 1))
      (Math.B699.CRTGrid.heightCap B699LowIndex.I11CrtStageMetadata.Stage04.H B699LowIndex.I11CrtStageMetadata.Stage04.M
        (7 ^ 2))
      Math.B699.I11TerminalMembership.Pair37.cellA1B2 Math.B699.I11TerminalMembership.candidates =
    true
'Math.B699.I11TerminalMembership.Pair37.cellA1B2_check' depends on axioms: [propext]
Math.B699.I11TerminalMembership.Pair37.cellA1B3_check :
  Math.B699.I11TerminalCRT.cellCoverCheck (3 ^ 1) (7 ^ 3)
      (Math.B699.CRTGrid.heightCap B699LowIndex.I11CrtStageMetadata.Stage04.H B699LowIndex.I11CrtStageMetadata.Stage04.M
        (3 ^ 1))
      (Math.B699.CRTGrid.heightCap B699LowIndex.I11CrtStageMetadata.Stage04.H B699LowIndex.I11CrtStageMetadata.Stage04.M
        (7 ^ 3))
      Math.B699.I11TerminalMembership.Pair37.cellA1B3 Math.B699.I11TerminalMembership.candidates =
    true
'Math.B699.I11TerminalMembership.Pair37.cellA1B3_check' depends on axioms: [propext]
Math.B699.I11TerminalMembership.Pair37.cellA1B4_check :
  Math.B699.I11TerminalCRT.cellCoverCheck (3 ^ 1) (7 ^ 4)
      (Math.B699.CRTGrid.heightCap B699LowIndex.I11CrtStageMetadata.Stage04.H B699LowIndex.I11CrtStageMetadata.Stage04.M
        (3 ^ 1))
      (Math.B699.CRTGrid.heightCap B699LowIndex.I11CrtStageMetadata.Stage04.H B699LowIndex.I11CrtStageMetadata.Stage04.M
        (7 ^ 4))
      Math.B699.I11TerminalMembership.Pair37.cellA1B4 Math.B699.I11TerminalMembership.candidates =
    true
'Math.B699.I11TerminalMembership.Pair37.cellA1B4_check' depends on axioms: [propext]
Math.B699.I11TerminalMembership.Pair37.cellA1B5_check :
  Math.B699.I11TerminalCRT.cellCoverCheck (3 ^ 1) (7 ^ 5)
      (Math.B699.CRTGrid.heightCap B699LowIndex.I11CrtStageMetadata.Stage04.H B699LowIndex.I11CrtStageMetadata.Stage04.M
        (3 ^ 1))
      (Math.B699.CRTGrid.heightCap B699LowIndex.I11CrtStageMetadata.Stage04.H B699LowIndex.I11CrtStageMetadata.Stage04.M
        (7 ^ 5))
      Math.B699.I11TerminalMembership.Pair37.cellA1B5 Math.B699.I11TerminalMembership.candidates =
    true
'Math.B699.I11TerminalMembership.Pair37.cellA1B5_check' depends on axioms: [propext]
Math.B699.I11TerminalMembership.Pair37.cellA1B6_check :
  Math.B699.I11TerminalCRT.cellCoverCheck (3 ^ 1) (7 ^ 6)
      (Math.B699.CRTGrid.heightCap B699LowIndex.I11CrtStageMetadata.Stage04.H B699LowIndex.I11CrtStageMetadata.Stage04.M
        (3 ^ 1))
      (Math.B699.CRTGrid.heightCap B699LowIndex.I11CrtStageMetadata.Stage04.H B699LowIndex.I11CrtStageMetadata.Stage04.M
        (7 ^ 6))
      Math.B699.I11TerminalMembership.Pair37.cellA1B6 Math.B699.I11TerminalMembership.candidates =
    true
'Math.B699.I11TerminalMembership.Pair37.cellA1B6_check' depends on axioms: [propext]
Math.B699.I11TerminalMembership.Pair37.cellA1B7_check :
  Math.B699.I11TerminalCRT.cellCoverCheck (3 ^ 1) (7 ^ 7)
      (Math.B699.CRTGrid.heightCap B699LowIndex.I11CrtStageMetadata.Stage04.H B699LowIndex.I11CrtStageMetadata.Stage04.M
        (3 ^ 1))
      (Math.B699.CRTGrid.heightCap B699LowIndex.I11CrtStageMetadata.Stage04.H B699LowIndex.I11CrtStageMetadata.Stage04.M
        (7 ^ 7))
      Math.B699.I11TerminalMembership.Pair37.cellA1B7 Math.B699.I11TerminalMembership.candidates =
    true
'Math.B699.I11TerminalMembership.Pair37.cellA1B7_check' depends on axioms: [propext]
Math.B699.I11TerminalMembership.Pair37.cellA1B8_check :
  Math.B699.I11TerminalCRT.cellCoverCheck (3 ^ 1) (7 ^ 8)
      (Math.B699.CRTGrid.heightCap B699LowIndex.I11CrtStageMetadata.Stage04.H B699LowIndex.I11CrtStageMetadata.Stage04.M
        (3 ^ 1))
      (Math.B699.CRTGrid.heightCap B699LowIndex.I11CrtStageMetadata.Stage04.H B699LowIndex.I11CrtStageMetadata.Stage04.M
        (7 ^ 8))
      Math.B699.I11TerminalMembership.Pair37.cellA1B8 Math.B699.I11TerminalMembership.candidates =
    true
'Math.B699.I11TerminalMembership.Pair37.cellA1B8_check' depends on axioms: [propext]
Math.B699.I11TerminalMembership.Pair37.rowA1_cell_check (b : ℕ) (hb0 : 1 ≤ b) (hb1 : b ≤ 8) :
  Math.B699.I11TerminalCRT.cellCoverCheck (3 ^ 1) (7 ^ b)
      (Math.B699.CRTGrid.heightCap B699LowIndex.I11CrtStageMetadata.Stage04.H B699LowIndex.I11CrtStageMetadata.Stage04.M
        (3 ^ 1))
      (Math.B699.CRTGrid.heightCap B699LowIndex.I11CrtStageMetadata.Stage04.H B699LowIndex.I11CrtStageMetadata.Stage04.M
        (7 ^ b))
      (Math.B699.I11TerminalMembership.Pair37.rowA1 b) Math.B699.I11TerminalMembership.candidates =
    true
'Math.B699.I11TerminalMembership.Pair37.rowA1_cell_check' depends on axioms: [propext]
Math.B699.I11TerminalMembership.Pair37.rowA1_block_check :
  Math.B699.I11TerminalCRT.blockCoverCheck 3 7 B699LowIndex.I11CrtStageMetadata.Stage04.H
      B699LowIndex.I11CrtStageMetadata.Stage04.M 1 1 1 8 Math.B699.I11TerminalMembership.Pair37.cells
      Math.B699.I11TerminalMembership.candidates =
    true
'Math.B699.I11TerminalMembership.Pair37.rowA1_block_check' depends on axioms: [propext, Quot.sound]
Math.B699.I11TerminalMembership.Pair37.cellA2B1_check :
  Math.B699.I11TerminalCRT.cellCoverCheck (3 ^ 2) (7 ^ 1)
      (Math.B699.CRTGrid.heightCap B699LowIndex.I11CrtStageMetadata.Stage04.H B699LowIndex.I11CrtStageMetadata.Stage04.M
        (3 ^ 2))
      (Math.B699.CRTGrid.heightCap B699LowIndex.I11CrtStageMetadata.Stage04.H B699LowIndex.I11CrtStageMetadata.Stage04.M
        (7 ^ 1))
      Math.B699.I11TerminalMembership.Pair37.cellA2B1 Math.B699.I11TerminalMembership.candidates =
    true
'Math.B699.I11TerminalMembership.Pair37.cellA2B1_check' depends on axioms: [propext]
Math.B699.I11TerminalMembership.Pair37.cellA2B2_check :
  Math.B699.I11TerminalCRT.cellCoverCheck (3 ^ 2) (7 ^ 2)
      (Math.B699.CRTGrid.heightCap B699LowIndex.I11CrtStageMetadata.Stage04.H B699LowIndex.I11CrtStageMetadata.Stage04.M
        (3 ^ 2))
      (Math.B699.CRTGrid.heightCap B699LowIndex.I11CrtStageMetadata.Stage04.H B699LowIndex.I11CrtStageMetadata.Stage04.M
        (7 ^ 2))
      Math.B699.I11TerminalMembership.Pair37.cellA2B2 Math.B699.I11TerminalMembership.candidates =
    true
'Math.B699.I11TerminalMembership.Pair37.cellA2B2_check' depends on axioms: [propext]
Math.B699.I11TerminalMembership.Pair37.cellA2B3_check :
  Math.B699.I11TerminalCRT.cellCoverCheck (3 ^ 2) (7 ^ 3)
      (Math.B699.CRTGrid.heightCap B699LowIndex.I11CrtStageMetadata.Stage04.H B699LowIndex.I11CrtStageMetadata.Stage04.M
        (3 ^ 2))
      (Math.B699.CRTGrid.heightCap B699LowIndex.I11CrtStageMetadata.Stage04.H B699LowIndex.I11CrtStageMetadata.Stage04.M
        (7 ^ 3))
      Math.B699.I11TerminalMembership.Pair37.cellA2B3 Math.B699.I11TerminalMembership.candidates =
    true
'Math.B699.I11TerminalMembership.Pair37.cellA2B3_check' depends on axioms: [propext]
Math.B699.I11TerminalMembership.Pair37.cellA2B4_check :
  Math.B699.I11TerminalCRT.cellCoverCheck (3 ^ 2) (7 ^ 4)
      (Math.B699.CRTGrid.heightCap B699LowIndex.I11CrtStageMetadata.Stage04.H B699LowIndex.I11CrtStageMetadata.Stage04.M
        (3 ^ 2))
      (Math.B699.CRTGrid.heightCap B699LowIndex.I11CrtStageMetadata.Stage04.H B699LowIndex.I11CrtStageMetadata.Stage04.M
        (7 ^ 4))
      Math.B699.I11TerminalMembership.Pair37.cellA2B4 Math.B699.I11TerminalMembership.candidates =
    true
'Math.B699.I11TerminalMembership.Pair37.cellA2B4_check' depends on axioms: [propext]
Math.B699.I11TerminalMembership.Pair37.cellA2B5_check :
  Math.B699.I11TerminalCRT.cellCoverCheck (3 ^ 2) (7 ^ 5)
      (Math.B699.CRTGrid.heightCap B699LowIndex.I11CrtStageMetadata.Stage04.H B699LowIndex.I11CrtStageMetadata.Stage04.M
        (3 ^ 2))
      (Math.B699.CRTGrid.heightCap B699LowIndex.I11CrtStageMetadata.Stage04.H B699LowIndex.I11CrtStageMetadata.Stage04.M
        (7 ^ 5))
      Math.B699.I11TerminalMembership.Pair37.cellA2B5 Math.B699.I11TerminalMembership.candidates =
    true
'Math.B699.I11TerminalMembership.Pair37.cellA2B5_check' depends on axioms: [propext]
Math.B699.I11TerminalMembership.Pair37.cellA2B6_check :
  Math.B699.I11TerminalCRT.cellCoverCheck (3 ^ 2) (7 ^ 6)
      (Math.B699.CRTGrid.heightCap B699LowIndex.I11CrtStageMetadata.Stage04.H B699LowIndex.I11CrtStageMetadata.Stage04.M
        (3 ^ 2))
      (Math.B699.CRTGrid.heightCap B699LowIndex.I11CrtStageMetadata.Stage04.H B699LowIndex.I11CrtStageMetadata.Stage04.M
        (7 ^ 6))
      Math.B699.I11TerminalMembership.Pair37.cellA2B6 Math.B699.I11TerminalMembership.candidates =
    true
'Math.B699.I11TerminalMembership.Pair37.cellA2B6_check' depends on axioms: [propext]
Math.B699.I11TerminalMembership.Pair37.cellA2B7_check :
  Math.B699.I11TerminalCRT.cellCoverCheck (3 ^ 2) (7 ^ 7)
      (Math.B699.CRTGrid.heightCap B699LowIndex.I11CrtStageMetadata.Stage04.H B699LowIndex.I11CrtStageMetadata.Stage04.M
        (3 ^ 2))
      (Math.B699.CRTGrid.heightCap B699LowIndex.I11CrtStageMetadata.Stage04.H B699LowIndex.I11CrtStageMetadata.Stage04.M
        (7 ^ 7))
      Math.B699.I11TerminalMembership.Pair37.cellA2B7 Math.B699.I11TerminalMembership.candidates =
    true
'Math.B699.I11TerminalMembership.Pair37.cellA2B7_check' depends on axioms: [propext]
Math.B699.I11TerminalMembership.Pair37.cellA2B8_check :
  Math.B699.I11TerminalCRT.cellCoverCheck (3 ^ 2) (7 ^ 8)
      (Math.B699.CRTGrid.heightCap B699LowIndex.I11CrtStageMetadata.Stage04.H B699LowIndex.I11CrtStageMetadata.Stage04.M
        (3 ^ 2))
      (Math.B699.CRTGrid.heightCap B699LowIndex.I11CrtStageMetadata.Stage04.H B699LowIndex.I11CrtStageMetadata.Stage04.M
        (7 ^ 8))
      Math.B699.I11TerminalMembership.Pair37.cellA2B8 Math.B699.I11TerminalMembership.candidates =
    true
'Math.B699.I11TerminalMembership.Pair37.cellA2B8_check' depends on axioms: [propext]
Math.B699.I11TerminalMembership.Pair37.rowA2_cell_check (b : ℕ) (hb0 : 1 ≤ b) (hb1 : b ≤ 8) :
  Math.B699.I11TerminalCRT.cellCoverCheck (3 ^ 2) (7 ^ b)
      (Math.B699.CRTGrid.heightCap B699LowIndex.I11CrtStageMetadata.Stage04.H B699LowIndex.I11CrtStageMetadata.Stage04.M
        (3 ^ 2))
      (Math.B699.CRTGrid.heightCap B699LowIndex.I11CrtStageMetadata.Stage04.H B699LowIndex.I11CrtStageMetadata.Stage04.M
        (7 ^ b))
      (Math.B699.I11TerminalMembership.Pair37.rowA2 b) Math.B699.I11TerminalMembership.candidates =
    true
'Math.B699.I11TerminalMembership.Pair37.rowA2_cell_check' depends on axioms: [propext]
Math.B699.I11TerminalMembership.Pair37.rowA2_block_check :
  Math.B699.I11TerminalCRT.blockCoverCheck 3 7 B699LowIndex.I11CrtStageMetadata.Stage04.H
      B699LowIndex.I11CrtStageMetadata.Stage04.M 2 1 1 8 Math.B699.I11TerminalMembership.Pair37.cells
      Math.B699.I11TerminalMembership.candidates =
    true
'Math.B699.I11TerminalMembership.Pair37.rowA2_block_check' depends on axioms: [propext, Quot.sound]
Math.B699.I11TerminalMembership.Pair37.cellA3B1_check :
  Math.B699.I11TerminalCRT.cellCoverCheck (3 ^ 3) (7 ^ 1)
      (Math.B699.CRTGrid.heightCap B699LowIndex.I11CrtStageMetadata.Stage04.H B699LowIndex.I11CrtStageMetadata.Stage04.M
        (3 ^ 3))
      (Math.B699.CRTGrid.heightCap B699LowIndex.I11CrtStageMetadata.Stage04.H B699LowIndex.I11CrtStageMetadata.Stage04.M
        (7 ^ 1))
      Math.B699.I11TerminalMembership.Pair37.cellA3B1 Math.B699.I11TerminalMembership.candidates =
    true
'Math.B699.I11TerminalMembership.Pair37.cellA3B1_check' depends on axioms: [propext]
Math.B699.I11TerminalMembership.Pair37.cellA3B2_check :
  Math.B699.I11TerminalCRT.cellCoverCheck (3 ^ 3) (7 ^ 2)
      (Math.B699.CRTGrid.heightCap B699LowIndex.I11CrtStageMetadata.Stage04.H B699LowIndex.I11CrtStageMetadata.Stage04.M
        (3 ^ 3))
      (Math.B699.CRTGrid.heightCap B699LowIndex.I11CrtStageMetadata.Stage04.H B699LowIndex.I11CrtStageMetadata.Stage04.M
        (7 ^ 2))
      Math.B699.I11TerminalMembership.Pair37.cellA3B2 Math.B699.I11TerminalMembership.candidates =
    true
'Math.B699.I11TerminalMembership.Pair37.cellA3B2_check' depends on axioms: [propext, Quot.sound]
Math.B699.I11TerminalMembership.Pair37.cellA3B3_check :
  Math.B699.I11TerminalCRT.cellCoverCheck (3 ^ 3) (7 ^ 3)
      (Math.B699.CRTGrid.heightCap B699LowIndex.I11CrtStageMetadata.Stage04.H B699LowIndex.I11CrtStageMetadata.Stage04.M
        (3 ^ 3))
      (Math.B699.CRTGrid.heightCap B699LowIndex.I11CrtStageMetadata.Stage04.H B699LowIndex.I11CrtStageMetadata.Stage04.M
        (7 ^ 3))
      Math.B699.I11TerminalMembership.Pair37.cellA3B3 Math.B699.I11TerminalMembership.candidates =
    true
'Math.B699.I11TerminalMembership.Pair37.cellA3B3_check' depends on axioms: [propext]
Math.B699.I11TerminalMembership.Pair37.cellA3B4_check :
  Math.B699.I11TerminalCRT.cellCoverCheck (3 ^ 3) (7 ^ 4)
      (Math.B699.CRTGrid.heightCap B699LowIndex.I11CrtStageMetadata.Stage04.H B699LowIndex.I11CrtStageMetadata.Stage04.M
        (3 ^ 3))
      (Math.B699.CRTGrid.heightCap B699LowIndex.I11CrtStageMetadata.Stage04.H B699LowIndex.I11CrtStageMetadata.Stage04.M
        (7 ^ 4))
      Math.B699.I11TerminalMembership.Pair37.cellA3B4 Math.B699.I11TerminalMembership.candidates =
    true
'Math.B699.I11TerminalMembership.Pair37.cellA3B4_check' depends on axioms: [propext]
Math.B699.I11TerminalMembership.Pair37.cellA3B5_check :
  Math.B699.I11TerminalCRT.cellCoverCheck (3 ^ 3) (7 ^ 5)
      (Math.B699.CRTGrid.heightCap B699LowIndex.I11CrtStageMetadata.Stage04.H B699LowIndex.I11CrtStageMetadata.Stage04.M
        (3 ^ 3))
      (Math.B699.CRTGrid.heightCap B699LowIndex.I11CrtStageMetadata.Stage04.H B699LowIndex.I11CrtStageMetadata.Stage04.M
        (7 ^ 5))
      Math.B699.I11TerminalMembership.Pair37.cellA3B5 Math.B699.I11TerminalMembership.candidates =
    true
'Math.B699.I11TerminalMembership.Pair37.cellA3B5_check' depends on axioms: [propext]
Math.B699.I11TerminalMembership.Pair37.cellA3B6_check :
  Math.B699.I11TerminalCRT.cellCoverCheck (3 ^ 3) (7 ^ 6)
      (Math.B699.CRTGrid.heightCap B699LowIndex.I11CrtStageMetadata.Stage04.H B699LowIndex.I11CrtStageMetadata.Stage04.M
        (3 ^ 3))
      (Math.B699.CRTGrid.heightCap B699LowIndex.I11CrtStageMetadata.Stage04.H B699LowIndex.I11CrtStageMetadata.Stage04.M
        (7 ^ 6))
      Math.B699.I11TerminalMembership.Pair37.cellA3B6 Math.B699.I11TerminalMembership.candidates =
    true
'Math.B699.I11TerminalMembership.Pair37.cellA3B6_check' depends on axioms: [propext]
Math.B699.I11TerminalMembership.Pair37.cellA3B7_check :
  Math.B699.I11TerminalCRT.cellCoverCheck (3 ^ 3) (7 ^ 7)
      (Math.B699.CRTGrid.heightCap B699LowIndex.I11CrtStageMetadata.Stage04.H B699LowIndex.I11CrtStageMetadata.Stage04.M
        (3 ^ 3))
      (Math.B699.CRTGrid.heightCap B699LowIndex.I11CrtStageMetadata.Stage04.H B699LowIndex.I11CrtStageMetadata.Stage04.M
        (7 ^ 7))
      Math.B699.I11TerminalMembership.Pair37.cellA3B7 Math.B699.I11TerminalMembership.candidates =
    true
'Math.B699.I11TerminalMembership.Pair37.cellA3B7_check' depends on axioms: [propext]
Math.B699.I11TerminalMembership.Pair37.cellA3B8_check :
  Math.B699.I11TerminalCRT.cellCoverCheck (3 ^ 3) (7 ^ 8)
      (Math.B699.CRTGrid.heightCap B699LowIndex.I11CrtStageMetadata.Stage04.H B699LowIndex.I11CrtStageMetadata.Stage04.M
        (3 ^ 3))
      (Math.B699.CRTGrid.heightCap B699LowIndex.I11CrtStageMetadata.Stage04.H B699LowIndex.I11CrtStageMetadata.Stage04.M
        (7 ^ 8))
      Math.B699.I11TerminalMembership.Pair37.cellA3B8 Math.B699.I11TerminalMembership.candidates =
    true
'Math.B699.I11TerminalMembership.Pair37.cellA3B8_check' depends on axioms: [propext]
Math.B699.I11TerminalMembership.Pair37.rowA3_cell_check (b : ℕ) (hb0 : 1 ≤ b) (hb1 : b ≤ 8) :
  Math.B699.I11TerminalCRT.cellCoverCheck (3 ^ 3) (7 ^ b)
      (Math.B699.CRTGrid.heightCap B699LowIndex.I11CrtStageMetadata.Stage04.H B699LowIndex.I11CrtStageMetadata.Stage04.M
        (3 ^ 3))
      (Math.B699.CRTGrid.heightCap B699LowIndex.I11CrtStageMetadata.Stage04.H B699LowIndex.I11CrtStageMetadata.Stage04.M
        (7 ^ b))
      (Math.B699.I11TerminalMembership.Pair37.rowA3 b) Math.B699.I11TerminalMembership.candidates =
    true
'Math.B699.I11TerminalMembership.Pair37.rowA3_cell_check' depends on axioms: [propext, Quot.sound]
Math.B699.I11TerminalMembership.Pair37.rowA3_block_check :
  Math.B699.I11TerminalCRT.blockCoverCheck 3 7 B699LowIndex.I11CrtStageMetadata.Stage04.H
      B699LowIndex.I11CrtStageMetadata.Stage04.M 3 1 1 8 Math.B699.I11TerminalMembership.Pair37.cells
      Math.B699.I11TerminalMembership.candidates =
    true
'Math.B699.I11TerminalMembership.Pair37.rowA3_block_check' depends on axioms: [propext, Quot.sound]
Math.B699.I11TerminalMembership.Pair37.cellA4B1_check :
  Math.B699.I11TerminalCRT.cellCoverCheck (3 ^ 4) (7 ^ 1)
      (Math.B699.CRTGrid.heightCap B699LowIndex.I11CrtStageMetadata.Stage04.H B699LowIndex.I11CrtStageMetadata.Stage04.M
        (3 ^ 4))
      (Math.B699.CRTGrid.heightCap B699LowIndex.I11CrtStageMetadata.Stage04.H B699LowIndex.I11CrtStageMetadata.Stage04.M
        (7 ^ 1))
      Math.B699.I11TerminalMembership.Pair37.cellA4B1 Math.B699.I11TerminalMembership.candidates =
    true
'Math.B699.I11TerminalMembership.Pair37.cellA4B1_check' depends on axioms: [propext]
Math.B699.I11TerminalMembership.Pair37.cellA4B2_check :
  Math.B699.I11TerminalCRT.cellCoverCheck (3 ^ 4) (7 ^ 2)
      (Math.B699.CRTGrid.heightCap B699LowIndex.I11CrtStageMetadata.Stage04.H B699LowIndex.I11CrtStageMetadata.Stage04.M
        (3 ^ 4))
      (Math.B699.CRTGrid.heightCap B699LowIndex.I11CrtStageMetadata.Stage04.H B699LowIndex.I11CrtStageMetadata.Stage04.M
        (7 ^ 2))
      Math.B699.I11TerminalMembership.Pair37.cellA4B2 Math.B699.I11TerminalMembership.candidates =
    true
'Math.B699.I11TerminalMembership.Pair37.cellA4B2_check' depends on axioms: [propext, Quot.sound]
Math.B699.I11TerminalMembership.Pair37.cellA4B3_check :
  Math.B699.I11TerminalCRT.cellCoverCheck (3 ^ 4) (7 ^ 3)
      (Math.B699.CRTGrid.heightCap B699LowIndex.I11CrtStageMetadata.Stage04.H B699LowIndex.I11CrtStageMetadata.Stage04.M
        (3 ^ 4))
      (Math.B699.CRTGrid.heightCap B699LowIndex.I11CrtStageMetadata.Stage04.H B699LowIndex.I11CrtStageMetadata.Stage04.M
        (7 ^ 3))
      Math.B699.I11TerminalMembership.Pair37.cellA4B3 Math.B699.I11TerminalMembership.candidates =
    true
'Math.B699.I11TerminalMembership.Pair37.cellA4B3_check' depends on axioms: [propext]
Math.B699.I11TerminalMembership.Pair37.cellA4B4_check :
  Math.B699.I11TerminalCRT.cellCoverCheck (3 ^ 4) (7 ^ 4)
      (Math.B699.CRTGrid.heightCap B699LowIndex.I11CrtStageMetadata.Stage04.H B699LowIndex.I11CrtStageMetadata.Stage04.M
        (3 ^ 4))
      (Math.B699.CRTGrid.heightCap B699LowIndex.I11CrtStageMetadata.Stage04.H B699LowIndex.I11CrtStageMetadata.Stage04.M
        (7 ^ 4))
      Math.B699.I11TerminalMembership.Pair37.cellA4B4 Math.B699.I11TerminalMembership.candidates =
    true
'Math.B699.I11TerminalMembership.Pair37.cellA4B4_check' depends on axioms: [propext]
Math.B699.I11TerminalMembership.Pair37.cellA4B5_check :
  Math.B699.I11TerminalCRT.cellCoverCheck (3 ^ 4) (7 ^ 5)
      (Math.B699.CRTGrid.heightCap B699LowIndex.I11CrtStageMetadata.Stage04.H B699LowIndex.I11CrtStageMetadata.Stage04.M
        (3 ^ 4))
      (Math.B699.CRTGrid.heightCap B699LowIndex.I11CrtStageMetadata.Stage04.H B699LowIndex.I11CrtStageMetadata.Stage04.M
        (7 ^ 5))
      Math.B699.I11TerminalMembership.Pair37.cellA4B5 Math.B699.I11TerminalMembership.candidates =
    true
'Math.B699.I11TerminalMembership.Pair37.cellA4B5_check' depends on axioms: [propext]
Math.B699.I11TerminalMembership.Pair37.cellA4B6_check :
  Math.B699.I11TerminalCRT.cellCoverCheck (3 ^ 4) (7 ^ 6)
      (Math.B699.CRTGrid.heightCap B699LowIndex.I11CrtStageMetadata.Stage04.H B699LowIndex.I11CrtStageMetadata.Stage04.M
        (3 ^ 4))
      (Math.B699.CRTGrid.heightCap B699LowIndex.I11CrtStageMetadata.Stage04.H B699LowIndex.I11CrtStageMetadata.Stage04.M
        (7 ^ 6))
      Math.B699.I11TerminalMembership.Pair37.cellA4B6 Math.B699.I11TerminalMembership.candidates =
    true
'Math.B699.I11TerminalMembership.Pair37.cellA4B6_check' depends on axioms: [propext]
Math.B699.I11TerminalMembership.Pair37.cellA4B7_check :
  Math.B699.I11TerminalCRT.cellCoverCheck (3 ^ 4) (7 ^ 7)
      (Math.B699.CRTGrid.heightCap B699LowIndex.I11CrtStageMetadata.Stage04.H B699LowIndex.I11CrtStageMetadata.Stage04.M
        (3 ^ 4))
      (Math.B699.CRTGrid.heightCap B699LowIndex.I11CrtStageMetadata.Stage04.H B699LowIndex.I11CrtStageMetadata.Stage04.M
        (7 ^ 7))
      Math.B699.I11TerminalMembership.Pair37.cellA4B7 Math.B699.I11TerminalMembership.candidates =
    true
'Math.B699.I11TerminalMembership.Pair37.cellA4B7_check' depends on axioms: [propext]
Math.B699.I11TerminalMembership.Pair37.cellA4B8_check :
  Math.B699.I11TerminalCRT.cellCoverCheck (3 ^ 4) (7 ^ 8)
      (Math.B699.CRTGrid.heightCap B699LowIndex.I11CrtStageMetadata.Stage04.H B699LowIndex.I11CrtStageMetadata.Stage04.M
        (3 ^ 4))
      (Math.B699.CRTGrid.heightCap B699LowIndex.I11CrtStageMetadata.Stage04.H B699LowIndex.I11CrtStageMetadata.Stage04.M
        (7 ^ 8))
      Math.B699.I11TerminalMembership.Pair37.cellA4B8 Math.B699.I11TerminalMembership.candidates =
    true
'Math.B699.I11TerminalMembership.Pair37.cellA4B8_check' depends on axioms: [propext]
Math.B699.I11TerminalMembership.Pair37.rowA4_cell_check (b : ℕ) (hb0 : 1 ≤ b) (hb1 : b ≤ 8) :
  Math.B699.I11TerminalCRT.cellCoverCheck (3 ^ 4) (7 ^ b)
      (Math.B699.CRTGrid.heightCap B699LowIndex.I11CrtStageMetadata.Stage04.H B699LowIndex.I11CrtStageMetadata.Stage04.M
        (3 ^ 4))
      (Math.B699.CRTGrid.heightCap B699LowIndex.I11CrtStageMetadata.Stage04.H B699LowIndex.I11CrtStageMetadata.Stage04.M
        (7 ^ b))
      (Math.B699.I11TerminalMembership.Pair37.rowA4 b) Math.B699.I11TerminalMembership.candidates =
    true
'Math.B699.I11TerminalMembership.Pair37.rowA4_cell_check' depends on axioms: [propext, Quot.sound]
Math.B699.I11TerminalMembership.Pair37.rowA4_block_check :
  Math.B699.I11TerminalCRT.blockCoverCheck 3 7 B699LowIndex.I11CrtStageMetadata.Stage04.H
      B699LowIndex.I11CrtStageMetadata.Stage04.M 4 1 1 8 Math.B699.I11TerminalMembership.Pair37.cells
      Math.B699.I11TerminalMembership.candidates =
    true
'Math.B699.I11TerminalMembership.Pair37.rowA4_block_check' depends on axioms: [propext, Quot.sound]
Math.B699.I11TerminalMembership.Pair37.cellA5B1_check :
  Math.B699.I11TerminalCRT.cellCoverCheck (3 ^ 5) (7 ^ 1)
      (Math.B699.CRTGrid.heightCap B699LowIndex.I11CrtStageMetadata.Stage04.H B699LowIndex.I11CrtStageMetadata.Stage04.M
        (3 ^ 5))
      (Math.B699.CRTGrid.heightCap B699LowIndex.I11CrtStageMetadata.Stage04.H B699LowIndex.I11CrtStageMetadata.Stage04.M
        (7 ^ 1))
      Math.B699.I11TerminalMembership.Pair37.cellA5B1 Math.B699.I11TerminalMembership.candidates =
    true
'Math.B699.I11TerminalMembership.Pair37.cellA5B1_check' depends on axioms: [propext]
Math.B699.I11TerminalMembership.Pair37.cellA5B2_check :
  Math.B699.I11TerminalCRT.cellCoverCheck (3 ^ 5) (7 ^ 2)
      (Math.B699.CRTGrid.heightCap B699LowIndex.I11CrtStageMetadata.Stage04.H B699LowIndex.I11CrtStageMetadata.Stage04.M
        (3 ^ 5))
      (Math.B699.CRTGrid.heightCap B699LowIndex.I11CrtStageMetadata.Stage04.H B699LowIndex.I11CrtStageMetadata.Stage04.M
        (7 ^ 2))
      Math.B699.I11TerminalMembership.Pair37.cellA5B2 Math.B699.I11TerminalMembership.candidates =
    true
'Math.B699.I11TerminalMembership.Pair37.cellA5B2_check' depends on axioms: [propext]
Math.B699.I11TerminalMembership.Pair37.cellA5B3_check :
  Math.B699.I11TerminalCRT.cellCoverCheck (3 ^ 5) (7 ^ 3)
      (Math.B699.CRTGrid.heightCap B699LowIndex.I11CrtStageMetadata.Stage04.H B699LowIndex.I11CrtStageMetadata.Stage04.M
        (3 ^ 5))
      (Math.B699.CRTGrid.heightCap B699LowIndex.I11CrtStageMetadata.Stage04.H B699LowIndex.I11CrtStageMetadata.Stage04.M
        (7 ^ 3))
      Math.B699.I11TerminalMembership.Pair37.cellA5B3 Math.B699.I11TerminalMembership.candidates =
    true
'Math.B699.I11TerminalMembership.Pair37.cellA5B3_check' depends on axioms: [propext, Quot.sound]
Math.B699.I11TerminalMembership.Pair37.cellA5B4_check :
  Math.B699.I11TerminalCRT.cellCoverCheck (3 ^ 5) (7 ^ 4)
      (Math.B699.CRTGrid.heightCap B699LowIndex.I11CrtStageMetadata.Stage04.H B699LowIndex.I11CrtStageMetadata.Stage04.M
        (3 ^ 5))
      (Math.B699.CRTGrid.heightCap B699LowIndex.I11CrtStageMetadata.Stage04.H B699LowIndex.I11CrtStageMetadata.Stage04.M
        (7 ^ 4))
      Math.B699.I11TerminalMembership.Pair37.cellA5B4 Math.B699.I11TerminalMembership.candidates =
    true
'Math.B699.I11TerminalMembership.Pair37.cellA5B4_check' depends on axioms: [propext]
Math.B699.I11TerminalMembership.Pair37.cellA5B5_check :
  Math.B699.I11TerminalCRT.cellCoverCheck (3 ^ 5) (7 ^ 5)
      (Math.B699.CRTGrid.heightCap B699LowIndex.I11CrtStageMetadata.Stage04.H B699LowIndex.I11CrtStageMetadata.Stage04.M
        (3 ^ 5))
      (Math.B699.CRTGrid.heightCap B699LowIndex.I11CrtStageMetadata.Stage04.H B699LowIndex.I11CrtStageMetadata.Stage04.M
        (7 ^ 5))
      Math.B699.I11TerminalMembership.Pair37.cellA5B5 Math.B699.I11TerminalMembership.candidates =
    true
'Math.B699.I11TerminalMembership.Pair37.cellA5B5_check' depends on axioms: [propext]
Math.B699.I11TerminalMembership.Pair37.cellA5B6_check :
  Math.B699.I11TerminalCRT.cellCoverCheck (3 ^ 5) (7 ^ 6)
      (Math.B699.CRTGrid.heightCap B699LowIndex.I11CrtStageMetadata.Stage04.H B699LowIndex.I11CrtStageMetadata.Stage04.M
        (3 ^ 5))
      (Math.B699.CRTGrid.heightCap B699LowIndex.I11CrtStageMetadata.Stage04.H B699LowIndex.I11CrtStageMetadata.Stage04.M
        (7 ^ 6))
      Math.B699.I11TerminalMembership.Pair37.cellA5B6 Math.B699.I11TerminalMembership.candidates =
    true
'Math.B699.I11TerminalMembership.Pair37.cellA5B6_check' depends on axioms: [propext]
Math.B699.I11TerminalMembership.Pair37.cellA5B7_check :
  Math.B699.I11TerminalCRT.cellCoverCheck (3 ^ 5) (7 ^ 7)
      (Math.B699.CRTGrid.heightCap B699LowIndex.I11CrtStageMetadata.Stage04.H B699LowIndex.I11CrtStageMetadata.Stage04.M
        (3 ^ 5))
      (Math.B699.CRTGrid.heightCap B699LowIndex.I11CrtStageMetadata.Stage04.H B699LowIndex.I11CrtStageMetadata.Stage04.M
        (7 ^ 7))
      Math.B699.I11TerminalMembership.Pair37.cellA5B7 Math.B699.I11TerminalMembership.candidates =
    true
'Math.B699.I11TerminalMembership.Pair37.cellA5B7_check' depends on axioms: [propext]
Math.B699.I11TerminalMembership.Pair37.cellA5B8_check :
  Math.B699.I11TerminalCRT.cellCoverCheck (3 ^ 5) (7 ^ 8)
      (Math.B699.CRTGrid.heightCap B699LowIndex.I11CrtStageMetadata.Stage04.H B699LowIndex.I11CrtStageMetadata.Stage04.M
        (3 ^ 5))
      (Math.B699.CRTGrid.heightCap B699LowIndex.I11CrtStageMetadata.Stage04.H B699LowIndex.I11CrtStageMetadata.Stage04.M
        (7 ^ 8))
      Math.B699.I11TerminalMembership.Pair37.cellA5B8 Math.B699.I11TerminalMembership.candidates =
    true
'Math.B699.I11TerminalMembership.Pair37.cellA5B8_check' depends on axioms: [propext]
Math.B699.I11TerminalMembership.Pair37.rowA5_cell_check (b : ℕ) (hb0 : 1 ≤ b) (hb1 : b ≤ 8) :
  Math.B699.I11TerminalCRT.cellCoverCheck (3 ^ 5) (7 ^ b)
      (Math.B699.CRTGrid.heightCap B699LowIndex.I11CrtStageMetadata.Stage04.H B699LowIndex.I11CrtStageMetadata.Stage04.M
        (3 ^ 5))
      (Math.B699.CRTGrid.heightCap B699LowIndex.I11CrtStageMetadata.Stage04.H B699LowIndex.I11CrtStageMetadata.Stage04.M
        (7 ^ b))
      (Math.B699.I11TerminalMembership.Pair37.rowA5 b) Math.B699.I11TerminalMembership.candidates =
    true
'Math.B699.I11TerminalMembership.Pair37.rowA5_cell_check' depends on axioms: [propext, Quot.sound]
Math.B699.I11TerminalMembership.Pair37.rowA5_block_check :
  Math.B699.I11TerminalCRT.blockCoverCheck 3 7 B699LowIndex.I11CrtStageMetadata.Stage04.H
      B699LowIndex.I11CrtStageMetadata.Stage04.M 5 1 1 8 Math.B699.I11TerminalMembership.Pair37.cells
      Math.B699.I11TerminalMembership.candidates =
    true
'Math.B699.I11TerminalMembership.Pair37.rowA5_block_check' depends on axioms: [propext, Quot.sound]
Math.B699.I11TerminalMembership.Pair37.cellA6B1_check :
  Math.B699.I11TerminalCRT.cellCoverCheck (3 ^ 6) (7 ^ 1)
      (Math.B699.CRTGrid.heightCap B699LowIndex.I11CrtStageMetadata.Stage04.H B699LowIndex.I11CrtStageMetadata.Stage04.M
        (3 ^ 6))
      (Math.B699.CRTGrid.heightCap B699LowIndex.I11CrtStageMetadata.Stage04.H B699LowIndex.I11CrtStageMetadata.Stage04.M
        (7 ^ 1))
      Math.B699.I11TerminalMembership.Pair37.cellA6B1 Math.B699.I11TerminalMembership.candidates =
    true
'Math.B699.I11TerminalMembership.Pair37.cellA6B1_check' depends on axioms: [propext]
Math.B699.I11TerminalMembership.Pair37.cellA6B2_check :
  Math.B699.I11TerminalCRT.cellCoverCheck (3 ^ 6) (7 ^ 2)
      (Math.B699.CRTGrid.heightCap B699LowIndex.I11CrtStageMetadata.Stage04.H B699LowIndex.I11CrtStageMetadata.Stage04.M
        (3 ^ 6))
      (Math.B699.CRTGrid.heightCap B699LowIndex.I11CrtStageMetadata.Stage04.H B699LowIndex.I11CrtStageMetadata.Stage04.M
        (7 ^ 2))
      Math.B699.I11TerminalMembership.Pair37.cellA6B2 Math.B699.I11TerminalMembership.candidates =
    true
'Math.B699.I11TerminalMembership.Pair37.cellA6B2_check' depends on axioms: [propext]
Math.B699.I11TerminalMembership.Pair37.cellA6B3_check :
  Math.B699.I11TerminalCRT.cellCoverCheck (3 ^ 6) (7 ^ 3)
      (Math.B699.CRTGrid.heightCap B699LowIndex.I11CrtStageMetadata.Stage04.H B699LowIndex.I11CrtStageMetadata.Stage04.M
        (3 ^ 6))
      (Math.B699.CRTGrid.heightCap B699LowIndex.I11CrtStageMetadata.Stage04.H B699LowIndex.I11CrtStageMetadata.Stage04.M
        (7 ^ 3))
      Math.B699.I11TerminalMembership.Pair37.cellA6B3 Math.B699.I11TerminalMembership.candidates =
    true
'Math.B699.I11TerminalMembership.Pair37.cellA6B3_check' depends on axioms: [propext]
Math.B699.I11TerminalMembership.Pair37.cellA6B4_check :
  Math.B699.I11TerminalCRT.cellCoverCheck (3 ^ 6) (7 ^ 4)
      (Math.B699.CRTGrid.heightCap B699LowIndex.I11CrtStageMetadata.Stage04.H B699LowIndex.I11CrtStageMetadata.Stage04.M
        (3 ^ 6))
      (Math.B699.CRTGrid.heightCap B699LowIndex.I11CrtStageMetadata.Stage04.H B699LowIndex.I11CrtStageMetadata.Stage04.M
        (7 ^ 4))
      Math.B699.I11TerminalMembership.Pair37.cellA6B4 Math.B699.I11TerminalMembership.candidates =
    true
'Math.B699.I11TerminalMembership.Pair37.cellA6B4_check' depends on axioms: [propext]
Math.B699.I11TerminalMembership.Pair37.cellA6B5_check :
  Math.B699.I11TerminalCRT.cellCoverCheck (3 ^ 6) (7 ^ 5)
      (Math.B699.CRTGrid.heightCap B699LowIndex.I11CrtStageMetadata.Stage04.H B699LowIndex.I11CrtStageMetadata.Stage04.M
        (3 ^ 6))
      (Math.B699.CRTGrid.heightCap B699LowIndex.I11CrtStageMetadata.Stage04.H B699LowIndex.I11CrtStageMetadata.Stage04.M
        (7 ^ 5))
      Math.B699.I11TerminalMembership.Pair37.cellA6B5 Math.B699.I11TerminalMembership.candidates =
    true
'Math.B699.I11TerminalMembership.Pair37.cellA6B5_check' depends on axioms: [propext]
Math.B699.I11TerminalMembership.Pair37.cellA6B6_check :
  Math.B699.I11TerminalCRT.cellCoverCheck (3 ^ 6) (7 ^ 6)
      (Math.B699.CRTGrid.heightCap B699LowIndex.I11CrtStageMetadata.Stage04.H B699LowIndex.I11CrtStageMetadata.Stage04.M
        (3 ^ 6))
      (Math.B699.CRTGrid.heightCap B699LowIndex.I11CrtStageMetadata.Stage04.H B699LowIndex.I11CrtStageMetadata.Stage04.M
        (7 ^ 6))
      Math.B699.I11TerminalMembership.Pair37.cellA6B6 Math.B699.I11TerminalMembership.candidates =
    true
'Math.B699.I11TerminalMembership.Pair37.cellA6B6_check' depends on axioms: [propext]
Math.B699.I11TerminalMembership.Pair37.cellA6B7_check :
  Math.B699.I11TerminalCRT.cellCoverCheck (3 ^ 6) (7 ^ 7)
      (Math.B699.CRTGrid.heightCap B699LowIndex.I11CrtStageMetadata.Stage04.H B699LowIndex.I11CrtStageMetadata.Stage04.M
        (3 ^ 6))
      (Math.B699.CRTGrid.heightCap B699LowIndex.I11CrtStageMetadata.Stage04.H B699LowIndex.I11CrtStageMetadata.Stage04.M
        (7 ^ 7))
      Math.B699.I11TerminalMembership.Pair37.cellA6B7 Math.B699.I11TerminalMembership.candidates =
    true
'Math.B699.I11TerminalMembership.Pair37.cellA6B7_check' depends on axioms: [propext]
Math.B699.I11TerminalMembership.Pair37.cellA6B8_check :
  Math.B699.I11TerminalCRT.cellCoverCheck (3 ^ 6) (7 ^ 8)
      (Math.B699.CRTGrid.heightCap B699LowIndex.I11CrtStageMetadata.Stage04.H B699LowIndex.I11CrtStageMetadata.Stage04.M
        (3 ^ 6))
      (Math.B699.CRTGrid.heightCap B699LowIndex.I11CrtStageMetadata.Stage04.H B699LowIndex.I11CrtStageMetadata.Stage04.M
        (7 ^ 8))
      Math.B699.I11TerminalMembership.Pair37.cellA6B8 Math.B699.I11TerminalMembership.candidates =
    true
'Math.B699.I11TerminalMembership.Pair37.cellA6B8_check' depends on axioms: [propext]
Math.B699.I11TerminalMembership.Pair37.rowA6_cell_check (b : ℕ) (hb0 : 1 ≤ b) (hb1 : b ≤ 8) :
  Math.B699.I11TerminalCRT.cellCoverCheck (3 ^ 6) (7 ^ b)
      (Math.B699.CRTGrid.heightCap B699LowIndex.I11CrtStageMetadata.Stage04.H B699LowIndex.I11CrtStageMetadata.Stage04.M
        (3 ^ 6))
      (Math.B699.CRTGrid.heightCap B699LowIndex.I11CrtStageMetadata.Stage04.H B699LowIndex.I11CrtStageMetadata.Stage04.M
        (7 ^ b))
      (Math.B699.I11TerminalMembership.Pair37.rowA6 b) Math.B699.I11TerminalMembership.candidates =
    true
'Math.B699.I11TerminalMembership.Pair37.rowA6_cell_check' depends on axioms: [propext]
Math.B699.I11TerminalMembership.Pair37.rowA6_block_check :
  Math.B699.I11TerminalCRT.blockCoverCheck 3 7 B699LowIndex.I11CrtStageMetadata.Stage04.H
      B699LowIndex.I11CrtStageMetadata.Stage04.M 6 1 1 8 Math.B699.I11TerminalMembership.Pair37.cells
      Math.B699.I11TerminalMembership.candidates =
    true
'Math.B699.I11TerminalMembership.Pair37.rowA6_block_check' depends on axioms: [propext, Quot.sound]
Math.B699.I11TerminalMembership.Pair37.cellA7B1_check :
  Math.B699.I11TerminalCRT.cellCoverCheck (3 ^ 7) (7 ^ 1)
      (Math.B699.CRTGrid.heightCap B699LowIndex.I11CrtStageMetadata.Stage04.H B699LowIndex.I11CrtStageMetadata.Stage04.M
        (3 ^ 7))
      (Math.B699.CRTGrid.heightCap B699LowIndex.I11CrtStageMetadata.Stage04.H B699LowIndex.I11CrtStageMetadata.Stage04.M
        (7 ^ 1))
      Math.B699.I11TerminalMembership.Pair37.cellA7B1 Math.B699.I11TerminalMembership.candidates =
    true
'Math.B699.I11TerminalMembership.Pair37.cellA7B1_check' depends on axioms: [propext]
Math.B699.I11TerminalMembership.Pair37.cellA7B2_check :
  Math.B699.I11TerminalCRT.cellCoverCheck (3 ^ 7) (7 ^ 2)
      (Math.B699.CRTGrid.heightCap B699LowIndex.I11CrtStageMetadata.Stage04.H B699LowIndex.I11CrtStageMetadata.Stage04.M
        (3 ^ 7))
      (Math.B699.CRTGrid.heightCap B699LowIndex.I11CrtStageMetadata.Stage04.H B699LowIndex.I11CrtStageMetadata.Stage04.M
        (7 ^ 2))
      Math.B699.I11TerminalMembership.Pair37.cellA7B2 Math.B699.I11TerminalMembership.candidates =
    true
'Math.B699.I11TerminalMembership.Pair37.cellA7B2_check' depends on axioms: [propext]
Math.B699.I11TerminalMembership.Pair37.cellA7B3_check :
  Math.B699.I11TerminalCRT.cellCoverCheck (3 ^ 7) (7 ^ 3)
      (Math.B699.CRTGrid.heightCap B699LowIndex.I11CrtStageMetadata.Stage04.H B699LowIndex.I11CrtStageMetadata.Stage04.M
        (3 ^ 7))
      (Math.B699.CRTGrid.heightCap B699LowIndex.I11CrtStageMetadata.Stage04.H B699LowIndex.I11CrtStageMetadata.Stage04.M
        (7 ^ 3))
      Math.B699.I11TerminalMembership.Pair37.cellA7B3 Math.B699.I11TerminalMembership.candidates =
    true
'Math.B699.I11TerminalMembership.Pair37.cellA7B3_check' depends on axioms: [propext]
Math.B699.I11TerminalMembership.Pair37.cellA7B4_check :
  Math.B699.I11TerminalCRT.cellCoverCheck (3 ^ 7) (7 ^ 4)
      (Math.B699.CRTGrid.heightCap B699LowIndex.I11CrtStageMetadata.Stage04.H B699LowIndex.I11CrtStageMetadata.Stage04.M
        (3 ^ 7))
      (Math.B699.CRTGrid.heightCap B699LowIndex.I11CrtStageMetadata.Stage04.H B699LowIndex.I11CrtStageMetadata.Stage04.M
        (7 ^ 4))
      Math.B699.I11TerminalMembership.Pair37.cellA7B4 Math.B699.I11TerminalMembership.candidates =
    true
'Math.B699.I11TerminalMembership.Pair37.cellA7B4_check' depends on axioms: [propext]
Math.B699.I11TerminalMembership.Pair37.cellA7B5_check :
  Math.B699.I11TerminalCRT.cellCoverCheck (3 ^ 7) (7 ^ 5)
      (Math.B699.CRTGrid.heightCap B699LowIndex.I11CrtStageMetadata.Stage04.H B699LowIndex.I11CrtStageMetadata.Stage04.M
        (3 ^ 7))
      (Math.B699.CRTGrid.heightCap B699LowIndex.I11CrtStageMetadata.Stage04.H B699LowIndex.I11CrtStageMetadata.Stage04.M
        (7 ^ 5))
      Math.B699.I11TerminalMembership.Pair37.cellA7B5 Math.B699.I11TerminalMembership.candidates =
    true
'Math.B699.I11TerminalMembership.Pair37.cellA7B5_check' depends on axioms: [propext]
Math.B699.I11TerminalMembership.Pair37.cellA7B6_check :
  Math.B699.I11TerminalCRT.cellCoverCheck (3 ^ 7) (7 ^ 6)
      (Math.B699.CRTGrid.heightCap B699LowIndex.I11CrtStageMetadata.Stage04.H B699LowIndex.I11CrtStageMetadata.Stage04.M
        (3 ^ 7))
      (Math.B699.CRTGrid.heightCap B699LowIndex.I11CrtStageMetadata.Stage04.H B699LowIndex.I11CrtStageMetadata.Stage04.M
        (7 ^ 6))
      Math.B699.I11TerminalMembership.Pair37.cellA7B6 Math.B699.I11TerminalMembership.candidates =
    true
'Math.B699.I11TerminalMembership.Pair37.cellA7B6_check' depends on axioms: [propext]
Math.B699.I11TerminalMembership.Pair37.cellA7B7_check :
  Math.B699.I11TerminalCRT.cellCoverCheck (3 ^ 7) (7 ^ 7)
      (Math.B699.CRTGrid.heightCap B699LowIndex.I11CrtStageMetadata.Stage04.H B699LowIndex.I11CrtStageMetadata.Stage04.M
        (3 ^ 7))
      (Math.B699.CRTGrid.heightCap B699LowIndex.I11CrtStageMetadata.Stage04.H B699LowIndex.I11CrtStageMetadata.Stage04.M
        (7 ^ 7))
      Math.B699.I11TerminalMembership.Pair37.cellA7B7 Math.B699.I11TerminalMembership.candidates =
    true
'Math.B699.I11TerminalMembership.Pair37.cellA7B7_check' depends on axioms: [propext]
Math.B699.I11TerminalMembership.Pair37.cellA7B8_check :
  Math.B699.I11TerminalCRT.cellCoverCheck (3 ^ 7) (7 ^ 8)
      (Math.B699.CRTGrid.heightCap B699LowIndex.I11CrtStageMetadata.Stage04.H B699LowIndex.I11CrtStageMetadata.Stage04.M
        (3 ^ 7))
      (Math.B699.CRTGrid.heightCap B699LowIndex.I11CrtStageMetadata.Stage04.H B699LowIndex.I11CrtStageMetadata.Stage04.M
        (7 ^ 8))
      Math.B699.I11TerminalMembership.Pair37.cellA7B8 Math.B699.I11TerminalMembership.candidates =
    true
'Math.B699.I11TerminalMembership.Pair37.cellA7B8_check' depends on axioms: [propext]
Math.B699.I11TerminalMembership.Pair37.rowA7_cell_check (b : ℕ) (hb0 : 1 ≤ b) (hb1 : b ≤ 8) :
  Math.B699.I11TerminalCRT.cellCoverCheck (3 ^ 7) (7 ^ b)
      (Math.B699.CRTGrid.heightCap B699LowIndex.I11CrtStageMetadata.Stage04.H B699LowIndex.I11CrtStageMetadata.Stage04.M
        (3 ^ 7))
      (Math.B699.CRTGrid.heightCap B699LowIndex.I11CrtStageMetadata.Stage04.H B699LowIndex.I11CrtStageMetadata.Stage04.M
        (7 ^ b))
      (Math.B699.I11TerminalMembership.Pair37.rowA7 b) Math.B699.I11TerminalMembership.candidates =
    true
'Math.B699.I11TerminalMembership.Pair37.rowA7_cell_check' depends on axioms: [propext]
Math.B699.I11TerminalMembership.Pair37.rowA7_block_check :
  Math.B699.I11TerminalCRT.blockCoverCheck 3 7 B699LowIndex.I11CrtStageMetadata.Stage04.H
      B699LowIndex.I11CrtStageMetadata.Stage04.M 7 1 1 8 Math.B699.I11TerminalMembership.Pair37.cells
      Math.B699.I11TerminalMembership.candidates =
    true
'Math.B699.I11TerminalMembership.Pair37.rowA7_block_check' depends on axioms: [propext, Quot.sound]
Math.B699.I11TerminalMembership.Pair37.cellA8B1_check :
  Math.B699.I11TerminalCRT.cellCoverCheck (3 ^ 8) (7 ^ 1)
      (Math.B699.CRTGrid.heightCap B699LowIndex.I11CrtStageMetadata.Stage04.H B699LowIndex.I11CrtStageMetadata.Stage04.M
        (3 ^ 8))
      (Math.B699.CRTGrid.heightCap B699LowIndex.I11CrtStageMetadata.Stage04.H B699LowIndex.I11CrtStageMetadata.Stage04.M
        (7 ^ 1))
      Math.B699.I11TerminalMembership.Pair37.cellA8B1 Math.B699.I11TerminalMembership.candidates =
    true
'Math.B699.I11TerminalMembership.Pair37.cellA8B1_check' depends on axioms: [propext]
Math.B699.I11TerminalMembership.Pair37.cellA8B2_check :
  Math.B699.I11TerminalCRT.cellCoverCheck (3 ^ 8) (7 ^ 2)
      (Math.B699.CRTGrid.heightCap B699LowIndex.I11CrtStageMetadata.Stage04.H B699LowIndex.I11CrtStageMetadata.Stage04.M
        (3 ^ 8))
      (Math.B699.CRTGrid.heightCap B699LowIndex.I11CrtStageMetadata.Stage04.H B699LowIndex.I11CrtStageMetadata.Stage04.M
        (7 ^ 2))
      Math.B699.I11TerminalMembership.Pair37.cellA8B2 Math.B699.I11TerminalMembership.candidates =
    true
'Math.B699.I11TerminalMembership.Pair37.cellA8B2_check' depends on axioms: [propext]
Math.B699.I11TerminalMembership.Pair37.cellA8B3_check :
  Math.B699.I11TerminalCRT.cellCoverCheck (3 ^ 8) (7 ^ 3)
      (Math.B699.CRTGrid.heightCap B699LowIndex.I11CrtStageMetadata.Stage04.H B699LowIndex.I11CrtStageMetadata.Stage04.M
        (3 ^ 8))
      (Math.B699.CRTGrid.heightCap B699LowIndex.I11CrtStageMetadata.Stage04.H B699LowIndex.I11CrtStageMetadata.Stage04.M
        (7 ^ 3))
      Math.B699.I11TerminalMembership.Pair37.cellA8B3 Math.B699.I11TerminalMembership.candidates =
    true
'Math.B699.I11TerminalMembership.Pair37.cellA8B3_check' depends on axioms: [propext]
Math.B699.I11TerminalMembership.Pair37.cellA8B4_check :
  Math.B699.I11TerminalCRT.cellCoverCheck (3 ^ 8) (7 ^ 4)
      (Math.B699.CRTGrid.heightCap B699LowIndex.I11CrtStageMetadata.Stage04.H B699LowIndex.I11CrtStageMetadata.Stage04.M
        (3 ^ 8))
      (Math.B699.CRTGrid.heightCap B699LowIndex.I11CrtStageMetadata.Stage04.H B699LowIndex.I11CrtStageMetadata.Stage04.M
        (7 ^ 4))
      Math.B699.I11TerminalMembership.Pair37.cellA8B4 Math.B699.I11TerminalMembership.candidates =
    true
'Math.B699.I11TerminalMembership.Pair37.cellA8B4_check' depends on axioms: [propext]
Math.B699.I11TerminalMembership.Pair37.cellA8B5_check :
  Math.B699.I11TerminalCRT.cellCoverCheck (3 ^ 8) (7 ^ 5)
      (Math.B699.CRTGrid.heightCap B699LowIndex.I11CrtStageMetadata.Stage04.H B699LowIndex.I11CrtStageMetadata.Stage04.M
        (3 ^ 8))
      (Math.B699.CRTGrid.heightCap B699LowIndex.I11CrtStageMetadata.Stage04.H B699LowIndex.I11CrtStageMetadata.Stage04.M
        (7 ^ 5))
      Math.B699.I11TerminalMembership.Pair37.cellA8B5 Math.B699.I11TerminalMembership.candidates =
    true
'Math.B699.I11TerminalMembership.Pair37.cellA8B5_check' depends on axioms: [propext]
Math.B699.I11TerminalMembership.Pair37.cellA8B6_check :
  Math.B699.I11TerminalCRT.cellCoverCheck (3 ^ 8) (7 ^ 6)
      (Math.B699.CRTGrid.heightCap B699LowIndex.I11CrtStageMetadata.Stage04.H B699LowIndex.I11CrtStageMetadata.Stage04.M
        (3 ^ 8))
      (Math.B699.CRTGrid.heightCap B699LowIndex.I11CrtStageMetadata.Stage04.H B699LowIndex.I11CrtStageMetadata.Stage04.M
        (7 ^ 6))
      Math.B699.I11TerminalMembership.Pair37.cellA8B6 Math.B699.I11TerminalMembership.candidates =
    true
'Math.B699.I11TerminalMembership.Pair37.cellA8B6_check' depends on axioms: [propext]
Math.B699.I11TerminalMembership.Pair37.cellA8B7_check :
  Math.B699.I11TerminalCRT.cellCoverCheck (3 ^ 8) (7 ^ 7)
      (Math.B699.CRTGrid.heightCap B699LowIndex.I11CrtStageMetadata.Stage04.H B699LowIndex.I11CrtStageMetadata.Stage04.M
        (3 ^ 8))
      (Math.B699.CRTGrid.heightCap B699LowIndex.I11CrtStageMetadata.Stage04.H B699LowIndex.I11CrtStageMetadata.Stage04.M
        (7 ^ 7))
      Math.B699.I11TerminalMembership.Pair37.cellA8B7 Math.B699.I11TerminalMembership.candidates =
    true
'Math.B699.I11TerminalMembership.Pair37.cellA8B7_check' depends on axioms: [propext]
Math.B699.I11TerminalMembership.Pair37.cellA8B8_check :
  Math.B699.I11TerminalCRT.cellCoverCheck (3 ^ 8) (7 ^ 8)
      (Math.B699.CRTGrid.heightCap B699LowIndex.I11CrtStageMetadata.Stage04.H B699LowIndex.I11CrtStageMetadata.Stage04.M
        (3 ^ 8))
      (Math.B699.CRTGrid.heightCap B699LowIndex.I11CrtStageMetadata.Stage04.H B699LowIndex.I11CrtStageMetadata.Stage04.M
        (7 ^ 8))
      Math.B699.I11TerminalMembership.Pair37.cellA8B8 Math.B699.I11TerminalMembership.candidates =
    true
'Math.B699.I11TerminalMembership.Pair37.cellA8B8_check' depends on axioms: [propext]
Math.B699.I11TerminalMembership.Pair37.rowA8_cell_check (b : ℕ) (hb0 : 1 ≤ b) (hb1 : b ≤ 8) :
  Math.B699.I11TerminalCRT.cellCoverCheck (3 ^ 8) (7 ^ b)
      (Math.B699.CRTGrid.heightCap B699LowIndex.I11CrtStageMetadata.Stage04.H B699LowIndex.I11CrtStageMetadata.Stage04.M
        (3 ^ 8))
      (Math.B699.CRTGrid.heightCap B699LowIndex.I11CrtStageMetadata.Stage04.H B699LowIndex.I11CrtStageMetadata.Stage04.M
        (7 ^ b))
      (Math.B699.I11TerminalMembership.Pair37.rowA8 b) Math.B699.I11TerminalMembership.candidates =
    true
'Math.B699.I11TerminalMembership.Pair37.rowA8_cell_check' depends on axioms: [propext]
Math.B699.I11TerminalMembership.Pair37.rowA8_block_check :
  Math.B699.I11TerminalCRT.blockCoverCheck 3 7 B699LowIndex.I11CrtStageMetadata.Stage04.H
      B699LowIndex.I11CrtStageMetadata.Stage04.M 8 1 1 8 Math.B699.I11TerminalMembership.Pair37.cells
      Math.B699.I11TerminalMembership.candidates =
    true
'Math.B699.I11TerminalMembership.Pair37.rowA8_block_check' depends on axioms: [propext, Quot.sound]
Math.B699.I11TerminalMembership.Pair37.cellA9B1_check :
  Math.B699.I11TerminalCRT.cellCoverCheck (3 ^ 9) (7 ^ 1)
      (Math.B699.CRTGrid.heightCap B699LowIndex.I11CrtStageMetadata.Stage04.H B699LowIndex.I11CrtStageMetadata.Stage04.M
        (3 ^ 9))
      (Math.B699.CRTGrid.heightCap B699LowIndex.I11CrtStageMetadata.Stage04.H B699LowIndex.I11CrtStageMetadata.Stage04.M
        (7 ^ 1))
      Math.B699.I11TerminalMembership.Pair37.cellA9B1 Math.B699.I11TerminalMembership.candidates =
    true
'Math.B699.I11TerminalMembership.Pair37.cellA9B1_check' depends on axioms: [propext]
Math.B699.I11TerminalMembership.Pair37.cellA9B2_check :
  Math.B699.I11TerminalCRT.cellCoverCheck (3 ^ 9) (7 ^ 2)
      (Math.B699.CRTGrid.heightCap B699LowIndex.I11CrtStageMetadata.Stage04.H B699LowIndex.I11CrtStageMetadata.Stage04.M
        (3 ^ 9))
      (Math.B699.CRTGrid.heightCap B699LowIndex.I11CrtStageMetadata.Stage04.H B699LowIndex.I11CrtStageMetadata.Stage04.M
        (7 ^ 2))
      Math.B699.I11TerminalMembership.Pair37.cellA9B2 Math.B699.I11TerminalMembership.candidates =
    true
'Math.B699.I11TerminalMembership.Pair37.cellA9B2_check' depends on axioms: [propext]
Math.B699.I11TerminalMembership.Pair37.cellA9B3_check :
  Math.B699.I11TerminalCRT.cellCoverCheck (3 ^ 9) (7 ^ 3)
      (Math.B699.CRTGrid.heightCap B699LowIndex.I11CrtStageMetadata.Stage04.H B699LowIndex.I11CrtStageMetadata.Stage04.M
        (3 ^ 9))
      (Math.B699.CRTGrid.heightCap B699LowIndex.I11CrtStageMetadata.Stage04.H B699LowIndex.I11CrtStageMetadata.Stage04.M
        (7 ^ 3))
      Math.B699.I11TerminalMembership.Pair37.cellA9B3 Math.B699.I11TerminalMembership.candidates =
    true
'Math.B699.I11TerminalMembership.Pair37.cellA9B3_check' depends on axioms: [propext]
Math.B699.I11TerminalMembership.Pair37.cellA9B4_check :
  Math.B699.I11TerminalCRT.cellCoverCheck (3 ^ 9) (7 ^ 4)
      (Math.B699.CRTGrid.heightCap B699LowIndex.I11CrtStageMetadata.Stage04.H B699LowIndex.I11CrtStageMetadata.Stage04.M
        (3 ^ 9))
      (Math.B699.CRTGrid.heightCap B699LowIndex.I11CrtStageMetadata.Stage04.H B699LowIndex.I11CrtStageMetadata.Stage04.M
        (7 ^ 4))
      Math.B699.I11TerminalMembership.Pair37.cellA9B4 Math.B699.I11TerminalMembership.candidates =
    true
'Math.B699.I11TerminalMembership.Pair37.cellA9B4_check' depends on axioms: [propext]
Math.B699.I11TerminalMembership.Pair37.cellA9B5_check :
  Math.B699.I11TerminalCRT.cellCoverCheck (3 ^ 9) (7 ^ 5)
      (Math.B699.CRTGrid.heightCap B699LowIndex.I11CrtStageMetadata.Stage04.H B699LowIndex.I11CrtStageMetadata.Stage04.M
        (3 ^ 9))
      (Math.B699.CRTGrid.heightCap B699LowIndex.I11CrtStageMetadata.Stage04.H B699LowIndex.I11CrtStageMetadata.Stage04.M
        (7 ^ 5))
      Math.B699.I11TerminalMembership.Pair37.cellA9B5 Math.B699.I11TerminalMembership.candidates =
    true
'Math.B699.I11TerminalMembership.Pair37.cellA9B5_check' depends on axioms: [propext]
Math.B699.I11TerminalMembership.Pair37.cellA9B6_check :
  Math.B699.I11TerminalCRT.cellCoverCheck (3 ^ 9) (7 ^ 6)
      (Math.B699.CRTGrid.heightCap B699LowIndex.I11CrtStageMetadata.Stage04.H B699LowIndex.I11CrtStageMetadata.Stage04.M
        (3 ^ 9))
      (Math.B699.CRTGrid.heightCap B699LowIndex.I11CrtStageMetadata.Stage04.H B699LowIndex.I11CrtStageMetadata.Stage04.M
        (7 ^ 6))
      Math.B699.I11TerminalMembership.Pair37.cellA9B6 Math.B699.I11TerminalMembership.candidates =
    true
'Math.B699.I11TerminalMembership.Pair37.cellA9B6_check' depends on axioms: [propext]
Math.B699.I11TerminalMembership.Pair37.cellA9B7_check :
  Math.B699.I11TerminalCRT.cellCoverCheck (3 ^ 9) (7 ^ 7)
      (Math.B699.CRTGrid.heightCap B699LowIndex.I11CrtStageMetadata.Stage04.H B699LowIndex.I11CrtStageMetadata.Stage04.M
        (3 ^ 9))
      (Math.B699.CRTGrid.heightCap B699LowIndex.I11CrtStageMetadata.Stage04.H B699LowIndex.I11CrtStageMetadata.Stage04.M
        (7 ^ 7))
      Math.B699.I11TerminalMembership.Pair37.cellA9B7 Math.B699.I11TerminalMembership.candidates =
    true
'Math.B699.I11TerminalMembership.Pair37.cellA9B7_check' depends on axioms: [propext]
Math.B699.I11TerminalMembership.Pair37.cellA9B8_check :
  Math.B699.I11TerminalCRT.cellCoverCheck (3 ^ 9) (7 ^ 8)
      (Math.B699.CRTGrid.heightCap B699LowIndex.I11CrtStageMetadata.Stage04.H B699LowIndex.I11CrtStageMetadata.Stage04.M
        (3 ^ 9))
      (Math.B699.CRTGrid.heightCap B699LowIndex.I11CrtStageMetadata.Stage04.H B699LowIndex.I11CrtStageMetadata.Stage04.M
        (7 ^ 8))
      Math.B699.I11TerminalMembership.Pair37.cellA9B8 Math.B699.I11TerminalMembership.candidates =
    true
'Math.B699.I11TerminalMembership.Pair37.cellA9B8_check' depends on axioms: [propext]
Math.B699.I11TerminalMembership.Pair37.rowA9_cell_check (b : ℕ) (hb0 : 1 ≤ b) (hb1 : b ≤ 8) :
  Math.B699.I11TerminalCRT.cellCoverCheck (3 ^ 9) (7 ^ b)
      (Math.B699.CRTGrid.heightCap B699LowIndex.I11CrtStageMetadata.Stage04.H B699LowIndex.I11CrtStageMetadata.Stage04.M
        (3 ^ 9))
      (Math.B699.CRTGrid.heightCap B699LowIndex.I11CrtStageMetadata.Stage04.H B699LowIndex.I11CrtStageMetadata.Stage04.M
        (7 ^ b))
      (Math.B699.I11TerminalMembership.Pair37.rowA9 b) Math.B699.I11TerminalMembership.candidates =
    true
'Math.B699.I11TerminalMembership.Pair37.rowA9_cell_check' depends on axioms: [propext]
Math.B699.I11TerminalMembership.Pair37.rowA9_block_check :
  Math.B699.I11TerminalCRT.blockCoverCheck 3 7 B699LowIndex.I11CrtStageMetadata.Stage04.H
      B699LowIndex.I11CrtStageMetadata.Stage04.M 9 1 1 8 Math.B699.I11TerminalMembership.Pair37.cells
      Math.B699.I11TerminalMembership.candidates =
    true
'Math.B699.I11TerminalMembership.Pair37.rowA9_block_check' depends on axioms: [propext, Quot.sound]
Math.B699.I11TerminalMembership.Pair37.cellA10B1_check :
  Math.B699.I11TerminalCRT.cellCoverCheck (3 ^ 10) (7 ^ 1)
      (Math.B699.CRTGrid.heightCap B699LowIndex.I11CrtStageMetadata.Stage04.H B699LowIndex.I11CrtStageMetadata.Stage04.M
        (3 ^ 10))
      (Math.B699.CRTGrid.heightCap B699LowIndex.I11CrtStageMetadata.Stage04.H B699LowIndex.I11CrtStageMetadata.Stage04.M
        (7 ^ 1))
      Math.B699.I11TerminalMembership.Pair37.cellA10B1 Math.B699.I11TerminalMembership.candidates =
    true
'Math.B699.I11TerminalMembership.Pair37.cellA10B1_check' depends on axioms: [propext]
Math.B699.I11TerminalMembership.Pair37.cellA10B2_check :
  Math.B699.I11TerminalCRT.cellCoverCheck (3 ^ 10) (7 ^ 2)
      (Math.B699.CRTGrid.heightCap B699LowIndex.I11CrtStageMetadata.Stage04.H B699LowIndex.I11CrtStageMetadata.Stage04.M
        (3 ^ 10))
      (Math.B699.CRTGrid.heightCap B699LowIndex.I11CrtStageMetadata.Stage04.H B699LowIndex.I11CrtStageMetadata.Stage04.M
        (7 ^ 2))
      Math.B699.I11TerminalMembership.Pair37.cellA10B2 Math.B699.I11TerminalMembership.candidates =
    true
'Math.B699.I11TerminalMembership.Pair37.cellA10B2_check' depends on axioms: [propext]
Math.B699.I11TerminalMembership.Pair37.cellA10B3_check :
  Math.B699.I11TerminalCRT.cellCoverCheck (3 ^ 10) (7 ^ 3)
      (Math.B699.CRTGrid.heightCap B699LowIndex.I11CrtStageMetadata.Stage04.H B699LowIndex.I11CrtStageMetadata.Stage04.M
        (3 ^ 10))
      (Math.B699.CRTGrid.heightCap B699LowIndex.I11CrtStageMetadata.Stage04.H B699LowIndex.I11CrtStageMetadata.Stage04.M
        (7 ^ 3))
      Math.B699.I11TerminalMembership.Pair37.cellA10B3 Math.B699.I11TerminalMembership.candidates =
    true
'Math.B699.I11TerminalMembership.Pair37.cellA10B3_check' depends on axioms: [propext]
Math.B699.I11TerminalMembership.Pair37.cellA10B4_check :
  Math.B699.I11TerminalCRT.cellCoverCheck (3 ^ 10) (7 ^ 4)
      (Math.B699.CRTGrid.heightCap B699LowIndex.I11CrtStageMetadata.Stage04.H B699LowIndex.I11CrtStageMetadata.Stage04.M
        (3 ^ 10))
      (Math.B699.CRTGrid.heightCap B699LowIndex.I11CrtStageMetadata.Stage04.H B699LowIndex.I11CrtStageMetadata.Stage04.M
        (7 ^ 4))
      Math.B699.I11TerminalMembership.Pair37.cellA10B4 Math.B699.I11TerminalMembership.candidates =
    true
'Math.B699.I11TerminalMembership.Pair37.cellA10B4_check' depends on axioms: [propext]
Math.B699.I11TerminalMembership.Pair37.cellA10B5_check :
  Math.B699.I11TerminalCRT.cellCoverCheck (3 ^ 10) (7 ^ 5)
      (Math.B699.CRTGrid.heightCap B699LowIndex.I11CrtStageMetadata.Stage04.H B699LowIndex.I11CrtStageMetadata.Stage04.M
        (3 ^ 10))
      (Math.B699.CRTGrid.heightCap B699LowIndex.I11CrtStageMetadata.Stage04.H B699LowIndex.I11CrtStageMetadata.Stage04.M
        (7 ^ 5))
      Math.B699.I11TerminalMembership.Pair37.cellA10B5 Math.B699.I11TerminalMembership.candidates =
    true
'Math.B699.I11TerminalMembership.Pair37.cellA10B5_check' depends on axioms: [propext]
Math.B699.I11TerminalMembership.Pair37.cellA10B6_check :
  Math.B699.I11TerminalCRT.cellCoverCheck (3 ^ 10) (7 ^ 6)
      (Math.B699.CRTGrid.heightCap B699LowIndex.I11CrtStageMetadata.Stage04.H B699LowIndex.I11CrtStageMetadata.Stage04.M
        (3 ^ 10))
      (Math.B699.CRTGrid.heightCap B699LowIndex.I11CrtStageMetadata.Stage04.H B699LowIndex.I11CrtStageMetadata.Stage04.M
        (7 ^ 6))
      Math.B699.I11TerminalMembership.Pair37.cellA10B6 Math.B699.I11TerminalMembership.candidates =
    true
'Math.B699.I11TerminalMembership.Pair37.cellA10B6_check' depends on axioms: [propext]
Math.B699.I11TerminalMembership.Pair37.cellA10B7_check :
  Math.B699.I11TerminalCRT.cellCoverCheck (3 ^ 10) (7 ^ 7)
      (Math.B699.CRTGrid.heightCap B699LowIndex.I11CrtStageMetadata.Stage04.H B699LowIndex.I11CrtStageMetadata.Stage04.M
        (3 ^ 10))
      (Math.B699.CRTGrid.heightCap B699LowIndex.I11CrtStageMetadata.Stage04.H B699LowIndex.I11CrtStageMetadata.Stage04.M
        (7 ^ 7))
      Math.B699.I11TerminalMembership.Pair37.cellA10B7 Math.B699.I11TerminalMembership.candidates =
    true
'Math.B699.I11TerminalMembership.Pair37.cellA10B7_check' depends on axioms: [propext]
Math.B699.I11TerminalMembership.Pair37.cellA10B8_check :
  Math.B699.I11TerminalCRT.cellCoverCheck (3 ^ 10) (7 ^ 8)
      (Math.B699.CRTGrid.heightCap B699LowIndex.I11CrtStageMetadata.Stage04.H B699LowIndex.I11CrtStageMetadata.Stage04.M
        (3 ^ 10))
      (Math.B699.CRTGrid.heightCap B699LowIndex.I11CrtStageMetadata.Stage04.H B699LowIndex.I11CrtStageMetadata.Stage04.M
        (7 ^ 8))
      Math.B699.I11TerminalMembership.Pair37.cellA10B8 Math.B699.I11TerminalMembership.candidates =
    true
'Math.B699.I11TerminalMembership.Pair37.cellA10B8_check' depends on axioms: [propext]
Math.B699.I11TerminalMembership.Pair37.rowA10_cell_check (b : ℕ) (hb0 : 1 ≤ b) (hb1 : b ≤ 8) :
  Math.B699.I11TerminalCRT.cellCoverCheck (3 ^ 10) (7 ^ b)
      (Math.B699.CRTGrid.heightCap B699LowIndex.I11CrtStageMetadata.Stage04.H B699LowIndex.I11CrtStageMetadata.Stage04.M
        (3 ^ 10))
      (Math.B699.CRTGrid.heightCap B699LowIndex.I11CrtStageMetadata.Stage04.H B699LowIndex.I11CrtStageMetadata.Stage04.M
        (7 ^ b))
      (Math.B699.I11TerminalMembership.Pair37.rowA10 b) Math.B699.I11TerminalMembership.candidates =
    true
'Math.B699.I11TerminalMembership.Pair37.rowA10_cell_check' depends on axioms: [propext]
Math.B699.I11TerminalMembership.Pair37.rowA10_block_check :
  Math.B699.I11TerminalCRT.blockCoverCheck 3 7 B699LowIndex.I11CrtStageMetadata.Stage04.H
      B699LowIndex.I11CrtStageMetadata.Stage04.M 10 1 1 8 Math.B699.I11TerminalMembership.Pair37.cells
      Math.B699.I11TerminalMembership.candidates =
    true
'Math.B699.I11TerminalMembership.Pair37.rowA10_block_check' depends on axioms: [propext, Quot.sound]
Math.B699.I11TerminalMembership.Pair37.cellA11B1_check :
  Math.B699.I11TerminalCRT.cellCoverCheck (3 ^ 11) (7 ^ 1)
      (Math.B699.CRTGrid.heightCap B699LowIndex.I11CrtStageMetadata.Stage04.H B699LowIndex.I11CrtStageMetadata.Stage04.M
        (3 ^ 11))
      (Math.B699.CRTGrid.heightCap B699LowIndex.I11CrtStageMetadata.Stage04.H B699LowIndex.I11CrtStageMetadata.Stage04.M
        (7 ^ 1))
      Math.B699.I11TerminalMembership.Pair37.cellA11B1 Math.B699.I11TerminalMembership.candidates =
    true
'Math.B699.I11TerminalMembership.Pair37.cellA11B1_check' depends on axioms: [propext]
Math.B699.I11TerminalMembership.Pair37.cellA11B2_check :
  Math.B699.I11TerminalCRT.cellCoverCheck (3 ^ 11) (7 ^ 2)
      (Math.B699.CRTGrid.heightCap B699LowIndex.I11CrtStageMetadata.Stage04.H B699LowIndex.I11CrtStageMetadata.Stage04.M
        (3 ^ 11))
      (Math.B699.CRTGrid.heightCap B699LowIndex.I11CrtStageMetadata.Stage04.H B699LowIndex.I11CrtStageMetadata.Stage04.M
        (7 ^ 2))
      Math.B699.I11TerminalMembership.Pair37.cellA11B2 Math.B699.I11TerminalMembership.candidates =
    true
'Math.B699.I11TerminalMembership.Pair37.cellA11B2_check' depends on axioms: [propext]
Math.B699.I11TerminalMembership.Pair37.cellA11B3_check :
  Math.B699.I11TerminalCRT.cellCoverCheck (3 ^ 11) (7 ^ 3)
      (Math.B699.CRTGrid.heightCap B699LowIndex.I11CrtStageMetadata.Stage04.H B699LowIndex.I11CrtStageMetadata.Stage04.M
        (3 ^ 11))
      (Math.B699.CRTGrid.heightCap B699LowIndex.I11CrtStageMetadata.Stage04.H B699LowIndex.I11CrtStageMetadata.Stage04.M
        (7 ^ 3))
      Math.B699.I11TerminalMembership.Pair37.cellA11B3 Math.B699.I11TerminalMembership.candidates =
    true
'Math.B699.I11TerminalMembership.Pair37.cellA11B3_check' depends on axioms: [propext]
Math.B699.I11TerminalMembership.Pair37.cellA11B4_check :
  Math.B699.I11TerminalCRT.cellCoverCheck (3 ^ 11) (7 ^ 4)
      (Math.B699.CRTGrid.heightCap B699LowIndex.I11CrtStageMetadata.Stage04.H B699LowIndex.I11CrtStageMetadata.Stage04.M
        (3 ^ 11))
      (Math.B699.CRTGrid.heightCap B699LowIndex.I11CrtStageMetadata.Stage04.H B699LowIndex.I11CrtStageMetadata.Stage04.M
        (7 ^ 4))
      Math.B699.I11TerminalMembership.Pair37.cellA11B4 Math.B699.I11TerminalMembership.candidates =
    true
'Math.B699.I11TerminalMembership.Pair37.cellA11B4_check' depends on axioms: [propext]
Math.B699.I11TerminalMembership.Pair37.cellA11B5_check :
  Math.B699.I11TerminalCRT.cellCoverCheck (3 ^ 11) (7 ^ 5)
      (Math.B699.CRTGrid.heightCap B699LowIndex.I11CrtStageMetadata.Stage04.H B699LowIndex.I11CrtStageMetadata.Stage04.M
        (3 ^ 11))
      (Math.B699.CRTGrid.heightCap B699LowIndex.I11CrtStageMetadata.Stage04.H B699LowIndex.I11CrtStageMetadata.Stage04.M
        (7 ^ 5))
      Math.B699.I11TerminalMembership.Pair37.cellA11B5 Math.B699.I11TerminalMembership.candidates =
    true
'Math.B699.I11TerminalMembership.Pair37.cellA11B5_check' depends on axioms: [propext]
Math.B699.I11TerminalMembership.Pair37.cellA11B6_check :
  Math.B699.I11TerminalCRT.cellCoverCheck (3 ^ 11) (7 ^ 6)
      (Math.B699.CRTGrid.heightCap B699LowIndex.I11CrtStageMetadata.Stage04.H B699LowIndex.I11CrtStageMetadata.Stage04.M
        (3 ^ 11))
      (Math.B699.CRTGrid.heightCap B699LowIndex.I11CrtStageMetadata.Stage04.H B699LowIndex.I11CrtStageMetadata.Stage04.M
        (7 ^ 6))
      Math.B699.I11TerminalMembership.Pair37.cellA11B6 Math.B699.I11TerminalMembership.candidates =
    true
'Math.B699.I11TerminalMembership.Pair37.cellA11B6_check' depends on axioms: [propext]
Math.B699.I11TerminalMembership.Pair37.cellA11B7_check :
  Math.B699.I11TerminalCRT.cellCoverCheck (3 ^ 11) (7 ^ 7)
      (Math.B699.CRTGrid.heightCap B699LowIndex.I11CrtStageMetadata.Stage04.H B699LowIndex.I11CrtStageMetadata.Stage04.M
        (3 ^ 11))
      (Math.B699.CRTGrid.heightCap B699LowIndex.I11CrtStageMetadata.Stage04.H B699LowIndex.I11CrtStageMetadata.Stage04.M
        (7 ^ 7))
      Math.B699.I11TerminalMembership.Pair37.cellA11B7 Math.B699.I11TerminalMembership.candidates =
    true
'Math.B699.I11TerminalMembership.Pair37.cellA11B7_check' depends on axioms: [propext]
Math.B699.I11TerminalMembership.Pair37.cellA11B8_check :
  Math.B699.I11TerminalCRT.cellCoverCheck (3 ^ 11) (7 ^ 8)
      (Math.B699.CRTGrid.heightCap B699LowIndex.I11CrtStageMetadata.Stage04.H B699LowIndex.I11CrtStageMetadata.Stage04.M
        (3 ^ 11))
      (Math.B699.CRTGrid.heightCap B699LowIndex.I11CrtStageMetadata.Stage04.H B699LowIndex.I11CrtStageMetadata.Stage04.M
        (7 ^ 8))
      Math.B699.I11TerminalMembership.Pair37.cellA11B8 Math.B699.I11TerminalMembership.candidates =
    true
'Math.B699.I11TerminalMembership.Pair37.cellA11B8_check' depends on axioms: [propext]
Math.B699.I11TerminalMembership.Pair37.rowA11_cell_check (b : ℕ) (hb0 : 1 ≤ b) (hb1 : b ≤ 8) :
  Math.B699.I11TerminalCRT.cellCoverCheck (3 ^ 11) (7 ^ b)
      (Math.B699.CRTGrid.heightCap B699LowIndex.I11CrtStageMetadata.Stage04.H B699LowIndex.I11CrtStageMetadata.Stage04.M
        (3 ^ 11))
      (Math.B699.CRTGrid.heightCap B699LowIndex.I11CrtStageMetadata.Stage04.H B699LowIndex.I11CrtStageMetadata.Stage04.M
        (7 ^ b))
      (Math.B699.I11TerminalMembership.Pair37.rowA11 b) Math.B699.I11TerminalMembership.candidates =
    true
'Math.B699.I11TerminalMembership.Pair37.rowA11_cell_check' depends on axioms: [propext]
Math.B699.I11TerminalMembership.Pair37.rowA11_block_check :
  Math.B699.I11TerminalCRT.blockCoverCheck 3 7 B699LowIndex.I11CrtStageMetadata.Stage04.H
      B699LowIndex.I11CrtStageMetadata.Stage04.M 11 1 1 8 Math.B699.I11TerminalMembership.Pair37.cells
      Math.B699.I11TerminalMembership.candidates =
    true
'Math.B699.I11TerminalMembership.Pair37.rowA11_block_check' depends on axioms: [propext, Quot.sound]
Math.B699.I11TerminalMembership.Pair37.cellA12B1_check :
  Math.B699.I11TerminalCRT.cellCoverCheck (3 ^ 12) (7 ^ 1)
      (Math.B699.CRTGrid.heightCap B699LowIndex.I11CrtStageMetadata.Stage04.H B699LowIndex.I11CrtStageMetadata.Stage04.M
        (3 ^ 12))
      (Math.B699.CRTGrid.heightCap B699LowIndex.I11CrtStageMetadata.Stage04.H B699LowIndex.I11CrtStageMetadata.Stage04.M
        (7 ^ 1))
      Math.B699.I11TerminalMembership.Pair37.cellA12B1 Math.B699.I11TerminalMembership.candidates =
    true
'Math.B699.I11TerminalMembership.Pair37.cellA12B1_check' depends on axioms: [propext]
Math.B699.I11TerminalMembership.Pair37.cellA12B2_check :
  Math.B699.I11TerminalCRT.cellCoverCheck (3 ^ 12) (7 ^ 2)
      (Math.B699.CRTGrid.heightCap B699LowIndex.I11CrtStageMetadata.Stage04.H B699LowIndex.I11CrtStageMetadata.Stage04.M
        (3 ^ 12))
      (Math.B699.CRTGrid.heightCap B699LowIndex.I11CrtStageMetadata.Stage04.H B699LowIndex.I11CrtStageMetadata.Stage04.M
        (7 ^ 2))
      Math.B699.I11TerminalMembership.Pair37.cellA12B2 Math.B699.I11TerminalMembership.candidates =
    true
'Math.B699.I11TerminalMembership.Pair37.cellA12B2_check' depends on axioms: [propext]
Math.B699.I11TerminalMembership.Pair37.cellA12B3_check :
  Math.B699.I11TerminalCRT.cellCoverCheck (3 ^ 12) (7 ^ 3)
      (Math.B699.CRTGrid.heightCap B699LowIndex.I11CrtStageMetadata.Stage04.H B699LowIndex.I11CrtStageMetadata.Stage04.M
        (3 ^ 12))
      (Math.B699.CRTGrid.heightCap B699LowIndex.I11CrtStageMetadata.Stage04.H B699LowIndex.I11CrtStageMetadata.Stage04.M
        (7 ^ 3))
      Math.B699.I11TerminalMembership.Pair37.cellA12B3 Math.B699.I11TerminalMembership.candidates =
    true
'Math.B699.I11TerminalMembership.Pair37.cellA12B3_check' depends on axioms: [propext]
Math.B699.I11TerminalMembership.Pair37.cellA12B4_check :
  Math.B699.I11TerminalCRT.cellCoverCheck (3 ^ 12) (7 ^ 4)
      (Math.B699.CRTGrid.heightCap B699LowIndex.I11CrtStageMetadata.Stage04.H B699LowIndex.I11CrtStageMetadata.Stage04.M
        (3 ^ 12))
      (Math.B699.CRTGrid.heightCap B699LowIndex.I11CrtStageMetadata.Stage04.H B699LowIndex.I11CrtStageMetadata.Stage04.M
        (7 ^ 4))
      Math.B699.I11TerminalMembership.Pair37.cellA12B4 Math.B699.I11TerminalMembership.candidates =
    true
'Math.B699.I11TerminalMembership.Pair37.cellA12B4_check' depends on axioms: [propext]
Math.B699.I11TerminalMembership.Pair37.cellA12B5_check :
  Math.B699.I11TerminalCRT.cellCoverCheck (3 ^ 12) (7 ^ 5)
      (Math.B699.CRTGrid.heightCap B699LowIndex.I11CrtStageMetadata.Stage04.H B699LowIndex.I11CrtStageMetadata.Stage04.M
        (3 ^ 12))
      (Math.B699.CRTGrid.heightCap B699LowIndex.I11CrtStageMetadata.Stage04.H B699LowIndex.I11CrtStageMetadata.Stage04.M
        (7 ^ 5))
      Math.B699.I11TerminalMembership.Pair37.cellA12B5 Math.B699.I11TerminalMembership.candidates =
    true
'Math.B699.I11TerminalMembership.Pair37.cellA12B5_check' depends on axioms: [propext]
Math.B699.I11TerminalMembership.Pair37.cellA12B6_check :
  Math.B699.I11TerminalCRT.cellCoverCheck (3 ^ 12) (7 ^ 6)
      (Math.B699.CRTGrid.heightCap B699LowIndex.I11CrtStageMetadata.Stage04.H B699LowIndex.I11CrtStageMetadata.Stage04.M
        (3 ^ 12))
      (Math.B699.CRTGrid.heightCap B699LowIndex.I11CrtStageMetadata.Stage04.H B699LowIndex.I11CrtStageMetadata.Stage04.M
        (7 ^ 6))
      Math.B699.I11TerminalMembership.Pair37.cellA12B6 Math.B699.I11TerminalMembership.candidates =
    true
'Math.B699.I11TerminalMembership.Pair37.cellA12B6_check' depends on axioms: [propext]
Math.B699.I11TerminalMembership.Pair37.cellA12B7_check :
  Math.B699.I11TerminalCRT.cellCoverCheck (3 ^ 12) (7 ^ 7)
      (Math.B699.CRTGrid.heightCap B699LowIndex.I11CrtStageMetadata.Stage04.H B699LowIndex.I11CrtStageMetadata.Stage04.M
        (3 ^ 12))
      (Math.B699.CRTGrid.heightCap B699LowIndex.I11CrtStageMetadata.Stage04.H B699LowIndex.I11CrtStageMetadata.Stage04.M
        (7 ^ 7))
      Math.B699.I11TerminalMembership.Pair37.cellA12B7 Math.B699.I11TerminalMembership.candidates =
    true
'Math.B699.I11TerminalMembership.Pair37.cellA12B7_check' depends on axioms: [propext]
Math.B699.I11TerminalMembership.Pair37.cellA12B8_check :
  Math.B699.I11TerminalCRT.cellCoverCheck (3 ^ 12) (7 ^ 8)
      (Math.B699.CRTGrid.heightCap B699LowIndex.I11CrtStageMetadata.Stage04.H B699LowIndex.I11CrtStageMetadata.Stage04.M
        (3 ^ 12))
      (Math.B699.CRTGrid.heightCap B699LowIndex.I11CrtStageMetadata.Stage04.H B699LowIndex.I11CrtStageMetadata.Stage04.M
        (7 ^ 8))
      Math.B699.I11TerminalMembership.Pair37.cellA12B8 Math.B699.I11TerminalMembership.candidates =
    true
'Math.B699.I11TerminalMembership.Pair37.cellA12B8_check' depends on axioms: [propext]
Math.B699.I11TerminalMembership.Pair37.rowA12_cell_check (b : ℕ) (hb0 : 1 ≤ b) (hb1 : b ≤ 8) :
  Math.B699.I11TerminalCRT.cellCoverCheck (3 ^ 12) (7 ^ b)
      (Math.B699.CRTGrid.heightCap B699LowIndex.I11CrtStageMetadata.Stage04.H B699LowIndex.I11CrtStageMetadata.Stage04.M
        (3 ^ 12))
      (Math.B699.CRTGrid.heightCap B699LowIndex.I11CrtStageMetadata.Stage04.H B699LowIndex.I11CrtStageMetadata.Stage04.M
        (7 ^ b))
      (Math.B699.I11TerminalMembership.Pair37.rowA12 b) Math.B699.I11TerminalMembership.candidates =
    true
'Math.B699.I11TerminalMembership.Pair37.rowA12_cell_check' depends on axioms: [propext]
Math.B699.I11TerminalMembership.Pair37.rowA12_block_check :
  Math.B699.I11TerminalCRT.blockCoverCheck 3 7 B699LowIndex.I11CrtStageMetadata.Stage04.H
      B699LowIndex.I11CrtStageMetadata.Stage04.M 12 1 1 8 Math.B699.I11TerminalMembership.Pair37.cells
      Math.B699.I11TerminalMembership.candidates =
    true
'Math.B699.I11TerminalMembership.Pair37.rowA12_block_check' depends on axioms: [propext, Quot.sound]
Math.B699.I11TerminalMembership.Pair37.cellA13B1_check :
  Math.B699.I11TerminalCRT.cellCoverCheck (3 ^ 13) (7 ^ 1)
      (Math.B699.CRTGrid.heightCap B699LowIndex.I11CrtStageMetadata.Stage04.H B699LowIndex.I11CrtStageMetadata.Stage04.M
        (3 ^ 13))
      (Math.B699.CRTGrid.heightCap B699LowIndex.I11CrtStageMetadata.Stage04.H B699LowIndex.I11CrtStageMetadata.Stage04.M
        (7 ^ 1))
      Math.B699.I11TerminalMembership.Pair37.cellA13B1 Math.B699.I11TerminalMembership.candidates =
    true
'Math.B699.I11TerminalMembership.Pair37.cellA13B1_check' depends on axioms: [propext]
Math.B699.I11TerminalMembership.Pair37.cellA13B2_check :
  Math.B699.I11TerminalCRT.cellCoverCheck (3 ^ 13) (7 ^ 2)
      (Math.B699.CRTGrid.heightCap B699LowIndex.I11CrtStageMetadata.Stage04.H B699LowIndex.I11CrtStageMetadata.Stage04.M
        (3 ^ 13))
      (Math.B699.CRTGrid.heightCap B699LowIndex.I11CrtStageMetadata.Stage04.H B699LowIndex.I11CrtStageMetadata.Stage04.M
        (7 ^ 2))
      Math.B699.I11TerminalMembership.Pair37.cellA13B2 Math.B699.I11TerminalMembership.candidates =
    true
'Math.B699.I11TerminalMembership.Pair37.cellA13B2_check' depends on axioms: [propext]
Math.B699.I11TerminalMembership.Pair37.cellA13B3_check :
  Math.B699.I11TerminalCRT.cellCoverCheck (3 ^ 13) (7 ^ 3)
      (Math.B699.CRTGrid.heightCap B699LowIndex.I11CrtStageMetadata.Stage04.H B699LowIndex.I11CrtStageMetadata.Stage04.M
        (3 ^ 13))
      (Math.B699.CRTGrid.heightCap B699LowIndex.I11CrtStageMetadata.Stage04.H B699LowIndex.I11CrtStageMetadata.Stage04.M
        (7 ^ 3))
      Math.B699.I11TerminalMembership.Pair37.cellA13B3 Math.B699.I11TerminalMembership.candidates =
    true
'Math.B699.I11TerminalMembership.Pair37.cellA13B3_check' depends on axioms: [propext]
Math.B699.I11TerminalMembership.Pair37.cellA13B4_check :
  Math.B699.I11TerminalCRT.cellCoverCheck (3 ^ 13) (7 ^ 4)
      (Math.B699.CRTGrid.heightCap B699LowIndex.I11CrtStageMetadata.Stage04.H B699LowIndex.I11CrtStageMetadata.Stage04.M
        (3 ^ 13))
      (Math.B699.CRTGrid.heightCap B699LowIndex.I11CrtStageMetadata.Stage04.H B699LowIndex.I11CrtStageMetadata.Stage04.M
        (7 ^ 4))
      Math.B699.I11TerminalMembership.Pair37.cellA13B4 Math.B699.I11TerminalMembership.candidates =
    true
'Math.B699.I11TerminalMembership.Pair37.cellA13B4_check' depends on axioms: [propext]
Math.B699.I11TerminalMembership.Pair37.cellA13B5_check :
  Math.B699.I11TerminalCRT.cellCoverCheck (3 ^ 13) (7 ^ 5)
      (Math.B699.CRTGrid.heightCap B699LowIndex.I11CrtStageMetadata.Stage04.H B699LowIndex.I11CrtStageMetadata.Stage04.M
        (3 ^ 13))
      (Math.B699.CRTGrid.heightCap B699LowIndex.I11CrtStageMetadata.Stage04.H B699LowIndex.I11CrtStageMetadata.Stage04.M
        (7 ^ 5))
      Math.B699.I11TerminalMembership.Pair37.cellA13B5 Math.B699.I11TerminalMembership.candidates =
    true
'Math.B699.I11TerminalMembership.Pair37.cellA13B5_check' depends on axioms: [propext]
Math.B699.I11TerminalMembership.Pair37.cellA13B6_check :
  Math.B699.I11TerminalCRT.cellCoverCheck (3 ^ 13) (7 ^ 6)
      (Math.B699.CRTGrid.heightCap B699LowIndex.I11CrtStageMetadata.Stage04.H B699LowIndex.I11CrtStageMetadata.Stage04.M
        (3 ^ 13))
      (Math.B699.CRTGrid.heightCap B699LowIndex.I11CrtStageMetadata.Stage04.H B699LowIndex.I11CrtStageMetadata.Stage04.M
        (7 ^ 6))
      Math.B699.I11TerminalMembership.Pair37.cellA13B6 Math.B699.I11TerminalMembership.candidates =
    true
'Math.B699.I11TerminalMembership.Pair37.cellA13B6_check' depends on axioms: [propext]
Math.B699.I11TerminalMembership.Pair37.cellA13B7_check :
  Math.B699.I11TerminalCRT.cellCoverCheck (3 ^ 13) (7 ^ 7)
      (Math.B699.CRTGrid.heightCap B699LowIndex.I11CrtStageMetadata.Stage04.H B699LowIndex.I11CrtStageMetadata.Stage04.M
        (3 ^ 13))
      (Math.B699.CRTGrid.heightCap B699LowIndex.I11CrtStageMetadata.Stage04.H B699LowIndex.I11CrtStageMetadata.Stage04.M
        (7 ^ 7))
      Math.B699.I11TerminalMembership.Pair37.cellA13B7 Math.B699.I11TerminalMembership.candidates =
    true
'Math.B699.I11TerminalMembership.Pair37.cellA13B7_check' depends on axioms: [propext]
Math.B699.I11TerminalMembership.Pair37.cellA13B8_check :
  Math.B699.I11TerminalCRT.cellCoverCheck (3 ^ 13) (7 ^ 8)
      (Math.B699.CRTGrid.heightCap B699LowIndex.I11CrtStageMetadata.Stage04.H B699LowIndex.I11CrtStageMetadata.Stage04.M
        (3 ^ 13))
      (Math.B699.CRTGrid.heightCap B699LowIndex.I11CrtStageMetadata.Stage04.H B699LowIndex.I11CrtStageMetadata.Stage04.M
        (7 ^ 8))
      Math.B699.I11TerminalMembership.Pair37.cellA13B8 Math.B699.I11TerminalMembership.candidates =
    true
'Math.B699.I11TerminalMembership.Pair37.cellA13B8_check' depends on axioms: [propext]
Math.B699.I11TerminalMembership.Pair37.rowA13_cell_check (b : ℕ) (hb0 : 1 ≤ b) (hb1 : b ≤ 8) :
  Math.B699.I11TerminalCRT.cellCoverCheck (3 ^ 13) (7 ^ b)
      (Math.B699.CRTGrid.heightCap B699LowIndex.I11CrtStageMetadata.Stage04.H B699LowIndex.I11CrtStageMetadata.Stage04.M
        (3 ^ 13))
      (Math.B699.CRTGrid.heightCap B699LowIndex.I11CrtStageMetadata.Stage04.H B699LowIndex.I11CrtStageMetadata.Stage04.M
        (7 ^ b))
      (Math.B699.I11TerminalMembership.Pair37.rowA13 b) Math.B699.I11TerminalMembership.candidates =
    true
'Math.B699.I11TerminalMembership.Pair37.rowA13_cell_check' depends on axioms: [propext]
Math.B699.I11TerminalMembership.Pair37.rowA13_block_check :
  Math.B699.I11TerminalCRT.blockCoverCheck 3 7 B699LowIndex.I11CrtStageMetadata.Stage04.H
      B699LowIndex.I11CrtStageMetadata.Stage04.M 13 1 1 8 Math.B699.I11TerminalMembership.Pair37.cells
      Math.B699.I11TerminalMembership.candidates =
    true
'Math.B699.I11TerminalMembership.Pair37.rowA13_block_check' depends on axioms: [propext, Quot.sound]
Math.B699.I11TerminalMembership.Pair37.cellA14B1_check :
  Math.B699.I11TerminalCRT.cellCoverCheck (3 ^ 14) (7 ^ 1)
      (Math.B699.CRTGrid.heightCap B699LowIndex.I11CrtStageMetadata.Stage04.H B699LowIndex.I11CrtStageMetadata.Stage04.M
        (3 ^ 14))
      (Math.B699.CRTGrid.heightCap B699LowIndex.I11CrtStageMetadata.Stage04.H B699LowIndex.I11CrtStageMetadata.Stage04.M
        (7 ^ 1))
      Math.B699.I11TerminalMembership.Pair37.cellA14B1 Math.B699.I11TerminalMembership.candidates =
    true
'Math.B699.I11TerminalMembership.Pair37.cellA14B1_check' depends on axioms: [propext]
Math.B699.I11TerminalMembership.Pair37.cellA14B2_check :
  Math.B699.I11TerminalCRT.cellCoverCheck (3 ^ 14) (7 ^ 2)
      (Math.B699.CRTGrid.heightCap B699LowIndex.I11CrtStageMetadata.Stage04.H B699LowIndex.I11CrtStageMetadata.Stage04.M
        (3 ^ 14))
      (Math.B699.CRTGrid.heightCap B699LowIndex.I11CrtStageMetadata.Stage04.H B699LowIndex.I11CrtStageMetadata.Stage04.M
        (7 ^ 2))
      Math.B699.I11TerminalMembership.Pair37.cellA14B2 Math.B699.I11TerminalMembership.candidates =
    true
'Math.B699.I11TerminalMembership.Pair37.cellA14B2_check' depends on axioms: [propext]
Math.B699.I11TerminalMembership.Pair37.cellA14B3_check :
  Math.B699.I11TerminalCRT.cellCoverCheck (3 ^ 14) (7 ^ 3)
      (Math.B699.CRTGrid.heightCap B699LowIndex.I11CrtStageMetadata.Stage04.H B699LowIndex.I11CrtStageMetadata.Stage04.M
        (3 ^ 14))
      (Math.B699.CRTGrid.heightCap B699LowIndex.I11CrtStageMetadata.Stage04.H B699LowIndex.I11CrtStageMetadata.Stage04.M
        (7 ^ 3))
      Math.B699.I11TerminalMembership.Pair37.cellA14B3 Math.B699.I11TerminalMembership.candidates =
    true
'Math.B699.I11TerminalMembership.Pair37.cellA14B3_check' depends on axioms: [propext]
Math.B699.I11TerminalMembership.Pair37.cellA14B4_check :
  Math.B699.I11TerminalCRT.cellCoverCheck (3 ^ 14) (7 ^ 4)
      (Math.B699.CRTGrid.heightCap B699LowIndex.I11CrtStageMetadata.Stage04.H B699LowIndex.I11CrtStageMetadata.Stage04.M
        (3 ^ 14))
      (Math.B699.CRTGrid.heightCap B699LowIndex.I11CrtStageMetadata.Stage04.H B699LowIndex.I11CrtStageMetadata.Stage04.M
        (7 ^ 4))
      Math.B699.I11TerminalMembership.Pair37.cellA14B4 Math.B699.I11TerminalMembership.candidates =
    true
'Math.B699.I11TerminalMembership.Pair37.cellA14B4_check' depends on axioms: [propext]
Math.B699.I11TerminalMembership.Pair37.cellA14B5_check :
  Math.B699.I11TerminalCRT.cellCoverCheck (3 ^ 14) (7 ^ 5)
      (Math.B699.CRTGrid.heightCap B699LowIndex.I11CrtStageMetadata.Stage04.H B699LowIndex.I11CrtStageMetadata.Stage04.M
        (3 ^ 14))
      (Math.B699.CRTGrid.heightCap B699LowIndex.I11CrtStageMetadata.Stage04.H B699LowIndex.I11CrtStageMetadata.Stage04.M
        (7 ^ 5))
      Math.B699.I11TerminalMembership.Pair37.cellA14B5 Math.B699.I11TerminalMembership.candidates =
    true
'Math.B699.I11TerminalMembership.Pair37.cellA14B5_check' depends on axioms: [propext]
Math.B699.I11TerminalMembership.Pair37.cellA14B6_check :
  Math.B699.I11TerminalCRT.cellCoverCheck (3 ^ 14) (7 ^ 6)
      (Math.B699.CRTGrid.heightCap B699LowIndex.I11CrtStageMetadata.Stage04.H B699LowIndex.I11CrtStageMetadata.Stage04.M
        (3 ^ 14))
      (Math.B699.CRTGrid.heightCap B699LowIndex.I11CrtStageMetadata.Stage04.H B699LowIndex.I11CrtStageMetadata.Stage04.M
        (7 ^ 6))
      Math.B699.I11TerminalMembership.Pair37.cellA14B6 Math.B699.I11TerminalMembership.candidates =
    true
'Math.B699.I11TerminalMembership.Pair37.cellA14B6_check' depends on axioms: [propext]
Math.B699.I11TerminalMembership.Pair37.cellA14B7_check :
  Math.B699.I11TerminalCRT.cellCoverCheck (3 ^ 14) (7 ^ 7)
      (Math.B699.CRTGrid.heightCap B699LowIndex.I11CrtStageMetadata.Stage04.H B699LowIndex.I11CrtStageMetadata.Stage04.M
        (3 ^ 14))
      (Math.B699.CRTGrid.heightCap B699LowIndex.I11CrtStageMetadata.Stage04.H B699LowIndex.I11CrtStageMetadata.Stage04.M
        (7 ^ 7))
      Math.B699.I11TerminalMembership.Pair37.cellA14B7 Math.B699.I11TerminalMembership.candidates =
    true
'Math.B699.I11TerminalMembership.Pair37.cellA14B7_check' depends on axioms: [propext]
Math.B699.I11TerminalMembership.Pair37.cellA14B8_check :
  Math.B699.I11TerminalCRT.cellCoverCheck (3 ^ 14) (7 ^ 8)
      (Math.B699.CRTGrid.heightCap B699LowIndex.I11CrtStageMetadata.Stage04.H B699LowIndex.I11CrtStageMetadata.Stage04.M
        (3 ^ 14))
      (Math.B699.CRTGrid.heightCap B699LowIndex.I11CrtStageMetadata.Stage04.H B699LowIndex.I11CrtStageMetadata.Stage04.M
        (7 ^ 8))
      Math.B699.I11TerminalMembership.Pair37.cellA14B8 Math.B699.I11TerminalMembership.candidates =
    true
'Math.B699.I11TerminalMembership.Pair37.cellA14B8_check' depends on axioms: [propext]
Math.B699.I11TerminalMembership.Pair37.rowA14_cell_check (b : ℕ) (hb0 : 1 ≤ b) (hb1 : b ≤ 8) :
  Math.B699.I11TerminalCRT.cellCoverCheck (3 ^ 14) (7 ^ b)
      (Math.B699.CRTGrid.heightCap B699LowIndex.I11CrtStageMetadata.Stage04.H B699LowIndex.I11CrtStageMetadata.Stage04.M
        (3 ^ 14))
      (Math.B699.CRTGrid.heightCap B699LowIndex.I11CrtStageMetadata.Stage04.H B699LowIndex.I11CrtStageMetadata.Stage04.M
        (7 ^ b))
      (Math.B699.I11TerminalMembership.Pair37.rowA14 b) Math.B699.I11TerminalMembership.candidates =
    true
'Math.B699.I11TerminalMembership.Pair37.rowA14_cell_check' depends on axioms: [propext]
Math.B699.I11TerminalMembership.Pair37.rowA14_block_check :
  Math.B699.I11TerminalCRT.blockCoverCheck 3 7 B699LowIndex.I11CrtStageMetadata.Stage04.H
      B699LowIndex.I11CrtStageMetadata.Stage04.M 14 1 1 8 Math.B699.I11TerminalMembership.Pair37.cells
      Math.B699.I11TerminalMembership.candidates =
    true
'Math.B699.I11TerminalMembership.Pair37.rowA14_block_check' depends on axioms: [propext, Quot.sound]
Math.B699.I11TerminalMembership.Pair37.cellA15B1_check :
  Math.B699.I11TerminalCRT.cellCoverCheck (3 ^ 15) (7 ^ 1)
      (Math.B699.CRTGrid.heightCap B699LowIndex.I11CrtStageMetadata.Stage04.H B699LowIndex.I11CrtStageMetadata.Stage04.M
        (3 ^ 15))
      (Math.B699.CRTGrid.heightCap B699LowIndex.I11CrtStageMetadata.Stage04.H B699LowIndex.I11CrtStageMetadata.Stage04.M
        (7 ^ 1))
      Math.B699.I11TerminalMembership.Pair37.cellA15B1 Math.B699.I11TerminalMembership.candidates =
    true
'Math.B699.I11TerminalMembership.Pair37.cellA15B1_check' depends on axioms: [propext]
Math.B699.I11TerminalMembership.Pair37.cellA15B2_check :
  Math.B699.I11TerminalCRT.cellCoverCheck (3 ^ 15) (7 ^ 2)
      (Math.B699.CRTGrid.heightCap B699LowIndex.I11CrtStageMetadata.Stage04.H B699LowIndex.I11CrtStageMetadata.Stage04.M
        (3 ^ 15))
      (Math.B699.CRTGrid.heightCap B699LowIndex.I11CrtStageMetadata.Stage04.H B699LowIndex.I11CrtStageMetadata.Stage04.M
        (7 ^ 2))
      Math.B699.I11TerminalMembership.Pair37.cellA15B2 Math.B699.I11TerminalMembership.candidates =
    true
'Math.B699.I11TerminalMembership.Pair37.cellA15B2_check' depends on axioms: [propext]
Math.B699.I11TerminalMembership.Pair37.cellA15B3_check :
  Math.B699.I11TerminalCRT.cellCoverCheck (3 ^ 15) (7 ^ 3)
      (Math.B699.CRTGrid.heightCap B699LowIndex.I11CrtStageMetadata.Stage04.H B699LowIndex.I11CrtStageMetadata.Stage04.M
        (3 ^ 15))
      (Math.B699.CRTGrid.heightCap B699LowIndex.I11CrtStageMetadata.Stage04.H B699LowIndex.I11CrtStageMetadata.Stage04.M
        (7 ^ 3))
      Math.B699.I11TerminalMembership.Pair37.cellA15B3 Math.B699.I11TerminalMembership.candidates =
    true
'Math.B699.I11TerminalMembership.Pair37.cellA15B3_check' depends on axioms: [propext]
Math.B699.I11TerminalMembership.Pair37.cellA15B4_check :
  Math.B699.I11TerminalCRT.cellCoverCheck (3 ^ 15) (7 ^ 4)
      (Math.B699.CRTGrid.heightCap B699LowIndex.I11CrtStageMetadata.Stage04.H B699LowIndex.I11CrtStageMetadata.Stage04.M
        (3 ^ 15))
      (Math.B699.CRTGrid.heightCap B699LowIndex.I11CrtStageMetadata.Stage04.H B699LowIndex.I11CrtStageMetadata.Stage04.M
        (7 ^ 4))
      Math.B699.I11TerminalMembership.Pair37.cellA15B4 Math.B699.I11TerminalMembership.candidates =
    true
'Math.B699.I11TerminalMembership.Pair37.cellA15B4_check' depends on axioms: [propext]
Math.B699.I11TerminalMembership.Pair37.cellA15B5_check :
  Math.B699.I11TerminalCRT.cellCoverCheck (3 ^ 15) (7 ^ 5)
      (Math.B699.CRTGrid.heightCap B699LowIndex.I11CrtStageMetadata.Stage04.H B699LowIndex.I11CrtStageMetadata.Stage04.M
        (3 ^ 15))
      (Math.B699.CRTGrid.heightCap B699LowIndex.I11CrtStageMetadata.Stage04.H B699LowIndex.I11CrtStageMetadata.Stage04.M
        (7 ^ 5))
      Math.B699.I11TerminalMembership.Pair37.cellA15B5 Math.B699.I11TerminalMembership.candidates =
    true
'Math.B699.I11TerminalMembership.Pair37.cellA15B5_check' depends on axioms: [propext]
Math.B699.I11TerminalMembership.Pair37.cellA15B6_check :
  Math.B699.I11TerminalCRT.cellCoverCheck (3 ^ 15) (7 ^ 6)
      (Math.B699.CRTGrid.heightCap B699LowIndex.I11CrtStageMetadata.Stage04.H B699LowIndex.I11CrtStageMetadata.Stage04.M
        (3 ^ 15))
      (Math.B699.CRTGrid.heightCap B699LowIndex.I11CrtStageMetadata.Stage04.H B699LowIndex.I11CrtStageMetadata.Stage04.M
        (7 ^ 6))
      Math.B699.I11TerminalMembership.Pair37.cellA15B6 Math.B699.I11TerminalMembership.candidates =
    true
'Math.B699.I11TerminalMembership.Pair37.cellA15B6_check' depends on axioms: [propext]
Math.B699.I11TerminalMembership.Pair37.cellA15B7_check :
  Math.B699.I11TerminalCRT.cellCoverCheck (3 ^ 15) (7 ^ 7)
      (Math.B699.CRTGrid.heightCap B699LowIndex.I11CrtStageMetadata.Stage04.H B699LowIndex.I11CrtStageMetadata.Stage04.M
        (3 ^ 15))
      (Math.B699.CRTGrid.heightCap B699LowIndex.I11CrtStageMetadata.Stage04.H B699LowIndex.I11CrtStageMetadata.Stage04.M
        (7 ^ 7))
      Math.B699.I11TerminalMembership.Pair37.cellA15B7 Math.B699.I11TerminalMembership.candidates =
    true
'Math.B699.I11TerminalMembership.Pair37.cellA15B7_check' depends on axioms: [propext]
Math.B699.I11TerminalMembership.Pair37.cellA15B8_check :
  Math.B699.I11TerminalCRT.cellCoverCheck (3 ^ 15) (7 ^ 8)
      (Math.B699.CRTGrid.heightCap B699LowIndex.I11CrtStageMetadata.Stage04.H B699LowIndex.I11CrtStageMetadata.Stage04.M
        (3 ^ 15))
      (Math.B699.CRTGrid.heightCap B699LowIndex.I11CrtStageMetadata.Stage04.H B699LowIndex.I11CrtStageMetadata.Stage04.M
        (7 ^ 8))
      Math.B699.I11TerminalMembership.Pair37.cellA15B8 Math.B699.I11TerminalMembership.candidates =
    true
'Math.B699.I11TerminalMembership.Pair37.cellA15B8_check' depends on axioms: [propext]
Math.B699.I11TerminalMembership.Pair37.rowA15_cell_check (b : ℕ) (hb0 : 1 ≤ b) (hb1 : b ≤ 8) :
  Math.B699.I11TerminalCRT.cellCoverCheck (3 ^ 15) (7 ^ b)
      (Math.B699.CRTGrid.heightCap B699LowIndex.I11CrtStageMetadata.Stage04.H B699LowIndex.I11CrtStageMetadata.Stage04.M
        (3 ^ 15))
      (Math.B699.CRTGrid.heightCap B699LowIndex.I11CrtStageMetadata.Stage04.H B699LowIndex.I11CrtStageMetadata.Stage04.M
        (7 ^ b))
      (Math.B699.I11TerminalMembership.Pair37.rowA15 b) Math.B699.I11TerminalMembership.candidates =
    true
'Math.B699.I11TerminalMembership.Pair37.rowA15_cell_check' depends on axioms: [propext]
Math.B699.I11TerminalMembership.Pair37.rowA15_block_check :
  Math.B699.I11TerminalCRT.blockCoverCheck 3 7 B699LowIndex.I11CrtStageMetadata.Stage04.H
      B699LowIndex.I11CrtStageMetadata.Stage04.M 15 1 1 8 Math.B699.I11TerminalMembership.Pair37.cells
      Math.B699.I11TerminalMembership.candidates =
    true
'Math.B699.I11TerminalMembership.Pair37.rowA15_block_check' depends on axioms: [propext, Quot.sound]
Math.B699.I11TerminalMembership.Pair37.rectangle_check :
  Math.B699.I11TerminalCRT.rectangleCoverCheck 3 7 B699LowIndex.I11CrtStageMetadata.Stage04.H
      B699LowIndex.I11CrtStageMetadata.Stage04.M 15 8 Math.B699.I11TerminalMembership.Pair37.cells
      Math.B699.I11TerminalMembership.candidates =
    true
'Math.B699.I11TerminalMembership.Pair37.rectangle_check' depends on axioms: [propext, Quot.sound]
Math.B699.I11TerminalMembership.Pair37.pairData : Math.B699.I11CRTSixPair.PairGridData
'Math.B699.I11TerminalMembership.Pair37.pairData' does not depend on any axioms
Math.B699.I11TerminalMembership.Pair37.cutoff_check :
  Math.B699.I11CRTSixPair.cutoffCheck 3 7 B699LowIndex.I11CrtStageMetadata.Stage04.H
      Math.B699.I11TerminalMembership.Pair37.pairData =
    true
'Math.B699.I11TerminalMembership.Pair37.cutoff_check' depends on axioms: [propext]
Math.B699.I11TerminalMembership.Pair37.pair_check :
  Math.B699.I11TerminalCRT.pairGridCoverCheck 3 7 B699LowIndex.I11CrtStageMetadata.Stage04.H
      B699LowIndex.I11CrtStageMetadata.Stage04.M Math.B699.I11TerminalMembership.Pair37.pairData
      Math.B699.I11TerminalMembership.candidates =
    true
'Math.B699.I11TerminalMembership.Pair37.pair_check' depends on axioms: [propext, Quot.sound]
