257 131 17460
0 0 1 0
1 0 1 1
2 0 1 2
3 0 1 3
4 0 1 4
5 0 1 5
6 0 1 6
7 0 1 7
8 0 1 8
9 0 1 9
10 0 1 10
11 0 1 11
12 0 1 12
13 0 1 13
14 0 1 14
15 0 1 15
16 0 1 16
17 0 1 17
18 0 1 18
19 0 1 19
20 0 1 20
21 0 1 21
22 0 1 22
23 0 1 23
24 0 1 24
25 0 1 25
26 0 1 26
27 0 1 27
28 0 1 28
29 0 1 29
30 0 1 30
31 0 1 31
32 0 1 32
33 0 1 33
34 0 1 34
35 0 1 35
36 0 1 36
37 0 1 37
38 0 1 38
39 0 1 39
40 0 1 40
41 0 1 41
42 0 1 42
43 0 1 43
44 0 1 44
45 0 1 45
46 0 1 46
47 0 1 47
48 0 1 48
49 0 1 49
50 0 1 50
51 0 1 51
52 0 1 52
53 0 1 53
54 0 1 54
55 0 1 55
56 0 1 56
57 0 1 57
58 0 1 58
59 0 1 59
60 0 1 60
61 0 1 61
62 0 1 62
63 0 1 63
64 0 1 64
65 0 1 65
66 0 1 66
67 1 1 2
68 1 1 3
69 1 1 4
70 1 1 5
71 1 1 6
72 1 1 7
73 1 1 8
74 1 1 9
75 1 1 10
76 1 1 11
77 1 1 12
78 1 1 13
79 1 1 14
80 1 1 15
81 1 1 16
82 1 1 17
83 1 1 18
84 1 1 19
85 1 1 20
86 1 1 21
87 1 1 22
88 1 1 23
89 1 1 24
90 1 1 25
91 1 1 26
92 1 1 27
93 1 1 28
94 1 1 29
95 1 1 30
96 1 1 31
97 1 1 32
98 1 1 33
99 1 1 34
100 1 1 35
101 1 1 36
102 1 1 37
103 1 1 38
104 1 1 39
105 1 1 40
106 1 1 41
107 1 1 42
108 1 1 43
109 1 1 44
110 1 1 45
111 1 1 46
112 1 1 47
113 1 1 48
114 1 1 49
115 1 1 50
116 1 1 51
117 1 1 52
118 1 1 53
119 1 1 54
120 1 1 55
121 1 1 56
122 1 1 57
123 1 1 58
124 1 1 59
125 1 1 60
126 1 1 61
127 1 1 62
128 1 1 63
129 1 1 64
130 1 1 65
131 1 1 66
132 1 1 67
133 2 1 4
134 2 1 5
135 2 1 6
136 2 1 7
137 2 1 8
138 2 1 9
139 2 1 10
140 2 1 11
141 2 1 12
142 2 1 13
143 2 1 14
144 2 1 15
145 2 1 16
146 2 1 17
147 2 1 18
148 2 1 19
149 2 1 20
150 2 1 21
151 2 1 22
152 2 1 23
153 2 1 24
154 2 1 25
155 2 1 26
156 2 1 27
157 2 1 28
158 2 1 29
159 2 1 30
160 2 1 31
161 2 1 32
162 2 1 33
163 2 1 34
164 2 1 35
165 2 1 36
166 2 1 37
167 2 1 38
168 2 1 39
169 2 1 40
170 2 1 41
171 2 1 42
172 2 1 43
173 2 1 44
174 2 1 45
175 2 1 46
176 2 1 47
177 2 1 48
178 2 1 49
179 2 1 50
180 2 1 51
181 2 1 52
182 2 1 53
183 2 1 54
184 2 1 55
185 2 1 56
186 2 1 57
187 2 1 58
188 2 1 59
189 2 1 60
190 2 1 61
191 2 1 62
192 2 1 63
193 2 1 64
194 2 1 65
195 2 1 66
196 2 1 67
197 2 1 68
198 3 1 6
199 3 1 7
200 3 1 8
201 3 1 9
202 3 1 10
203 3 1 11
204 3 1 12
205 3 1 13
206 3 1 14
207 3 1 15
208 3 1 16
209 3 1 17
210 3 1 18
211 3 1 19
212 3 1 20
213 3 1 21
214 3 1 22
215 3 1 23
216 3 1 24
217 3 1 25
218 3 1 26
219 3 1 27
220 3 1 28
221 3 1 29
222 3 1 30
223 3 1 31
224 3 1 32
225 3 1 33
226 3 1 34
227 3 1 35
228 3 1 36
229 3 1 37
230 3 1 38
231 3 1 39
232 3 1 40
233 3 1 41
234 3 1 42
235 3 1 43
236 3 1 44
237 3 1 45
238 3 1 46
239 3 1 47
240 3 1 48
241 3 1 49
242 3 1 50
243 3 1 51
244 3 1 52
245 3 1 53
246 3 1 54
247 3 1 55
248 3 1 56
249 3 1 57
250 3 1 58
251 3 1 59
252 3 1 60
253 3 1 61
254 3 1 62
255 3 1 63
256 3 1 64
257 3 1 65
258 3 1 66
259 3 1 67
260 3 1 68
261 3 1 69
262 4 1 8
263 4 1 9
264 4 1 10
265 4 1 11
266 4 1 12
267 4 1 13
268 4 1 14
269 4 1 15
270 4 1 16
271 4 1 17
272 4 1 18
273 4 1 19
274 4 1 20
275 4 1 21
276 4 1 22
277 4 1 23
278 4 1 24
279 4 1 25
280 4 1 26
281 4 1 27
282 4 1 28
283 4 1 29
284 4 1 30
285 4 1 31
286 4 1 32
287 4 1 33
288 4 1 34
289 4 1 35
290 4 1 36
291 4 1 37
292 4 1 38
293 4 1 39
294 4 1 40
295 4 1 41
296 4 1 42
297 4 1 43
298 4 1 44
299 4 1 45
300 4 1 46
301 4 1 47
302 4 1 48
303 4 1 49
304 4 1 50
305 4 1 51
306 4 1 52
307 4 1 53
308 4 1 54
309 4 1 55
310 4 1 56
311 4 1 57
312 4 1 58
313 4 1 59
314 4 1 60
315 4 1 61
316 4 1 62
317 4 1 63
318 4 1 64
319 4 1 65
320 4 1 66
321 4 1 67
322 4 1 68
323 4 1 69
324 4 1 70
325 5 1 10
326 5 1 11
327 5 1 12
328 5 1 13
329 5 1 14
330 5 1 15
331 5 1 16
332 5 1 17
333 5 1 18
334 5 1 19
335 5 1 20
336 5 1 21
337 5 1 22
338 5 1 23
339 5 1 24
340 5 1 25
341 5 1 26
342 5 1 27
343 5 1 28
344 5 1 29
345 5 1 30
346 5 1 31
347 5 1 32
348 5 1 33
349 5 1 34
350 5 1 35
351 5 1 36
352 5 1 37
353 5 1 38
354 5 1 39
355 5 1 40
356 5 1 41
357 5 1 42
358 5 1 43
359 5 1 44
360 5 1 45
361 5 1 46
362 5 1 47
363 5 1 48
364 5 1 49
365 5 1 50
366 5 1 51
367 5 1 52
368 5 1 53
369 5 1 54
370 5 1 55
371 5 1 56
372 5 1 57
373 5 1 58
374 5 1 59
375 5 1 60
376 5 1 61
377 5 1 62
378 5 1 63
379 5 1 64
380 5 1 65
381 5 1 66
382 5 1 67
383 5 1 68
384 5 1 69
385 5 1 70
386 5 1 71
387 6 1 12
388 6 1 13
389 6 1 14
390 6 1 15
391 6 1 16
392 6 1 17
393 6 1 18
394 6 1 19
395 6 1 20
396 6 1 21
397 6 1 22
398 6 1 23
399 6 1 24
400 6 1 25
401 6 1 26
402 6 1 27
403 6 1 28
404 6 1 29
405 6 1 30
406 6 1 31
407 6 1 32
408 6 1 33
409 6 1 34
410 6 1 35
411 6 1 36
412 6 1 37
413 6 1 38
414 6 1 39
415 6 1 40
416 6 1 41
417 6 1 42
418 6 1 43
419 6 1 44
420 6 1 45
421 6 1 46
422 6 1 47
423 6 1 48
424 6 1 49
425 6 1 50
426 6 1 51
427 6 1 52
428 6 1 53
429 6 1 54
430 6 1 55
431 6 1 56
432 6 1 57
433 6 1 58
434 6 1 59
435 6 1 60
436 6 1 61
437 6 1 62
438 6 1 63
439 6 1 64
440 6 1 65
441 6 1 66
442 6 1 67
443 6 1 68
444 6 1 69
445 6 1 70
446 6 1 71
447 6 1 72
448 7 1 14
449 7 1 15
450 7 1 16
451 7 1 17
452 7 1 18
453 7 1 19
454 7 1 20
455 7 1 21
456 7 1 22
457 7 1 23
458 7 1 24
459 7 1 25
460 7 1 26
461 7 1 27
462 7 1 28
463 7 1 29
464 7 1 30
465 7 1 31
466 7 1 32
467 7 1 33
468 7 1 34
469 7 1 35
470 7 1 36
471 7 1 37
472 7 1 38
473 7 1 39
474 7 1 40
475 7 1 41
476 7 1 42
477 7 1 43
478 7 1 44
479 7 1 45
480 7 1 46
481 7 1 47
482 7 1 48
483 7 1 49
484 7 1 50
485 7 1 51
486 7 1 52
487 7 1 53
488 7 1 54
489 7 1 55
490 7 1 56
491 7 1 57
492 7 1 58
493 7 1 59
494 7 1 60
495 7 1 61
496 7 1 62
497 7 1 63
498 7 1 64
499 7 1 65
500 7 1 66
501 7 1 67
502 7 1 68
503 7 1 69
504 7 1 70
505 7 1 71
506 7 1 72
507 7 1 73
508 8 1 16
509 8 1 17
510 8 1 18
511 8 1 19
512 8 1 20
513 8 1 21
514 8 1 22
515 8 1 23
516 8 1 24
517 8 1 25
518 8 1 26
519 8 1 27
520 8 1 28
521 8 1 29
522 8 1 30
523 8 1 31
524 8 1 32
525 8 1 33
526 8 1 34
527 8 1 35
528 8 1 36
529 8 1 37
530 8 1 38
531 8 1 39
532 8 1 40
533 8 1 41
534 8 1 42
535 8 1 43
536 8 1 44
537 8 1 45
538 8 1 46
539 8 1 47
540 8 1 48
541 8 1 49
542 8 1 50
543 8 1 51
544 8 1 52
545 8 1 53
546 8 1 54
547 8 1 55
548 8 1 56
549 8 1 57
550 8 1 58
551 8 1 59
552 8 1 60
553 8 1 61
554 8 1 62
555 8 1 63
556 8 1 64
557 8 1 65
558 8 1 66
559 8 1 67
560 8 1 68
561 8 1 69
562 8 1 70
563 8 1 71
564 8 1 72
565 8 1 73
566 8 1 74
567 9 1 18
568 9 1 19
569 9 1 20
570 9 1 21
571 9 1 22
572 9 1 23
573 9 1 24
574 9 1 25
575 9 1 26
576 9 1 27
577 9 1 28
578 9 1 29
579 9 1 30
580 9 1 31
581 9 1 32
582 9 1 33
583 9 1 34
584 9 1 35
585 9 1 36
586 9 1 37
587 9 1 38
588 9 1 39
589 9 1 40
590 9 1 41
591 9 1 42
592 9 1 43
593 9 1 44
594 9 1 45
595 9 1 46
596 9 1 47
597 9 1 48
598 9 1 49
599 9 1 50
600 9 1 51
601 9 1 52
602 9 1 53
603 9 1 54
604 9 1 55
605 9 1 56
606 9 1 57
607 9 1 58
608 9 1 59
609 9 1 60
610 9 1 61
611 9 1 62
612 9 1 63
613 9 1 64
614 9 1 65
615 9 1 66
616 9 1 67
617 9 1 68
618 9 1 69
619 9 1 70
620 9 1 71
621 9 1 72
622 9 1 73
623 9 1 74
624 9 1 75
625 10 1 20
626 10 1 21
627 10 1 22
628 10 1 23
629 10 1 24
630 10 1 25
631 10 1 26
632 10 1 27
633 10 1 28
634 10 1 29
635 10 1 30
636 10 1 31
637 10 1 32
638 10 1 33
639 10 1 34
640 10 1 35
641 10 1 36
642 10 1 37
643 10 1 38
644 10 1 39
645 10 1 40
646 10 1 41
647 10 1 42
648 10 1 43
649 10 1 44
650 10 1 45
651 10 1 46
652 10 1 47
653 10 1 48
654 10 1 49
655 10 1 50
656 10 1 51
657 10 1 52
658 10 1 53
659 10 1 54
660 10 1 55
661 10 1 56
662 10 1 57
663 10 1 58
664 10 1 59
665 10 1 60
666 10 1 61
667 10 1 62
668 10 1 63
669 10 1 64
670 10 1 65
671 10 1 66
672 10 1 67
673 10 1 68
674 10 1 69
675 10 1 70
676 10 1 71
677 10 1 72
678 10 1 73
679 10 1 74
680 10 1 75
681 10 1 76
682 11 1 22
683 11 1 23
684 11 1 24
685 11 1 25
686 11 1 26
687 11 1 27
688 11 1 28
689 11 1 29
690 11 1 30
691 11 1 31
692 11 1 32
693 11 1 33
694 11 1 34
695 11 1 35
696 11 1 36
697 11 1 37
698 11 1 38
699 11 1 39
700 11 1 40
701 11 1 41
702 11 1 42
703 11 1 43
704 11 1 44
705 11 1 45
706 11 1 46
707 11 1 47
708 11 1 48
709 11 1 49
710 11 1 50
711 11 1 51
712 11 1 52
713 11 1 53
714 11 1 54
715 11 1 55
716 11 1 56
717 11 1 57
718 11 1 58
719 11 1 59
720 11 1 60
721 11 1 61
722 11 1 62
723 11 1 63
724 11 1 64
725 11 1 65
726 11 1 66
727 11 1 67
728 11 1 68
729 11 1 69
730 11 1 70
731 11 1 71
732 11 1 72
733 11 1 73
734 11 1 74
735 11 1 75
736 11 1 76
737 11 1 77
738 12 1 24
739 12 1 25
740 12 1 26
741 12 1 27
742 12 1 28
743 12 1 29
744 12 1 30
745 12 1 31
746 12 1 32
747 12 1 33
748 12 1 34
749 12 1 35
750 12 1 36
751 12 1 37
752 12 1 38
753 12 1 39
754 12 1 40
755 12 1 41
756 12 1 42
757 12 1 43
758 12 1 44
759 12 1 45
760 12 1 46
761 12 1 47
762 12 1 48
763 12 1 49
764 12 1 50
765 12 1 51
766 12 1 52
767 12 1 53
768 12 1 54
769 12 1 55
770 12 1 56
771 12 1 57
772 12 1 58
773 12 1 59
774 12 1 60
775 12 1 61
776 12 1 62
777 12 1 63
778 12 1 64
779 12 1 65
780 12 1 66
781 12 1 67
782 12 1 68
783 12 1 69
784 12 1 70
785 12 1 71
786 12 1 72
787 12 1 73
788 12 1 74
789 12 1 75
790 12 1 76
791 12 1 77
792 12 1 78
793 13 1 26
794 13 1 27
795 13 1 28
796 13 1 29
797 13 1 30
798 13 1 31
799 13 1 32
800 13 1 33
801 13 1 34
802 13 1 35
803 13 1 36
804 13 1 37
805 13 1 38
806 13 1 39
807 13 1 40
808 13 1 41
809 13 1 42
810 13 1 43
811 13 1 44
812 13 1 45
813 13 1 46
814 13 1 47
815 13 1 48
816 13 1 49
817 13 1 50
818 13 1 51
819 13 1 52
820 13 1 53
821 13 1 54
822 13 1 55
823 13 1 56
824 13 1 57
825 13 1 58
826 13 1 59
827 13 1 60
828 13 1 61
829 13 1 62
830 13 1 63
831 13 1 64
832 13 1 65
833 13 1 66
834 13 1 67
835 13 1 68
836 13 1 69
837 13 1 70
838 13 1 71
839 13 1 72
840 13 1 73
841 13 1 74
842 13 1 75
843 13 1 76
844 13 1 77
845 13 1 78
846 13 1 79
847 14 1 28
848 14 1 29
849 14 1 30
850 14 1 31
851 14 1 32
852 14 1 33
853 14 1 34
854 14 1 35
855 14 1 36
856 14 1 37
857 14 1 38
858 14 1 39
859 14 1 40
860 14 1 41
861 14 1 42
862 14 1 43
863 14 1 44
864 14 1 45
865 14 1 46
866 14 1 47
867 14 1 48
868 14 1 49
869 14 1 50
870 14 1 51
871 14 1 52
872 14 1 53
873 14 1 54
874 14 1 55
875 14 1 56
876 14 1 57
877 14 1 58
878 14 1 59
879 14 1 60
880 14 1 61
881 14 1 62
882 14 1 63
883 14 1 64
884 14 1 65
885 14 1 66
886 14 1 67
887 14 1 68
888 14 1 69
889 14 1 70
890 14 1 71
891 14 1 72
892 14 1 73
893 14 1 74
894 14 1 75
895 14 1 76
896 14 1 77
897 14 1 78
898 14 1 79
899 14 1 80
900 15 1 30
901 15 1 31
902 15 1 32
903 15 1 33
904 15 1 34
905 15 1 35
906 15 1 36
907 15 1 37
908 15 1 38
909 15 1 39
910 15 1 40
911 15 1 41
912 15 1 42
913 15 1 43
914 15 1 44
915 15 1 45
916 15 1 46
917 15 1 47
918 15 1 48
919 15 1 49
920 15 1 50
921 15 1 51
922 15 1 52
923 15 1 53
924 15 1 54
925 15 1 55
926 15 1 56
927 15 1 57
928 15 1 58
929 15 1 59
930 15 1 60
931 15 1 61
932 15 1 62
933 15 1 63
934 15 1 64
935 15 1 65
936 15 1 66
937 15 1 67
938 15 1 68
939 15 1 69
940 15 1 70
941 15 1 71
942 15 1 72
943 15 1 73
944 15 1 74
945 15 1 75
946 15 1 76
947 15 1 77
948 15 1 78
949 15 1 79
950 15 1 80
951 15 1 81
952 16 1 32
953 16 1 33
954 16 1 34
955 16 1 35
956 16 1 36
957 16 1 37
958 16 1 38
959 16 1 39
960 16 1 40
961 16 1 41
962 16 1 42
963 16 1 43
964 16 1 44
965 16 1 45
966 16 1 46
967 16 1 47
968 16 1 48
969 16 1 49
970 16 1 50
971 16 1 51
972 16 1 52
973 16 1 53
974 16 1 54
975 16 1 55
976 16 1 56
977 16 1 57
978 16 1 58
979 16 1 59
980 16 1 60
981 16 1 61
982 16 1 62
983 16 1 63
984 16 1 64
985 16 1 65
986 16 1 66
987 16 1 67
988 16 1 68
989 16 1 69
990 16 1 70
991 16 1 71
992 16 1 72
993 16 1 73
994 16 1 74
995 16 1 75
996 16 1 76
997 16 1 77
998 16 1 78
999 16 1 79
1000 16 1 80
1001 16 1 81
1002 16 1 82
1003 17 1 34
1004 17 1 35
1005 17 1 36
1006 17 1 37
1007 17 1 38
1008 17 1 39
1009 17 1 40
1010 17 1 41
1011 17 1 42
1012 17 1 43
1013 17 1 44
1014 17 1 45
1015 17 1 46
1016 17 1 47
1017 17 1 48
1018 17 1 49
1019 17 1 50
1020 17 1 51
1021 17 1 52
1022 17 1 53
1023 17 1 54
1024 17 1 55
1025 17 1 56
1026 17 1 57
1027 17 1 58
1028 17 1 59
1029 17 1 60
1030 17 1 61
1031 17 1 62
1032 17 1 63
1033 17 1 64
1034 17 1 65
1035 17 1 66
1036 17 1 67
1037 17 1 68
1038 17 1 69
1039 17 1 70
1040 17 1 71
1041 17 1 72
1042 17 1 73
1043 17 1 74
1044 17 1 75
1045 17 1 76
1046 17 1 77
1047 17 1 78
1048 17 1 79
1049 17 1 80
1050 17 1 81
1051 17 1 82
1052 17 1 83
1053 18 1 36
1054 18 1 37
1055 18 1 38
1056 18 1 39
1057 18 1 40
1058 18 1 41
1059 18 1 42
1060 18 1 43
1061 18 1 44
1062 18 1 45
1063 18 1 46
1064 18 1 47
1065 18 1 48
1066 18 1 49
1067 18 1 50
1068 18 1 51
1069 18 1 52
1070 18 1 53
1071 18 1 54
1072 18 1 55
1073 18 1 56
1074 18 1 57
1075 18 1 58
1076 18 1 59
1077 18 1 60
1078 18 1 61
1079 18 1 62
1080 18 1 63
1081 18 1 64
1082 18 1 65
1083 18 1 66
1084 18 1 67
1085 18 1 68
1086 18 1 69
1087 18 1 70
1088 18 1 71
1089 18 1 72
1090 18 1 73
1091 18 1 74
1092 18 1 75
1093 18 1 76
1094 18 1 77
1095 18 1 78
1096 18 1 79
1097 18 1 80
1098 18 1 81
1099 18 1 82
1100 18 1 83
1101 18 1 84
1102 19 1 38
1103 19 1 39
1104 19 1 40
1105 19 1 41
1106 19 1 42
1107 19 1 43
1108 19 1 44
1109 19 1 45
1110 19 1 46
1111 19 1 47
1112 19 1 48
1113 19 1 49
1114 19 1 50
1115 19 1 51
1116 19 1 52
1117 19 1 53
1118 19 1 54
1119 19 1 55
1120 19 1 56
1121 19 1 57
1122 19 1 58
1123 19 1 59
1124 19 1 60
1125 19 1 61
1126 19 1 62
1127 19 1 63
1128 19 1 64
1129 19 1 65
1130 19 1 66
1131 19 1 67
1132 19 1 68
1133 19 1 69
1134 19 1 70
1135 19 1 71
1136 19 1 72
1137 19 1 73
1138 19 1 74
1139 19 1 75
1140 19 1 76
1141 19 1 77
1142 19 1 78
1143 19 1 79
1144 19 1 80
1145 19 1 81
1146 19 1 82
1147 19 1 83
1148 19 1 84
1149 19 1 85
1150 20 1 40
1151 20 1 41
1152 20 1 42
1153 20 1 43
1154 20 1 44
1155 20 1 45
1156 20 1 46
1157 20 1 47
1158 20 1 48
1159 20 1 49
1160 20 1 50
1161 20 1 51
1162 20 1 52
1163 20 1 53
1164 20 1 54
1165 20 1 55
1166 20 1 56
1167 20 1 57
1168 20 1 58
1169 20 1 59
1170 20 1 60
1171 20 1 61
1172 20 1 62
1173 20 1 63
1174 20 1 64
1175 20 1 65
1176 20 1 66
1177 20 1 67
1178 20 1 68
1179 20 1 69
1180 20 1 70
1181 20 1 71
1182 20 1 72
1183 20 1 73
1184 20 1 74
1185 20 1 75
1186 20 1 76
1187 20 1 77
1188 20 1 78
1189 20 1 79
1190 20 1 80
1191 20 1 81
1192 20 1 82
1193 20 1 83
1194 20 1 84
1195 20 1 85
1196 20 1 86
1197 21 1 42
1198 21 1 43
1199 21 1 44
1200 21 1 45
1201 21 1 46
1202 21 1 47
1203 21 1 48
1204 21 1 49
1205 21 1 50
1206 21 1 51
1207 21 1 52
1208 21 1 53
1209 21 1 54
1210 21 1 55
1211 21 1 56
1212 21 1 57
1213 21 1 58
1214 21 1 59
1215 21 1 60
1216 21 1 61
1217 21 1 62
1218 21 1 63
1219 21 1 64
1220 21 1 65
1221 21 1 66
1222 21 1 67
1223 21 1 68
1224 21 1 69
1225 21 1 70
1226 21 1 71
1227 21 1 72
1228 21 1 73
1229 21 1 74
1230 21 1 75
1231 21 1 76
1232 21 1 77
1233 21 1 78
1234 21 1 79
1235 21 1 80
1236 21 1 81
1237 21 1 82
1238 21 1 83
1239 21 1 84
1240 21 1 85
1241 21 1 86
1242 21 1 87
1243 22 1 44
1244 22 1 45
1245 22 1 46
1246 22 1 47
1247 22 1 48
1248 22 1 49
1249 22 1 50
1250 22 1 51
1251 22 1 52
1252 22 1 53
1253 22 1 54
1254 22 1 55
1255 22 1 56
1256 22 1 57
1257 22 1 58
1258 22 1 59
1259 22 1 60
1260 22 1 61
1261 22 1 62
1262 22 1 63
1263 22 1 64
1264 22 1 65
1265 22 1 66
1266 22 1 67
1267 22 1 68
1268 22 1 69
1269 22 1 70
1270 22 1 71
1271 22 1 72
1272 22 1 73
1273 22 1 74
1274 22 1 75
1275 22 1 76
1276 22 1 77
1277 22 1 78
1278 22 1 79
1279 22 1 80
1280 22 1 81
1281 22 1 82
1282 22 1 83
1283 22 1 84
1284 22 1 85
1285 22 1 86
1286 22 1 87
1287 22 1 88
1288 23 1 46
1289 23 1 47
1290 23 1 48
1291 23 1 49
1292 23 1 50
1293 23 1 51
1294 23 1 52
1295 23 1 53
1296 23 1 54
1297 23 1 55
1298 23 1 56
1299 23 1 57
1300 23 1 58
1301 23 1 59
1302 23 1 60
1303 23 1 61
1304 23 1 62
1305 23 1 63
1306 23 1 64
1307 23 1 65
1308 23 1 66
1309 23 1 67
1310 23 1 68
1311 23 1 69
1312 23 1 70
1313 23 1 71
1314 23 1 72
1315 23 1 73
1316 23 1 74
1317 23 1 75
1318 23 1 76
1319 23 1 77
1320 23 1 78
1321 23 1 79
1322 23 1 80
1323 23 1 81
1324 23 1 82
1325 23 1 83
1326 23 1 84
1327 23 1 85
1328 23 1 86
1329 23 1 87
1330 23 1 88
1331 23 1 89
1332 24 1 48
1333 24 1 49
1334 24 1 50
1335 24 1 51
1336 24 1 52
1337 24 1 53
1338 24 1 54
1339 24 1 55
1340 24 1 56
1341 24 1 57
1342 24 1 58
1343 24 1 59
1344 24 1 60
1345 24 1 61
1346 24 1 62
1347 24 1 63
1348 24 1 64
1349 24 1 65
1350 24 1 66
1351 24 1 67
1352 24 1 68
1353 24 1 69
1354 24 1 70
1355 24 1 71
1356 24 1 72
1357 24 1 73
1358 24 1 74
1359 24 1 75
1360 24 1 76
1361 24 1 77
1362 24 1 78
1363 24 1 79
1364 24 1 80
1365 24 1 81
1366 24 1 82
1367 24 1 83
1368 24 1 84
1369 24 1 85
1370 24 1 86
1371 24 1 87
1372 24 1 88
1373 24 1 89
1374 24 1 90
1375 25 1 50
1376 25 1 51
1377 25 1 52
1378 25 1 53
1379 25 1 54
1380 25 1 55
1381 25 1 56
1382 25 1 57
1383 25 1 58
1384 25 1 59
1385 25 1 60
1386 25 1 61
1387 25 1 62
1388 25 1 63
1389 25 1 64
1390 25 1 65
1391 25 1 66
1392 25 1 67
1393 25 1 68
1394 25 1 69
1395 25 1 70
1396 25 1 71
1397 25 1 72
1398 25 1 73
1399 25 1 74
1400 25 1 75
1401 25 1 76
1402 25 1 77
1403 25 1 78
1404 25 1 79
1405 25 1 80
1406 25 1 81
1407 25 1 82
1408 25 1 83
1409 25 1 84
1410 25 1 85
1411 25 1 86
1412 25 1 87
1413 25 1 88
1414 25 1 89
1415 25 1 90
1416 25 1 91
1417 26 1 52
1418 26 1 53
1419 26 1 54
1420 26 1 55
1421 26 1 56
1422 26 1 57
1423 26 1 58
1424 26 1 59
1425 26 1 60
1426 26 1 61
1427 26 1 62
1428 26 1 63
1429 26 1 64
1430 26 1 65
1431 26 1 66
1432 26 1 67
1433 26 1 68
1434 26 1 69
1435 26 1 70
1436 26 1 71
1437 26 1 72
1438 26 1 73
1439 26 1 74
1440 26 1 75
1441 26 1 76
1442 26 1 77
1443 26 1 78
1444 26 1 79
1445 26 1 80
1446 26 1 81
1447 26 1 82
1448 26 1 83
1449 26 1 84
1450 26 1 85
1451 26 1 86
1452 26 1 87
1453 26 1 88
1454 26 1 89
1455 26 1 90
1456 26 1 91
1457 26 1 92
1458 27 1 54
1459 27 1 55
1460 27 1 56
1461 27 1 57
1462 27 1 58
1463 27 1 59
1464 27 1 60
1465 27 1 61
1466 27 1 62
1467 27 1 63
1468 27 1 64
1469 27 1 65
1470 27 1 66
1471 27 1 67
1472 27 1 68
1473 27 1 69
1474 27 1 70
1475 27 1 71
1476 27 1 72
1477 27 1 73
1478 27 1 74
1479 27 1 75
1480 27 1 76
1481 27 1 77
1482 27 1 78
1483 27 1 79
1484 27 1 80
1485 27 1 81
1486 27 1 82
1487 27 1 83
1488 27 1 84
1489 27 1 85
1490 27 1 86
1491 27 1 87
1492 27 1 88
1493 27 1 89
1494 27 1 90
1495 27 1 91
1496 27 1 92
1497 27 1 93
1498 28 1 56
1499 28 1 57
1500 28 1 58
1501 28 1 59
1502 28 1 60
1503 28 1 61
1504 28 1 62
1505 28 1 63
1506 28 1 64
1507 28 1 65
1508 28 1 66
1509 28 1 67
1510 28 1 68
1511 28 1 69
1512 28 1 70
1513 28 1 71
1514 28 1 72
1515 28 1 73
1516 28 1 74
1517 28 1 75
1518 28 1 76
1519 28 1 77
1520 28 1 78
1521 28 1 79
1522 28 1 80
1523 28 1 81
1524 28 1 82
1525 28 1 83
1526 28 1 84
1527 28 1 85
1528 28 1 86
1529 28 1 87
1530 28 1 88
1531 28 1 89
1532 28 1 90
1533 28 1 91
1534 28 1 92
1535 28 1 93
1536 28 1 94
1537 29 1 58
1538 29 1 59
1539 29 1 60
1540 29 1 61
1541 29 1 62
1542 29 1 63
1543 29 1 64
1544 29 1 65
1545 29 1 66
1546 29 1 67
1547 29 1 68
1548 29 1 69
1549 29 1 70
1550 29 1 71
1551 29 1 72
1552 29 1 73
1553 29 1 74
1554 29 1 75
1555 29 1 76
1556 29 1 77
1557 29 1 78
1558 29 1 79
1559 29 1 80
1560 29 1 81
1561 29 1 82
1562 29 1 83
1563 29 1 84
1564 29 1 85
1565 29 1 86
1566 29 1 87
1567 29 1 88
1568 29 1 89
1569 29 1 90
1570 29 1 91
1571 29 1 92
1572 29 1 93
1573 29 1 94
1574 29 1 95
1575 30 1 60
1576 30 1 61
1577 30 1 62
1578 30 1 63
1579 30 1 64
1580 30 1 65
1581 30 1 66
1582 30 1 67
1583 30 1 68
1584 30 1 69
1585 30 1 70
1586 30 1 71
1587 30 1 72
1588 30 1 73
1589 30 1 74
1590 30 1 75
1591 30 1 76
1592 30 1 77
1593 30 1 78
1594 30 1 79
1595 30 1 80
1596 30 1 81
1597 30 1 82
1598 30 1 83
1599 30 1 84
1600 30 1 85
1601 30 1 86
1602 30 1 87
1603 30 1 88
1604 30 1 89
1605 30 1 90
1606 30 1 91
1607 30 1 92
1608 30 1 93
1609 30 1 94
1610 30 1 95
1611 30 1 96
1612 31 1 62
1613 31 1 63
1614 31 1 64
1615 31 1 65
1616 31 1 66
1617 31 1 67
1618 31 1 68
1619 31 1 69
1620 31 1 70
1621 31 1 71
1622 31 1 72
1623 31 1 73
1624 31 1 74
1625 31 1 75
1626 31 1 76
1627 31 1 77
1628 31 1 78
1629 31 1 79
1630 31 1 80
1631 31 1 81
1632 31 1 82
1633 31 1 83
1634 31 1 84
1635 31 1 85
1636 31 1 86
1637 31 1 87
1638 31 1 88
1639 31 1 89
1640 31 1 90
1641 31 1 91
1642 31 1 92
1643 31 1 93
1644 31 1 94
1645 31 1 95
1646 31 1 96
1647 31 1 97
1648 32 1 64
1649 32 1 65
1650 32 1 66
1651 32 1 67
1652 32 1 68
1653 32 1 69
1654 32 1 70
1655 32 1 71
1656 32 1 72
1657 32 1 73
1658 32 1 74
1659 32 1 75
1660 32 1 76
1661 32 1 77
1662 32 1 78
1663 32 1 79
1664 32 1 80
1665 32 1 81
1666 32 1 82
1667 32 1 83
1668 32 1 84
1669 32 1 85
1670 32 1 86
1671 32 1 87
1672 32 1 88
1673 32 1 89
1674 32 1 90
1675 32 1 91
1676 32 1 92
1677 32 1 93
1678 32 1 94
1679 32 1 95
1680 32 1 96
1681 32 1 97
1682 32 1 98
1683 33 1 66
1684 33 1 67
1685 33 1 68
1686 33 1 69
1687 33 1 70
1688 33 1 71
1689 33 1 72
1690 33 1 73
1691 33 1 74
1692 33 1 75
1693 33 1 76
1694 33 1 77
1695 33 1 78
1696 33 1 79
1697 33 1 80
1698 33 1 81
1699 33 1 82
1700 33 1 83
1701 33 1 84
1702 33 1 85
1703 33 1 86
1704 33 1 87
1705 33 1 88
1706 33 1 89
1707 33 1 90
1708 33 1 91
1709 33 1 92
1710 33 1 93
1711 33 1 94
1712 33 1 95
1713 33 1 96
1714 33 1 97
1715 33 1 98
1716 33 1 99
1717 34 1 68
1718 34 1 69
1719 34 1 70
1720 34 1 71
1721 34 1 72
1722 34 1 73
1723 34 1 74
1724 34 1 75
1725 34 1 76
1726 34 1 77
1727 34 1 78
1728 34 1 79
1729 34 1 80
1730 34 1 81
1731 34 1 82
1732 34 1 83
1733 34 1 84
1734 34 1 85
1735 34 1 86
1736 34 1 87
1737 34 1 88
1738 34 1 89
1739 34 1 90
1740 34 1 91
1741 34 1 92
1742 34 1 93
1743 34 1 94
1744 34 1 95
1745 34 1 96
1746 34 1 97
1747 34 1 98
1748 34 1 99
1749 34 1 100
1750 35 1 70
1751 35 1 71
1752 35 1 72
1753 35 1 73
1754 35 1 74
1755 35 1 75
1756 35 1 76
1757 35 1 77
1758 35 1 78
1759 35 1 79
1760 35 1 80
1761 35 1 81
1762 35 1 82
1763 35 1 83
1764 35 1 84
1765 35 1 85
1766 35 1 86
1767 35 1 87
1768 35 1 88
1769 35 1 89
1770 35 1 90
1771 35 1 91
1772 35 1 92
1773 35 1 93
1774 35 1 94
1775 35 1 95
1776 35 1 96
1777 35 1 97
1778 35 1 98
1779 35 1 99
1780 35 1 100
1781 35 1 101
1782 36 1 72
1783 36 1 73
1784 36 1 74
1785 36 1 75
1786 36 1 76
1787 36 1 77
1788 36 1 78
1789 36 1 79
1790 36 1 80
1791 36 1 81
1792 36 1 82
1793 36 1 83
1794 36 1 84
1795 36 1 85
1796 36 1 86
1797 36 1 87
1798 36 1 88
1799 36 1 89
1800 36 1 90
1801 36 1 91
1802 36 1 92
1803 36 1 93
1804 36 1 94
1805 36 1 95
1806 36 1 96
1807 36 1 97
1808 36 1 98
1809 36 1 99
1810 36 1 100
1811 36 1 101
1812 36 1 102
1813 37 1 74
1814 37 1 75
1815 37 1 76
1816 37 1 77
1817 37 1 78
1818 37 1 79
1819 37 1 80
1820 37 1 81
1821 37 1 82
1822 37 1 83
1823 37 1 84
1824 37 1 85
1825 37 1 86
1826 37 1 87
1827 37 1 88
1828 37 1 89
1829 37 1 90
1830 37 1 91
1831 37 1 92
1832 37 1 93
1833 37 1 94
1834 37 1 95
1835 37 1 96
1836 37 1 97
1837 37 1 98
1838 37 1 99
1839 37 1 100
1840 37 1 101
1841 37 1 102
1842 37 1 103
1843 38 1 76
1844 38 1 77
1845 38 1 78
1846 38 1 79
1847 38 1 80
1848 38 1 81
1849 38 1 82
1850 38 1 83
1851 38 1 84
1852 38 1 85
1853 38 1 86
1854 38 1 87
1855 38 1 88
1856 38 1 89
1857 38 1 90
1858 38 1 91
1859 38 1 92
1860 38 1 93
1861 38 1 94
1862 38 1 95
1863 38 1 96
1864 38 1 97
1865 38 1 98
1866 38 1 99
1867 38 1 100
1868 38 1 101
1869 38 1 102
1870 38 1 103
1871 38 1 104
1872 39 1 78
1873 39 1 79
1874 39 1 80
1875 39 1 81
1876 39 1 82
1877 39 1 83
1878 39 1 84
1879 39 1 85
1880 39 1 86
1881 39 1 87
1882 39 1 88
1883 39 1 89
1884 39 1 90
1885 39 1 91
1886 39 1 92
1887 39 1 93
1888 39 1 94
1889 39 1 95
1890 39 1 96
1891 39 1 97
1892 39 1 98
1893 39 1 99
1894 39 1 100
1895 39 1 101
1896 39 1 102
1897 39 1 103
1898 39 1 104
1899 39 1 105
1900 40 1 80
1901 40 1 81
1902 40 1 82
1903 40 1 83
1904 40 1 84
1905 40 1 85
1906 40 1 86
1907 40 1 87
1908 40 1 88
1909 40 1 89
1910 40 1 90
1911 40 1 91
1912 40 1 92
1913 40 1 93
1914 40 1 94
1915 40 1 95
1916 40 1 96
1917 40 1 97
1918 40 1 98
1919 40 1 99
1920 40 1 100
1921 40 1 101
1922 40 1 102
1923 40 1 103
1924 40 1 104
1925 40 1 105
1926 40 1 106
1927 41 1 82
1928 41 1 83
1929 41 1 84
1930 41 1 85
1931 41 1 86
1932 41 1 87
1933 41 1 88
1934 41 1 89
1935 41 1 90
1936 41 1 91
1937 41 1 92
1938 41 1 93
1939 41 1 94
1940 41 1 95
1941 41 1 96
1942 41 1 97
1943 41 1 98
1944 41 1 99
1945 41 1 100
1946 41 1 101
1947 41 1 102
1948 41 1 103
1949 41 1 104
1950 41 1 105
1951 41 1 106
1952 41 1 107
1953 42 1 84
1954 42 1 85
1955 42 1 86
1956 42 1 87
1957 42 1 88
1958 42 1 89
1959 42 1 90
1960 42 1 91
1961 42 1 92
1962 42 1 93
1963 42 1 94
1964 42 1 95
1965 42 1 96
1966 42 1 97
1967 42 1 98
1968 42 1 99
1969 42 1 100
1970 42 1 101
1971 42 1 102
1972 42 1 103
1973 42 1 104
1974 42 1 105
1975 42 1 106
1976 42 1 107
1977 42 1 108
1978 43 1 86
1979 43 1 87
1980 43 1 88
1981 43 1 89
1982 43 1 90
1983 43 1 91
1984 43 1 92
1985 43 1 93
1986 43 1 94
1987 43 1 95
1988 43 1 96
1989 43 1 97
1990 43 1 98
1991 43 1 99
1992 43 1 100
1993 43 1 101
1994 43 1 102
1995 43 1 103
1996 43 1 104
1997 43 1 105
1998 43 1 106
1999 43 1 107
2000 43 1 108
2001 43 1 109
2002 44 1 88
2003 44 1 89
2004 44 1 90
2005 44 1 91
2006 44 1 92
2007 44 1 93
2008 44 1 94
2009 44 1 95
2010 44 1 96
2011 44 1 97
2012 44 1 98
2013 44 1 99
2014 44 1 100
2015 44 1 101
2016 44 1 102
2017 44 1 103
2018 44 1 104
2019 44 1 105
2020 44 1 106
2021 44 1 107
2022 44 1 108
2023 44 1 109
2024 44 1 110
2025 45 1 90
2026 45 1 91
2027 45 1 92
2028 45 1 93
2029 45 1 94
2030 45 1 95
2031 45 1 96
2032 45 1 97
2033 45 1 98
2034 45 1 99
2035 45 1 100
2036 45 1 101
2037 45 1 102
2038 45 1 103
2039 45 1 104
2040 45 1 105
2041 45 1 106
2042 45 1 107
2043 45 1 108
2044 45 1 109
2045 45 1 110
2046 45 1 111
2047 46 1 92
2048 46 1 93
2049 46 1 94
2050 46 1 95
2051 46 1 96
2052 46 1 97
2053 46 1 98
2054 46 1 99
2055 46 1 100
2056 46 1 101
2057 46 1 102
2058 46 1 103
2059 46 1 104
2060 46 1 105
2061 46 1 106
2062 46 1 107
2063 46 1 108
2064 46 1 109
2065 46 1 110
2066 46 1 111
2067 46 1 112
2068 47 1 94
2069 47 1 95
2070 47 1 96
2071 47 1 97
2072 47 1 98
2073 47 1 99
2074 47 1 100
2075 47 1 101
2076 47 1 102
2077 47 1 103
2078 47 1 104
2079 47 1 105
2080 47 1 106
2081 47 1 107
2082 47 1 108
2083 47 1 109
2084 47 1 110
2085 47 1 111
2086 47 1 112
2087 47 1 113
2088 48 1 96
2089 48 1 97
2090 48 1 98
2091 48 1 99
2092 48 1 100
2093 48 1 101
2094 48 1 102
2095 48 1 103
2096 48 1 104
2097 48 1 105
2098 48 1 106
2099 48 1 107
2100 48 1 108
2101 48 1 109
2102 48 1 110
2103 48 1 111
2104 48 1 112
2105 48 1 113
2106 48 1 114
2107 49 1 98
2108 49 1 99
2109 49 1 100
2110 49 1 101
2111 49 1 102
2112 49 1 103
2113 49 1 104
2114 49 1 105
2115 49 1 106
2116 49 1 107
2117 49 1 108
2118 49 1 109
2119 49 1 110
2120 49 1 111
2121 49 1 112
2122 49 1 113
2123 49 1 114
2124 49 1 115
2125 50 1 100
2126 50 1 101
2127 50 1 102
2128 50 1 103
2129 50 1 104
2130 50 1 105
2131 50 1 106
2132 50 1 107
2133 50 1 108
2134 50 1 109
2135 50 1 110
2136 50 1 111
2137 50 1 112
2138 50 1 113
2139 50 1 114
2140 50 1 115
2141 50 1 116
2142 51 1 102
2143 51 1 103
2144 51 1 104
2145 51 1 105
2146 51 1 106
2147 51 1 107
2148 51 1 108
2149 51 1 109
2150 51 1 110
2151 51 1 111
2152 51 1 112
2153 51 1 113
2154 51 1 114
2155 51 1 115
2156 51 1 116
2157 51 1 117
2158 52 1 104
2159 52 1 105
2160 52 1 106
2161 52 1 107
2162 52 1 108
2163 52 1 109
2164 52 1 110
2165 52 1 111
2166 52 1 112
2167 52 1 113
2168 52 1 114
2169 52 1 115
2170 52 1 116
2171 52 1 117
2172 52 1 118
2173 53 1 106
2174 53 1 107
2175 53 1 108
2176 53 1 109
2177 53 1 110
2178 53 1 111
2179 53 1 112
2180 53 1 113
2181 53 1 114
2182 53 1 115
2183 53 1 116
2184 53 1 117
2185 53 1 118
2186 53 1 119
2187 54 1 108
2188 54 1 109
2189 54 1 110
2190 54 1 111
2191 54 1 112
2192 54 1 113
2193 54 1 114
2194 54 1 115
2195 54 1 116
2196 54 1 117
2197 54 1 118
2198 54 1 119
2199 54 1 120
2200 55 1 110
2201 55 1 111
2202 55 1 112
2203 55 1 113
2204 55 1 114
2205 55 1 115
2206 55 1 116
2207 55 1 117
2208 55 1 118
2209 55 1 119
2210 55 1 120
2211 55 1 121
2212 56 1 112
2213 56 1 113
2214 56 1 114
2215 56 1 115
2216 56 1 116
2217 56 1 117
2218 56 1 118
2219 56 1 119
2220 56 1 120
2221 56 1 121
2222 56 1 122
2223 57 1 114
2224 57 1 115
2225 57 1 116
2226 57 1 117
2227 57 1 118
2228 57 1 119
2229 57 1 120
2230 57 1 121
2231 57 1 122
2232 57 1 123
2233 58 1 116
2234 58 1 117
2235 58 1 118
2236 58 1 119
2237 58 1 120
2238 58 1 121
2239 58 1 122
2240 58 1 123
2241 58 1 124
2242 59 1 118
2243 59 1 119
2244 59 1 120
2245 59 1 121
2246 59 1 122
2247 59 1 123
2248 59 1 124
2249 59 1 125
2250 60 1 120
2251 60 1 121
2252 60 1 122
2253 60 1 123
2254 60 1 124
2255 60 1 125
2256 60 1 126
2257 61 1 122
2258 61 1 123
2259 61 1 124
2260 61 1 125
2261 61 1 126
2262 61 1 127
2263 62 1 124
2264 62 1 125
2265 62 1 126
2266 62 1 127
2267 62 1 128
2268 63 1 126
2269 63 1 127
2270 63 1 128
2271 63 1 129
2272 64 1 128
2273 64 1 129
2274 64 1 130
2275 65 1 130
2276 65 1 131
2277 66 1 132
2278 67 8 134
2279 66 4 133
2280 65 2 132
2281 64 1 131
2282 63 129 130
2283 62 193 129
2284 61 225 128
2285 60 241 127
2286 59 249 126
2287 58 253 125
2288 57 255 124
2289 56 256 123
2290 55 128 122
2291 54 64 121
2292 53 32 120
2293 52 16 119
2294 51 8 118
2295 50 4 117
2296 49 2 116
2297 48 1 115
2298 47 129 114
2299 46 193 113
2300 45 225 112
2301 44 241 111
2302 43 249 110
2303 42 253 109
2304 41 255 108
2305 40 256 107
2306 39 128 106
2307 38 64 105
2308 37 32 104
2309 36 16 103
2310 35 8 102
2311 34 4 101
2312 33 2 100
2313 32 1 99
2314 31 129 98
2315 30 193 97
2316 29 225 96
2317 28 241 95
2318 27 249 94
2319 26 253 93
2320 25 255 92
2321 24 256 91
2322 23 128 90
2323 22 64 89
2324 21 32 88
2325 20 16 87
2326 19 8 86
2327 18 4 85
2328 17 2 84
2329 16 1 83
2330 15 129 82
2331 14 193 81
2332 13 225 80
2333 12 241 79
2334 11 249 78
2335 10 253 77
2336 9 255 76
2337 8 256 75
2338 7 128 74
2339 6 64 73
2340 5 32 72
2341 4 16 71
2342 68 8 136
2343 67 4 135
2344 66 2 134
2345 65 1 133
2346 64 129 132
2347 63 193 131
2348 62 225 130
2349 61 241 129
2350 60 249 128
2351 59 253 127
2352 58 255 126
2353 57 256 125
2354 56 128 124
2355 55 64 123
2356 54 32 122
2357 53 16 121
2358 52 8 120
2359 51 4 119
2360 50 2 118
2361 49 1 117
2362 48 129 116
2363 47 193 115
2364 46 225 114
2365 45 241 113
2366 44 249 112
2367 43 253 111
2368 42 255 110
2369 41 256 109
2370 40 128 108
2371 39 64 107
2372 38 32 106
2373 37 16 105
2374 36 8 104
2375 35 4 103
2376 34 2 102
2377 33 1 101
2378 32 129 100
2379 31 193 99
2380 30 225 98
2381 29 241 97
2382 28 249 96
2383 27 253 95
2384 26 255 94
2385 25 256 93
2386 24 128 92
2387 23 64 91
2388 22 32 90
2389 21 16 89
2390 20 8 88
2391 19 4 87
2392 18 2 86
2393 17 1 85
2394 16 129 84
2395 15 193 83
2396 14 225 82
2397 13 241 81
2398 12 249 80
2399 11 253 79
2400 10 255 78
2401 9 256 77
2402 8 128 76
2403 7 64 75
2404 6 32 74
2405 69 8 138
2406 68 4 137
2407 67 2 136
2408 66 1 135
2409 65 129 134
2410 64 193 133
2411 63 225 132
2412 62 241 131
2413 61 249 130
2414 60 253 129
2415 59 255 128
2416 58 256 127
2417 57 128 126
2418 56 64 125
2419 55 32 124
2420 54 16 123
2421 53 8 122
2422 52 4 121
2423 51 2 120
2424 50 1 119
2425 49 129 118
2426 48 193 117
2427 47 225 116
2428 46 241 115
2429 45 249 114
2430 44 253 113
2431 43 255 112
2432 42 256 111
2433 41 128 110
2434 40 64 109
2435 39 32 108
2436 38 16 107
2437 37 8 106
2438 36 4 105
2439 35 2 104
2440 34 1 103
2441 33 129 102
2442 32 193 101
2443 31 225 100
2444 30 241 99
2445 29 249 98
2446 28 253 97
2447 27 255 96
2448 26 256 95
2449 25 128 94
2450 24 64 93
2451 23 32 92
2452 22 16 91
2453 21 8 90
2454 20 4 89
2455 19 2 88
2456 18 1 87
2457 17 129 86
2458 16 193 85
2459 15 225 84
2460 14 241 83
2461 13 249 82
2462 12 253 81
2463 11 255 80
2464 10 256 79
2465 9 128 78
2466 8 64 77
2467 70 8 140
2468 69 4 139
2469 68 2 138
2470 67 1 137
2471 66 129 136
2472 65 193 135
2473 64 225 134
2474 63 241 133
2475 62 249 132
2476 61 253 131
2477 60 255 130
2478 59 256 129
2479 58 128 128
2480 57 64 127
2481 56 32 126
2482 55 16 125
2483 54 8 124
2484 53 4 123
2485 52 2 122
2486 51 1 121
2487 50 129 120
2488 49 193 119
2489 48 225 118
2490 47 241 117
2491 46 249 116
2492 45 253 115
2493 44 255 114
2494 43 256 113
2495 42 128 112
2496 41 64 111
2497 40 32 110
2498 39 16 109
2499 38 8 108
2500 37 4 107
2501 36 2 106
2502 35 1 105
2503 34 129 104
2504 33 193 103
2505 32 225 102
2506 31 241 101
2507 30 249 100
2508 29 253 99
2509 28 255 98
2510 27 256 97
2511 26 128 96
2512 25 64 95
2513 24 32 94
2514 23 16 93
2515 22 8 92
2516 21 4 91
2517 20 2 90
2518 19 1 89
2519 18 129 88
2520 17 193 87
2521 16 225 86
2522 15 241 85
2523 14 249 84
2524 13 253 83
2525 12 255 82
2526 11 256 81
2527 10 128 80
2528 71 8 142
2529 70 4 141
2530 69 2 140
2531 68 1 139
2532 67 129 138
2533 66 193 137
2534 65 225 136
2535 64 241 135
2536 63 249 134
2537 62 253 133
2538 61 255 132
2539 60 256 131
2540 59 128 130
2541 58 64 129
2542 57 32 128
2543 56 16 127
2544 55 8 126
2545 54 4 125
2546 53 2 124
2547 52 1 123
2548 51 129 122
2549 50 193 121
2550 49 225 120
2551 48 241 119
2552 47 249 118
2553 46 253 117
2554 45 255 116
2555 44 256 115
2556 43 128 114
2557 42 64 113
2558 41 32 112
2559 40 16 111
2560 39 8 110
2561 38 4 109
2562 37 2 108
2563 36 1 107
2564 35 129 106
2565 34 193 105
2566 33 225 104
2567 32 241 103
2568 31 249 102
2569 30 253 101
2570 29 255 100
2571 28 256 99
2572 27 128 98
2573 26 64 97
2574 25 32 96
2575 24 16 95
2576 23 8 94
2577 22 4 93
2578 21 2 92
2579 20 1 91
2580 19 129 90
2581 18 193 89
2582 17 225 88
2583 16 241 87
2584 15 249 86
2585 14 253 85
2586 13 255 84
2587 12 256 83
2588 72 8 144
2589 71 4 143
2590 70 2 142
2591 69 1 141
2592 68 129 140
2593 67 193 139
2594 66 225 138
2595 65 241 137
2596 64 249 136
2597 63 253 135
2598 62 255 134
2599 61 256 133
2600 60 128 132
2601 59 64 131
2602 58 32 130
2603 57 16 129
2604 56 8 128
2605 55 4 127
2606 54 2 126
2607 53 1 125
2608 52 129 124
2609 51 193 123
2610 50 225 122
2611 49 241 121
2612 48 249 120
2613 47 253 119
2614 46 255 118
2615 45 256 117
2616 44 128 116
2617 43 64 115
2618 42 32 114
2619 41 16 113
2620 40 8 112
2621 39 4 111
2622 38 2 110
2623 37 1 109
2624 36 129 108
2625 35 193 107
2626 34 225 106
2627 33 241 105
2628 32 249 104
2629 31 253 103
2630 30 255 102
2631 29 256 101
2632 28 128 100
2633 27 64 99
2634 26 32 98
2635 25 16 97
2636 24 8 96
2637 23 4 95
2638 22 2 94
2639 21 1 93
2640 20 129 92
2641 19 193 91
2642 18 225 90
2643 17 241 89
2644 16 249 88
2645 15 253 87
2646 14 255 86
2647 73 8 146
2648 72 4 145
2649 71 2 144
2650 70 1 143
2651 69 129 142
2652 68 193 141
2653 67 225 140
2654 66 241 139
2655 65 249 138
2656 64 253 137
2657 63 255 136
2658 62 256 135
2659 61 128 134
2660 60 64 133
2661 59 32 132
2662 58 16 131
2663 57 8 130
2664 56 4 129
2665 55 2 128
2666 54 1 127
2667 53 129 126
2668 52 193 125
2669 51 225 124
2670 50 241 123
2671 49 249 122
2672 48 253 121
2673 47 255 120
2674 46 256 119
2675 45 128 118
2676 44 64 117
2677 43 32 116
2678 42 16 115
2679 41 8 114
2680 40 4 113
2681 39 2 112
2682 38 1 111
2683 37 129 110
2684 36 193 109
2685 35 225 108
2686 34 241 107
2687 33 249 106
2688 32 253 105
2689 31 255 104
2690 30 256 103
2691 29 128 102
2692 28 64 101
2693 27 32 100
2694 26 16 99
2695 25 8 98
2696 24 4 97
2697 23 2 96
2698 22 1 95
2699 21 129 94
2700 20 193 93
2701 19 225 92
2702 18 241 91
2703 17 249 90
2704 16 253 89
2705 74 8 148
2706 73 4 147
2707 72 2 146
2708 71 1 145
2709 70 129 144
2710 69 193 143
2711 68 225 142
2712 67 241 141
2713 66 249 140
2714 65 253 139
2715 64 255 138
2716 63 256 137
2717 62 128 136
2718 61 64 135
2719 60 32 134
2720 59 16 133
2721 58 8 132
2722 57 4 131
2723 56 2 130
2724 55 1 129
2725 54 129 128
2726 53 193 127
2727 52 225 126
2728 51 241 125
2729 50 249 124
2730 49 253 123
2731 48 255 122
2732 47 256 121
2733 46 128 120
2734 45 64 119
2735 44 32 118
2736 43 16 117
2737 42 8 116
2738 41 4 115
2739 40 2 114
2740 39 1 113
2741 38 129 112
2742 37 193 111
2743 36 225 110
2744 35 241 109
2745 34 249 108
2746 33 253 107
2747 32 255 106
2748 31 256 105
2749 30 128 104
2750 29 64 103
2751 28 32 102
2752 27 16 101
2753 26 8 100
2754 25 4 99
2755 24 2 98
2756 23 1 97
2757 22 129 96
2758 21 193 95
2759 20 225 94
2760 19 241 93
2761 18 249 92
2762 75 8 150
2763 74 4 149
2764 73 2 148
2765 72 1 147
2766 71 129 146
2767 70 193 145
2768 69 225 144
2769 68 241 143
2770 67 249 142
2771 66 253 141
2772 65 255 140
2773 64 256 139
2774 63 128 138
2775 62 64 137
2776 61 32 136
2777 60 16 135
2778 59 8 134
2779 58 4 133
2780 57 2 132
2781 56 1 131
2782 55 129 130
2783 54 193 129
2784 53 225 128
2785 52 241 127
2786 51 249 126
2787 50 253 125
2788 49 255 124
2789 48 256 123
2790 47 128 122
2791 46 64 121
2792 45 32 120
2793 44 16 119
2794 43 8 118
2795 42 4 117
2796 41 2 116
2797 40 1 115
2798 39 129 114
2799 38 193 113
2800 37 225 112
2801 36 241 111
2802 35 249 110
2803 34 253 109
2804 33 255 108
2805 32 256 107
2806 31 128 106
2807 30 64 105
2808 29 32 104
2809 28 16 103
2810 27 8 102
2811 26 4 101
2812 25 2 100
2813 24 1 99
2814 23 129 98
2815 22 193 97
2816 21 225 96
2817 20 241 95
2818 76 8 152
2819 75 4 151
2820 74 2 150
2821 73 1 149
2822 72 129 148
2823 71 193 147
2824 70 225 146
2825 69 241 145
2826 68 249 144
2827 67 253 143
2828 66 255 142
2829 65 256 141
2830 64 128 140
2831 63 64 139
2832 62 32 138
2833 61 16 137
2834 60 8 136
2835 59 4 135
2836 58 2 134
2837 57 1 133
2838 56 129 132
2839 55 193 131
2840 54 225 130
2841 53 241 129
2842 52 249 128
2843 51 253 127
2844 50 255 126
2845 49 256 125
2846 48 128 124
2847 47 64 123
2848 46 32 122
2849 45 16 121
2850 44 8 120
2851 43 4 119
2852 42 2 118
2853 41 1 117
2854 40 129 116
2855 39 193 115
2856 38 225 114
2857 37 241 113
2858 36 249 112
2859 35 253 111
2860 34 255 110
2861 33 256 109
2862 32 128 108
2863 31 64 107
2864 30 32 106
2865 29 16 105
2866 28 8 104
2867 27 4 103
2868 26 2 102
2869 25 1 101
2870 24 129 100
2871 23 193 99
2872 22 225 98
2873 77 8 154
2874 76 4 153
2875 75 2 152
2876 74 1 151
2877 73 129 150
2878 72 193 149
2879 71 225 148
2880 70 241 147
2881 69 249 146
2882 68 253 145
2883 67 255 144
2884 66 256 143
2885 65 128 142
2886 64 64 141
2887 63 32 140
2888 62 16 139
2889 61 8 138
2890 60 4 137
2891 59 2 136
2892 58 1 135
2893 57 129 134
2894 56 193 133
2895 55 225 132
2896 54 241 131
2897 53 249 130
2898 52 253 129
2899 51 255 128
2900 50 256 127
2901 49 128 126
2902 48 64 125
2903 47 32 124
2904 46 16 123
2905 45 8 122
2906 44 4 121
2907 43 2 120
2908 42 1 119
2909 41 129 118
2910 40 193 117
2911 39 225 116
2912 38 241 115
2913 37 249 114
2914 36 253 113
2915 35 255 112
2916 34 256 111
2917 33 128 110
2918 32 64 109
2919 31 32 108
2920 30 16 107
2921 29 8 106
2922 28 4 105
2923 27 2 104
2924 26 1 103
2925 25 129 102
2926 24 193 101
2927 78 8 156
2928 77 4 155
2929 76 2 154
2930 75 1 153
2931 74 129 152
2932 73 193 151
2933 72 225 150
2934 71 241 149
2935 70 249 148
2936 69 253 147
2937 68 255 146
2938 67 256 145
2939 66 128 144
2940 65 64 143
2941 64 32 142
2942 63 16 141
2943 62 8 140
2944 61 4 139
2945 60 2 138
2946 59 1 137
2947 58 129 136
2948 57 193 135
2949 56 225 134
2950 55 241 133
2951 54 249 132
2952 53 253 131
2953 52 255 130
2954 51 256 129
2955 50 128 128
2956 49 64 127
2957 48 32 126
2958 47 16 125
2959 46 8 124
2960 45 4 123
2961 44 2 122
2962 43 1 121
2963 42 129 120
2964 41 193 119
2965 40 225 118
2966 39 241 117
2967 38 249 116
2968 37 253 115
2969 36 255 114
2970 35 256 113
2971 34 128 112
2972 33 64 111
2973 32 32 110
2974 31 16 109
2975 30 8 108
2976 29 4 107
2977 28 2 106
2978 27 1 105
2979 26 129 104
2980 79 8 158
2981 78 4 157
2982 77 2 156
2983 76 1 155
2984 75 129 154
2985 74 193 153
2986 73 225 152
2987 72 241 151
2988 71 249 150
2989 70 253 149
2990 69 255 148
2991 68 256 147
2992 67 128 146
2993 66 64 145
2994 65 32 144
2995 64 16 143
2996 63 8 142
2997 62 4 141
2998 61 2 140
2999 60 1 139
3000 59 129 138
3001 58 193 137
3002 57 225 136
3003 56 241 135
3004 55 249 134
3005 54 253 133
3006 53 255 132
3007 52 256 131
3008 51 128 130
3009 50 64 129
3010 49 32 128
3011 48 16 127
3012 47 8 126
3013 46 4 125
3014 45 2 124
3015 44 1 123
3016 43 129 122
3017 42 193 121
3018 41 225 120
3019 40 241 119
3020 39 249 118
3021 38 253 117
3022 37 255 116
3023 36 256 115
3024 35 128 114
3025 34 64 113
3026 33 32 112
3027 32 16 111
3028 31 8 110
3029 30 4 109
3030 29 2 108
3031 28 1 107
3032 80 8 160
3033 79 4 159
3034 78 2 158
3035 77 1 157
3036 76 129 156
3037 75 193 155
3038 74 225 154
3039 73 241 153
3040 72 249 152
3041 71 253 151
3042 70 255 150
3043 69 256 149
3044 68 128 148
3045 67 64 147
3046 66 32 146
3047 65 16 145
3048 64 8 144
3049 63 4 143
3050 62 2 142
3051 61 1 141
3052 60 129 140
3053 59 193 139
3054 58 225 138
3055 57 241 137
3056 56 249 136
3057 55 253 135
3058 54 255 134
3059 53 256 133
3060 52 128 132
3061 51 64 131
3062 50 32 130
3063 49 16 129
3064 48 8 128
3065 47 4 127
3066 46 2 126
3067 45 1 125
3068 44 129 124
3069 43 193 123
3070 42 225 122
3071 41 241 121
3072 40 249 120
3073 39 253 119
3074 38 255 118
3075 37 256 117
3076 36 128 116
3077 35 64 115
3078 34 32 114
3079 33 16 113
3080 32 8 112
3081 31 4 111
3082 30 2 110
3083 81 8 162
3084 80 4 161
3085 79 2 160
3086 78 1 159
3087 77 129 158
3088 76 193 157
3089 75 225 156
3090 74 241 155
3091 73 249 154
3092 72 253 153
3093 71 255 152
3094 70 256 151
3095 69 128 150
3096 68 64 149
3097 67 32 148
3098 66 16 147
3099 65 8 146
3100 64 4 145
3101 63 2 144
3102 62 1 143
3103 61 129 142
3104 60 193 141
3105 59 225 140
3106 58 241 139
3107 57 249 138
3108 56 253 137
3109 55 255 136
3110 54 256 135
3111 53 128 134
3112 52 64 133
3113 51 32 132
3114 50 16 131
3115 49 8 130
3116 48 4 129
3117 47 2 128
3118 46 1 127
3119 45 129 126
3120 44 193 125
3121 43 225 124
3122 42 241 123
3123 41 249 122
3124 40 253 121
3125 39 255 120
3126 38 256 119
3127 37 128 118
3128 36 64 117
3129 35 32 116
3130 34 16 115
3131 33 8 114
3132 32 4 113
3133 82 8 164
3134 81 4 163
3135 80 2 162
3136 79 1 161
3137 78 129 160
3138 77 193 159
3139 76 225 158
3140 75 241 157
3141 74 249 156
3142 73 253 155
3143 72 255 154
3144 71 256 153
3145 70 128 152
3146 69 64 151
3147 68 32 150
3148 67 16 149
3149 66 8 148
3150 65 4 147
3151 64 2 146
3152 63 1 145
3153 62 129 144
3154 61 193 143
3155 60 225 142
3156 59 241 141
3157 58 249 140
3158 57 253 139
3159 56 255 138
3160 55 256 137
3161 54 128 136
3162 53 64 135
3163 52 32 134
3164 51 16 133
3165 50 8 132
3166 49 4 131
3167 48 2 130
3168 47 1 129
3169 46 129 128
3170 45 193 127
3171 44 225 126
3172 43 241 125
3173 42 249 124
3174 41 253 123
3175 40 255 122
3176 39 256 121
3177 38 128 120
3178 37 64 119
3179 36 32 118
3180 35 16 117
3181 34 8 116
3182 83 8 166
3183 82 4 165
3184 81 2 164
3185 80 1 163
3186 79 129 162
3187 78 193 161
3188 77 225 160
3189 76 241 159
3190 75 249 158
3191 74 253 157
3192 73 255 156
3193 72 256 155
3194 71 128 154
3195 70 64 153
3196 69 32 152
3197 68 16 151
3198 67 8 150
3199 66 4 149
3200 65 2 148
3201 64 1 147
3202 63 129 146
3203 62 193 145
3204 61 225 144
3205 60 241 143
3206 59 249 142
3207 58 253 141
3208 57 255 140
3209 56 256 139
3210 55 128 138
3211 54 64 137
3212 53 32 136
3213 52 16 135
3214 51 8 134
3215 50 4 133
3216 49 2 132
3217 48 1 131
3218 47 129 130
3219 46 193 129
3220 45 225 128
3221 44 241 127
3222 43 249 126
3223 42 253 125
3224 41 255 124
3225 40 256 123
3226 39 128 122
3227 38 64 121
3228 37 32 120
3229 36 16 119
3230 84 8 168
3231 83 4 167
3232 82 2 166
3233 81 1 165
3234 80 129 164
3235 79 193 163
3236 78 225 162
3237 77 241 161
3238 76 249 160
3239 75 253 159
3240 74 255 158
3241 73 256 157
3242 72 128 156
3243 71 64 155
3244 70 32 154
3245 69 16 153
3246 68 8 152
3247 67 4 151
3248 66 2 150
3249 65 1 149
3250 64 129 148
3251 63 193 147
3252 62 225 146
3253 61 241 145
3254 60 249 144
3255 59 253 143
3256 58 255 142
3257 57 256 141
3258 56 128 140
3259 55 64 139
3260 54 32 138
3261 53 16 137
3262 52 8 136
3263 51 4 135
3264 50 2 134
3265 49 1 133
3266 48 129 132
3267 47 193 131
3268 46 225 130
3269 45 241 129
3270 44 249 128
3271 43 253 127
3272 42 255 126
3273 41 256 125
3274 40 128 124
3275 39 64 123
3276 38 32 122
3277 85 8 170
3278 84 4 169
3279 83 2 168
3280 82 1 167
3281 81 129 166
3282 80 193 165
3283 79 225 164
3284 78 241 163
3285 77 249 162
3286 76 253 161
3287 75 255 160
3288 74 256 159
3289 73 128 158
3290 72 64 157
3291 71 32 156
3292 70 16 155
3293 69 8 154
3294 68 4 153
3295 67 2 152
3296 66 1 151
3297 65 129 150
3298 64 193 149
3299 63 225 148
3300 62 241 147
3301 61 249 146
3302 60 253 145
3303 59 255 144
3304 58 256 143
3305 57 128 142
3306 56 64 141
3307 55 32 140
3308 54 16 139
3309 53 8 138
3310 52 4 137
3311 51 2 136
3312 50 1 135
3313 49 129 134
3314 48 193 133
3315 47 225 132
3316 46 241 131
3317 45 249 130
3318 44 253 129
3319 43 255 128
3320 42 256 127
3321 41 128 126
3322 40 64 125
3323 86 8 172
3324 85 4 171
3325 84 2 170
3326 83 1 169
3327 82 129 168
3328 81 193 167
3329 80 225 166
3330 79 241 165
3331 78 249 164
3332 77 253 163
3333 76 255 162
3334 75 256 161
3335 74 128 160
3336 73 64 159
3337 72 32 158
3338 71 16 157
3339 70 8 156
3340 69 4 155
3341 68 2 154
3342 67 1 153
3343 66 129 152
3344 65 193 151
3345 64 225 150
3346 63 241 149
3347 62 249 148
3348 61 253 147
3349 60 255 146
3350 59 256 145
3351 58 128 144
3352 57 64 143
3353 56 32 142
3354 55 16 141
3355 54 8 140
3356 53 4 139
3357 52 2 138
3358 51 1 137
3359 50 129 136
3360 49 193 135
3361 48 225 134
3362 47 241 133
3363 46 249 132
3364 45 253 131
3365 44 255 130
3366 43 256 129
3367 42 128 128
3368 87 8 174
3369 86 4 173
3370 85 2 172
3371 84 1 171
3372 83 129 170
3373 82 193 169
3374 81 225 168
3375 80 241 167
3376 79 249 166
3377 78 253 165
3378 77 255 164
3379 76 256 163
3380 75 128 162
3381 74 64 161
3382 73 32 160
3383 72 16 159
3384 71 8 158
3385 70 4 157
3386 69 2 156
3387 68 1 155
3388 67 129 154
3389 66 193 153
3390 65 225 152
3391 64 241 151
3392 63 249 150
3393 62 253 149
3394 61 255 148
3395 60 256 147
3396 59 128 146
3397 58 64 145
3398 57 32 144
3399 56 16 143
3400 55 8 142
3401 54 4 141
3402 53 2 140
3403 52 1 139
3404 51 129 138
3405 50 193 137
3406 49 225 136
3407 48 241 135
3408 47 249 134
3409 46 253 133
3410 45 255 132
3411 44 256 131
3412 88 8 176
3413 87 4 175
3414 86 2 174
3415 85 1 173
3416 84 129 172
3417 83 193 171
3418 82 225 170
3419 81 241 169
3420 80 249 168
3421 79 253 167
3422 78 255 166
3423 77 256 165
3424 76 128 164
3425 75 64 163
3426 74 32 162
3427 73 16 161
3428 72 8 160
3429 71 4 159
3430 70 2 158
3431 69 1 157
3432 68 129 156
3433 67 193 155
3434 66 225 154
3435 65 241 153
3436 64 249 152
3437 63 253 151
3438 62 255 150
3439 61 256 149
3440 60 128 148
3441 59 64 147
3442 58 32 146
3443 57 16 145
3444 56 8 144
3445 55 4 143
3446 54 2 142
3447 53 1 141
3448 52 129 140
3449 51 193 139
3450 50 225 138
3451 49 241 137
3452 48 249 136
3453 47 253 135
3454 46 255 134
3455 89 8 178
3456 88 4 177
3457 87 2 176
3458 86 1 175
3459 85 129 174
3460 84 193 173
3461 83 225 172
3462 82 241 171
3463 81 249 170
3464 80 253 169
3465 79 255 168
3466 78 256 167
3467 77 128 166
3468 76 64 165
3469 75 32 164
3470 74 16 163
3471 73 8 162
3472 72 4 161
3473 71 2 160
3474 70 1 159
3475 69 129 158
3476 68 193 157
3477 67 225 156
3478 66 241 155
3479 65 249 154
3480 64 253 153
3481 63 255 152
3482 62 256 151
3483 61 128 150
3484 60 64 149
3485 59 32 148
3486 58 16 147
3487 57 8 146
3488 56 4 145
3489 55 2 144
3490 54 1 143
3491 53 129 142
3492 52 193 141
3493 51 225 140
3494 50 241 139
3495 49 249 138
3496 48 253 137
3497 90 8 180
3498 89 4 179
3499 88 2 178
3500 87 1 177
3501 86 129 176
3502 85 193 175
3503 84 225 174
3504 83 241 173
3505 82 249 172
3506 81 253 171
3507 80 255 170
3508 79 256 169
3509 78 128 168
3510 77 64 167
3511 76 32 166
3512 75 16 165
3513 74 8 164
3514 73 4 163
3515 72 2 162
3516 71 1 161
3517 70 129 160
3518 69 193 159
3519 68 225 158
3520 67 241 157
3521 66 249 156
3522 65 253 155
3523 64 255 154
3524 63 256 153
3525 62 128 152
3526 61 64 151
3527 60 32 150
3528 59 16 149
3529 58 8 148
3530 57 4 147
3531 56 2 146
3532 55 1 145
3533 54 129 144
3534 53 193 143
3535 52 225 142
3536 51 241 141
3537 50 249 140
3538 91 8 182
3539 90 4 181
3540 89 2 180
3541 88 1 179
3542 87 129 178
3543 86 193 177
3544 85 225 176
3545 84 241 175
3546 83 249 174
3547 82 253 173
3548 81 255 172
3549 80 256 171
3550 79 128 170
3551 78 64 169
3552 77 32 168
3553 76 16 167
3554 75 8 166
3555 74 4 165
3556 73 2 164
3557 72 1 163
3558 71 129 162
3559 70 193 161
3560 69 225 160
3561 68 241 159
3562 67 249 158
3563 66 253 157
3564 65 255 156
3565 64 256 155
3566 63 128 154
3567 62 64 153
3568 61 32 152
3569 60 16 151
3570 59 8 150
3571 58 4 149
3572 57 2 148
3573 56 1 147
3574 55 129 146
3575 54 193 145
3576 53 225 144
3577 52 241 143
3578 92 8 184
3579 91 4 183
3580 90 2 182
3581 89 1 181
3582 88 129 180
3583 87 193 179
3584 86 225 178
3585 85 241 177
3586 84 249 176
3587 83 253 175
3588 82 255 174
3589 81 256 173
3590 80 128 172
3591 79 64 171
3592 78 32 170
3593 77 16 169
3594 76 8 168
3595 75 4 167
3596 74 2 166
3597 73 1 165
3598 72 129 164
3599 71 193 163
3600 70 225 162
3601 69 241 161
3602 68 249 160
3603 67 253 159
3604 66 255 158
3605 65 256 157
3606 64 128 156
3607 63 64 155
3608 62 32 154
3609 61 16 153
3610 60 8 152
3611 59 4 151
3612 58 2 150
3613 57 1 149
3614 56 129 148
3615 55 193 147
3616 54 225 146
3617 93 8 186
3618 92 4 185
3619 91 2 184
3620 90 1 183
3621 89 129 182
3622 88 193 181
3623 87 225 180
3624 86 241 179
3625 85 249 178
3626 84 253 177
3627 83 255 176
3628 82 256 175
3629 81 128 174
3630 80 64 173
3631 79 32 172
3632 78 16 171
3633 77 8 170
3634 76 4 169
3635 75 2 168
3636 74 1 167
3637 73 129 166
3638 72 193 165
3639 71 225 164
3640 70 241 163
3641 69 249 162
3642 68 253 161
3643 67 255 160
3644 66 256 159
3645 65 128 158
3646 64 64 157
3647 63 32 156
3648 62 16 155
3649 61 8 154
3650 60 4 153
3651 59 2 152
3652 58 1 151
3653 57 129 150
3654 56 193 149
3655 94 8 188
3656 93 4 187
3657 92 2 186
3658 91 1 185
3659 90 129 184
3660 89 193 183
3661 88 225 182
3662 87 241 181
3663 86 249 180
3664 85 253 179
3665 84 255 178
3666 83 256 177
3667 82 128 176
3668 81 64 175
3669 80 32 174
3670 79 16 173
3671 78 8 172
3672 77 4 171
3673 76 2 170
3674 75 1 169
3675 74 129 168
3676 73 193 167
3677 72 225 166
3678 71 241 165
3679 70 249 164
3680 69 253 163
3681 68 255 162
3682 67 256 161
3683 66 128 160
3684 65 64 159
3685 64 32 158
3686 63 16 157
3687 62 8 156
3688 61 4 155
3689 60 2 154
3690 59 1 153
3691 58 129 152
3692 95 8 190
3693 94 4 189
3694 93 2 188
3695 92 1 187
3696 91 129 186
3697 90 193 185
3698 89 225 184
3699 88 241 183
3700 87 249 182
3701 86 253 181
3702 85 255 180
3703 84 256 179
3704 83 128 178
3705 82 64 177
3706 81 32 176
3707 80 16 175
3708 79 8 174
3709 78 4 173
3710 77 2 172
3711 76 1 171
3712 75 129 170
3713 74 193 169
3714 73 225 168
3715 72 241 167
3716 71 249 166
3717 70 253 165
3718 69 255 164
3719 68 256 163
3720 67 128 162
3721 66 64 161
3722 65 32 160
3723 64 16 159
3724 63 8 158
3725 62 4 157
3726 61 2 156
3727 60 1 155
3728 96 8 192
3729 95 4 191
3730 94 2 190
3731 93 1 189
3732 92 129 188
3733 91 193 187
3734 90 225 186
3735 89 241 185
3736 88 249 184
3737 87 253 183
3738 86 255 182
3739 85 256 181
3740 84 128 180
3741 83 64 179
3742 82 32 178
3743 81 16 177
3744 80 8 176
3745 79 4 175
3746 78 2 174
3747 77 1 173
3748 76 129 172
3749 75 193 171
3750 74 225 170
3751 73 241 169
3752 72 249 168
3753 71 253 167
3754 70 255 166
3755 69 256 165
3756 68 128 164
3757 67 64 163
3758 66 32 162
3759 65 16 161
3760 64 8 160
3761 63 4 159
3762 62 2 158
3763 97 8 194
3764 96 4 193
3765 95 2 192
3766 94 1 191
3767 93 129 190
3768 92 193 189
3769 91 225 188
3770 90 241 187
3771 89 249 186
3772 88 253 185
3773 87 255 184
3774 86 256 183
3775 85 128 182
3776 84 64 181
3777 83 32 180
3778 82 16 179
3779 81 8 178
3780 80 4 177
3781 79 2 176
3782 78 1 175
3783 77 129 174
3784 76 193 173
3785 75 225 172
3786 74 241 171
3787 73 249 170
3788 72 253 169
3789 71 255 168
3790 70 256 167
3791 69 128 166
3792 68 64 165
3793 67 32 164
3794 66 16 163
3795 65 8 162
3796 64 4 161
3797 98 8 196
3798 97 4 195
3799 96 2 194
3800 95 1 193
3801 94 129 192
3802 93 193 191
3803 92 225 190
3804 91 241 189
3805 90 249 188
3806 89 253 187
3807 88 255 186
3808 87 256 185
3809 86 128 184
3810 85 64 183
3811 84 32 182
3812 83 16 181
3813 82 8 180
3814 81 4 179
3815 80 2 178
3816 79 1 177
3817 78 129 176
3818 77 193 175
3819 76 225 174
3820 75 241 173
3821 74 249 172
3822 73 253 171
3823 72 255 170
3824 71 256 169
3825 70 128 168
3826 69 64 167
3827 68 32 166
3828 67 16 165
3829 66 8 164
3830 99 8 198
3831 98 4 197
3832 97 2 196
3833 96 1 195
3834 95 129 194
3835 94 193 193
3836 93 225 192
3837 92 241 191
3838 91 249 190
3839 90 253 189
3840 89 255 188
3841 88 256 187
3842 87 128 186
3843 86 64 185
3844 85 32 184
3845 84 16 183
3846 83 8 182
3847 82 4 181
3848 81 2 180
3849 80 1 179
3850 79 129 178
3851 78 193 177
3852 77 225 176
3853 76 241 175
3854 75 249 174
3855 74 253 173
3856 73 255 172
3857 72 256 171
3858 71 128 170
3859 70 64 169
3860 69 32 168
3861 68 16 167
3862 100 8 200
3863 99 4 199
3864 98 2 198
3865 97 1 197
3866 96 129 196
3867 95 193 195
3868 94 225 194
3869 93 241 193
3870 92 249 192
3871 91 253 191
3872 90 255 190
3873 89 256 189
3874 88 128 188
3875 87 64 187
3876 86 32 186
3877 85 16 185
3878 84 8 184
3879 83 4 183
3880 82 2 182
3881 81 1 181
3882 80 129 180
3883 79 193 179
3884 78 225 178
3885 77 241 177
3886 76 249 176
3887 75 253 175
3888 74 255 174
3889 73 256 173
3890 72 128 172
3891 71 64 171
3892 70 32 170
3893 101 8 202
3894 100 4 201
3895 99 2 200
3896 98 1 199
3897 97 129 198
3898 96 193 197
3899 95 225 196
3900 94 241 195
3901 93 249 194
3902 92 253 193
3903 91 255 192
3904 90 256 191
3905 89 128 190
3906 88 64 189
3907 87 32 188
3908 86 16 187
3909 85 8 186
3910 84 4 185
3911 83 2 184
3912 82 1 183
3913 81 129 182
3914 80 193 181
3915 79 225 180
3916 78 241 179
3917 77 249 178
3918 76 253 177
3919 75 255 176
3920 74 256 175
3921 73 128 174
3922 72 64 173
3923 102 8 204
3924 101 4 203
3925 100 2 202
3926 99 1 201
3927 98 129 200
3928 97 193 199
3929 96 225 198
3930 95 241 197
3931 94 249 196
3932 93 253 195
3933 92 255 194
3934 91 256 193
3935 90 128 192
3936 89 64 191
3937 88 32 190
3938 87 16 189
3939 86 8 188
3940 85 4 187
3941 84 2 186
3942 83 1 185
3943 82 129 184
3944 81 193 183
3945 80 225 182
3946 79 241 181
3947 78 249 180
3948 77 253 179
3949 76 255 178
3950 75 256 177
3951 74 128 176
3952 103 8 206
3953 102 4 205
3954 101 2 204
3955 100 1 203
3956 99 129 202
3957 98 193 201
3958 97 225 200
3959 96 241 199
3960 95 249 198
3961 94 253 197
3962 93 255 196
3963 92 256 195
3964 91 128 194
3965 90 64 193
3966 89 32 192
3967 88 16 191
3968 87 8 190
3969 86 4 189
3970 85 2 188
3971 84 1 187
3972 83 129 186
3973 82 193 185
3974 81 225 184
3975 80 241 183
3976 79 249 182
3977 78 253 181
3978 77 255 180
3979 76 256 179
3980 104 8 208
3981 103 4 207
3982 102 2 206
3983 101 1 205
3984 100 129 204
3985 99 193 203
3986 98 225 202
3987 97 241 201
3988 96 249 200
3989 95 253 199
3990 94 255 198
3991 93 256 197
3992 92 128 196
3993 91 64 195
3994 90 32 194
3995 89 16 193
3996 88 8 192
3997 87 4 191
3998 86 2 190
3999 85 1 189
4000 84 129 188
4001 83 193 187
4002 82 225 186
4003 81 241 185
4004 80 249 184
4005 79 253 183
4006 78 255 182
4007 105 8 210
4008 104 4 209
4009 103 2 208
4010 102 1 207
4011 101 129 206
4012 100 193 205
4013 99 225 204
4014 98 241 203
4015 97 249 202
4016 96 253 201
4017 95 255 200
4018 94 256 199
4019 93 128 198
4020 92 64 197
4021 91 32 196
4022 90 16 195
4023 89 8 194
4024 88 4 193
4025 87 2 192
4026 86 1 191
4027 85 129 190
4028 84 193 189
4029 83 225 188
4030 82 241 187
4031 81 249 186
4032 80 253 185
4033 106 8 212
4034 105 4 211
4035 104 2 210
4036 103 1 209
4037 102 129 208
4038 101 193 207
4039 100 225 206
4040 99 241 205
4041 98 249 204
4042 97 253 203
4043 96 255 202
4044 95 256 201
4045 94 128 200
4046 93 64 199
4047 92 32 198
4048 91 16 197
4049 90 8 196
4050 89 4 195
4051 88 2 194
4052 87 1 193
4053 86 129 192
4054 85 193 191
4055 84 225 190
4056 83 241 189
4057 82 249 188
4058 107 8 214
4059 106 4 213
4060 105 2 212
4061 104 1 211
4062 103 129 210
4063 102 193 209
4064 101 225 208
4065 100 241 207
4066 99 249 206
4067 98 253 205
4068 97 255 204
4069 96 256 203
4070 95 128 202
4071 94 64 201
4072 93 32 200
4073 92 16 199
4074 91 8 198
4075 90 4 197
4076 89 2 196
4077 88 1 195
4078 87 129 194
4079 86 193 193
4080 85 225 192
4081 84 241 191
4082 108 8 216
4083 107 4 215
4084 106 2 214
4085 105 1 213
4086 104 129 212
4087 103 193 211
4088 102 225 210
4089 101 241 209
4090 100 249 208
4091 99 253 207
4092 98 255 206
4093 97 256 205
4094 96 128 204
4095 95 64 203
4096 94 32 202
4097 93 16 201
4098 92 8 200
4099 91 4 199
4100 90 2 198
4101 89 1 197
4102 88 129 196
4103 87 193 195
4104 86 225 194
4105 109 8 218
4106 108 4 217
4107 107 2 216
4108 106 1 215
4109 105 129 214
4110 104 193 213
4111 103 225 212
4112 102 241 211
4113 101 249 210
4114 100 253 209
4115 99 255 208
4116 98 256 207
4117 97 128 206
4118 96 64 205
4119 95 32 204
4120 94 16 203
4121 93 8 202
4122 92 4 201
4123 91 2 200
4124 90 1 199
4125 89 129 198
4126 88 193 197
4127 110 8 220
4128 109 4 219
4129 108 2 218
4130 107 1 217
4131 106 129 216
4132 105 193 215
4133 104 225 214
4134 103 241 213
4135 102 249 212
4136 101 253 211
4137 100 255 210
4138 99 256 209
4139 98 128 208
4140 97 64 207
4141 96 32 206
4142 95 16 205
4143 94 8 204
4144 93 4 203
4145 92 2 202
4146 91 1 201
4147 90 129 200
4148 111 8 222
4149 110 4 221
4150 109 2 220
4151 108 1 219
4152 107 129 218
4153 106 193 217
4154 105 225 216
4155 104 241 215
4156 103 249 214
4157 102 253 213
4158 101 255 212
4159 100 256 211
4160 99 128 210
4161 98 64 209
4162 97 32 208
4163 96 16 207
4164 95 8 206
4165 94 4 205
4166 93 2 204
4167 92 1 203
4168 112 8 224
4169 111 4 223
4170 110 2 222
4171 109 1 221
4172 108 129 220
4173 107 193 219
4174 106 225 218
4175 105 241 217
4176 104 249 216
4177 103 253 215
4178 102 255 214
4179 101 256 213
4180 100 128 212
4181 99 64 211
4182 98 32 210
4183 97 16 209
4184 96 8 208
4185 95 4 207
4186 94 2 206
4187 113 8 226
4188 112 4 225
4189 111 2 224
4190 110 1 223
4191 109 129 222
4192 108 193 221
4193 107 225 220
4194 106 241 219
4195 105 249 218
4196 104 253 217
4197 103 255 216
4198 102 256 215
4199 101 128 214
4200 100 64 213
4201 99 32 212
4202 98 16 211
4203 97 8 210
4204 96 4 209
4205 114 8 228
4206 113 4 227
4207 112 2 226
4208 111 1 225
4209 110 129 224
4210 109 193 223
4211 108 225 222
4212 107 241 221
4213 106 249 220
4214 105 253 219
4215 104 255 218
4216 103 256 217
4217 102 128 216
4218 101 64 215
4219 100 32 214
4220 99 16 213
4221 98 8 212
4222 115 8 230
4223 114 4 229
4224 113 2 228
4225 112 1 227
4226 111 129 226
4227 110 193 225
4228 109 225 224
4229 108 241 223
4230 107 249 222
4231 106 253 221
4232 105 255 220
4233 104 256 219
4234 103 128 218
4235 102 64 217
4236 101 32 216
4237 100 16 215
4238 116 8 232
4239 115 4 231
4240 114 2 230
4241 113 1 229
4242 112 129 228
4243 111 193 227
4244 110 225 226
4245 109 241 225
4246 108 249 224
4247 107 253 223
4248 106 255 222
4249 105 256 221
4250 104 128 220
4251 103 64 219
4252 102 32 218
4253 117 8 234
4254 116 4 233
4255 115 2 232
4256 114 1 231
4257 113 129 230
4258 112 193 229
4259 111 225 228
4260 110 241 227
4261 109 249 226
4262 108 253 225
4263 107 255 224
4264 106 256 223
4265 105 128 222
4266 104 64 221
4267 118 8 236
4268 117 4 235
4269 116 2 234
4270 115 1 233
4271 114 129 232
4272 113 193 231
4273 112 225 230
4274 111 241 229
4275 110 249 228
4276 109 253 227
4277 108 255 226
4278 107 256 225
4279 106 128 224
4280 119 8 238
4281 118 4 237
4282 117 2 236
4283 116 1 235
4284 115 129 234
4285 114 193 233
4286 113 225 232
4287 112 241 231
4288 111 249 230
4289 110 253 229
4290 109 255 228
4291 108 256 227
4292 120 8 240
4293 119 4 239
4294 118 2 238
4295 117 1 237
4296 116 129 236
4297 115 193 235
4298 114 225 234
4299 113 241 233
4300 112 249 232
4301 111 253 231
4302 110 255 230
4303 121 8 242
4304 120 4 241
4305 119 2 240
4306 118 1 239
4307 117 129 238
4308 116 193 237
4309 115 225 236
4310 114 241 235
4311 113 249 234
4312 112 253 233
4313 122 8 244
4314 121 4 243
4315 120 2 242
4316 119 1 241
4317 118 129 240
4318 117 193 239
4319 116 225 238
4320 115 241 237
4321 114 249 236
4322 123 8 246
4323 122 4 245
4324 121 2 244
4325 120 1 243
4326 119 129 242
4327 118 193 241
4328 117 225 240
4329 116 241 239
4330 124 8 248
4331 123 4 247
4332 122 2 246
4333 121 1 245
4334 120 129 244
4335 119 193 243
4336 118 225 242
4337 125 8 250
4338 124 4 249
4339 123 2 248
4340 122 1 247
4341 121 129 246
4342 120 193 245
4343 126 8 252
4344 125 4 251
4345 124 2 250
4346 123 1 249
4347 122 129 248
4348 127 8 254
4349 126 4 253
4350 125 2 252
4351 124 1 251
4352 128 8 256
4353 127 4 255
4354 126 2 254
4355 129 8 258
4356 128 4 257
4357 130 8 260
4358 0 1 67
4359 0 1 68
4360 0 1 69
4361 0 1 70
4362 0 1 71
4363 0 1 72
4364 0 1 73
4365 0 1 74
4366 0 1 75
4367 0 1 76
4368 0 1 77
4369 0 1 78
4370 0 1 79
4371 0 1 80
4372 0 1 81
4373 0 1 82
4374 0 1 83
4375 0 1 84
4376 0 1 85
4377 0 1 86
4378 0 1 87
4379 0 1 88
4380 0 1 89
4381 0 1 90
4382 0 1 91
4383 0 1 92
4384 0 1 93
4385 0 1 94
4386 0 1 95
4387 0 1 96
4388 0 1 97
4389 0 1 98
4390 0 1 99
4391 0 1 100
4392 0 1 101
4393 0 1 102
4394 0 1 103
4395 0 1 104
4396 0 1 105
4397 0 1 106
4398 0 1 107
4399 0 1 108
4400 0 1 109
4401 0 1 110
4402 0 1 111
4403 0 1 112
4404 0 1 113
4405 0 1 114
4406 0 1 115
4407 0 1 116
4408 0 1 117
4409 0 1 118
4410 0 1 119
4411 0 1 120
4412 0 1 121
4413 0 1 122
4414 0 1 123
4415 0 1 124
4416 1 1 68
4417 1 1 69
4418 1 1 70
4419 1 1 71
4420 1 1 72
4421 1 1 73
4422 1 1 74
4423 1 1 75
4424 1 1 76
4425 1 1 77
4426 1 1 78
4427 1 1 79
4428 1 1 80
4429 1 1 81
4430 1 1 82
4431 1 1 83
4432 1 1 84
4433 1 1 85
4434 1 1 86
4435 1 1 87
4436 1 1 88
4437 1 1 89
4438 1 1 90
4439 1 1 91
4440 1 1 92
4441 1 1 93
4442 1 1 94
4443 1 1 95
4444 1 1 96
4445 1 1 97
4446 1 1 98
4447 1 1 99
4448 1 1 100
4449 1 1 101
4450 1 1 102
4451 1 1 103
4452 1 1 104
4453 1 1 105
4454 1 1 106
4455 1 1 107
4456 1 1 108
4457 1 1 109
4458 1 1 110
4459 1 1 111
4460 1 1 112
4461 1 1 113
4462 1 1 114
4463 1 1 115
4464 1 1 116
4465 1 1 117
4466 1 1 118
4467 1 1 119
4468 1 1 120
4469 1 1 121
4470 1 1 122
4471 1 1 123
4472 1 1 124
4473 2 1 69
4474 2 1 70
4475 2 1 71
4476 2 1 72
4477 2 1 73
4478 2 1 74
4479 2 1 75
4480 2 1 76
4481 2 1 77
4482 2 1 78
4483 2 1 79
4484 2 1 80
4485 2 1 81
4486 2 1 82
4487 2 1 83
4488 2 1 84
4489 2 1 85
4490 2 1 86
4491 2 1 87
4492 2 1 88
4493 2 1 89
4494 2 1 90
4495 2 1 91
4496 2 1 92
4497 2 1 93
4498 2 1 94
4499 2 1 95
4500 2 1 96
4501 2 1 97
4502 2 1 98
4503 2 1 99
4504 2 1 100
4505 2 1 101
4506 2 1 102
4507 2 1 103
4508 2 1 104
4509 2 1 105
4510 2 1 106
4511 2 1 107
4512 2 1 108
4513 2 1 109
4514 2 1 110
4515 2 1 111
4516 2 1 112
4517 2 1 113
4518 2 1 114
4519 2 1 115
4520 2 1 116
4521 2 1 117
4522 2 1 118
4523 2 1 119
4524 2 1 120
4525 2 1 121
4526 2 1 122
4527 2 1 123
4528 2 1 124
4529 3 1 70
4530 3 1 71
4531 3 1 72
4532 3 1 73
4533 3 1 74
4534 3 1 75
4535 3 1 76
4536 3 1 77
4537 3 1 78
4538 3 1 79
4539 3 1 80
4540 3 1 81
4541 3 1 82
4542 3 1 83
4543 3 1 84
4544 3 1 85
4545 3 1 86
4546 3 1 87
4547 3 1 88
4548 3 1 89
4549 3 1 90
4550 3 1 91
4551 3 1 92
4552 3 1 93
4553 3 1 94
4554 3 1 95
4555 3 1 96
4556 3 1 97
4557 3 1 98
4558 3 1 99
4559 3 1 100
4560 3 1 101
4561 3 1 102
4562 3 1 103
4563 3 1 104
4564 3 1 105
4565 3 1 106
4566 3 1 107
4567 3 1 108
4568 3 1 109
4569 3 1 110
4570 3 1 111
4571 3 1 112
4572 3 1 113
4573 3 1 114
4574 3 1 115
4575 3 1 116
4576 3 1 117
4577 3 1 118
4578 3 1 119
4579 3 1 120
4580 3 1 121
4581 3 1 122
4582 3 1 123
4583 3 1 124
4584 4 1 72
4585 4 1 73
4586 5 255 73
4587 4 1 74
4588 4 1 75
4589 4 1 76
4590 4 1 77
4591 4 1 78
4592 4 1 79
4593 4 1 80
4594 4 1 81
4595 4 1 82
4596 4 1 83
4597 4 1 84
4598 4 1 85
4599 4 1 86
4600 4 1 87
4601 4 1 88
4602 4 1 89
4603 4 1 90
4604 4 1 91
4605 4 1 92
4606 4 1 93
4607 4 1 94
4608 4 1 95
4609 4 1 96
4610 4 1 97
4611 4 1 98
4612 4 1 99
4613 4 1 100
4614 4 1 101
4615 4 1 102
4616 4 1 103
4617 4 1 104
4618 4 1 105
4619 4 1 106
4620 4 1 107
4621 4 1 108
4622 4 1 109
4623 4 1 110
4624 4 1 111
4625 4 1 112
4626 4 1 113
4627 4 1 114
4628 4 1 115
4629 4 1 116
4630 4 1 117
4631 4 1 118
4632 4 1 119
4633 4 1 120
4634 4 1 121
4635 4 1 122
4636 4 1 123
4637 4 1 124
4638 5 1 74
4639 5 1 75
4640 6 255 75
4641 5 1 76
4642 7 4 76
4643 5 1 77
4644 5 1 78
4645 5 1 79
4646 5 1 80
4647 5 1 81
4648 5 1 82
4649 5 1 83
4650 5 1 84
4651 5 1 85
4652 5 1 86
4653 5 1 87
4654 5 1 88
4655 5 1 89
4656 5 1 90
4657 5 1 91
4658 5 1 92
4659 5 1 93
4660 5 1 94
4661 5 1 95
4662 5 1 96
4663 5 1 97
4664 5 1 98
4665 5 1 99
4666 5 1 100
4667 5 1 101
4668 5 1 102
4669 5 1 103
4670 5 1 104
4671 5 1 105
4672 5 1 106
4673 5 1 107
4674 5 1 108
4675 5 1 109
4676 5 1 110
4677 5 1 111
4678 5 1 112
4679 5 1 113
4680 5 1 114
4681 5 1 115
4682 5 1 116
4683 5 1 117
4684 5 1 118
4685 5 1 119
4686 5 1 120
4687 5 1 121
4688 5 1 122
4689 5 1 123
4690 5 1 124
4691 6 1 76
4692 6 1 77
4693 7 255 77
4694 6 1 78
4695 8 4 78
4696 6 1 79
4697 9 249 79
4698 6 1 80
4699 6 1 81
4700 6 1 82
4701 6 1 83
4702 6 1 84
4703 6 1 85
4704 6 1 86
4705 6 1 87
4706 6 1 88
4707 6 1 89
4708 6 1 90
4709 6 1 91
4710 6 1 92
4711 6 1 93
4712 6 1 94
4713 6 1 95
4714 6 1 96
4715 6 1 97
4716 6 1 98
4717 6 1 99
4718 6 1 100
4719 6 1 101
4720 6 1 102
4721 6 1 103
4722 6 1 104
4723 6 1 105
4724 6 1 106
4725 6 1 107
4726 6 1 108
4727 6 1 109
4728 6 1 110
4729 6 1 111
4730 6 1 112
4731 6 1 113
4732 6 1 114
4733 6 1 115
4734 6 1 116
4735 6 1 117
4736 6 1 118
4737 6 1 119
4738 6 1 120
4739 6 1 121
4740 6 1 122
4741 6 1 123
4742 6 1 124
4743 7 1 78
4744 7 1 79
4745 8 255 79
4746 7 1 80
4747 9 4 80
4748 7 1 81
4749 10 249 81
4750 7 1 82
4751 11 16 82
4752 7 1 83
4753 7 1 84
4754 7 1 85
4755 7 1 86
4756 7 1 87
4757 7 1 88
4758 7 1 89
4759 7 1 90
4760 7 1 91
4761 7 1 92
4762 7 1 93
4763 7 1 94
4764 7 1 95
4765 7 1 96
4766 7 1 97
4767 7 1 98
4768 7 1 99
4769 7 1 100
4770 7 1 101
4771 7 1 102
4772 7 1 103
4773 7 1 104
4774 7 1 105
4775 7 1 106
4776 7 1 107
4777 7 1 108
4778 7 1 109
4779 7 1 110
4780 7 1 111
4781 7 1 112
4782 7 1 113
4783 7 1 114
4784 7 1 115
4785 7 1 116
4786 7 1 117
4787 7 1 118
4788 7 1 119
4789 7 1 120
4790 7 1 121
4791 7 1 122
4792 7 1 123
4793 7 1 124
4794 8 1 80
4795 8 1 81
4796 9 255 81
4797 8 1 82
4798 10 4 82
4799 8 1 83
4800 11 249 83
4801 8 1 84
4802 12 16 84
4803 8 1 85
4804 13 225 85
4805 8 1 86
4806 8 1 87
4807 8 1 88
4808 8 1 89
4809 8 1 90
4810 8 1 91
4811 8 1 92
4812 8 1 93
4813 8 1 94
4814 8 1 95
4815 8 1 96
4816 8 1 97
4817 8 1 98
4818 8 1 99
4819 8 1 100
4820 8 1 101
4821 8 1 102
4822 8 1 103
4823 8 1 104
4824 8 1 105
4825 8 1 106
4826 8 1 107
4827 8 1 108
4828 8 1 109
4829 8 1 110
4830 8 1 111
4831 8 1 112
4832 8 1 113
4833 8 1 114
4834 8 1 115
4835 8 1 116
4836 8 1 117
4837 8 1 118
4838 8 1 119
4839 8 1 120
4840 8 1 121
4841 8 1 122
4842 8 1 123
4843 8 1 124
4844 9 1 82
4845 9 1 83
4846 10 255 83
4847 9 1 84
4848 11 4 84
4849 9 1 85
4850 12 249 85
4851 9 1 86
4852 13 16 86
4853 9 1 87
4854 14 225 87
4855 9 1 88
4856 15 64 88
4857 9 1 89
4858 9 1 90
4859 9 1 91
4860 9 1 92
4861 9 1 93
4862 9 1 94
4863 9 1 95
4864 9 1 96
4865 9 1 97
4866 9 1 98
4867 9 1 99
4868 9 1 100
4869 9 1 101
4870 9 1 102
4871 9 1 103
4872 9 1 104
4873 9 1 105
4874 9 1 106
4875 9 1 107
4876 9 1 108
4877 9 1 109
4878 9 1 110
4879 9 1 111
4880 9 1 112
4881 9 1 113
4882 9 1 114
4883 9 1 115
4884 9 1 116
4885 9 1 117
4886 9 1 118
4887 9 1 119
4888 9 1 120
4889 9 1 121
4890 9 1 122
4891 9 1 123
4892 9 1 124
4893 10 1 84
4894 10 1 85
4895 11 255 85
4896 10 1 86
4897 12 4 86
4898 10 1 87
4899 13 249 87
4900 10 1 88
4901 14 16 88
4902 10 1 89
4903 15 225 89
4904 10 1 90
4905 16 64 90
4906 10 1 91
4907 17 129 91
4908 10 1 92
4909 10 1 93
4910 10 1 94
4911 10 1 95
4912 10 1 96
4913 10 1 97
4914 10 1 98
4915 10 1 99
4916 10 1 100
4917 10 1 101
4918 10 1 102
4919 10 1 103
4920 10 1 104
4921 10 1 105
4922 10 1 106
4923 10 1 107
4924 10 1 108
4925 10 1 109
4926 10 1 110
4927 10 1 111
4928 10 1 112
4929 10 1 113
4930 10 1 114
4931 10 1 115
4932 10 1 116
4933 10 1 117
4934 10 1 118
4935 10 1 119
4936 10 1 120
4937 10 1 121
4938 10 1 122
4939 10 1 123
4940 10 1 124
4941 11 1 86
4942 11 1 87
4943 12 255 87
4944 11 1 88
4945 13 4 88
4946 11 1 89
4947 14 249 89
4948 11 1 90
4949 15 16 90
4950 11 1 91
4951 16 225 91
4952 11 1 92
4953 17 64 92
4954 11 1 93
4955 18 129 93
4956 11 1 94
4957 19 256 94
4958 11 1 95
4959 11 1 96
4960 11 1 97
4961 11 1 98
4962 11 1 99
4963 11 1 100
4964 11 1 101
4965 11 1 102
4966 11 1 103
4967 11 1 104
4968 11 1 105
4969 11 1 106
4970 11 1 107
4971 11 1 108
4972 11 1 109
4973 11 1 110
4974 11 1 111
4975 11 1 112
4976 11 1 113
4977 11 1 114
4978 11 1 115
4979 11 1 116
4980 11 1 117
4981 11 1 118
4982 11 1 119
4983 11 1 120
4984 11 1 121
4985 11 1 122
4986 11 1 123
4987 11 1 124
4988 12 1 88
4989 12 1 89
4990 13 255 89
4991 12 1 90
4992 14 4 90
4993 12 1 91
4994 15 249 91
4995 12 1 92
4996 16 16 92
4997 12 1 93
4998 17 225 93
4999 12 1 94
5000 18 64 94
5001 12 1 95
5002 19 129 95
5003 12 1 96
5004 20 256 96
5005 12 1 97
5006 21 2 97
5007 12 1 98
5008 12 1 99
5009 12 1 100
5010 12 1 101
5011 12 1 102
5012 12 1 103
5013 12 1 104
5014 12 1 105
5015 12 1 106
5016 12 1 107
5017 12 1 108
5018 12 1 109
5019 12 1 110
5020 12 1 111
5021 12 1 112
5022 12 1 113
5023 12 1 114
5024 12 1 115
5025 12 1 116
5026 12 1 117
5027 12 1 118
5028 12 1 119
5029 12 1 120
5030 12 1 121
5031 12 1 122
5032 12 1 123
5033 12 1 124
5034 13 1 90
5035 13 1 91
5036 14 255 91
5037 13 1 92
5038 15 4 92
5039 13 1 93
5040 16 249 93
5041 13 1 94
5042 17 16 94
5043 13 1 95
5044 18 225 95
5045 13 1 96
5046 19 64 96
5047 13 1 97
5048 20 129 97
5049 13 1 98
5050 21 256 98
5051 13 1 99
5052 22 2 99
5053 13 1 100
5054 23 253 100
5055 13 1 101
5056 13 1 102
5057 13 1 103
5058 13 1 104
5059 13 1 105
5060 13 1 106
5061 13 1 107
5062 13 1 108
5063 13 1 109
5064 13 1 110
5065 13 1 111
5066 13 1 112
5067 13 1 113
5068 13 1 114
5069 13 1 115
5070 13 1 116
5071 13 1 117
5072 13 1 118
5073 13 1 119
5074 13 1 120
5075 13 1 121
5076 13 1 122
5077 13 1 123
5078 13 1 124
5079 14 1 92
5080 14 1 93
5081 15 255 93
5082 14 1 94
5083 16 4 94
5084 14 1 95
5085 17 249 95
5086 14 1 96
5087 18 16 96
5088 14 1 97
5089 19 225 97
5090 14 1 98
5091 20 64 98
5092 14 1 99
5093 21 129 99
5094 14 1 100
5095 22 256 100
5096 14 1 101
5097 23 2 101
5098 14 1 102
5099 24 253 102
5100 14 1 103
5101 25 8 103
5102 14 1 104
5103 14 1 105
5104 14 1 106
5105 14 1 107
5106 14 1 108
5107 14 1 109
5108 14 1 110
5109 14 1 111
5110 14 1 112
5111 14 1 113
5112 14 1 114
5113 14 1 115
5114 14 1 116
5115 14 1 117
5116 14 1 118
5117 14 1 119
5118 14 1 120
5119 14 1 121
5120 14 1 122
5121 14 1 123
5122 14 1 124
5123 15 1 94
5124 15 1 95
5125 16 255 95
5126 15 1 96
5127 17 4 96
5128 15 1 97
5129 18 249 97
5130 15 1 98
5131 19 16 98
5132 15 1 99
5133 20 225 99
5134 15 1 100
5135 21 64 100
5136 15 1 101
5137 22 129 101
5138 15 1 102
5139 23 256 102
5140 15 1 103
5141 24 2 103
5142 15 1 104
5143 25 253 104
5144 15 1 105
5145 26 8 105
5146 15 1 106
5147 27 241 106
5148 15 1 107
5149 15 1 108
5150 15 1 109
5151 15 1 110
5152 15 1 111
5153 15 1 112
5154 15 1 113
5155 15 1 114
5156 15 1 115
5157 15 1 116
5158 15 1 117
5159 15 1 118
5160 15 1 119
5161 15 1 120
5162 15 1 121
5163 15 1 122
5164 15 1 123
5165 15 1 124
5166 16 1 96
5167 16 1 97
5168 17 255 97
5169 16 1 98
5170 18 4 98
5171 16 1 99
5172 19 249 99
5173 16 1 100
5174 20 16 100
5175 16 1 101
5176 21 225 101
5177 16 1 102
5178 22 64 102
5179 16 1 103
5180 23 129 103
5181 16 1 104
5182 24 256 104
5183 16 1 105
5184 25 2 105
5185 16 1 106
5186 26 253 106
5187 16 1 107
5188 27 8 107
5189 16 1 108
5190 28 241 108
5191 16 1 109
5192 29 32 109
5193 16 1 110
5194 16 1 111
5195 16 1 112
5196 16 1 113
5197 16 1 114
5198 16 1 115
5199 16 1 116
5200 16 1 117
5201 16 1 118
5202 16 1 119
5203 16 1 120
5204 16 1 121
5205 16 1 122
5206 16 1 123
5207 16 1 124
5208 17 1 98
5209 17 1 99
5210 18 255 99
5211 17 1 100
5212 19 4 100
5213 17 1 101
5214 20 249 101
5215 17 1 102
5216 21 16 102
5217 17 1 103
5218 22 225 103
5219 17 1 104
5220 23 64 104
5221 17 1 105
5222 24 129 105
5223 17 1 106
5224 25 256 106
5225 17 1 107
5226 26 2 107
5227 17 1 108
5228 27 253 108
5229 17 1 109
5230 28 8 109
5231 17 1 110
5232 29 241 110
5233 17 1 111
5234 30 32 111
5235 17 1 112
5236 31 193 112
5237 17 1 113
5238 17 1 114
5239 17 1 115
5240 17 1 116
5241 17 1 117
5242 17 1 118
5243 17 1 119
5244 17 1 120
5245 17 1 121
5246 17 1 122
5247 17 1 123
5248 17 1 124
5249 18 1 100
5250 18 1 101
5251 19 255 101
5252 18 1 102
5253 20 4 102
5254 18 1 103
5255 21 249 103
5256 18 1 104
5257 22 16 104
5258 18 1 105
5259 23 225 105
5260 18 1 106
5261 24 64 106
5262 18 1 107
5263 25 129 107
5264 18 1 108
5265 26 256 108
5266 18 1 109
5267 27 2 109
5268 18 1 110
5269 28 253 110
5270 18 1 111
5271 29 8 111
5272 18 1 112
5273 30 241 112
5274 18 1 113
5275 31 32 113
5276 18 1 114
5277 32 193 114
5278 18 1 115
5279 33 128 115
5280 18 1 116
5281 18 1 117
5282 18 1 118
5283 18 1 119
5284 18 1 120
5285 18 1 121
5286 18 1 122
5287 18 1 123
5288 18 1 124
5289 19 1 102
5290 19 1 103
5291 20 255 103
5292 19 1 104
5293 21 4 104
5294 19 1 105
5295 22 249 105
5296 19 1 106
5297 23 16 106
5298 19 1 107
5299 24 225 107
5300 19 1 108
5301 25 64 108
5302 19 1 109
5303 26 129 109
5304 19 1 110
5305 27 256 110
5306 19 1 111
5307 28 2 111
5308 19 1 112
5309 29 253 112
5310 19 1 113
5311 30 8 113
5312 19 1 114
5313 31 241 114
5314 19 1 115
5315 32 32 115
5316 19 1 116
5317 33 193 116
5318 19 1 117
5319 34 128 117
5320 19 1 118
5321 35 1 118
5322 19 1 119
5323 19 1 120
5324 19 1 121
5325 19 1 122
5326 19 1 123
5327 19 1 124
5328 20 1 104
5329 20 1 105
5330 21 255 105
5331 20 1 106
5332 22 4 106
5333 20 1 107
5334 23 249 107
5335 20 1 108
5336 24 16 108
5337 20 1 109
5338 25 225 109
5339 20 1 110
5340 26 64 110
5341 20 1 111
5342 27 129 111
5343 20 1 112
5344 28 256 112
5345 20 1 113
5346 29 2 113
5347 20 1 114
5348 30 253 114
5349 20 1 115
5350 31 8 115
5351 20 1 116
5352 32 241 116
5353 20 1 117
5354 33 32 117
5355 20 1 118
5356 34 193 118
5357 20 1 119
5358 35 128 119
5359 20 1 120
5360 36 1 120
5361 20 1 121
5362 37 255 121
5363 20 1 122
5364 20 1 123
5365 20 1 124
5366 21 1 106
5367 21 1 107
5368 22 255 107
5369 21 1 108
5370 23 4 108
5371 21 1 109
5372 24 249 109
5373 21 1 110
5374 25 16 110
5375 21 1 111
5376 26 225 111
5377 21 1 112
5378 27 64 112
5379 21 1 113
5380 28 129 113
5381 21 1 114
5382 29 256 114
5383 21 1 115
5384 30 2 115
5385 21 1 116
5386 31 253 116
5387 21 1 117
5388 32 8 117
5389 21 1 118
5390 33 241 118
5391 21 1 119
5392 34 32 119
5393 21 1 120
5394 35 193 120
5395 21 1 121
5396 36 128 121
5397 21 1 122
5398 37 1 122
5399 21 1 123
5400 38 255 123
5401 21 1 124
5402 39 4 124
5403 22 1 108
5404 22 1 109
5405 23 255 109
5406 22 1 110
5407 24 4 110
5408 22 1 111
5409 25 249 111
5410 22 1 112
5411 26 16 112
5412 22 1 113
5413 27 225 113
5414 22 1 114
5415 28 64 114
5416 22 1 115
5417 29 129 115
5418 22 1 116
5419 30 256 116
5420 22 1 117
5421 31 2 117
5422 22 1 118
5423 32 253 118
5424 22 1 119
5425 33 8 119
5426 22 1 120
5427 34 241 120
5428 22 1 121
5429 35 32 121
5430 22 1 122
5431 36 193 122
5432 22 1 123
5433 37 128 123
5434 22 1 124
5435 38 1 124
5436 20 231 125
5437 21 9 125
5438 22 1 125
5439 23 1 110
5440 23 1 111
5441 24 255 111
5442 23 1 112
5443 25 4 112
5444 23 1 113
5445 26 249 113
5446 23 1 114
5447 27 16 114
5448 23 1 115
5449 28 225 115
5450 23 1 116
5451 29 64 116
5452 23 1 117
5453 30 129 117
5454 23 1 118
5455 31 256 118
5456 23 1 119
5457 32 2 119
5458 23 1 120
5459 33 253 120
5460 23 1 121
5461 34 8 121
5462 23 1 122
5463 35 241 122
5464 23 1 123
5465 36 32 123
5466 23 1 124
5467 37 193 124
5468 18 10 125
5469 19 178 125
5470 23 1 125
5471 39 92 125
5472 22 197 126
5473 23 1 126
5474 24 1 112
5475 24 1 113
5476 25 255 113
5477 24 1 114
5478 26 4 114
5479 24 1 115
5480 27 249 115
5481 24 1 116
5482 28 16 116
5483 24 1 117
5484 29 225 117
5485 24 1 118
5486 30 64 118
5487 24 1 119
5488 31 129 119
5489 24 1 120
5490 32 256 120
5491 24 1 121
5492 33 2 121
5493 24 1 122
5494 34 253 122
5495 24 1 123
5496 35 8 123
5497 24 1 124
5498 36 241 124
5499 16 217 125
5500 17 188 125
5501 24 1 125
5502 38 215 125
5503 20 231 126
5504 21 154 126
5505 24 1 126
5506 40 57 126
5507 24 1 127
5508 25 1 114
5509 25 1 115
5510 26 255 115
5511 25 1 116
5512 27 4 116
5513 25 1 117
5514 28 249 117
5515 25 1 118
5516 29 16 118
5517 25 1 119
5518 30 225 119
5519 25 1 120
5520 31 64 120
5521 25 1 121
5522 32 129 121
5523 25 1 122
5524 33 256 122
5525 25 1 123
5526 34 2 123
5527 25 1 124
5528 35 253 124
5529 14 243 125
5530 15 229 125
5531 25 1 125
5532 37 134 125
5533 18 253 126
5534 19 173 126
5535 25 1 126
5536 39 46 126
5537 22 137 127
5538 23 177 127
5539 25 1 127
5540 41 198 127
5541 26 1 116
5542 26 1 117
5543 27 255 117
5544 26 1 118
5545 28 4 118
5546 26 1 119
5547 29 249 119
5548 26 1 120
5549 30 16 120
5550 26 1 121
5551 31 225 121
5552 26 1 122
5553 32 64 122
5554 26 1 123
5555 33 129 123
5556 26 1 124
5557 34 256 124
5558 12 248 125
5559 13 229 125
5560 26 1 125
5561 36 164 125
5562 16 170 126
5563 17 83 126
5564 26 1 126
5565 38 78 126
5566 20 175 127
5567 21 77 127
5568 26 1 127
5569 40 207 127
5570 24 3 128
5571 25 2 128
5572 26 1 128
5573 27 1 118
5574 27 1 119
5575 28 255 119
5576 27 1 120
5577 29 4 120
5578 27 1 121
5579 30 249 121
5580 27 1 122
5581 31 16 122
5582 27 1 123
5583 32 225 123
5584 27 1 124
5585 33 64 124
5586 10 230 125
5587 11 236 125
5588 27 1 125
5589 35 67 125
5590 14 116 126
5591 15 161 126
5592 27 1 126
5593 37 243 126
5594 18 34 127
5595 19 68 127
5596 27 1 127
5597 39 175 127
5598 22 144 128
5599 23 197 128
5600 27 1 128
5601 41 145 128
5602 26 130 129
5603 27 1 129
5604 28 1 120
5605 28 1 121
5606 29 255 121
5607 28 1 122
5608 30 4 122
5609 28 1 123
5610 31 249 123
5611 28 1 124
5612 32 16 124
5613 8 118 125
5614 9 173 125
5615 28 1 125
5616 34 171 125
5617 12 20 126
5618 13 244 126
5619 28 1 126
5620 36 142 126
5621 16 120 127
5622 17 202 127
5623 28 1 127
5624 38 229 127
5625 20 146 128
5626 21 35 128
5627 28 1 128
5628 40 11 128
5629 24 98 129
5630 25 2 129
5631 28 1 129
5632 42 132 129
5633 28 1 130
5634 29 1 122
5635 29 1 123
5636 30 255 123
5637 29 1 124
5638 31 4 124
5639 6 171 125
5640 7 52 125
5641 29 1 125
5642 33 68 125
5643 10 224 126
5644 11 250 126
5645 29 1 126
5646 35 186 126
5647 14 27 127
5648 15 21 127
5649 29 1 127
5650 37 91 127
5651 18 36 128
5652 19 112 128
5653 29 1 128
5654 39 255 128
5655 22 122 129
5656 23 244 129
5657 29 1 129
5658 41 243 129
5659 26 254 130
5660 27 194 130
5661 29 1 130
5662 43 181 130
5663 30 1 124
5664 4 64 125
5665 5 244 125
5666 30 1 125
5667 32 90 125
5668 8 209 126
5669 9 35 126
5670 30 1 126
5671 34 133 126
5672 12 106 127
5673 13 77 127
5674 30 1 127
5675 36 63 127
5676 16 228 128
5677 17 6 128
5678 30 1 128
5679 38 66 128
5680 20 191 129
5681 21 223 129
5682 30 1 129
5683 40 124 129
5684 24 102 130
5685 25 204 130
5686 30 1 130
5687 42 201 130
5688 28 49 131
5689 29 1 131
5690 30 1 131
5691 31 1 125
5692 6 84 126
5693 7 256 126
5694 31 1 126
5695 33 109 126
5696 10 249 127
5697 11 220 127
5698 31 1 127
5699 35 161 127
5700 14 99 128
5701 15 21 128
5702 31 1 128
5703 37 191 128
5704 18 194 129
5705 19 208 129
5706 31 1 129
5707 39 114 129
5708 22 49 130
5709 23 181 130
5710 31 1 130
5711 41 191 130
5712 26 205 131
5713 27 153 131
5714 31 1 131
5715 43 234 131
5716 30 49 132
5717 31 1 132
5718 32 1 126
5719 8 34 127
5720 9 226 127
5721 32 1 127
5722 34 189 127
5723 12 132 128
5724 13 225 128
5725 32 1 128
5726 36 54 128
5727 16 1 129
5728 17 8 129
5729 32 1 129
5730 38 126 129
5731 20 48 130
5732 21 123 130
5733 32 1 130
5734 40 51 130
5735 24 216 131
5736 25 158 131
5737 32 1 131
5738 42 81 131
5739 28 20 132
5740 29 40 132
5741 32 1 132
5742 44 96 132
5743 32 1 133
5744 33 1 127
5745 10 137 128
5746 11 185 128
5747 33 1 128
5748 35 207 128
5749 14 48 129
5750 15 222 129
5751 33 1 129
5752 37 233 129
5753 18 129 130
5754 19 4 130
5755 33 1 130
5756 39 26 130
5757 22 32 131
5758 23 82 131
5759 33 1 131
5760 41 182 131
5761 26 189 132
5762 27 74 132
5763 33 1 132
5764 43 243 132
5765 30 133 133
5766 31 9 133
5767 33 1 133
5768 45 220 133
5769 34 1 128
5770 12 70 129
5771 13 42 129
5772 34 1 129
5773 36 202 129
5774 16 133 130
5775 17 69 130
5776 34 1 130
5777 38 227 130
5778 20 95 131
5779 21 246 131
5780 34 1 131
5781 40 39 131
5782 24 238 132
5783 25 128 132
5784 34 1 132
5785 42 107 132
5786 28 253 133
5787 29 216 133
5788 34 1 133
5789 44 208 133
5790 32 26 134
5791 33 52 134
5792 34 1 134
5793 35 1 129
5794 14 172 130
5795 15 206 130
5796 35 1 130
5797 37 88 130
5798 18 234 131
5799 19 247 131
5800 35 1 131
5801 39 219 131
5802 22 131 132
5803 23 20 132
5804 35 1 132
5805 41 107 132
5806 26 238 133
5807 27 128 133
5808 35 1 133
5809 43 9 133
5810 30 105 134
5811 31 241 134
5812 35 1 134
5813 45 216 134
5814 34 129 135
5815 35 1 135
5816 36 1 130
5817 16 135 131
5818 17 81 131
5819 36 1 131
5820 38 212 131
5821 20 213 132
5822 21 182 132
5823 36 1 132
5824 40 98 132
5825 24 214 133
5826 25 170 133
5827 36 1 133
5828 42 17 133
5829 28 80 134
5830 29 205 134
5831 36 1 134
5832 44 21 134
5833 32 122 135
5834 33 94 135
5835 36 1 135
5836 46 11 135
5837 36 1 136
5838 37 1 131
5839 18 223 132
5840 19 31 132
5841 37 1 132
5842 39 116 132
5843 22 18 133
5844 23 19 133
5845 37 1 133
5846 41 227 133
5847 26 48 134
5848 27 127 134
5849 37 1 134
5850 43 114 134
5851 30 151 135
5852 31 146 135
5853 37 1 135
5854 45 106 135
5855 34 138 136
5856 35 1 136
5857 37 1 136
5858 47 121 136
5859 38 1 132
5860 20 39 133
5861 21 229 133
5862 38 1 133
5863 40 2 133
5864 24 140 134
5865 25 5 134
5866 38 1 134
5867 42 217 134
5868 28 64 135
5869 29 255 135
5870 38 1 135
5871 44 71 135
5872 32 216 136
5873 33 168 136
5874 38 1 136
5875 46 61 136
5876 36 231 137
5877 37 119 137
5878 38 1 137
5879 39 1 133
5880 22 39 134
5881 23 229 134
5882 39 1 134
5883 41 225 134
5884 26 175 135
5885 27 199 135
5886 39 1 135
5887 43 109 135
5888 30 174 136
5889 31 107 136
5890 39 1 136
5891 45 242 136
5892 34 175 137
5893 35 79 137
5894 39 1 137
5895 47 138 137
5896 38 138 138
5897 39 1 138
5898 40 1 134
5899 24 61 135
5900 25 88 135
5901 40 1 135
5902 42 147 135
5903 28 171 136
5904 29 52 136
5905 40 1 136
5906 44 204 136
5907 32 84 137
5908 33 158 137
5909 40 1 137
5910 46 227 137
5911 36 180 138
5912 37 140 138
5913 40 1 138
5914 48 176 138
5915 40 1 139
5916 41 1 135
5917 26 116 136
5918 27 121 136
5919 41 1 136
5920 43 51 136
5921 30 183 137
5922 31 236 137
5923 41 1 137
5924 45 209 137
5925 34 182 138
5926 35 171 138
5927 41 1 138
5928 47 191 138
5929 38 247 139
5930 39 135 139
5931 41 1 139
5932 49 42 139
5933 42 1 136
5934 28 237 137
5935 29 245 137
5936 42 1 137
5937 44 188 137
5938 32 109 138
5939 33 215 138
5940 42 1 138
5941 46 185 138
5942 36 253 139
5943 37 225 139
5944 42 1 139
5945 48 92 139
5946 40 138 140
5947 41 193 140
5948 42 1 140
5949 43 1 137
5950 30 73 138
5951 31 198 138
5952 43 1 138
5953 45 82 138
5954 34 83 139
5955 35 159 139
5956 43 1 139
5957 47 254 139
5958 38 245 140
5959 39 161 140
5960 43 1 140
5961 49 19 140
5962 42 38 141
5963 43 1 141
5964 44 1 138
5965 32 177 139
5966 33 209 139
5967 44 1 139
5968 46 47 139
5969 36 203 140
5970 37 200 140
5971 44 1 140
5972 48 252 140
5973 40 43 141
5974 41 87 141
5975 44 1 141
5976 50 76 141
5977 44 1 142
5978 45 1 139
5979 34 57 140
5980 35 137 140
5981 45 1 140
5982 47 86 140
5983 38 187 141
5984 39 126 141
5985 45 1 141
5986 49 248 141
5987 42 247 142
5988 43 177 142
5989 45 1 142
5990 51 18 142
5991 46 1 140
5992 36 49 141
5993 37 235 141
5994 46 1 141
5995 48 236 141
5996 40 221 142
5997 41 219 142
5998 46 1 142
5999 50 239 142
6000 44 22 143
6001 45 176 143
6002 46 1 143
6003 47 1 141
6004 38 218 142
6005 39 28 142
6006 47 1 142
6007 49 230 142
6008 42 95 143
6009 43 86 143
6010 47 1 143
6011 51 215 143
6012 46 225 144
6013 47 1 144
6014 48 1 142
6015 40 101 143
6016 41 112 143
6017 48 1 143
6018 50 221 143
6019 44 222 144
6020 45 63 144
6021 48 1 144
6022 52 131 144
6023 48 1 145
6024 49 1 143
6025 42 30 144
6026 43 18 144
6027 49 1 144
6028 51 1 144
6029 46 195 145
6030 47 163 145
6031 49 1 145
6032 53 141 145
6033 50 1 144
6034 44 98 145
6035 45 213 145
6036 50 1 145
6037 52 130 145
6038 48 96 146
6039 49 187 146
6040 50 1 146
6041 51 1 145
6042 46 172 146
6043 47 206 146
6044 51 1 146
6045 53 131 146
6046 50 28 147
6047 51 1 147
6048 52 1 146
6049 48 23 147
6050 49 168 147
6051 52 1 147
6052 54 5 147
6053 52 1 148
6054 53 1 147
6055 50 136 148
6056 51 133 148
6057 53 1 148
6058 55 15 148
6059 54 1 148
6060 52 120 149
6061 53 72 149
6062 54 1 149
6063 55 1 149
6064 54 173 150
6065 55 1 150
6066 56 1 150
6067 56 1 151
6068 57 1 151
6069 58 135 153
6070 57 45 152
6071 56 15 152
6072 55 5 151
6073 54 173 151
6074 53 229 150
6075 52 162 150
6076 51 54 149
6077 50 18 149
6078 49 6 148
6079 48 2 148
6080 47 172 147
6081 46 143 147
6082 45 219 146
6083 44 73 146
6084 43 110 145
6085 42 208 145
6086 41 155 144
6087 40 223 144
6088 39 160 143
6089 38 139 143
6090 37 132 142
6091 36 44 142
6092 35 186 141
6093 34 62 141
6094 33 192 140
6095 32 64 140
6096 31 107 139
6097 30 207 139
6098 29 69 138
6099 28 23 138
6100 27 179 137
6101 26 231 137
6102 25 77 136
6103 24 197 136
6104 23 237 135
6105 22 79 135
6106 21 112 134
6107 20 123 134
6108 19 41 133
6109 18 185 133
6110 17 233 132
6111 16 249 132
6112 15 83 131
6113 14 199 131
6114 13 152 130
6115 12 222 130
6116 59 135 154
6117 58 45 154
6118 57 15 153
6119 56 5 153
6120 55 173 152
6121 54 229 152
6122 53 162 151
6123 52 54 151
6124 51 18 150
6125 50 6 150
6126 49 2 149
6127 48 172 149
6128 47 143 148
6129 46 219 148
6130 45 73 147
6131 44 110 147
6132 43 208 146
6133 42 155 146
6134 41 223 145
6135 40 160 145
6136 39 139 144
6137 38 132 144
6138 37 44 143
6139 36 186 143
6140 35 62 142
6141 34 192 142
6142 33 64 141
6143 32 107 141
6144 31 207 140
6145 30 69 140
6146 29 23 139
6147 28 179 139
6148 27 231 138
6149 26 77 138
6150 25 197 137
6151 24 237 137
6152 23 79 136
6153 22 112 136
6154 21 123 135
6155 20 41 135
6156 19 185 134
6157 18 233 134
6158 17 249 133
6159 16 83 133
6160 15 199 132
6161 14 152 132
6162 60 135 156
6163 59 45 155
6164 58 15 155
6165 57 5 154
6166 56 173 154
6167 55 229 153
6168 54 162 153
6169 53 54 152
6170 52 18 152
6171 51 6 151
6172 50 2 151
6173 49 172 150
6174 48 143 150
6175 47 219 149
6176 46 73 149
6177 45 110 148
6178 44 208 148
6179 43 155 147
6180 42 223 147
6181 41 160 146
6182 40 139 146
6183 39 132 145
6184 38 44 145
6185 37 186 144
6186 36 62 144
6187 35 192 143
6188 34 64 143
6189 33 107 142
6190 32 207 142
6191 31 69 141
6192 30 23 141
6193 29 179 140
6194 28 231 140
6195 27 77 139
6196 26 197 139
6197 25 237 138
6198 24 79 138
6199 23 112 137
6200 22 123 137
6201 21 41 136
6202 20 185 136
6203 19 233 135
6204 18 249 135
6205 17 83 134
6206 16 199 134
6207 61 135 157
6208 60 45 157
6209 59 15 156
6210 58 5 156
6211 57 173 155
6212 56 229 155
6213 55 162 154
6214 54 54 154
6215 53 18 153
6216 52 6 153
6217 51 2 152
6218 50 172 152
6219 49 143 151
6220 48 219 151
6221 47 73 150
6222 46 110 150
6223 45 208 149
6224 44 155 149
6225 43 223 148
6226 42 160 148
6227 41 139 147
6228 40 132 147
6229 39 44 146
6230 38 186 146
6231 37 62 145
6232 36 192 145
6233 35 64 144
6234 34 107 144
6235 33 207 143
6236 32 69 143
6237 31 23 142
6238 30 179 142
6239 29 231 141
6240 28 77 141
6241 27 197 140
6242 26 237 140
6243 25 79 139
6244 24 112 139
6245 23 123 138
6246 22 41 138
6247 21 185 137
6248 20 233 137
6249 19 249 136
6250 18 83 136
6251 62 135 159
6252 61 45 158
6253 60 15 158
6254 59 5 157
6255 58 173 157
6256 57 229 156
6257 56 162 156
6258 55 54 155
6259 54 18 155
6260 53 6 154
6261 52 2 154
6262 51 172 153
6263 50 143 153
6264 49 219 152
6265 48 73 152
6266 47 110 151
6267 46 208 151
6268 45 155 150
6269 44 223 150
6270 43 160 149
6271 42 139 149
6272 41 132 148
6273 40 44 148
6274 39 186 147
6275 38 62 147
6276 37 192 146
6277 36 64 146
6278 35 107 145
6279 34 207 145
6280 33 69 144
6281 32 23 144
6282 31 179 143
6283 30 231 143
6284 29 77 142
6285 28 197 142
6286 27 237 141
6287 26 79 141
6288 25 112 140
6289 24 123 140
6290 23 41 139
6291 22 185 139
6292 21 233 138
6293 20 249 138
6294 63 135 160
6295 62 45 160
6296 61 15 159
6297 60 5 159
6298 59 173 158
6299 58 229 158
6300 57 162 157
6301 56 54 157
6302 55 18 156
6303 54 6 156
6304 53 2 155
6305 52 172 155
6306 51 143 154
6307 50 219 154
6308 49 73 153
6309 48 110 153
6310 47 208 152
6311 46 155 152
6312 45 223 151
6313 44 160 151
6314 43 139 150
6315 42 132 150
6316 41 44 149
6317 40 186 149
6318 39 62 148
6319 38 192 148
6320 37 64 147
6321 36 107 147
6322 35 207 146
6323 34 69 146
6324 33 23 145
6325 32 179 145
6326 31 231 144
6327 30 77 144
6328 29 197 143
6329 28 237 143
6330 27 79 142
6331 26 112 142
6332 25 123 141
6333 24 41 141
6334 23 185 140
6335 22 233 140
6336 64 135 162
6337 63 45 161
6338 62 15 161
6339 61 5 160
6340 60 173 160
6341 59 229 159
6342 58 162 159
6343 57 54 158
6344 56 18 158
6345 55 6 157
6346 54 2 157
6347 53 172 156
6348 52 143 156
6349 51 219 155
6350 50 73 155
6351 49 110 154
6352 48 208 154
6353 47 155 153
6354 46 223 153
6355 45 160 152
6356 44 139 152
6357 43 132 151
6358 42 44 151
6359 41 186 150
6360 40 62 150
6361 39 192 149
6362 38 64 149
6363 37 107 148
6364 36 207 148
6365 35 69 147
6366 34 23 147
6367 33 179 146
6368 32 231 146
6369 31 77 145
6370 30 197 145
6371 29 237 144
6372 28 79 144
6373 27 112 143
6374 26 123 143
6375 25 41 142
6376 24 185 142
6377 65 135 163
6378 64 45 163
6379 63 15 162
6380 62 5 162
6381 61 173 161
6382 60 229 161
6383 59 162 160
6384 58 54 160
6385 57 18 159
6386 56 6 159
6387 55 2 158
6388 54 172 158
6389 53 143 157
6390 52 219 157
6391 51 73 156
6392 50 110 156
6393 49 208 155
6394 48 155 155
6395 47 223 154
6396 46 160 154
6397 45 139 153
6398 44 132 153
6399 43 44 152
6400 42 186 152
6401 41 62 151
6402 40 192 151
6403 39 64 150
6404 38 107 150
6405 37 207 149
6406 36 69 149
6407 35 23 148
6408 34 179 148
6409 33 231 147
6410 32 77 147
6411 31 197 146
6412 30 237 146
6413 29 79 145
6414 28 112 145
6415 27 123 144
6416 26 41 144
6417 66 135 165
6418 65 45 164
6419 64 15 164
6420 63 5 163
6421 62 173 163
6422 61 229 162
6423 60 162 162
6424 59 54 161
6425 58 18 161
6426 57 6 160
6427 56 2 160
6428 55 172 159
6429 54 143 159
6430 53 219 158
6431 52 73 158
6432 51 110 157
6433 50 208 157
6434 49 155 156
6435 48 223 156
6436 47 160 155
6437 46 139 155
6438 45 132 154
6439 44 44 154
6440 43 186 153
6441 42 62 153
6442 41 192 152
6443 40 64 152
6444 39 107 151
6445 38 207 151
6446 37 69 150
6447 36 23 150
6448 35 179 149
6449 34 231 149
6450 33 77 148
6451 32 197 148
6452 31 237 147
6453 30 79 147
6454 29 112 146
6455 28 123 146
6456 67 135 166
6457 66 45 166
6458 65 15 165
6459 64 5 165
6460 63 173 164
6461 62 229 164
6462 61 162 163
6463 60 54 163
6464 59 18 162
6465 58 6 162
6466 57 2 161
6467 56 172 161
6468 55 143 160
6469 54 219 160
6470 53 73 159
6471 52 110 159
6472 51 208 158
6473 50 155 158
6474 49 223 157
6475 48 160 157
6476 47 139 156
6477 46 132 156
6478 45 44 155
6479 44 186 155
6480 43 62 154
6481 42 192 154
6482 41 64 153
6483 40 107 153
6484 39 207 152
6485 38 69 152
6486 37 23 151
6487 36 179 151
6488 35 231 150
6489 34 77 150
6490 33 197 149
6491 32 237 149
6492 31 79 148
6493 30 112 148
6494 68 135 168
6495 67 45 167
6496 66 15 167
6497 65 5 166
6498 64 173 166
6499 63 229 165
6500 62 162 165
6501 61 54 164
6502 60 18 164
6503 59 6 163
6504 58 2 163
6505 57 172 162
6506 56 143 162
6507 55 219 161
6508 54 73 161
6509 53 110 160
6510 52 208 160
6511 51 155 159
6512 50 223 159
6513 49 160 158
6514 48 139 158
6515 47 132 157
6516 46 44 157
6517 45 186 156
6518 44 62 156
6519 43 192 155
6520 42 64 155
6521 41 107 154
6522 40 207 154
6523 39 69 153
6524 38 23 153
6525 37 179 152
6526 36 231 152
6527 35 77 151
6528 34 197 151
6529 33 237 150
6530 32 79 150
6531 69 135 169
6532 68 45 169
6533 67 15 168
6534 66 5 168
6535 65 173 167
6536 64 229 167
6537 63 162 166
6538 62 54 166
6539 61 18 165
6540 60 6 165
6541 59 2 164
6542 58 172 164
6543 57 143 163
6544 56 219 163
6545 55 73 162
6546 54 110 162
6547 53 208 161
6548 52 155 161
6549 51 223 160
6550 50 160 160
6551 49 139 159
6552 48 132 159
6553 47 44 158
6554 46 186 158
6555 45 62 157
6556 44 192 157
6557 43 64 156
6558 42 107 156
6559 41 207 155
6560 40 69 155
6561 39 23 154
6562 38 179 154
6563 37 231 153
6564 36 77 153
6565 35 197 152
6566 34 237 152
6567 70 135 171
6568 69 45 170
6569 68 15 170
6570 67 5 169
6571 66 173 169
6572 65 229 168
6573 64 162 168
6574 63 54 167
6575 62 18 167
6576 61 6 166
6577 60 2 166
6578 59 172 165
6579 58 143 165
6580 57 219 164
6581 56 73 164
6582 55 110 163
6583 54 208 163
6584 53 155 162
6585 52 223 162
6586 51 160 161
6587 50 139 161
6588 49 132 160
6589 48 44 160
6590 47 186 159
6591 46 62 159
6592 45 192 158
6593 44 64 158
6594 43 107 157
6595 42 207 157
6596 41 69 156
6597 40 23 156
6598 39 179 155
6599 38 231 155
6600 37 77 154
6601 36 197 154
6602 71 135 172
6603 70 45 172
6604 69 15 171
6605 68 5 171
6606 67 173 170
6607 66 229 170
6608 65 162 169
6609 64 54 169
6610 63 18 168
6611 62 6 168
6612 61 2 167
6613 60 172 167
6614 59 143 166
6615 58 219 166
6616 57 73 165
6617 56 110 165
6618 55 208 164
6619 54 155 164
6620 53 223 163
6621 52 160 163
6622 51 139 162
6623 50 132 162
6624 49 44 161
6625 48 186 161
6626 47 62 160
6627 46 192 160
6628 45 64 159
6629 44 107 159
6630 43 207 158
6631 42 69 158
6632 41 23 157
6633 40 179 157
6634 39 231 156
6635 38 77 156
6636 72 135 174
6637 71 45 173
6638 70 15 173
6639 69 5 172
6640 68 173 172
6641 67 229 171
6642 66 162 171
6643 65 54 170
6644 64 18 170
6645 63 6 169
6646 62 2 169
6647 61 172 168
6648 60 143 168
6649 59 219 167
6650 58 73 167
6651 57 110 166
6652 56 208 166
6653 55 155 165
6654 54 223 165
6655 53 160 164
6656 52 139 164
6657 51 132 163
6658 50 44 163
6659 49 186 162
6660 48 62 162
6661 47 192 161
6662 46 64 161
6663 45 107 160
6664 44 207 160
6665 43 69 159
6666 42 23 159
6667 41 179 158
6668 40 231 158
6669 73 135 175
6670 72 45 175
6671 71 15 174
6672 70 5 174
6673 69 173 173
6674 68 229 173
6675 67 162 172
6676 66 54 172
6677 65 18 171
6678 64 6 171
6679 63 2 170
6680 62 172 170
6681 61 143 169
6682 60 219 169
6683 59 73 168
6684 58 110 168
6685 57 208 167
6686 56 155 167
6687 55 223 166
6688 54 160 166
6689 53 139 165
6690 52 132 165
6691 51 44 164
6692 50 186 164
6693 49 62 163
6694 48 192 163
6695 47 64 162
6696 46 107 162
6697 45 207 161
6698 44 69 161
6699 43 23 160
6700 42 179 160
6701 74 135 177
6702 73 45 176
6703 72 15 176
6704 71 5 175
6705 70 173 175
6706 69 229 174
6707 68 162 174
6708 67 54 173
6709 66 18 173
6710 65 6 172
6711 64 2 172
6712 63 172 171
6713 62 143 171
6714 61 219 170
6715 60 73 170
6716 59 110 169
6717 58 208 169
6718 57 155 168
6719 56 223 168
6720 55 160 167
6721 54 139 167
6722 53 132 166
6723 52 44 166
6724 51 186 165
6725 50 62 165
6726 49 192 164
6727 48 64 164
6728 47 107 163
6729 46 207 163
6730 45 69 162
6731 44 23 162
6732 75 135 178
6733 74 45 178
6734 73 15 177
6735 72 5 177
6736 71 173 176
6737 70 229 176
6738 69 162 175
6739 68 54 175
6740 67 18 174
6741 66 6 174
6742 65 2 173
6743 64 172 173
6744 63 143 172
6745 62 219 172
6746 61 73 171
6747 60 110 171
6748 59 208 170
6749 58 155 170
6750 57 223 169
6751 56 160 169
6752 55 139 168
6753 54 132 168
6754 53 44 167
6755 52 186 167
6756 51 62 166
6757 50 192 166
6758 49 64 165
6759 48 107 165
6760 47 207 164
6761 46 69 164
6762 76 135 180
6763 75 45 179
6764 74 15 179
6765 73 5 178
6766 72 173 178
6767 71 229 177
6768 70 162 177
6769 69 54 176
6770 68 18 176
6771 67 6 175
6772 66 2 175
6773 65 172 174
6774 64 143 174
6775 63 219 173
6776 62 73 173
6777 61 110 172
6778 60 208 172
6779 59 155 171
6780 58 223 171
6781 57 160 170
6782 56 139 170
6783 55 132 169
6784 54 44 169
6785 53 186 168
6786 52 62 168
6787 51 192 167
6788 50 64 167
6789 49 107 166
6790 48 207 166
6791 77 135 181
6792 76 45 181
6793 75 15 180
6794 74 5 180
6795 73 173 179
6796 72 229 179
6797 71 162 178
6798 70 54 178
6799 69 18 177
6800 68 6 177
6801 67 2 176
6802 66 172 176
6803 65 143 175
6804 64 219 175
6805 63 73 174
6806 62 110 174
6807 61 208 173
6808 60 155 173
6809 59 223 172
6810 58 160 172
6811 57 139 171
6812 56 132 171
6813 55 44 170
6814 54 186 170
6815 53 62 169
6816 52 192 169
6817 51 64 168
6818 50 107 168
6819 78 135 183
6820 77 45 182
6821 76 15 182
6822 75 5 181
6823 74 173 181
6824 73 229 180
6825 72 162 180
6826 71 54 179
6827 70 18 179
6828 69 6 178
6829 68 2 178
6830 67 172 177
6831 66 143 177
6832 65 219 176
6833 64 73 176
6834 63 110 175
6835 62 208 175
6836 61 155 174
6837 60 223 174
6838 59 160 173
6839 58 139 173
6840 57 132 172
6841 56 44 172
6842 55 186 171
6843 54 62 171
6844 53 192 170
6845 52 64 170
6846 79 135 184
6847 78 45 184
6848 77 15 183
6849 76 5 183
6850 75 173 182
6851 74 229 182
6852 73 162 181
6853 72 54 181
6854 71 18 180
6855 70 6 180
6856 69 2 179
6857 68 172 179
6858 67 143 178
6859 66 219 178
6860 65 73 177
6861 64 110 177
6862 63 208 176
6863 62 155 176
6864 61 223 175
6865 60 160 175
6866 59 139 174
6867 58 132 174
6868 57 44 173
6869 56 186 173
6870 55 62 172
6871 54 192 172
6872 80 135 186
6873 79 45 185
6874 78 15 185
6875 77 5 184
6876 76 173 184
6877 75 229 183
6878 74 162 183
6879 73 54 182
6880 72 18 182
6881 71 6 181
6882 70 2 181
6883 69 172 180
6884 68 143 180
6885 67 219 179
6886 66 73 179
6887 65 110 178
6888 64 208 178
6889 63 155 177
6890 62 223 177
6891 61 160 176
6892 60 139 176
6893 59 132 175
6894 58 44 175
6895 57 186 174
6896 56 62 174
6897 81 135 187
6898 80 45 187
6899 79 15 186
6900 78 5 186
6901 77 173 185
6902 76 229 185
6903 75 162 184
6904 74 54 184
6905 73 18 183
6906 72 6 183
6907 71 2 182
6908 70 172 182
6909 69 143 181
6910 68 219 181
6911 67 73 180
6912 66 110 180
6913 65 208 179
6914 64 155 179
6915 63 223 178
6916 62 160 178
6917 61 139 177
6918 60 132 177
6919 59 44 176
6920 58 186 176
6921 82 135 189
6922 81 45 188
6923 80 15 188
6924 79 5 187
6925 78 173 187
6926 77 229 186
6927 76 162 186
6928 75 54 185
6929 74 18 185
6930 73 6 184
6931 72 2 184
6932 71 172 183
6933 70 143 183
6934 69 219 182
6935 68 73 182
6936 67 110 181
6937 66 208 181
6938 65 155 180
6939 64 223 180
6940 63 160 179
6941 62 139 179
6942 61 132 178
6943 60 44 178
6944 83 135 190
6945 82 45 190
6946 81 15 189
6947 80 5 189
6948 79 173 188
6949 78 229 188
6950 77 162 187
6951 76 54 187
6952 75 18 186
6953 74 6 186
6954 73 2 185
6955 72 172 185
6956 71 143 184
6957 70 219 184
6958 69 73 183
6959 68 110 183
6960 67 208 182
6961 66 155 182
6962 65 223 181
6963 64 160 181
6964 63 139 180
6965 62 132 180
6966 84 135 192
6967 83 45 191
6968 82 15 191
6969 81 5 190
6970 80 173 190
6971 79 229 189
6972 78 162 189
6973 77 54 188
6974 76 18 188
6975 75 6 187
6976 74 2 187
6977 73 172 186
6978 72 143 186
6979 71 219 185
6980 70 73 185
6981 69 110 184
6982 68 208 184
6983 67 155 183
6984 66 223 183
6985 65 160 182
6986 64 139 182
6987 85 135 193
6988 84 45 193
6989 83 15 192
6990 82 5 192
6991 81 173 191
6992 80 229 191
6993 79 162 190
6994 78 54 190
6995 77 18 189
6996 76 6 189
6997 75 2 188
6998 74 172 188
6999 73 143 187
7000 72 219 187
7001 71 73 186
7002 70 110 186
7003 69 208 185
7004 68 155 185
7005 67 223 184
7006 66 160 184
7007 86 135 195
7008 85 45 194
7009 84 15 194
7010 83 5 193
7011 82 173 193
7012 81 229 192
7013 80 162 192
7014 79 54 191
7015 78 18 191
7016 77 6 190
7017 76 2 190
7018 75 172 189
7019 74 143 189
7020 73 219 188
7021 72 73 188
7022 71 110 187
7023 70 208 187
7024 69 155 186
7025 68 223 186
7026 87 135 196
7027 86 45 196
7028 85 15 195
7029 84 5 195
7030 83 173 194
7031 82 229 194
7032 81 162 193
7033 80 54 193
7034 79 18 192
7035 78 6 192
7036 77 2 191
7037 76 172 191
7038 75 143 190
7039 74 219 190
7040 73 73 189
7041 72 110 189
7042 71 208 188
7043 70 155 188
7044 88 135 198
7045 87 45 197
7046 86 15 197
7047 85 5 196
7048 84 173 196
7049 83 229 195
7050 82 162 195
7051 81 54 194
7052 80 18 194
7053 79 6 193
7054 78 2 193
7055 77 172 192
7056 76 143 192
7057 75 219 191
7058 74 73 191
7059 73 110 190
7060 72 208 190
7061 89 135 199
7062 88 45 199
7063 87 15 198
7064 86 5 198
7065 85 173 197
7066 84 229 197
7067 83 162 196
7068 82 54 196
7069 81 18 195
7070 80 6 195
7071 79 2 194
7072 78 172 194
7073 77 143 193
7074 76 219 193
7075 75 73 192
7076 74 110 192
7077 90 135 201
7078 89 45 200
7079 88 15 200
7080 87 5 199
7081 86 173 199
7082 85 229 198
7083 84 162 198
7084 83 54 197
7085 82 18 197
7086 81 6 196
7087 80 2 196
7088 79 172 195
7089 78 143 195
7090 77 219 194
7091 76 73 194
7092 91 135 202
7093 90 45 202
7094 89 15 201
7095 88 5 201
7096 87 173 200
7097 86 229 200
7098 85 162 199
7099 84 54 199
7100 83 18 198
7101 82 6 198
7102 81 2 197
7103 80 172 197
7104 79 143 196
7105 78 219 196
7106 92 135 204
7107 91 45 203
7108 90 15 203
7109 89 5 202
7110 88 173 202
7111 87 229 201
7112 86 162 201
7113 85 54 200
7114 84 18 200
7115 83 6 199
7116 82 2 199
7117 81 172 198
7118 80 143 198
7119 93 135 205
7120 92 45 205
7121 91 15 204
7122 90 5 204
7123 89 173 203
7124 88 229 203
7125 87 162 202
7126 86 54 202
7127 85 18 201
7128 84 6 201
7129 83 2 200
7130 82 172 200
7131 94 135 207
7132 93 45 206
7133 92 15 206
7134 91 5 205
7135 90 173 205
7136 89 229 204
7137 88 162 204
7138 87 54 203
7139 86 18 203
7140 85 6 202
7141 84 2 202
7142 95 135 208
7143 94 45 208
7144 93 15 207
7145 92 5 207
7146 91 173 206
7147 90 229 206
7148 89 162 205
7149 88 54 205
7150 87 18 204
7151 86 6 204
7152 96 135 210
7153 95 45 209
7154 94 15 209
7155 93 5 208
7156 92 173 208
7157 91 229 207
7158 90 162 207
7159 89 54 206
7160 88 18 206
7161 97 135 211
7162 96 45 211
7163 95 15 210
7164 94 5 210
7165 93 173 209
7166 92 229 209
7167 91 162 208
7168 90 54 208
7169 98 135 213
7170 97 45 212
7171 96 15 212
7172 95 5 211
7173 94 173 211
7174 93 229 210
7175 92 162 210
7176 99 135 214
7177 98 45 214
7178 97 15 213
7179 96 5 213
7180 95 173 212
7181 94 229 212
7182 100 135 216
7183 99 45 215
7184 98 15 215
7185 97 5 214
7186 96 173 214
7187 101 135 217
7188 100 45 217
7189 99 15 216
7190 98 5 216
7191 102 135 219
7192 101 45 218
7193 100 15 218
7194 103 135 220
7195 102 45 220
7196 104 135 222
7197 105 16 223
7198 103 4 221
7199 101 1 219
7200 99 193 217
7201 97 241 215
7202 95 253 213
7203 93 256 211
7204 91 64 209
7205 89 16 207
7206 87 4 205
7207 85 1 203
7208 83 193 201
7209 81 241 199
7210 79 253 197
7211 77 256 195
7212 75 64 193
7213 73 16 191
7214 71 4 189
7215 69 1 187
7216 67 193 185
7217 65 241 183
7218 63 253 181
7219 61 256 179
7220 59 64 177
7221 57 16 175
7222 55 4 173
7223 53 1 171
7224 51 193 169
7225 49 241 167
7226 47 253 165
7227 45 256 163
7228 43 64 161
7229 41 16 159
7230 39 4 157
7231 37 1 155
7232 35 193 153
7233 33 241 151
7234 31 253 149
7235 29 256 147
7236 27 64 145
7237 25 16 143
7238 23 4 141
7239 21 1 139
7240 19 193 137
7241 17 241 135
7242 15 253 133
7243 106 16 225
7244 104 4 223
7245 102 1 221
7246 100 193 219
7247 98 241 217
7248 96 253 215
7249 94 256 213
7250 92 64 211
7251 90 16 209
7252 88 4 207
7253 86 1 205
7254 84 193 203
7255 82 241 201
7256 80 253 199
7257 78 256 197
7258 76 64 195
7259 74 16 193
7260 72 4 191
7261 70 1 189
7262 68 193 187
7263 66 241 185
7264 64 253 183
7265 62 256 181
7266 60 64 179
7267 58 16 177
7268 56 4 175
7269 54 1 173
7270 52 193 171
7271 50 241 169
7272 48 253 167
7273 46 256 165
7274 44 64 163
7275 42 16 161
7276 40 4 159
7277 38 1 157
7278 36 193 155
7279 34 241 153
7280 32 253 151
7281 30 256 149
7282 28 64 147
7283 26 16 145
7284 24 4 143
7285 22 1 141
7286 20 193 139
7287 107 16 226
7288 105 4 224
7289 103 1 222
7290 101 193 220
7291 99 241 218
7292 97 253 216
7293 95 256 214
7294 93 64 212
7295 91 16 210
7296 89 4 208
7297 87 1 206
7298 85 193 204
7299 83 241 202
7300 81 253 200
7301 79 256 198
7302 77 64 196
7303 75 16 194
7304 73 4 192
7305 71 1 190
7306 69 193 188
7307 67 241 186
7308 65 253 184
7309 63 256 182
7310 61 64 180
7311 59 16 178
7312 57 4 176
7313 55 1 174
7314 53 193 172
7315 51 241 170
7316 49 253 168
7317 47 256 166
7318 45 64 164
7319 43 16 162
7320 41 4 160
7321 39 1 158
7322 37 193 156
7323 35 241 154
7324 33 253 152
7325 31 256 150
7326 29 64 148
7327 27 16 146
7328 25 4 144
7329 108 16 228
7330 106 4 226
7331 104 1 224
7332 102 193 222
7333 100 241 220
7334 98 253 218
7335 96 256 216
7336 94 64 214
7337 92 16 212
7338 90 4 210
7339 88 1 208
7340 86 193 206
7341 84 241 204
7342 82 253 202
7343 80 256 200
7344 78 64 198
7345 76 16 196
7346 74 4 194
7347 72 1 192
7348 70 193 190
7349 68 241 188
7350 66 253 186
7351 64 256 184
7352 62 64 182
7353 60 16 180
7354 58 4 178
7355 56 1 176
7356 54 193 174
7357 52 241 172
7358 50 253 170
7359 48 256 168
7360 46 64 166
7361 44 16 164
7362 42 4 162
7363 40 1 160
7364 38 193 158
7365 36 241 156
7366 34 253 154
7367 32 256 152
7368 30 64 150
7369 109 16 229
7370 107 4 227
7371 105 1 225
7372 103 193 223
7373 101 241 221
7374 99 253 219
7375 97 256 217
7376 95 64 215
7377 93 16 213
7378 91 4 211
7379 89 1 209
7380 87 193 207
7381 85 241 205
7382 83 253 203
7383 81 256 201
7384 79 64 199
7385 77 16 197
7386 75 4 195
7387 73 1 193
7388 71 193 191
7389 69 241 189
7390 67 253 187
7391 65 256 185
7392 63 64 183
7393 61 16 181
7394 59 4 179
7395 57 1 177
7396 55 193 175
7397 53 241 173
7398 51 253 171
7399 49 256 169
7400 47 64 167
7401 45 16 165
7402 43 4 163
7403 41 1 161
7404 39 193 159
7405 37 241 157
7406 35 253 155
7407 110 16 231
7408 108 4 229
7409 106 1 227
7410 104 193 225
7411 102 241 223
7412 100 253 221
7413 98 256 219
7414 96 64 217
7415 94 16 215
7416 92 4 213
7417 90 1 211
7418 88 193 209
7419 86 241 207
7420 84 253 205
7421 82 256 203
7422 80 64 201
7423 78 16 199
7424 76 4 197
7425 74 1 195
7426 72 193 193
7427 70 241 191
7428 68 253 189
7429 66 256 187
7430 64 64 185
7431 62 16 183
7432 60 4 181
7433 58 1 179
7434 56 193 177
7435 54 241 175
7436 52 253 173
7437 50 256 171
7438 48 64 169
7439 46 16 167
7440 44 4 165
7441 42 1 163
7442 40 193 161
7443 111 16 232
7444 109 4 230
7445 107 1 228
7446 105 193 226
7447 103 241 224
7448 101 253 222
7449 99 256 220
7450 97 64 218
7451 95 16 216
7452 93 4 214
7453 91 1 212
7454 89 193 210
7455 87 241 208
7456 85 253 206
7457 83 256 204
7458 81 64 202
7459 79 16 200
7460 77 4 198
7461 75 1 196
7462 73 193 194
7463 71 241 192
7464 69 253 190
7465 67 256 188
7466 65 64 186
7467 63 16 184
7468 61 4 182
7469 59 1 180
7470 57 193 178
7471 55 241 176
7472 53 253 174
7473 51 256 172
7474 49 64 170
7475 47 16 168
7476 45 4 166
7477 112 16 234
7478 110 4 232
7479 108 1 230
7480 106 193 228
7481 104 241 226
7482 102 253 224
7483 100 256 222
7484 98 64 220
7485 96 16 218
7486 94 4 216
7487 92 1 214
7488 90 193 212
7489 88 241 210
7490 86 253 208
7491 84 256 206
7492 82 64 204
7493 80 16 202
7494 78 4 200
7495 76 1 198
7496 74 193 196
7497 72 241 194
7498 70 253 192
7499 68 256 190
7500 66 64 188
7501 64 16 186
7502 62 4 184
7503 60 1 182
7504 58 193 180
7505 56 241 178
7506 54 253 176
7507 52 256 174
7508 50 64 172
7509 113 16 235
7510 111 4 233
7511 109 1 231
7512 107 193 229
7513 105 241 227
7514 103 253 225
7515 101 256 223
7516 99 64 221
7517 97 16 219
7518 95 4 217
7519 93 1 215
7520 91 193 213
7521 89 241 211
7522 87 253 209
7523 85 256 207
7524 83 64 205
7525 81 16 203
7526 79 4 201
7527 77 1 199
7528 75 193 197
7529 73 241 195
7530 71 253 193
7531 69 256 191
7532 67 64 189
7533 65 16 187
7534 63 4 185
7535 61 1 183
7536 59 193 181
7537 57 241 179
7538 55 253 177
7539 114 16 237
7540 112 4 235
7541 110 1 233
7542 108 193 231
7543 106 241 229
7544 104 253 227
7545 102 256 225
7546 100 64 223
7547 98 16 221
7548 96 4 219
7549 94 1 217
7550 92 193 215
7551 90 241 213
7552 88 253 211
7553 86 256 209
7554 84 64 207
7555 82 16 205
7556 80 4 203
7557 78 1 201
7558 76 193 199
7559 74 241 197
7560 72 253 195
7561 70 256 193
7562 68 64 191
7563 66 16 189
7564 64 4 187
7565 62 1 185
7566 60 193 183
7567 115 16 238
7568 113 4 236
7569 111 1 234
7570 109 193 232
7571 107 241 230
7572 105 253 228
7573 103 256 226
7574 101 64 224
7575 99 16 222
7576 97 4 220
7577 95 1 218
7578 93 193 216
7579 91 241 214
7580 89 253 212
7581 87 256 210
7582 85 64 208
7583 83 16 206
7584 81 4 204
7585 79 1 202
7586 77 193 200
7587 75 241 198
7588 73 253 196
7589 71 256 194
7590 69 64 192
7591 67 16 190
7592 65 4 188
7593 116 16 240
7594 114 4 238
7595 112 1 236
7596 110 193 234
7597 108 241 232
7598 106 253 230
7599 104 256 228
7600 102 64 226
7601 100 16 224
7602 98 4 222
7603 96 1 220
7604 94 193 218
7605 92 241 216
7606 90 253 214
7607 88 256 212
7608 86 64 210
7609 84 16 208
7610 82 4 206
7611 80 1 204
7612 78 193 202
7613 76 241 200
7614 74 253 198
7615 72 256 196
7616 70 64 194
7617 117 16 241
7618 115 4 239
7619 113 1 237
7620 111 193 235
7621 109 241 233
7622 107 253 231
7623 105 256 229
7624 103 64 227
7625 101 16 225
7626 99 4 223
7627 97 1 221
7628 95 193 219
7629 93 241 217
7630 91 253 215
7631 89 256 213
7632 87 64 211
7633 85 16 209
7634 83 4 207
7635 81 1 205
7636 79 193 203
7637 77 241 201
7638 75 253 199
7639 118 16 243
7640 116 4 241
7641 114 1 239
7642 112 193 237
7643 110 241 235
7644 108 253 233
7645 106 256 231
7646 104 64 229
7647 102 16 227
7648 100 4 225
7649 98 1 223
7650 96 193 221
7651 94 241 219
7652 92 253 217
7653 90 256 215
7654 88 64 213
7655 86 16 211
7656 84 4 209
7657 82 1 207
7658 80 193 205
7659 119 16 244
7660 117 4 242
7661 115 1 240
7662 113 193 238
7663 111 241 236
7664 109 253 234
7665 107 256 232
7666 105 64 230
7667 103 16 228
7668 101 4 226
7669 99 1 224
7670 97 193 222
7671 95 241 220
7672 93 253 218
7673 91 256 216
7674 89 64 214
7675 87 16 212
7676 85 4 210
7677 120 16 246
7678 118 4 244
7679 116 1 242
7680 114 193 240
7681 112 241 238
7682 110 253 236
7683 108 256 234
7684 106 64 232
7685 104 16 230
7686 102 4 228
7687 100 1 226
7688 98 193 224
7689 96 241 222
7690 94 253 220
7691 92 256 218
7692 90 64 216
7693 121 16 247
7694 119 4 245
7695 117 1 243
7696 115 193 241
7697 113 241 239
7698 111 253 237
7699 109 256 235
7700 107 64 233
7701 105 16 231
7702 103 4 229
7703 101 1 227
7704 99 193 225
7705 97 241 223
7706 95 253 221
7707 122 16 249
7708 120 4 247
7709 118 1 245
7710 116 193 243
7711 114 241 241
7712 112 253 239
7713 110 256 237
7714 108 64 235
7715 106 16 233
7716 104 4 231
7717 102 1 229
7718 100 193 227
7719 123 16 250
7720 121 4 248
7721 119 1 246
7722 117 193 244
7723 115 241 242
7724 113 253 240
7725 111 256 238
7726 109 64 236
7727 107 16 234
7728 105 4 232
7729 124 16 252
7730 122 4 250
7731 120 1 248
7732 118 193 246
7733 116 241 244
7734 114 253 242
7735 112 256 240
7736 110 64 238
7737 125 16 253
7738 123 4 251
7739 121 1 249
7740 119 193 247
7741 117 241 245
7742 115 253 243
7743 126 16 255
7744 124 4 253
7745 122 1 251
7746 120 193 249
7747 127 16 256
7748 125 4 254
7749 0 8 125
7750 0 8 126
7751 0 8 127
7752 0 8 128
7753 0 8 129
7754 0 8 130
7755 0 8 131
7756 0 8 132
7757 0 8 133
7758 0 8 134
7759 0 8 135
7760 0 8 136
7761 0 8 137
7762 0 8 138
7763 0 8 139
7764 0 8 140
7765 0 8 141
7766 0 8 142
7767 0 8 143
7768 0 8 144
7769 0 8 145
7770 0 8 146
7771 0 8 147
7772 0 8 148
7773 0 8 149
7774 0 8 150
7775 0 8 151
7776 0 8 152
7777 0 8 153
7778 0 8 154
7779 0 8 155
7780 0 8 156
7781 0 8 157
7782 0 8 158
7783 0 8 159
7784 0 8 160
7785 0 8 161
7786 0 8 162
7787 0 8 163
7788 0 8 164
7789 0 8 165
7790 0 8 166
7791 0 8 167
7792 0 8 168
7793 1 4 125
7794 1 4 126
7795 1 4 127
7796 1 4 128
7797 1 4 129
7798 1 4 130
7799 1 4 131
7800 1 4 132
7801 1 4 133
7802 1 4 134
7803 1 4 135
7804 1 4 136
7805 1 4 137
7806 1 4 138
7807 1 4 139
7808 1 4 140
7809 1 4 141
7810 1 4 142
7811 1 4 143
7812 1 4 144
7813 1 4 145
7814 1 4 146
7815 1 4 147
7816 1 4 148
7817 1 4 149
7818 1 4 150
7819 1 4 151
7820 1 4 152
7821 1 4 153
7822 1 4 154
7823 1 4 155
7824 1 4 156
7825 1 4 157
7826 1 4 158
7827 1 4 159
7828 1 4 160
7829 1 4 161
7830 1 4 162
7831 1 4 163
7832 1 4 164
7833 1 4 165
7834 1 4 166
7835 1 4 167
7836 2 2 125
7837 2 2 126
7838 2 2 127
7839 2 2 128
7840 2 2 129
7841 2 2 130
7842 2 2 131
7843 2 2 132
7844 2 2 133
7845 2 2 134
7846 2 2 135
7847 2 2 136
7848 2 2 137
7849 2 2 138
7850 2 2 139
7851 2 2 140
7852 2 2 141
7853 2 2 142
7854 2 2 143
7855 2 2 144
7856 2 2 145
7857 2 2 146
7858 2 2 147
7859 2 2 148
7860 2 2 149
7861 2 2 150
7862 2 2 151
7863 2 2 152
7864 2 2 153
7865 2 2 154
7866 2 2 155
7867 2 2 156
7868 2 2 157
7869 2 2 158
7870 2 2 159
7871 2 2 160
7872 2 2 161
7873 2 2 162
7874 2 2 163
7875 2 2 164
7876 2 2 165
7877 2 2 166
7878 3 1 125
7879 3 1 126
7880 3 1 127
7881 3 1 128
7882 3 1 129
7883 3 1 130
7884 3 1 131
7885 3 1 132
7886 3 1 133
7887 3 1 134
7888 3 1 135
7889 3 1 136
7890 3 1 137
7891 3 1 138
7892 3 1 139
7893 3 1 140
7894 3 1 141
7895 3 1 142
7896 3 1 143
7897 3 1 144
7898 3 1 145
7899 3 1 146
7900 3 1 147
7901 3 1 148
7902 3 1 149
7903 3 1 150
7904 3 1 151
7905 3 1 152
7906 3 1 153
7907 3 1 154
7908 3 1 155
7909 3 1 156
7910 3 1 157
7911 3 1 158
7912 3 1 159
7913 3 1 160
7914 3 1 161
7915 3 1 162
7916 3 1 163
7917 3 1 164
7918 3 1 165
7919 4 1 126
7920 5 128 126
7921 4 129 127
7922 4 129 128
7923 4 129 129
7924 4 129 130
7925 4 129 131
7926 4 129 132
7927 4 129 133
7928 4 129 134
7929 4 129 135
7930 4 129 136
7931 4 129 137
7932 4 129 138
7933 4 129 139
7934 4 129 140
7935 4 129 141
7936 4 129 142
7937 4 129 143
7938 4 129 144
7939 4 129 145
7940 4 129 146
7941 4 129 147
7942 4 129 148
7943 4 129 149
7944 4 129 150
7945 4 129 151
7946 4 129 152
7947 4 129 153
7948 4 129 154
7949 4 129 155
7950 4 129 156
7951 4 129 157
7952 4 129 158
7953 4 129 159
7954 4 129 160
7955 4 129 161
7956 4 129 162
7957 4 129 163
7958 4 129 164
7959 5 1 127
7960 6 128 127
7961 7 193 127
7962 5 193 128
7963 5 193 129
7964 5 193 130
7965 5 193 131
7966 5 193 132
7967 5 193 133
7968 5 193 134
7969 5 193 135
7970 5 193 136
7971 5 193 137
7972 5 193 138
7973 5 193 139
7974 5 193 140
7975 5 193 141
7976 5 193 142
7977 5 193 143
7978 5 193 144
7979 5 193 145
7980 5 193 146
7981 5 193 147
7982 5 193 148
7983 5 193 149
7984 5 193 150
7985 5 193 151
7986 5 193 152
7987 5 193 153
7988 5 193 154
7989 5 193 155
7990 5 193 156
7991 5 193 157
7992 5 193 158
7993 5 193 159
7994 5 193 160
7995 5 193 161
7996 5 193 162
7997 5 193 163
7998 6 1 128
7999 7 128 128
8000 8 193 128
8001 9 32 128
8002 6 225 129
8003 6 225 130
8004 6 225 131
8005 6 225 132
8006 6 225 133
8007 6 225 134
8008 6 225 135
8009 6 225 136
8010 6 225 137
8011 6 225 138
8012 6 225 139
8013 6 225 140
8014 6 225 141
8015 6 225 142
8016 6 225 143
8017 6 225 144
8018 6 225 145
8019 6 225 146
8020 6 225 147
8021 6 225 148
8022 6 225 149
8023 6 225 150
8024 6 225 151
8025 6 225 152
8026 6 225 153
8027 6 225 154
8028 6 225 155
8029 6 225 156
8030 6 225 157
8031 6 225 158
8032 6 225 159
8033 6 225 160
8034 6 225 161
8035 6 225 162
8036 7 1 129
8037 8 128 129
8038 9 193 129
8039 10 32 129
8040 11 241 129
8041 7 241 130
8042 7 241 131
8043 7 241 132
8044 7 241 133
8045 7 241 134
8046 7 241 135
8047 7 241 136
8048 7 241 137
8049 7 241 138
8050 7 241 139
8051 7 241 140
8052 7 241 141
8053 7 241 142
8054 7 241 143
8055 7 241 144
8056 7 241 145
8057 7 241 146
8058 7 241 147
8059 7 241 148
8060 7 241 149
8061 7 241 150
8062 7 241 151
8063 7 241 152
8064 7 241 153
8065 7 241 154
8066 7 241 155
8067 7 241 156
8068 7 241 157
8069 7 241 158
8070 7 241 159
8071 7 241 160
8072 7 241 161
8073 8 1 130
8074 9 128 130
8075 10 193 130
8076 11 32 130
8077 8 225 131
8078 12 249 131
8079 13 4 131
8080 8 249 132
8081 8 249 133
8082 8 249 134
8083 8 249 135
8084 8 249 136
8085 8 249 137
8086 8 249 138
8087 8 249 139
8088 8 249 140
8089 8 249 141
8090 8 249 142
8091 8 249 143
8092 8 249 144
8093 8 249 145
8094 8 249 146
8095 8 249 147
8096 8 249 148
8097 8 249 149
8098 8 249 150
8099 8 249 151
8100 8 249 152
8101 8 249 153
8102 8 249 154
8103 8 249 155
8104 8 249 156
8105 8 249 157
8106 8 249 158
8107 8 249 159
8108 8 249 160
8109 9 1 131
8110 10 128 131
8111 11 193 131
8112 9 193 132
8113 12 16 132
8114 13 249 132
8115 9 241 133
8116 14 2 133
8117 9 249 134
8118 15 128 134
8119 9 253 135
8120 9 253 136
8121 9 253 137
8122 9 253 138
8123 9 253 139
8124 9 253 140
8125 9 253 141
8126 9 253 142
8127 9 253 143
8128 9 253 144
8129 9 253 145
8130 9 253 146
8131 9 253 147
8132 9 253 148
8133 9 253 149
8134 9 253 150
8135 9 253 151
8136 9 253 152
8137 9 253 153
8138 9 253 154
8139 9 253 155
8140 9 253 156
8141 9 253 157
8142 9 253 158
8143 9 253 159
8144 10 1 132
8145 11 128 132
8146 10 129 133
8147 12 225 133
8148 13 16 133
8149 10 225 134
8150 14 253 134
8151 10 241 135
8152 15 1 135
8153 16 128 135
8154 10 253 136
8155 17 225 136
8156 10 255 137
8157 10 255 138
8158 10 255 139
8159 10 255 140
8160 10 255 141
8161 10 255 142
8162 10 255 143
8163 10 255 144
8164 10 255 145
8165 10 255 146
8166 10 255 147
8167 10 255 148
8168 10 255 149
8169 10 255 150
8170 10 255 151
8171 10 255 152
8172 10 255 153
8173 10 255 154
8174 10 255 155
8175 10 255 156
8176 10 255 157
8177 10 255 158
8178 11 1 133
8179 11 1 134
8180 12 64 134
8181 13 225 134
8182 11 193 135
8183 14 8 135
8184 11 225 136
8185 15 255 136
8186 16 1 136
8187 11 249 137
8188 17 64 137
8189 18 225 137
8190 11 255 138
8191 19 8 138
8192 11 256 139
8193 11 256 140
8194 11 256 141
8195 11 256 142
8196 11 256 143
8197 11 256 144
8198 11 256 145
8199 11 256 146
8200 11 256 147
8201 11 256 148
8202 11 256 149
8203 11 256 150
8204 11 256 151
8205 11 256 152
8206 11 256 153
8207 11 256 154
8208 11 256 155
8209 11 256 156
8210 11 256 157
8211 12 1 135
8212 13 131 135
8213 12 181 136
8214 13 105 136
8215 14 241 136
8216 12 193 137
8217 15 4 137
8218 16 255 137
8219 12 241 138
8220 17 129 138
8221 18 64 138
8222 12 253 139
8223 19 241 139
8224 12 255 140
8225 20 4 140
8226 21 255 140
8227 12 128 141
8228 12 128 142
8229 12 128 143
8230 12 128 144
8231 12 128 145
8232 12 128 146
8233 12 128 147
8234 12 128 148
8235 12 128 149
8236 12 128 150
8237 12 128 151
8238 12 128 152
8239 12 128 153
8240 12 128 154
8241 12 128 155
8242 12 128 156
8243 13 1 137
8244 14 131 137
8245 13 181 138
8246 14 105 138
8247 15 241 138
8248 16 17 138
8249 13 72 139
8250 16 120 139
8251 17 256 139
8252 18 129 139
8253 13 249 140
8254 19 32 140
8255 13 253 141
8256 20 249 141
8257 21 4 141
8258 13 256 142
8259 22 256 142
8260 23 129 142
8261 13 64 143
8262 13 64 144
8263 13 64 145
8264 13 64 146
8265 13 64 147
8266 13 64 148
8267 13 64 149
8268 13 64 150
8269 13 64 151
8270 13 64 152
8271 13 64 153
8272 13 64 154
8273 13 64 155
8274 14 1 139
8275 15 131 139
8276 14 181 140
8277 15 105 140
8278 16 241 140
8279 17 17 140
8280 18 256 140
8281 14 137 141
8282 17 16 141
8283 18 66 141
8284 19 193 141
8285 14 249 142
8286 20 16 142
8287 21 249 142
8288 14 255 143
8289 22 2 143
8290 23 256 143
8291 14 128 144
8292 24 193 144
8293 14 64 145
8294 25 16 145
8295 14 32 146
8296 14 32 147
8297 14 32 148
8298 14 32 149
8299 14 32 150
8300 14 32 151
8301 14 32 152
8302 14 32 153
8303 14 32 154
8304 15 1 141
8305 16 131 141
8306 15 181 142
8307 16 105 142
8308 17 241 142
8309 18 17 142
8310 19 256 142
8311 15 137 143
8312 18 16 143
8313 19 66 143
8314 20 193 143
8315 21 120 143
8316 15 113 144
8317 21 244 144
8318 22 253 144
8319 23 2 144
8320 15 256 145
8321 24 128 145
8322 15 128 146
8323 25 225 146
8324 26 16 146
8325 15 32 147
8326 27 253 147
8327 15 16 148
8328 15 16 149
8329 15 16 150
8330 15 16 151
8331 15 16 152
8332 15 16 153
8333 16 1 143
8334 17 131 143
8335 16 181 144
8336 17 105 144
8337 18 241 144
8338 19 17 144
8339 20 256 144
8340 16 137 145
8341 19 16 145
8342 20 66 145
8343 21 193 145
8344 22 120 145
8345 23 62 145
8346 16 218 146
8347 22 160 146
8348 23 119 146
8349 24 1 146
8350 16 256 147
8351 25 64 147
8352 26 225 147
8353 16 64 148
8354 27 8 148
8355 28 253 148
8356 16 16 149
8357 29 1 149
8358 16 8 150
8359 16 8 151
8360 16 8 152
8361 17 1 145
8362 18 131 145
8363 17 181 146
8364 18 105 146
8365 19 241 146
8366 20 17 146
8367 21 256 146
8368 17 137 147
8369 20 16 147
8370 21 66 147
8371 22 193 147
8372 23 120 147
8373 24 62 147
8374 17 218 148
8375 23 160 148
8376 24 119 148
8377 25 1 148
8378 26 246 148
8379 17 110 149
8380 26 97 149
8381 27 241 149
8382 28 8 149
8383 17 32 150
8384 29 255 150
8385 17 16 151
8386 30 129 151
8387 31 64 151
8388 18 1 147
8389 19 131 147
8390 18 181 148
8391 19 105 148
8392 20 241 148
8393 21 17 148
8394 22 256 148
8395 18 137 149
8396 21 16 149
8397 22 66 149
8398 23 193 149
8399 24 120 149
8400 25 62 149
8401 18 218 150
8402 24 160 150
8403 25 119 150
8404 26 1 150
8405 27 246 150
8406 28 82 150
8407 18 26 151
8408 27 145 151
8409 28 247 151
8410 29 4 151
8411 17 117 152
8412 18 34 152
8413 30 2 152
8414 19 1 149
8415 20 131 149
8416 19 181 150
8417 20 105 150
8418 21 241 150
8419 22 17 150
8420 23 256 150
8421 19 137 151
8422 22 16 151
8423 23 66 151
8424 24 193 151
8425 25 120 151
8426 26 62 151
8427 19 218 152
8428 25 160 152
8429 26 119 152
8430 27 1 152
8431 28 246 152
8432 29 82 152
8433 31 234 152
8434 16 230 153
8435 17 7 153
8436 18 215 153
8437 19 26 153
8438 28 202 153
8439 20 1 151
8440 21 131 151
8441 20 181 152
8442 21 105 152
8443 22 241 152
8444 23 17 152
8445 24 256 152
8446 20 137 153
8447 23 16 153
8448 24 66 153
8449 25 193 153
8450 26 120 153
8451 27 62 153
8452 29 41 153
8453 30 248 153
8454 31 186 153
8455 32 67 153
8456 33 156 153
8457 15 135 154
8458 16 47 154
8459 17 169 154
8460 18 3 154
8461 19 144 154
8462 20 193 154
8463 21 1 153
8464 22 131 153
8465 21 181 154
8466 22 105 154
8467 23 241 154
8468 24 17 154
8469 25 256 154
8470 26 103 154
8471 27 105 154
8472 28 35 154
8473 29 223 154
8474 30 91 154
8475 31 228 154
8476 32 122 154
8477 33 160 154
8478 14 181 155
8479 15 45 155
8480 16 11 155
8481 17 149 155
8482 18 166 155
8483 19 219 155
8484 20 75 155
8485 21 236 155
8486 22 1 155
8487 23 131 155
8488 24 31 155
8489 25 247 155
8490 26 33 155
8491 27 162 155
8492 28 95 155
8493 29 64 155
8494 30 67 155
8495 31 82 155
8496 32 190 155
8497 33 241 155
8498 34 20 155
8499 13 242 156
8500 14 212 156
8501 15 179 156
8502 16 87 156
8503 17 99 156
8504 18 94 156
8505 19 239 156
8506 20 180 156
8507 21 51 156
8508 22 252 156
8509 23 219 156
8510 24 45 156
8511 25 124 156
8512 26 172 156
8513 27 237 156
8514 28 11 156
8515 29 115 156
8516 30 79 156
8517 31 133 156
8518 32 51 156
8519 33 234 156
8520 34 183 156
8521 35 215 156
8522 12 20 157
8523 13 184 157
8524 14 87 157
8525 15 73 157
8526 16 13 157
8527 17 112 157
8528 18 125 157
8529 19 61 157
8530 20 154 157
8531 21 34 157
8532 22 107 157
8533 23 244 157
8534 24 33 157
8535 25 32 157
8536 26 218 157
8537 27 2 157
8538 28 12 157
8539 29 177 157
8540 30 179 157
8541 31 139 157
8542 32 200 157
8543 33 256 157
8544 34 86 157
8545 35 19 157
8546 36 220 157
8547 11 219 158
8548 12 163 158
8549 13 248 158
8550 14 65 158
8551 15 208 158
8552 16 186 158
8553 17 59 158
8554 18 202 158
8555 19 232 158
8556 20 70 158
8557 21 112 158
8558 22 150 158
8559 23 173 158
8560 24 137 158
8561 25 127 158
8562 26 153 158
8563 27 85 158
8564 28 114 158
8565 29 44 158
8566 30 203 158
8567 31 48 158
8568 32 103 158
8569 33 250 158
8570 34 103 158
8571 35 6 158
8572 36 165 158
8573 37 144 158
8574 10 27 159
8575 11 85 159
8576 12 167 159
8577 13 174 159
8578 14 209 159
8579 15 226 159
8580 16 15 159
8581 17 15 159
8582 18 51 159
8583 19 114 159
8584 20 170 159
8585 21 165 159
8586 22 163 159
8587 23 182 159
8588 24 175 159
8589 25 168 159
8590 26 151 159
8591 27 233 159
8592 28 111 159
8593 29 28 159
8594 30 142 159
8595 31 110 159
8596 32 28 159
8597 33 108 159
8598 34 157 159
8599 35 41 159
8600 36 97 159
8601 37 150 159
8602 38 171 159
8603 9 203 160
8604 10 166 160
8605 11 42 160
8606 12 97 160
8607 13 151 160
8608 14 181 160
8609 15 194 160
8610 16 18 160
8611 17 16 160
8612 18 200 160
8613 19 104 160
8614 20 85 160
8615 21 109 160
8616 22 183 160
8617 23 232 160
8618 24 135 160
8619 25 119 160
8620 26 217 160
8621 27 119 160
8622 28 12 160
8623 29 250 160
8624 30 28 160
8625 31 177 160
8626 32 1 160
8627 33 23 160
8628 34 27 160
8629 35 245 160
8630 36 170 160
8631 37 183 160
8632 38 107 160
8633 39 101 160
8634 8 158 161
8635 9 79 161
8636 10 102 161
8637 11 133 161
8638 12 6 161
8639 13 1 161
8640 14 79 161
8641 15 25 161
8642 16 209 161
8643 17 185 161
8644 18 178 161
8645 19 13 161
8646 20 225 161
8647 21 181 161
8648 22 177 161
8649 23 65 161
8650 24 89 161
8651 25 77 161
8652 26 137 161
8653 27 175 161
8654 28 13 161
8655 29 110 161
8656 30 90 161
8657 31 120 161
8658 32 201 161
8659 33 188 161
8660 34 140 161
8661 35 187 161
8662 36 161 161
8663 37 138 161
8664 38 247 161
8665 39 72 161
8666 7 171 162
8667 8 252 162
8668 9 251 162
8669 10 67 162
8670 12 168 162
8671 14 125 162
8672 15 215 162
8673 16 123 162
8674 17 214 162
8675 18 174 162
8676 19 184 162
8677 20 190 162
8678 21 99 162
8679 22 242 162
8680 23 106 162
8681 24 12 162
8682 25 214 162
8683 26 165 162
8684 27 45 162
8685 28 40 162
8686 29 193 162
8687 30 111 162
8688 31 9 162
8689 32 114 162
8690 33 207 162
8691 34 126 162
8692 35 159 162
8693 36 4 162
8694 37 148 162
8695 38 20 162
8696 39 30 162
8697 40 118 162
8698 41 233 162
8699 6 23 163
8700 7 200 163
8701 8 133 163
8702 20 84 163
8703 22 175 163
8704 24 148 163
8705 25 30 163
8706 26 57 163
8707 27 47 163
8708 28 40 163
8709 29 23 163
8710 30 59 163
8711 31 30 163
8712 32 48 163
8713 33 56 163
8714 34 97 163
8715 35 228 163
8716 36 15 163
8717 37 230 163
8718 38 208 163
8719 39 32 163
8720 40 49 163
8721 41 173 163
8722 5 78 164
8723 6 123 164
8724 30 149 164
8725 32 12 164
8726 34 172 164
8727 35 111 164
8728 36 86 164
8729 37 183 164
8730 38 96 164
8731 39 161 164
8732 40 1 164
8733 41 22 164
8734 42 93 164
8735 43 66 164
8736 4 202 165
8737 40 1 165
8738 42 10 165
8739 44 16 166
8740 43 4 165
8741 42 2 166
8742 41 129 165
8743 40 193 166
8744 39 241 165
8745 38 249 165
8746 37 255 165
8747 36 256 165
8748 35 64 165
8749 34 32 165
8750 33 8 164
8751 32 4 165
8752 31 1 164
8753 30 129 165
8754 29 225 164
8755 28 241 164
8756 27 253 164
8757 26 255 164
8758 25 128 164
8759 24 64 164
8760 23 16 163
8761 22 8 164
8762 21 2 163
8763 20 1 164
8764 19 193 163
8765 18 225 163
8766 17 249 163
8767 16 253 163
8768 15 256 163
8769 14 128 163
8770 13 32 162
8771 12 16 163
8772 11 4 162
8773 10 2 163
8774 9 129 163
8775 11 143 163
8776 13 47 163
8777 7 140 164
8778 8 12 164
8779 9 100 164
8780 10 156 164
8781 11 98 164
8782 13 91 164
8783 15 81 164
8784 17 216 164
8785 18 32 164
8786 45 8 167
8787 44 4 167
8788 43 1 166
8789 42 129 167
8790 41 225 166
8791 40 241 167
8792 39 253 166
8793 38 255 166
8794 37 128 166
8795 36 64 166
8796 35 16 166
8797 34 8 166
8798 33 2 165
8799 32 1 166
8800 31 193 165
8801 30 225 166
8802 29 249 165
8803 28 253 165
8804 27 256 165
8805 26 128 165
8806 25 32 165
8807 24 16 165
8808 23 4 164
8809 22 2 165
8810 21 129 164
8811 20 193 165
8812 19 241 164
8813 5 252 165
8814 6 129 165
8815 16 256 164
8816 7 51 165
8817 14 32 164
8818 8 112 165
8819 12 4 164
8820 9 90 165
8821 10 129 165
8822 11 134 165
8823 12 57 165
8824 13 110 165
8825 14 252 165
8826 15 234 165
8827 16 64 165
8828 17 142 165
8829 18 178 165
8830 19 9 165
8831 21 186 165
8832 46 8 168
8833 45 2 168
8834 44 1 168
8835 43 193 167
8836 42 225 168
8837 41 249 167
8838 40 253 168
8839 39 256 167
8840 38 128 167
8841 37 32 167
8842 36 16 167
8843 35 4 167
8844 34 2 167
8845 33 129 166
8846 32 193 167
8847 31 241 166
8848 30 249 167
8849 29 255 166
8850 28 256 166
8851 27 64 166
8852 26 32 166
8853 25 8 166
8854 24 4 166
8855 23 1 165
8856 22 129 166
8857 3 17 166
8858 20 241 166
8859 4 114 166
8860 5 55 166
8861 6 157 166
8862 7 62 166
8863 8 39 166
8864 9 145 166
8865 10 26 166
8866 11 243 166
8867 12 255 166
8868 13 6 166
8869 14 242 166
8870 15 113 166
8871 16 196 166
8872 17 149 166
8873 18 149 166
8874 19 198 166
8875 21 35 166
8876 23 41 166
8877 47 4 169
8878 46 2 169
8879 45 129 169
8880 44 193 169
8881 43 241 168
8882 42 249 169
8883 41 255 168
8884 40 256 169
8885 39 64 168
8886 38 32 168
8887 37 8 168
8888 36 4 168
8889 35 1 168
8890 34 129 168
8891 33 225 167
8892 32 241 168
8893 31 253 167
8894 30 255 168
8895 29 128 167
8896 28 64 167
8897 27 16 167
8898 26 8 167
8899 25 2 167
8900 24 1 167
8901 2 208 167
8902 22 225 167
8903 3 224 167
8904 20 253 167
8905 4 189 167
8906 5 206 167
8907 6 66 167
8908 7 214 167
8909 8 111 167
8910 9 74 167
8911 10 83 167
8912 11 89 167
8913 12 1 167
8914 13 9 167
8915 14 136 167
8916 15 13 167
8917 16 24 167
8918 17 89 167
8919 18 77 167
8920 19 135 167
8921 48 4 170
8922 47 1 170
8923 46 129 170
8924 45 225 170
8925 44 241 170
8926 43 253 169
8927 42 255 170
8928 41 128 169
8929 40 64 170
8930 39 16 169
8931 38 8 169
8932 37 2 169
8933 36 1 169
8934 35 193 169
8935 34 225 169
8936 33 249 168
8937 32 253 169
8938 31 256 168
8939 30 128 169
8940 29 32 168
8941 28 16 168
8942 27 4 168
8943 26 2 168
8944 25 129 168
8945 24 193 168
8946 23 241 167
8947 22 249 168
8948 21 255 167
8949 20 256 168
8950 1 232 168
8951 2 251 168
8952 3 251 168
8953 4 171 168
8954 5 170 168
8955 6 239 168
8956 7 68 168
8957 8 245 168
8958 9 90 168
8959 10 103 168
8960 12 56 168
8961 11 68 168
8962 13 179 168
8963 14 98 168
8964 49 2 171
8965 48 1 171
8966 47 193 171
8967 46 225 171
8968 45 249 171
8969 44 253 171
8970 43 256 170
8971 42 128 171
8972 41 32 170
8973 40 16 171
8974 39 4 170
8975 38 2 170
8976 37 129 170
8977 36 193 170
8978 35 241 170
8979 34 249 170
8980 33 255 169
8981 32 256 170
8982 31 64 169
8983 30 32 170
8984 29 8 169
8985 28 4 169
8986 27 1 169
8987 26 129 169
8988 25 225 169
8989 24 241 169
8990 23 253 168
8991 22 255 169
8992 21 128 168
8993 20 64 169
8994 19 16 168
8995 18 8 168
8996 17 2 168
8997 16 1 168
8998 15 193 168
8999 0 222 169
9000 1 52 169
9001 2 179 169
9002 4 8 169
9003 6 11 169
9004 8 189 169
9005 10 47 169
9006 50 2 173
9007 49 129 172
9008 48 193 172
9009 47 241 172
9010 46 249 172
9011 45 255 172
9012 44 256 172
9013 43 64 171
9014 42 32 172
9015 41 8 171
9016 40 4 172
9017 39 1 171
9018 38 129 171
9019 37 225 171
9020 36 241 171
9021 35 253 171
9022 34 255 171
9023 33 128 170
9024 32 64 171
9025 31 16 170
9026 30 8 171
9027 29 2 170
9028 28 1 170
9029 27 193 170
9030 26 225 170
9031 25 249 170
9032 24 253 170
9033 23 256 169
9034 22 128 170
9035 21 32 169
9036 20 16 170
9037 19 4 169
9038 18 2 169
9039 17 129 169
9040 16 193 169
9041 15 241 169
9042 14 249 169
9043 12 45 169
9044 13 251 169
9045 0 113 170
9046 1 230 170
9047 51 1 173
9048 50 129 174
9049 49 225 173
9050 48 241 173
9051 47 253 173
9052 46 255 173
9053 45 128 173
9054 44 64 173
9055 43 16 172
9056 42 8 173
9057 41 2 172
9058 40 1 173
9059 39 193 172
9060 38 225 172
9061 37 249 172
9062 36 253 172
9063 35 256 172
9064 34 128 172
9065 33 32 171
9066 32 16 172
9067 31 4 171
9068 30 2 172
9069 29 129 171
9070 28 193 171
9071 27 241 171
9072 26 249 171
9073 25 255 171
9074 24 256 171
9075 23 64 170
9076 22 32 171
9077 21 8 170
9078 20 4 171
9079 19 1 170
9080 18 129 170
9081 17 225 170
9082 16 241 170
9083 15 253 170
9084 14 255 170
9085 12 89 170
9086 0 45 171
9087 52 1 175
9088 51 193 174
9089 50 225 175
9090 49 249 174
9091 48 253 174
9092 47 256 174
9093 46 128 174
9094 45 32 174
9095 44 16 174
9096 43 4 173
9097 42 2 174
9098 41 129 173
9099 40 193 174
9100 39 241 173
9101 38 249 173
9102 37 255 173
9103 36 256 173
9104 35 64 173
9105 34 32 173
9106 33 8 172
9107 32 4 173
9108 31 1 172
9109 30 129 173
9110 29 225 172
9111 28 241 172
9112 27 253 172
9113 26 255 172
9114 25 128 172
9115 24 64 172
9116 23 16 171
9117 22 8 172
9118 21 2 171
9119 20 1 172
9120 19 193 171
9121 18 225 171
9122 17 249 171
9123 16 253 171
9124 15 256 171
9125 14 128 171
9126 53 129 175
9127 52 193 176
9128 51 241 175
9129 50 249 176
9130 49 255 175
9131 48 256 175
9132 47 64 175
9133 46 32 175
9134 45 8 175
9135 44 4 175
9136 43 1 174
9137 42 129 175
9138 41 225 174
9139 40 241 175
9140 39 253 174
9141 38 255 174
9142 37 128 174
9143 36 64 174
9144 35 16 174
9145 34 8 174
9146 33 2 173
9147 32 1 174
9148 31 193 173
9149 30 225 174
9150 29 249 173
9151 28 253 173
9152 27 256 173
9153 26 128 173
9154 25 32 173
9155 24 16 173
9156 23 4 172
9157 22 2 173
9158 21 129 172
9159 20 193 173
9160 19 241 172
9161 18 249 172
9162 17 255 172
9163 16 256 172
9164 54 129 177
9165 53 225 176
9166 52 241 177
9167 51 253 176
9168 50 255 177
9169 49 128 176
9170 48 64 176
9171 47 16 176
9172 46 8 176
9173 45 2 176
9174 44 1 176
9175 43 193 175
9176 42 225 176
9177 41 249 175
9178 40 253 176
9179 39 256 175
9180 38 128 175
9181 37 32 175
9182 36 16 175
9183 35 4 175
9184 34 2 175
9185 33 129 174
9186 32 193 175
9187 31 241 174
9188 30 249 175
9189 29 255 174
9190 28 256 174
9191 27 64 174
9192 26 32 174
9193 25 8 174
9194 24 4 174
9195 23 1 173
9196 22 129 174
9197 21 225 173
9198 20 241 174
9199 19 253 173
9200 18 255 173
9201 55 193 178
9202 54 225 178
9203 53 249 177
9204 52 253 178
9205 51 256 177
9206 50 128 178
9207 49 32 177
9208 48 16 177
9209 47 4 177
9210 46 2 177
9211 45 129 177
9212 44 193 177
9213 43 241 176
9214 42 249 177
9215 41 255 176
9216 40 256 177
9217 39 64 176
9218 38 32 176
9219 37 8 176
9220 36 4 176
9221 35 1 176
9222 34 129 176
9223 33 225 175
9224 32 241 176
9225 31 253 175
9226 30 255 176
9227 29 128 175
9228 28 64 175
9229 27 16 175
9230 26 8 175
9231 25 2 175
9232 24 1 175
9233 23 193 174
9234 22 225 175
9235 21 249 174
9236 20 253 175
9237 56 193 179
9238 55 241 179
9239 54 249 179
9240 53 255 178
9241 52 256 179
9242 51 64 178
9243 50 32 179
9244 49 8 178
9245 48 4 178
9246 47 1 178
9247 46 129 178
9248 45 225 178
9249 44 241 178
9250 43 253 177
9251 42 255 178
9252 41 128 177
9253 40 64 178
9254 39 16 177
9255 38 8 177
9256 37 2 177
9257 36 1 177
9258 35 193 177
9259 34 225 177
9260 33 249 176
9261 32 253 177
9262 31 256 176
9263 30 128 177
9264 29 32 176
9265 28 16 176
9266 27 4 176
9267 26 2 176
9268 25 129 176
9269 24 193 176
9270 23 241 175
9271 22 249 176
9272 57 225 180
9273 56 241 180
9274 55 253 180
9275 54 255 180
9276 53 128 179
9277 52 64 180
9278 51 16 179
9279 50 8 180
9280 49 2 179
9281 48 1 179
9282 47 193 179
9283 46 225 179
9284 45 249 179
9285 44 253 179
9286 43 256 178
9287 42 128 179
9288 41 32 178
9289 40 16 179
9290 39 4 178
9291 38 2 178
9292 37 129 178
9293 36 193 178
9294 35 241 178
9295 34 249 178
9296 33 255 177
9297 32 256 178
9298 31 64 177
9299 30 32 178
9300 29 8 177
9301 28 4 177
9302 27 1 177
9303 26 129 177
9304 25 225 177
9305 24 241 177
9306 58 225 181
9307 57 249 181
9308 56 253 181
9309 55 256 181
9310 54 128 181
9311 53 32 180
9312 52 16 181
9313 51 4 180
9314 50 2 181
9315 49 129 180
9316 48 193 180
9317 47 241 180
9318 46 249 180
9319 45 255 180
9320 44 256 180
9321 43 64 179
9322 42 32 180
9323 41 8 179
9324 40 4 180
9325 39 1 179
9326 38 129 179
9327 37 225 179
9328 36 241 179
9329 35 253 179
9330 34 255 179
9331 33 128 178
9332 32 64 179
9333 31 16 178
9334 30 8 179
9335 29 2 178
9336 28 1 178
9337 27 193 178
9338 26 225 178
9339 59 241 182
9340 58 249 182
9341 57 255 182
9342 56 256 182
9343 55 64 182
9344 54 32 182
9345 53 8 181
9346 52 4 182
9347 51 1 181
9348 50 129 182
9349 49 225 181
9350 48 241 181
9351 47 253 181
9352 46 255 181
9353 45 128 181
9354 44 64 181
9355 43 16 180
9356 42 8 181
9357 41 2 180
9358 40 1 181
9359 39 193 180
9360 38 225 180
9361 37 249 180
9362 36 253 180
9363 35 256 180
9364 34 128 180
9365 33 32 179
9366 32 16 180
9367 31 4 179
9368 30 2 180
9369 29 129 179
9370 28 193 179
9371 60 241 184
9372 59 253 183
9373 58 255 183
9374 57 128 183
9375 56 64 183
9376 55 16 183
9377 54 8 183
9378 53 2 182
9379 52 1 183
9380 51 193 182
9381 50 225 183
9382 49 249 182
9383 48 253 182
9384 47 256 182
9385 46 128 182
9386 45 32 182
9387 44 16 182
9388 43 4 181
9389 42 2 182
9390 41 129 181
9391 40 193 182
9392 39 241 181
9393 38 249 181
9394 37 255 181
9395 36 256 181
9396 35 64 181
9397 34 32 181
9398 33 8 180
9399 32 4 181
9400 31 1 180
9401 30 129 181
9402 61 249 184
9403 60 253 185
9404 59 256 184
9405 58 128 184
9406 57 32 184
9407 56 16 184
9408 55 4 184
9409 54 2 184
9410 53 129 183
9411 52 193 184
9412 51 241 183
9413 50 249 184
9414 49 255 183
9415 48 256 183
9416 47 64 183
9417 46 32 183
9418 45 8 183
9419 44 4 183
9420 43 1 182
9421 42 129 183
9422 41 225 182
9423 40 241 183
9424 39 253 182
9425 38 255 182
9426 37 128 182
9427 36 64 182
9428 35 16 182
9429 34 8 182
9430 33 2 181
9431 32 1 182
9432 62 249 186
9433 61 255 185
9434 60 256 186
9435 59 64 185
9436 58 32 185
9437 57 8 185
9438 56 4 185
9439 55 1 185
9440 54 129 185
9441 53 225 184
9442 52 241 185
9443 51 253 184
9444 50 255 185
9445 49 128 184
9446 48 64 184
9447 47 16 184
9448 46 8 184
9449 45 2 184
9450 44 1 184
9451 43 193 183
9452 42 225 184
9453 41 249 183
9454 40 253 184
9455 39 256 183
9456 38 128 183
9457 37 32 183
9458 36 16 183
9459 35 4 183
9460 34 2 183
9461 63 253 186
9462 62 255 187
9463 61 128 186
9464 60 64 187
9465 59 16 186
9466 58 8 186
9467 57 2 186
9468 56 1 186
9469 55 193 186
9470 54 225 186
9471 53 249 185
9472 52 253 186
9473 51 256 185
9474 50 128 186
9475 49 32 185
9476 48 16 185
9477 47 4 185
9478 46 2 185
9479 45 129 185
9480 44 193 185
9481 43 241 184
9482 42 249 185
9483 41 255 184
9484 40 256 185
9485 39 64 184
9486 38 32 184
9487 37 8 184
9488 36 4 184
9489 64 253 188
9490 63 256 187
9491 62 128 188
9492 61 32 187
9493 60 16 188
9494 59 4 187
9495 58 2 187
9496 57 129 187
9497 56 193 187
9498 55 241 187
9499 54 249 187
9500 53 255 186
9501 52 256 187
9502 51 64 186
9503 50 32 187
9504 49 8 186
9505 48 4 186
9506 47 1 186
9507 46 129 186
9508 45 225 186
9509 44 241 186
9510 43 253 185
9511 42 255 186
9512 41 128 185
9513 40 64 186
9514 39 16 185
9515 38 8 185
9516 65 255 189
9517 64 256 189
9518 63 64 188
9519 62 32 189
9520 61 8 188
9521 60 4 189
9522 59 1 188
9523 58 129 188
9524 57 225 188
9525 56 241 188
9526 55 253 188
9527 54 255 188
9528 53 128 187
9529 52 64 188
9530 51 16 187
9531 50 8 188
9532 49 2 187
9533 48 1 187
9534 47 193 187
9535 46 225 187
9536 45 249 187
9537 44 253 187
9538 43 256 186
9539 42 128 187
9540 41 32 186
9541 40 16 187
9542 66 255 190
9543 65 128 190
9544 64 64 190
9545 63 16 189
9546 62 8 190
9547 61 2 189
9548 60 1 190
9549 59 193 189
9550 58 225 189
9551 57 249 189
9552 56 253 189
9553 55 256 189
9554 54 128 189
9555 53 32 188
9556 52 16 189
9557 51 4 188
9558 50 2 189
9559 49 129 188
9560 48 193 188
9561 47 241 188
9562 46 249 188
9563 45 255 188
9564 44 256 188
9565 43 64 187
9566 42 32 188
9567 67 256 191
9568 66 128 191
9569 65 32 191
9570 64 16 191
9571 63 4 190
9572 62 2 191
9573 61 129 190
9574 60 193 191
9575 59 241 190
9576 58 249 190
9577 57 255 190
9578 56 256 190
9579 55 64 190
9580 54 32 190
9581 53 8 189
9582 52 4 190
9583 51 1 189
9584 50 129 190
9585 49 225 189
9586 48 241 189
9587 47 253 189
9588 46 255 189
9589 45 128 189
9590 44 64 189
9591 68 256 192
9592 67 64 192
9593 66 32 192
9594 65 8 192
9595 64 4 192
9596 63 1 191
9597 62 129 192
9598 61 225 191
9599 60 241 192
9600 59 253 191
9601 58 255 191
9602 57 128 191
9603 56 64 191
9604 55 16 191
9605 54 8 191
9606 53 2 190
9607 52 1 191
9608 51 193 190
9609 50 225 191
9610 49 249 190
9611 48 253 190
9612 47 256 190
9613 46 128 190
9614 69 128 193
9615 68 64 193
9616 67 16 193
9617 66 8 193
9618 65 2 193
9619 64 1 193
9620 63 193 192
9621 62 225 193
9622 61 249 192
9623 60 253 193
9624 59 256 192
9625 58 128 192
9626 57 32 192
9627 56 16 192
9628 55 4 192
9629 54 2 192
9630 53 129 191
9631 52 193 192
9632 51 241 191
9633 50 249 192
9634 49 255 191
9635 48 256 191
9636 70 128 195
9637 69 32 194
9638 68 16 194
9639 67 4 194
9640 66 2 194
9641 65 129 194
9642 64 193 194
9643 63 241 193
9644 62 249 194
9645 61 255 193
9646 60 256 194
9647 59 64 193
9648 58 32 193
9649 57 8 193
9650 56 4 193
9651 55 1 193
9652 54 129 193
9653 53 225 192
9654 52 241 193
9655 51 253 192
9656 50 255 193
9657 71 64 195
9658 70 32 196
9659 69 8 195
9660 68 4 195
9661 67 1 195
9662 66 129 195
9663 65 225 195
9664 64 241 195
9665 63 253 194
9666 62 255 195
9667 61 128 194
9668 60 64 195
9669 59 16 194
9670 58 8 194
9671 57 2 194
9672 56 1 194
9673 55 193 194
9674 54 225 194
9675 53 249 193
9676 52 253 194
9677 72 64 197
9678 71 16 196
9679 70 8 197
9680 69 2 196
9681 68 1 196
9682 67 193 196
9683 66 225 196
9684 65 249 196
9685 64 253 196
9686 63 256 195
9687 62 128 196
9688 61 32 195
9689 60 16 196
9690 59 4 195
9691 58 2 195
9692 57 129 195
9693 56 193 195
9694 55 241 195
9695 54 249 195
9696 73 32 197
9697 72 16 198
9698 71 4 197
9699 70 2 198
9700 69 129 197
9701 68 193 197
9702 67 241 197
9703 66 249 197
9704 65 255 197
9705 64 256 197
9706 63 64 196
9707 62 32 197
9708 61 8 196
9709 60 4 197
9710 59 1 196
9711 58 129 196
9712 57 225 196
9713 56 241 196
9714 74 32 199
9715 73 8 198
9716 72 4 199
9717 71 1 198
9718 70 129 199
9719 69 225 198
9720 68 241 198
9721 67 253 198
9722 66 255 198
9723 65 128 198
9724 64 64 198
9725 63 16 197
9726 62 8 198
9727 61 2 197
9728 60 1 198
9729 59 193 197
9730 58 225 197
9731 75 16 200
9732 74 8 200
9733 73 2 199
9734 72 1 200
9735 71 193 199
9736 70 225 200
9737 69 249 199
9738 68 253 199
9739 67 256 199
9740 66 128 199
9741 65 32 199
9742 64 16 199
9743 63 4 198
9744 62 2 199
9745 61 129 198
9746 60 193 199
9747 76 16 201
9748 75 4 201
9749 74 2 201
9750 73 129 200
9751 72 193 201
9752 71 241 200
9753 70 249 201
9754 69 255 200
9755 68 256 200
9756 67 64 200
9757 66 32 200
9758 65 8 200
9759 64 4 200
9760 63 1 199
9761 62 129 200
9762 77 8 202
9763 76 4 202
9764 75 1 202
9765 74 129 202
9766 73 225 201
9767 72 241 202
9768 71 253 201
9769 70 255 202
9770 69 128 201
9771 68 64 201
9772 67 16 201
9773 66 8 201
9774 65 2 201
9775 64 1 201
9776 78 8 203
9777 77 2 203
9778 76 1 203
9779 75 193 203
9780 74 225 203
9781 73 249 202
9782 72 253 203
9783 71 256 202
9784 70 128 203
9785 69 32 202
9786 68 16 202
9787 67 4 202
9788 66 2 202
9789 79 4 204
9790 78 2 204
9791 77 129 204
9792 76 193 204
9793 75 241 204
9794 74 249 204
9795 73 255 203
9796 72 256 204
9797 71 64 203
9798 70 32 204
9799 69 8 203
9800 68 4 203
9801 80 4 206
9802 79 1 205
9803 78 129 205
9804 77 225 205
9805 76 241 205
9806 75 253 205
9807 74 255 205
9808 73 128 204
9809 72 64 205
9810 71 16 204
9811 70 8 205
9812 81 2 206
9813 80 1 207
9814 79 193 206
9815 78 225 206
9816 77 249 206
9817 76 253 206
9818 75 256 206
9819 74 128 206
9820 73 32 205
9821 72 16 206
9822 82 2 208
9823 81 129 207
9824 80 193 208
9825 79 241 207
9826 78 249 207
9827 77 255 207
9828 76 256 207
9829 75 64 207
9830 74 32 207
9831 83 1 208
9832 82 129 209
9833 81 225 208
9834 80 241 209
9835 79 253 208
9836 78 255 208
9837 77 128 208
9838 76 64 208
9839 84 1 210
9840 83 193 209
9841 82 225 210
9842 81 249 209
9843 80 253 210
9844 79 256 209
9845 78 128 209
9846 85 129 211
9847 84 193 211
9848 83 241 210
9849 82 249 211
9850 81 255 210
9851 80 256 211
9852 86 129 212
9853 85 225 212
9854 84 241 212
9855 83 253 211
9856 82 255 212
9857 87 193 213
9858 86 225 213
9859 85 249 213
9860 84 253 213
9861 88 193 214
9862 87 241 214
9863 86 249 214
9864 89 225 215
9865 88 241 215
9866 90 225 217
9867 91 165 217
9868 89 156 216
9869 87 26 215
9870 85 90 214
9871 83 15 212
9872 81 131 211
9873 79 236 210
9874 77 125 209
9875 75 235 208
9876 73 82 206
9877 71 185 205
9878 69 245 204
9879 67 255 203
9880 65 171 202
9881 63 157 200
9882 61 69 199
9883 59 140 198
9884 57 109 197
9885 55 61 196
9886 53 53 194
9887 51 223 193
9888 49 80 192
9889 47 99 191
9890 45 145 190
9891 43 67 188
9892 41 54 187
9893 39 9 186
9894 37 130 185
9895 35 193 184
9896 33 75 182
9897 31 141 181
9898 29 152 180
9899 27 111 179
9900 25 147 178
9901 23 153 176
9902 21 154 175
9903 19 197 174
9904 17 247 173
9905 15 84 172
9906 92 165 219
9907 90 156 218
9908 88 26 216
9909 86 90 215
9910 84 15 214
9911 82 131 213
9912 80 236 212
9913 78 125 210
9914 76 235 209
9915 74 82 208
9916 72 185 207
9917 70 245 206
9918 68 255 204
9919 66 171 203
9920 64 157 202
9921 62 69 201
9922 60 140 200
9923 58 109 198
9924 56 61 197
9925 54 53 196
9926 52 223 195
9927 50 80 194
9928 48 99 192
9929 46 145 191
9930 44 67 190
9931 42 54 189
9932 40 9 188
9933 38 130 186
9934 36 193 185
9935 34 75 184
9936 32 141 183
9937 30 152 182
9938 28 111 180
9939 26 147 179
9940 24 153 178
9941 22 154 177
9942 20 197 176
9943 18 247 174
9944 93 211 219
9945 91 78 218
9946 89 13 217
9947 87 45 216
9948 85 136 215
9949 83 194 213
9950 81 118 212
9951 79 191 211
9952 77 246 210
9953 75 41 209
9954 73 221 207
9955 71 251 206
9956 69 256 205
9957 67 214 204
9958 65 207 203
9959 63 163 201
9960 61 70 200
9961 59 183 199
9962 57 159 198
9963 55 155 197
9964 53 240 195
9965 51 40 194
9966 49 178 193
9967 47 201 192
9968 45 162 191
9969 43 27 189
9970 41 133 188
9971 39 65 187
9972 37 225 186
9973 35 166 185
9974 33 199 183
9975 31 76 182
9976 29 184 181
9977 27 202 180
9978 25 205 179
9979 23 77 177
9980 21 227 176
9981 94 211 221
9982 92 78 220
9983 90 13 219
9984 88 45 217
9985 86 136 216
9986 84 194 215
9987 82 118 214
9988 80 191 213
9989 78 246 211
9990 76 41 210
9991 74 221 209
9992 72 251 208
9993 70 256 207
9994 68 214 205
9995 66 207 204
9996 64 163 203
9997 62 70 202
9998 60 183 201
9999 58 159 199
10000 56 155 198
10001 54 240 197
10002 52 40 196
10003 50 178 195
10004 48 201 193
10005 46 162 192
10006 44 27 191
10007 42 133 190
10008 40 65 189
10009 38 225 187
10010 36 166 186
10011 34 199 185
10012 32 76 184
10013 30 184 183
10014 28 202 181
10015 26 205 180
10016 24 77 179
10017 95 234 222
10018 93 39 220
10019 91 135 219
10020 89 151 218
10021 87 68 217
10022 85 97 216
10023 83 59 214
10024 81 224 213
10025 79 123 212
10026 77 149 211
10027 75 239 210
10028 73 254 208
10029 71 128 207
10030 69 107 206
10031 67 232 205
10032 65 210 204
10033 63 35 202
10034 61 220 201
10035 59 208 200
10036 57 206 199
10037 55 120 198
10038 53 20 196
10039 51 89 195
10040 49 229 194
10041 47 81 193
10042 45 142 192
10043 43 195 190
10044 41 161 189
10045 39 241 188
10046 37 83 187
10047 35 228 186
10048 33 38 184
10049 31 92 183
10050 29 101 182
10051 27 231 181
10052 96 234 223
10053 94 39 222
10054 92 135 221
10055 90 151 220
10056 88 68 218
10057 86 97 217
10058 84 59 216
10059 82 224 215
10060 80 123 214
10061 78 149 212
10062 76 239 211
10063 74 254 210
10064 72 128 209
10065 70 107 208
10066 68 232 206
10067 66 210 205
10068 64 35 204
10069 62 220 203
10070 60 208 202
10071 58 206 200
10072 56 120 199
10073 54 20 198
10074 52 89 197
10075 50 229 196
10076 48 81 194
10077 46 142 193
10078 44 195 192
10079 42 161 191
10080 40 241 190
10081 38 83 188
10082 36 228 187
10083 34 38 186
10084 32 92 185
10085 30 101 184
10086 97 117 224
10087 95 148 223
10088 93 196 221
10089 91 204 220
10090 89 34 219
10091 87 177 218
10092 85 158 217
10093 83 112 215
10094 81 190 214
10095 79 203 213
10096 77 248 212
10097 75 127 211
10098 73 64 209
10099 71 182 208
10100 69 116 207
10101 67 105 206
10102 65 146 205
10103 63 110 203
10104 61 104 202
10105 59 103 201
10106 57 60 200
10107 55 10 199
10108 53 173 197
10109 51 243 196
10110 49 169 195
10111 47 71 194
10112 45 226 193
10113 43 209 191
10114 41 249 190
10115 39 170 189
10116 37 114 188
10117 35 19 187
10118 33 46 185
10119 98 117 225
10120 96 148 224
10121 94 196 223
10122 92 204 222
10123 90 34 221
10124 88 177 219
10125 86 158 218
10126 84 112 217
10127 82 190 216
10128 80 203 215
10129 78 248 213
10130 76 127 212
10131 74 64 211
10132 72 182 210
10133 70 116 209
10134 68 105 207
10135 66 146 206
10136 64 110 205
10137 62 104 204
10138 60 103 203
10139 58 60 201
10140 56 10 200
10141 54 173 199
10142 52 243 198
10143 50 169 197
10144 48 71 195
10145 46 226 194
10146 44 209 193
10147 42 249 192
10148 40 170 191
10149 38 114 189
10150 36 19 188
10151 99 187 226
10152 97 74 225
10153 95 98 224
10154 93 102 222
10155 91 17 221
10156 89 217 220
10157 87 79 219
10158 85 56 218
10159 83 95 216
10160 81 230 215
10161 79 124 214
10162 77 192 213
10163 75 32 212
10164 73 91 210
10165 71 58 209
10166 69 181 208
10167 67 73 207
10168 65 55 206
10169 63 52 204
10170 61 180 203
10171 59 30 202
10172 57 5 201
10173 55 215 200
10174 53 250 198
10175 51 213 197
10176 49 164 196
10177 47 113 195
10178 45 233 194
10179 43 253 192
10180 41 85 191
10181 39 57 190
10182 100 187 228
10183 98 74 226
10184 96 98 225
10185 94 102 224
10186 92 17 223
10187 90 217 222
10188 88 79 220
10189 86 56 219
10190 84 95 218
10191 82 230 217
10192 80 124 216
10193 78 192 214
10194 76 32 213
10195 74 91 212
10196 72 58 211
10197 70 181 210
10198 68 73 208
10199 66 55 207
10200 64 52 206
10201 62 180 205
10202 60 30 204
10203 58 5 202
10204 56 215 201
10205 54 250 200
10206 52 213 199
10207 50 164 198
10208 48 113 196
10209 46 233 195
10210 44 253 194
10211 42 85 193
10212 101 222 228
10213 99 37 227
10214 97 49 226
10215 95 51 225
10216 93 137 223
10217 91 237 222
10218 89 168 221
10219 87 28 220
10220 85 176 219
10221 83 115 217
10222 81 62 216
10223 79 96 215
10224 77 16 214
10225 75 174 213
10226 73 29 211
10227 71 219 210
10228 69 165 209
10229 67 156 208
10230 65 26 207
10231 63 90 205
10232 61 15 204
10233 59 131 203
10234 57 236 202
10235 55 125 201
10236 53 235 199
10237 51 82 198
10238 49 185 197
10239 47 245 196
10240 45 255 195
10241 102 222 230
10242 100 37 229
10243 98 49 227
10244 96 51 226
10245 94 137 225
10246 92 237 224
10247 90 168 223
10248 88 28 221
10249 86 176 220
10250 84 115 219
10251 82 62 218
10252 80 96 217
10253 78 16 215
10254 76 174 214
10255 74 29 213
10256 72 219 212
10257 70 165 211
10258 68 156 209
10259 66 26 208
10260 64 90 207
10261 62 15 206
10262 60 131 205
10263 58 236 203
10264 56 125 202
10265 54 235 201
10266 52 82 200
10267 50 185 199
10268 48 245 197
10269 103 111 230
10270 101 147 229
10271 99 153 228
10272 97 154 227
10273 95 197 226
10274 93 247 224
10275 91 84 223
10276 89 14 222
10277 87 88 221
10278 85 186 220
10279 83 31 218
10280 81 48 217
10281 79 8 216
10282 77 87 215
10283 75 143 214
10284 73 238 212
10285 71 211 211
10286 69 78 210
10287 67 13 209
10288 65 45 208
10289 63 136 206
10290 61 194 205
10291 59 118 204
10292 57 191 203
10293 55 246 202
10294 53 41 200
10295 51 221 199
10296 104 111 232
10297 102 147 231
10298 100 153 230
10299 98 154 228
10300 96 197 227
10301 94 247 226
10302 92 84 225
10303 90 14 224
10304 88 88 222
10305 86 186 221
10306 84 31 220
10307 82 48 219
10308 80 8 218
10309 78 87 216
10310 76 143 215
10311 74 238 214
10312 72 211 213
10313 70 78 212
10314 68 13 210
10315 66 45 209
10316 64 136 208
10317 62 194 207
10318 60 118 206
10319 58 191 204
10320 56 246 203
10321 54 41 202
10322 105 184 233
10323 103 202 231
10324 101 205 230
10325 99 77 229
10326 97 227 228
10327 95 252 227
10328 93 42 225
10329 91 7 224
10330 89 44 223
10331 87 93 222
10332 85 144 221
10333 83 24 219
10334 81 4 218
10335 79 172 217
10336 77 200 216
10337 75 119 215
10338 73 234 213
10339 71 39 212
10340 69 135 211
10341 67 151 210
10342 65 68 209
10343 63 97 207
10344 61 59 206
10345 59 224 205
10346 57 123 204
10347 106 184 234
10348 104 202 233
10349 102 205 232
10350 100 77 231
10351 98 227 229
10352 96 252 228
10353 94 42 227
10354 92 7 226
10355 90 44 225
10356 88 93 223
10357 86 144 222
10358 84 24 221
10359 82 4 220
10360 80 172 219
10361 78 200 217
10362 76 119 216
10363 74 234 215
10364 72 39 214
10365 70 135 213
10366 68 151 211
10367 66 68 210
10368 64 97 209
10369 62 59 208
10370 60 224 207
10371 107 92 235
10372 105 101 234
10373 103 231 232
10374 101 167 231
10375 99 242 230
10376 97 126 229
10377 95 21 228
10378 93 132 226
10379 91 22 225
10380 89 175 224
10381 87 72 223
10382 85 12 222
10383 83 2 220
10384 81 86 219
10385 79 100 218
10386 77 188 217
10387 75 117 216
10388 73 148 214
10389 71 196 213
10390 69 204 212
10391 67 34 211
10392 65 177 210
10393 63 158 208
10394 108 92 236
10395 106 101 235
10396 104 231 234
10397 102 167 233
10398 100 242 232
10399 98 126 230
10400 96 21 229
10401 94 132 228
10402 92 22 227
10403 90 175 226
10404 88 72 224
10405 86 12 223
10406 84 2 222
10407 82 86 221
10408 80 100 220
10409 78 188 218
10410 76 117 217
10411 74 148 216
10412 72 196 215
10413 70 204 214
10414 68 34 212
10415 66 177 211
10416 109 46 237
10417 107 179 236
10418 105 244 235
10419 103 212 233
10420 101 121 232
10421 99 63 231
10422 97 139 230
10423 95 66 229
10424 93 11 227
10425 91 216 226
10426 89 36 225
10427 87 6 224
10428 85 1 223
10429 83 43 221
10430 81 50 220
10431 79 94 219
10432 77 187 218
10433 75 74 217
10434 73 98 215
10435 71 102 214
10436 69 17 213
10437 110 46 239
10438 108 179 237
10439 106 244 236
10440 104 212 235
10441 102 121 234
10442 100 63 233
10443 98 139 231
10444 96 66 230
10445 94 11 229
10446 92 216 228
10447 90 36 227
10448 88 6 225
10449 86 1 224
10450 84 43 223
10451 82 50 222
10452 80 94 221
10453 78 187 219
10454 76 74 218
10455 74 98 217
10456 72 102 216
10457 111 23 239
10458 109 218 238
10459 107 122 237
10460 105 106 236
10461 103 189 234
10462 101 160 233
10463 99 198 232
10464 97 33 231
10465 95 134 230
10466 93 108 228
10467 91 18 227
10468 89 3 226
10469 87 129 225
10470 85 150 224
10471 83 25 222
10472 81 47 221
10473 79 222 220
10474 77 37 219
10475 75 49 218
10476 112 23 241
10477 110 218 240
10478 108 122 238
10479 106 106 237
10480 104 189 236
10481 102 160 235
10482 100 198 234
10483 98 33 232
10484 96 134 231
10485 94 108 230
10486 92 18 229
10487 90 3 228
10488 88 129 226
10489 86 150 225
10490 84 25 224
10491 82 47 223
10492 80 222 222
10493 78 37 220
10494 113 140 241
10495 111 109 240
10496 109 61 239
10497 107 53 238
10498 105 223 237
10499 103 80 235
10500 101 99 234
10501 99 145 233
10502 97 67 232
10503 95 54 231
10504 93 9 229
10505 91 130 228
10506 89 193 227
10507 87 75 226
10508 85 141 225
10509 83 152 223
10510 81 111 222
10511 114 140 243
10512 112 109 242
10513 110 61 241
10514 108 53 239
10515 106 223 238
10516 104 80 237
10517 102 99 236
10518 100 145 235
10519 98 67 233
10520 96 54 232
10521 94 9 231
10522 92 130 230
10523 90 193 229
10524 88 75 227
10525 86 141 226
10526 84 152 225
10527 115 70 244
10528 113 183 242
10529 111 159 241
10530 109 155 240
10531 107 240 239
10532 105 40 238
10533 103 178 236
10534 101 201 235
10535 99 162 234
10536 97 27 233
10537 95 133 232
10538 93 65 230
10539 91 225 229
10540 89 166 228
10541 87 199 227
10542 116 70 245
10543 114 183 244
10544 112 159 243
10545 110 155 242
10546 108 240 240
10547 106 40 239
10548 104 178 238
10549 102 201 237
10550 100 162 236
10551 98 27 234
10552 96 133 233
10553 94 65 232
10554 92 225 231
10555 90 166 230
10556 117 35 246
10557 115 220 245
10558 113 208 243
10559 111 206 242
10560 109 120 241
10561 107 20 240
10562 105 89 239
10563 103 229 237
10564 101 81 236
10565 99 142 235
10566 97 195 234
10567 95 161 233
10568 93 241 231
10569 118 35 247
10570 116 220 246
10571 114 208 245
10572 112 206 244
10573 110 120 243
10574 108 20 241
10575 106 89 240
10576 104 229 239
10577 102 81 238
10578 100 142 237
10579 98 195 235
10580 96 161 234
10581 119 146 248
10582 117 110 247
10583 115 104 246
10584 113 103 244
10585 111 60 243
10586 109 10 242
10587 107 173 241
10588 105 243 240
10589 103 169 238
10590 101 71 237
10591 99 226 236
10592 120 146 250
10593 118 110 248
10594 116 104 247
10595 114 103 246
10596 112 60 245
10597 110 10 244
10598 108 173 242
10599 106 243 241
10600 104 169 240
10601 102 71 239
10602 121 73 250
10603 119 55 249
10604 117 52 248
10605 115 180 247
10606 113 30 245
10607 111 5 244
10608 109 215 243
10609 107 250 242
10610 105 213 241
10611 122 73 252
10612 120 55 251
10613 118 52 249
10614 116 180 248
10615 114 30 247
10616 112 5 246
10617 110 215 245
10618 108 250 243
10619 123 165 252
10620 121 156 251
10621 119 26 250
10622 117 90 249
10623 115 15 248
10624 113 131 246
10625 111 236 245
10626 124 165 254
10627 122 156 253
10628 120 26 252
10629 118 90 250
10630 116 15 249
10631 114 131 248
10632 125 211 255
10633 123 78 253
10634 121 13 252
10635 119 45 251
10636 117 136 250
10637 126 211 256
10638 124 78 255
10639 122 13 254
10640 120 45 253
10641 127 234 257
10642 125 39 256
10643 123 135 254
10644 128 234 258
10645 126 39 257
10646 129 117 259
10647 3 54 169
10648 2 230 170
10649 1 142 171
10650 0 186 172
10651 0 186 173
10652 0 186 174
10653 0 186 175
10654 0 186 176
10655 0 186 177
10656 0 186 178
10657 0 186 179
10658 0 186 180
10659 0 186 181
10660 0 186 182
10661 0 186 183
10662 0 186 184
10663 0 186 185
10664 0 186 186
10665 0 186 187
10666 0 186 188
10667 0 186 189
10668 0 186 190
10669 0 186 191
10670 0 186 192
10671 0 186 193
10672 0 186 194
10673 0 186 195
10674 0 186 196
10675 0 186 197
10676 0 186 198
10677 0 186 199
10678 0 186 200
10679 0 186 201
10680 0 186 202
10681 5 194 169
10682 3 48 170
10683 4 157 170
10684 2 195 171
10685 1 31 172
10686 1 31 173
10687 1 31 174
10688 1 31 175
10689 1 31 176
10690 1 31 177
10691 1 31 178
10692 1 31 179
10693 1 31 180
10694 1 31 181
10695 1 31 182
10696 1 31 183
10697 1 31 184
10698 1 31 185
10699 1 31 186
10700 1 31 187
10701 1 31 188
10702 1 31 189
10703 1 31 190
10704 1 31 191
10705 1 31 192
10706 1 31 193
10707 1 31 194
10708 1 31 195
10709 1 31 196
10710 1 31 197
10711 1 31 198
10712 1 31 199
10713 1 31 200
10714 7 202 169
10715 5 201 170
10716 6 31 170
10717 3 194 171
10718 4 35 171
10719 2 48 172
10720 2 48 173
10721 2 48 174
10722 2 48 175
10723 2 48 176
10724 2 48 177
10725 2 48 178
10726 2 48 179
10727 2 48 180
10728 2 48 181
10729 2 48 182
10730 2 48 183
10731 2 48 184
10732 2 48 185
10733 2 48 186
10734 2 48 187
10735 2 48 188
10736 2 48 189
10737 2 48 190
10738 2 48 191
10739 2 48 192
10740 2 48 193
10741 2 48 194
10742 2 48 195
10743 2 48 196
10744 2 48 197
10745 2 48 198
10746 9 107 169
10747 7 151 170
10748 8 178 170
10749 5 202 171
10750 6 2 171
10751 3 51 172
10752 4 141 172
10753 3 8 173
10754 3 8 174
10755 3 8 175
10756 3 8 176
10757 3 8 177
10758 3 8 178
10759 3 8 179
10760 3 8 180
10761 3 8 181
10762 3 8 182
10763 3 8 183
10764 3 8 184
10765 3 8 185
10766 3 8 186
10767 3 8 187
10768 3 8 188
10769 3 8 189
10770 3 8 190
10771 3 8 191
10772 3 8 192
10773 3 8 193
10774 3 8 194
10775 3 8 195
10776 3 8 196
10777 11 175 169
10778 9 38 170
10779 10 135 170
10780 7 107 171
10781 8 169 171
10782 5 69 172
10783 6 221 172
10784 4 240 173
10785 5 175 173
10786 4 87 174
10787 4 87 175
10788 4 87 176
10789 4 87 177
10790 4 87 178
10791 4 87 179
10792 4 87 180
10793 4 87 181
10794 4 87 182
10795 4 87 183
10796 4 87 184
10797 4 87 185
10798 4 87 186
10799 4 87 187
10800 4 87 188
10801 4 87 189
10802 4 87 190
10803 4 87 191
10804 4 87 192
10805 4 87 193
10806 4 87 194
10807 11 221 170
10808 13 134 170
10809 9 69 171
10810 10 34 171
10811 12 79 171
10812 7 48 172
10813 8 42 172
10814 6 234 173
10815 7 10 173
10816 5 240 174
10817 6 40 174
10818 5 143 175
10819 5 143 176
10820 5 143 177
10821 5 143 178
10822 5 143 179
10823 5 143 180
10824 5 143 181
10825 5 143 182
10826 5 143 183
10827 5 143 184
10828 5 143 185
10829 5 143 186
10830 5 143 187
10831 5 143 188
10832 5 143 189
10833 5 143 190
10834 5 143 191
10835 5 143 192
10836 11 3 171
10837 13 203 171
10838 9 187 172
10839 10 40 172
10840 12 229 172
10841 14 165 172
10842 8 252 173
10843 9 106 173
10844 16 227 173
10845 7 234 174
10846 8 39 174
10847 6 94 175
10848 7 21 175
10849 6 238 176
10850 6 238 177
10851 6 238 178
10852 6 238 179
10853 6 238 180
10854 6 238 181
10855 6 238 182
10856 6 238 183
10857 6 238 184
10858 6 238 185
10859 6 238 186
10860 6 238 187
10861 6 238 188
10862 6 238 189
10863 6 238 190
10864 11 64 172
10865 13 133 172
10866 10 31 173
10867 11 86 173
10868 12 88 173
10869 14 179 173
10870 15 101 173
10871 9 165 174
10872 10 47 174
10873 17 5 174
10874 8 37 175
10875 9 132 175
10876 19 186 175
10877 7 217 176
10878 8 256 176
10879 7 211 177
10880 7 211 178
10881 7 211 179
10882 7 211 180
10883 7 211 181
10884 7 211 182
10885 7 211 183
10886 7 211 184
10887 7 211 185
10888 7 211 186
10889 7 211 187
10890 7 211 188
10891 13 118 173
10892 11 228 174
10893 12 46 174
10894 13 56 174
10895 14 71 174
10896 15 224 174
10897 16 41 174
10898 10 107 175
10899 11 171 175
10900 12 176 175
10901 18 84 175
10902 9 147 176
10903 10 157 176
10904 8 105 177
10905 9 223 177
10906 20 38 177
10907 8 78 178
10908 22 199 178
10909 8 78 179
10910 8 78 180
10911 8 78 181
10912 8 78 182
10913 8 78 183
10914 8 78 184
10915 8 78 185
10916 8 78 186
10917 13 195 175
10918 14 197 175
10919 15 58 175
10920 16 126 175
10921 17 126 175
10922 11 30 176
10923 12 141 176
10924 13 127 176
10925 14 145 176
10926 15 175 176
10927 19 214 176
10928 11 205 177
10929 10 234 177
10930 12 106 177
10931 21 96 177
10932 9 216 178
10933 10 139 178
10934 23 76 178
10935 9 13 179
10936 9 13 180
10937 25 116 180
10938 9 13 181
10939 9 13 182
10940 9 13 183
10941 9 13 184
10942 16 194 176
10943 17 138 176
10944 18 73 176
10945 13 60 177
10946 14 241 177
10947 15 225 177
10948 16 238 177
10949 17 241 177
10950 18 180 177
10951 11 190 178
10952 12 125 178
10953 13 75 178
10954 14 211 178
10955 20 141 178
10956 10 6 179
10957 11 127 179
10958 12 68 179
10959 22 202 179
10960 10 45 180
10961 24 111 180
10962 10 45 181
10963 26 47 181
10964 10 45 182
10965 28 50 182
10966 19 222 177
10967 15 235 178
10968 16 193 178
10969 17 254 178
10970 18 148 178
10971 19 121 178
10972 21 214 178
10973 13 71 179
10974 14 27 179
10975 15 215 179
10976 16 122 179
10977 17 3 179
10978 18 131 179
10979 23 224 179
10980 11 186 180
10981 12 148 180
10982 13 171 180
10983 14 98 180
10984 11 208 181
10985 12 70 181
10986 25 110 181
10987 11 136 182
10988 27 35 182
10989 19 136 179
10990 20 57 179
10991 21 120 179
10992 15 164 180
10993 16 206 180
10994 17 243 180
10995 18 198 180
10996 19 24 180
10997 20 75 180
10998 21 28 180
10999 22 213 180
11000 23 187 180
11001 13 101 181
11002 14 80 181
11003 15 66 181
11004 16 36 181
11005 24 77 181
11006 12 244 182
11007 13 192 182
11008 14 109 182
11009 26 33 182
11010 10 137 183
11011 17 176 181
11012 18 98 181
11013 19 210 181
11014 20 12 181
11015 21 72 181
11016 22 253 181
11017 23 101 181
11018 15 211 182
11019 16 42 182
11020 17 64 182
11021 18 12 182
11022 19 4 182
11023 20 85 182
11024 21 25 182
11025 23 96 182
11026 25 37 182
11027 11 47 183
11028 12 203 183
11029 13 57 183
11030 14 146 183
11031 15 252 183
11032 22 45 182
11033 24 70 182
11034 16 86 183
11035 17 224 183
11036 18 73 183
11037 19 180 183
11038 20 36 183
11039 21 115 183
11040 22 252 183
11041 23 4 183
11042 24 50 183
11043 25 248 183
11044 26 34 183
11045 27 205 183
11046 28 3 183
11047 29 155 183
11048 10 78 184
11049 11 62 184
11050 12 73 184
11051 13 88 184
11052 14 33 184
11053 15 147 184
11054 16 188 184
11055 18 169 184
11056 17 211 184
11057 19 218 184
11058 20 226 184
11059 21 194 184
11060 22 27 184
11061 23 177 184
11062 24 208 184
11063 25 43 184
11064 26 208 184
11065 27 76 184
11066 28 110 184
11067 29 6 184
11068 31 198 184
11069 9 198 185
11070 10 60 185
11071 11 83 185
11072 12 149 185
11073 13 33 185
11074 14 207 185
11075 15 232 185
11076 16 44 185
11077 17 84 185
11078 18 88 185
11079 19 247 185
11080 20 215 185
11081 21 106 185
11082 22 214 185
11083 23 162 185
11084 24 65 185
11085 25 236 185
11086 26 141 185
11087 27 190 185
11088 28 134 185
11089 29 31 185
11090 30 162 185
11091 31 66 185
11092 9 100 186
11093 10 128 186
11094 11 251 186
11095 12 85 186
11096 13 25 186
11097 14 90 186
11098 15 211 186
11099 16 253 186
11100 17 60 186
11101 18 78 186
11102 19 98 186
11103 20 15 186
11104 21 129 186
11105 22 230 186
11106 23 154 186
11107 24 230 186
11108 25 141 186
11109 26 254 186
11110 27 102 186
11111 28 193 186
11112 29 256 186
11113 30 248 186
11114 31 182 186
11115 33 38 186
11116 32 102 186
11117 8 207 187
11118 9 43 187
11119 10 31 187
11120 11 203 187
11121 12 213 187
11122 13 2 187
11123 14 149 187
11124 15 38 187
11125 16 215 187
11126 17 83 187
11127 18 150 187
11128 19 91 187
11129 20 102 187
11130 21 242 187
11131 22 32 187
11132 23 158 187
11133 24 137 187
11134 25 160 187
11135 26 30 187
11136 27 254 187
11137 28 145 187
11138 29 76 187
11139 30 151 187
11140 31 197 187
11141 32 178 187
11142 33 159 187
11143 34 193 187
11144 8 174 188
11145 9 14 188
11146 10 33 188
11147 11 30 188
11148 12 157 188
11149 13 10 188
11150 14 224 188
11151 15 164 188
11152 16 47 188
11153 17 230 188
11154 18 200 188
11155 19 25 188
11156 20 189 188
11157 21 48 188
11158 22 158 188
11159 23 92 188
11160 24 169 188
11161 25 196 188
11162 26 189 188
11163 27 128 188
11164 28 226 188
11165 29 26 188
11166 30 200 188
11167 31 175 188
11168 32 190 188
11169 33 39 188
11170 34 198 188
11171 35 36 188
11172 7 139 189
11173 8 207 189
11174 9 26 189
11175 10 176 189
11176 11 112 189
11177 12 57 189
11178 13 224 189
11179 14 202 189
11180 15 56 189
11181 16 17 189
11182 17 12 189
11183 18 129 189
11184 19 30 189
11185 20 52 189
11186 21 32 189
11187 22 82 189
11188 23 185 189
11189 24 255 189
11190 25 121 189
11191 26 184 189
11192 27 61 189
11193 28 38 189
11194 29 254 189
11195 30 95 189
11196 31 38 189
11197 32 5 189
11198 33 92 189
11199 34 219 189
11200 35 166 189
11201 36 108 189
11202 37 202 189
11203 7 224 190
11204 8 131 190
11205 9 243 190
11206 10 143 190
11207 11 47 190
11208 12 88 190
11209 13 216 190
11210 14 185 190
11211 15 100 190
11212 16 229 190
11213 17 46 190
11214 18 125 190
11215 19 61 190
11216 20 69 190
11217 21 134 190
11218 22 75 190
11219 23 142 190
11220 24 192 190
11221 25 76 190
11222 26 64 190
11223 27 114 190
11224 28 225 190
11225 29 98 190
11226 30 185 190
11227 31 249 190
11228 32 15 190
11229 33 78 190
11230 34 113 190
11231 35 113 190
11232 36 116 190
11233 37 186 190
11234 38 60 190
11235 6 106 191
11236 7 90 191
11237 8 46 191
11238 9 96 191
11239 6 149 192
11240 10 164 191
11241 5 248 193
11242 11 10 191
11243 12 215 191
11244 13 22 191
11245 14 148 191
11246 15 130 191
11247 16 200 191
11248 17 188 191
11249 18 222 191
11250 19 82 191
11251 20 95 191
11252 21 166 191
11253 22 241 191
11254 23 249 191
11255 24 214 191
11256 25 243 191
11257 26 137 191
11258 27 91 191
11259 28 117 191
11260 29 186 191
11261 30 202 191
11262 31 64 191
11263 32 208 191
11264 33 44 191
11265 34 89 191
11266 35 7 191
11267 36 57 191
11268 37 237 191
11269 38 55 191
11270 39 212 191
11271 7 199 192
11272 8 188 192
11273 9 130 192
11274 10 95 192
11275 11 83 192
11276 12 74 192
11277 13 87 192
11278 14 12 192
11279 15 210 192
11280 16 79 192
11281 17 119 192
11282 18 41 192
11283 19 92 192
11284 20 98 192
11285 21 197 192
11286 22 41 192
11287 23 244 192
11288 24 108 192
11289 25 45 192
11290 26 110 192
11291 27 109 192
11292 28 77 192
11293 29 172 192
11294 30 77 192
11295 31 228 192
11296 32 73 192
11297 33 98 192
11298 34 98 192
11299 35 169 192
11300 36 212 192
11301 37 49 192
11302 38 95 192
11303 39 7 192
11304 40 128 192
11305 41 219 192
11306 6 188 193
11307 7 121 193
11308 8 209 193
11309 9 207 193
11310 10 146 193
11311 11 234 193
11312 12 245 193
11313 13 113 193
11314 14 210 193
11315 15 151 193
11316 16 110 193
11317 17 73 193
11318 18 92 193
11319 19 249 193
11320 20 58 193
11321 21 25 193
11322 22 228 193
11323 23 190 193
11324 24 252 193
11325 25 24 193
11326 26 147 193
11327 27 181 193
11328 28 43 193
11329 29 136 193
11330 30 174 193
11331 31 179 193
11332 32 30 193
11333 33 113 193
11334 34 223 193
11335 35 28 193
11336 36 64 193
11337 37 200 193
11338 38 91 193
11339 39 10 193
11340 40 196 193
11341 41 43 193
11342 43 78 193
11343 5 227 194
11344 6 190 194
11345 7 86 194
11346 8 161 194
11347 9 255 194
11348 10 76 194
11349 11 131 194
11350 12 44 194
11351 13 143 194
11352 14 79 194
11353 15 24 194
11354 16 243 194
11355 17 153 194
11356 18 18 194
11357 19 213 194
11358 20 107 194
11359 21 2 194
11360 22 256 194
11361 23 93 194
11362 24 141 194
11363 25 98 194
11364 26 1 194
11365 27 192 194
11366 28 237 194
11367 29 6 194
11368 30 221 194
11369 31 162 194
11370 32 163 194
11371 33 182 194
11372 34 153 194
11373 35 180 194
11374 36 50 194
11375 37 79 194
11376 38 57 194
11377 39 253 194
11378 40 132 194
11379 41 253 194
11380 42 86 194
11381 43 67 194
11382 4 62 195
11383 5 85 195
11384 6 166 195
11385 7 55 195
11386 8 46 195
11387 9 18 195
11388 10 39 195
11389 11 178 195
11390 12 38 195
11391 13 101 195
11392 14 248 195
11393 15 103 195
11394 16 24 195
11395 17 224 195
11396 18 48 195
11397 19 137 195
11398 20 206 195
11399 21 33 195
11400 22 43 195
11401 23 150 195
11402 24 26 195
11403 25 198 195
11404 26 8 195
11405 27 49 195
11406 28 173 195
11407 29 153 195
11408 30 186 195
11409 31 198 195
11410 32 30 195
11411 33 230 195
11412 34 189 195
11413 35 55 195
11414 36 127 195
11415 37 210 195
11416 38 147 195
11417 39 75 195
11418 41 42 195
11419 40 200 195
11420 42 38 195
11421 43 191 195
11422 44 44 195
11423 4 160 196
11424 5 87 196
11425 6 256 196
11426 7 254 196
11427 8 110 196
11428 9 19 196
11429 10 175 196
11430 11 206 196
11431 12 195 196
11432 13 242 196
11433 14 217 196
11434 15 232 196
11435 16 193 196
11436 17 58 196
11437 18 97 196
11438 19 215 196
11439 20 226 196
11440 21 145 196
11441 22 125 196
11442 23 23 196
11443 24 166 196
11444 25 190 196
11445 26 96 196
11446 27 39 196
11447 28 31 196
11448 29 105 196
11449 30 60 196
11450 31 10 196
11451 32 103 196
11452 33 139 196
11453 34 85 196
11454 35 128 196
11455 36 93 196
11456 37 134 196
11457 38 22 196
11458 39 91 196
11459 40 150 196
11460 41 72 196
11461 42 198 196
11462 43 172 196
11463 44 194 196
11464 45 129 196
11465 46 110 196
11466 3 68 197
11467 4 169 197
11468 5 247 197
11469 6 173 197
11470 7 156 197
11471 8 204 197
11472 9 14 197
11473 10 117 197
11474 11 197 197
11475 12 192 197
11476 13 246 197
11477 14 183 197
11478 15 56 197
11479 16 129 197
11480 17 240 197
11481 18 44 197
11482 19 193 197
11483 20 139 197
11484 21 146 197
11485 22 176 197
11486 23 183 197
11487 24 167 197
11488 25 91 197
11489 26 157 197
11490 27 230 197
11491 28 218 197
11492 29 172 197
11493 30 95 197
11494 31 81 197
11495 32 122 197
11496 33 254 197
11497 34 142 197
11498 35 52 197
11499 36 143 197
11500 37 8 197
11501 38 107 197
11502 39 63 197
11503 40 194 197
11504 41 138 197
11505 42 126 197
11506 43 174 197
11507 44 34 197
11508 45 129 197
11509 46 61 197
11510 47 97 197
11511 3 242 198
11512 4 186 198
11513 5 218 198
11514 6 174 198
11515 7 227 198
11516 8 63 198
11517 9 91 198
11518 10 33 198
11519 11 90 198
11520 12 90 198
11521 13 52 198
11522 14 164 198
11523 15 210 198
11524 16 52 198
11525 17 179 198
11526 18 158 198
11527 19 61 198
11528 20 37 198
11529 21 107 198
11530 22 113 198
11531 23 134 198
11532 24 46 198
11533 25 197 198
11534 26 154 198
11535 27 84 198
11536 28 253 198
11537 29 50 198
11538 30 55 198
11539 31 228 198
11540 32 238 198
11541 33 183 198
11542 34 228 198
11543 35 163 198
11544 36 117 198
11545 37 58 198
11546 38 124 198
11547 39 252 198
11548 40 34 198
11549 41 247 198
11550 42 175 198
11551 43 188 198
11552 44 172 198
11553 45 78 198
11554 46 169 198
11555 47 124 198
11556 48 229 198
11557 49 217 198
11558 2 93 199
11559 3 117 199
11560 4 128 199
11561 5 182 199
11562 6 227 199
11563 7 134 199
11564 8 208 199
11565 9 21 199
11566 10 13 199
11567 11 41 199
11568 12 77 199
11569 13 59 199
11570 14 68 199
11571 15 81 199
11572 16 111 199
11573 17 161 199
11574 18 73 199
11575 19 198 199
11576 20 49 199
11577 21 201 199
11578 22 108 199
11579 23 70 199
11580 24 157 199
11581 25 188 199
11582 26 209 199
11583 27 46 199
11584 28 146 199
11585 29 18 199
11586 30 52 199
11587 31 47 199
11588 32 122 199
11589 33 44 199
11590 34 110 199
11591 35 90 199
11592 36 240 199
11593 37 179 199
11594 38 79 199
11595 39 212 199
11596 40 256 199
11597 41 33 199
11598 42 91 199
11599 43 173 199
11600 44 201 199
11601 45 231 199
11602 46 162 199
11603 47 140 199
11604 48 128 199
11605 49 17 199
11606 2 107 200
11607 3 8 200
11608 4 235 200
11609 5 98 200
11610 6 69 200
11611 7 223 200
11612 8 43 200
11613 9 227 200
11614 10 33 200
11615 11 112 200
11616 12 17 200
11617 13 158 200
11618 14 71 200
11619 15 100 200
11620 16 236 200
11621 17 247 200
11622 18 211 200
11623 19 104 200
11624 20 134 200
11625 21 33 200
11626 22 33 200
11627 23 216 200
11628 24 51 200
11629 25 226 200
11630 26 229 200
11631 27 119 200
11632 28 225 200
11633 29 237 200
11634 30 30 200
11635 31 175 200
11636 32 208 200
11637 33 128 200
11638 34 100 200
11639 35 254 200
11640 36 37 200
11641 37 145 200
11642 38 91 200
11643 39 90 200
11644 40 97 200
11645 41 233 200
11646 42 127 200
11647 43 182 200
11648 44 162 200
11649 45 13 200
11650 46 4 200
11651 47 69 200
11652 48 49 200
11653 49 106 200
11654 50 29 200
11655 51 205 200
11656 1 141 201
11657 2 225 201
11658 3 219 201
11659 4 179 201
11660 5 155 201
11661 6 219 201
11662 7 230 201
11663 8 81 201
11664 9 114 201
11665 10 48 201
11666 11 79 201
11667 12 217 201
11668 13 152 201
11669 14 23 201
11670 15 227 201
11671 16 90 201
11672 17 88 201
11673 18 224 201
11674 19 96 201
11675 20 170 201
11676 21 243 201
11677 22 82 201
11678 23 7 201
11679 24 204 201
11680 25 131 201
11681 26 215 201
11682 27 24 201
11683 28 177 201
11684 29 183 201
11685 30 196 201
11686 31 102 201
11687 32 96 201
11688 33 189 201
11689 34 94 201
11690 35 1 201
11691 36 237 201
11692 37 179 201
11693 38 56 201
11694 39 167 201
11695 40 140 201
11696 41 180 201
11697 42 72 201
11698 43 88 201
11699 44 193 201
11700 45 115 201
11701 46 138 201
11702 47 233 201
11703 48 115 201
11704 49 6 201
11705 50 112 201
11706 51 95 201
11707 52 196 201
11708 53 175 201
11709 1 14 202
11710 2 246 202
11711 20 114 202
11712 22 255 202
11713 24 120 202
11714 25 83 202
11715 26 217 202
11716 27 228 202
11717 28 31 202
11718 29 126 202
11719 30 228 202
11720 31 182 202
11721 32 218 202
11722 33 187 202
11723 34 247 202
11724 35 33 202
11725 36 170 202
11726 37 195 202
11727 38 66 202
11728 39 123 202
11729 40 248 202
11730 41 124 202
11731 42 77 202
11732 43 187 202
11733 44 103 202
11734 45 214 202
11735 46 69 202
11736 47 137 202
11737 48 241 202
11738 49 229 202
11739 50 166 202
11740 51 160 202
11741 52 96 202
11742 53 83 202
11743 24 247 203
11744 26 239 203
11745 27 67 203
11746 28 54 203
11747 29 219 203
11748 30 147 203
11749 31 28 203
11750 32 141 203
11751 33 188 203
11752 34 249 203
11753 35 11 203
11754 36 55 203
11755 37 101 203
11756 38 3 203
11757 39 13 203
11758 40 108 203
11759 41 76 203
11760 42 222 203
11761 43 24 203
11762 44 151 203
11763 45 45 203
11764 46 24 203
11765 47 252 203
11766 48 56 203
11767 49 87 203
11768 50 172 203
11769 51 71 203
11770 52 101 203
11771 53 238 203
11772 54 33 203
11773 55 192 203
11774 30 46 204
11775 31 9 204
11776 32 150 204
11777 33 58 204
11778 34 27 204
11779 35 244 204
11780 36 96 204
11781 37 224 204
11782 38 169 204
11783 39 63 204
11784 40 145 204
11785 41 41 204
11786 42 20 204
11787 43 118 204
11788 44 130 204
11789 45 188 204
11790 46 41 204
11791 47 252 204
11792 48 133 204
11793 49 216 204
11794 50 41 204
11795 51 34 204
11796 52 216 204
11797 53 149 204
11798 54 85 204
11799 55 230 204
11800 56 24 204
11801 32 101 205
11802 34 93 205
11803 35 195 205
11804 36 139 205
11805 37 256 205
11806 38 208 205
11807 39 104 205
11808 40 135 205
11809 41 74 205
11810 42 250 205
11811 43 16 205
11812 44 94 205
11813 45 23 205
11814 46 160 205
11815 47 173 205
11816 48 100 205
11817 49 88 205
11818 50 82 205
11819 51 32 205
11820 52 110 205
11821 53 220 205
11822 54 132 205
11823 55 184 205
11824 56 184 205
11825 57 130 205
11826 58 250 205
11827 36 216 206
11828 38 111 206
11829 39 48 206
11830 40 73 206
11831 41 4 206
11832 42 39 206
11833 43 41 206
11834 44 19 206
11835 45 76 206
11836 46 167 206
11837 47 52 206
11838 48 19 206
11839 49 58 206
11840 50 203 206
11841 51 173 206
11842 52 112 206
11843 53 36 206
11844 54 62 206
11845 55 182 206
11846 56 188 206
11847 57 218 206
11848 58 143 206
11849 59 79 206
11850 40 104 207
11851 42 124 207
11852 43 110 207
11853 44 232 207
11854 45 43 207
11855 46 135 207
11856 47 194 207
11857 48 181 207
11858 49 8 207
11859 50 95 207
11860 51 69 207
11861 52 48 207
11862 53 230 207
11863 54 214 207
11864 55 216 207
11865 56 47 207
11866 57 111 207
11867 58 62 207
11868 59 220 207
11869 61 207 207
11870 44 143 208
11871 45 94 208
11872 46 36 208
11873 47 102 208
11874 48 121 208
11875 50 211 208
11876 51 96 208
11877 49 127 208
11878 52 223 208
11879 53 103 208
11880 54 37 208
11881 55 255 208
11882 57 141 208
11883 56 136 208
11884 58 207 208
11885 59 106 208
11886 60 184 208
11887 61 110 208
11888 48 65 209
11889 50 38 209
11890 51 57 209
11891 52 24 209
11892 53 174 209
11893 54 104 209
11894 57 131 209
11895 56 130 209
11896 55 52 209
11897 58 213 209
11898 59 16 209
11899 60 37 209
11900 62 254 209
11901 61 196 209
11902 63 130 209
11903 50 52 210
11904 52 168 210
11905 54 181 210
11906 56 26 210
11907 55 216 210
11908 57 135 210
11909 58 116 210
11910 62 205 210
11911 60 140 210
11912 61 136 210
11913 59 236 210
11914 63 65 210
11915 64 63 210
11916 54 59 211
11917 56 50 211
11918 57 230 211
11919 62 41 211
11920 60 12 211
11921 61 241 211
11922 59 150 211
11923 58 90 211
11924 65 214 211
11925 64 77 211
11926 63 221 211
11927 62 111 212
11928 60 109 212
11929 61 19 212
11930 66 107 212
11931 65 197 212
11932 64 221 212
11933 63 147 212
11934 67 79 212
11935 62 219 213
11936 66 227 213
11937 65 245 213
11938 64 147 213
11939 68 232 213
11940 67 247 213
11941 66 251 214
11942 69 163 214
11943 68 252 214
11944 70 163 215
11945 71 203 215
11946 69 115 215
11947 67 93 214
11948 65 216 214
11949 63 27 213
11950 60 224 213
11951 59 82 212
11952 57 149 212
11953 55 230 211
11954 53 93 210
11955 51 216 210
11956 49 54 209
11957 47 142 209
11958 45 164 209
11959 42 182 208
11960 41 230 207
11961 39 186 207
11962 37 175 206
11963 35 108 206
11964 33 142 205
11965 30 228 205
11966 29 41 204
11967 27 203 204
11968 25 115 203
11969 23 175 202
11970 21 108 202
11971 3 198 202
11972 4 252 202
11973 5 242 202
11974 6 118 202
11975 7 54 202
11976 8 142 202
11977 9 50 202
11978 10 31 202
11979 11 191 202
11980 12 184 202
11981 13 161 202
11982 14 78 202
11983 15 248 202
11984 16 219 202
11985 17 96 202
11986 18 125 202
11987 73 222 216
11988 70 115 216
11989 68 175 215
11990 66 108 215
11991 64 27 214
11992 62 71 214
11993 61 171 213
11994 58 203 212
11995 56 115 212
11996 54 93 212
11997 52 216 211
11998 50 54 211
11999 48 71 210
12000 46 82 209
12001 44 149 209
12002 43 159 208
12003 40 186 208
12004 38 216 207
12005 36 54 207
12006 34 142 206
12007 32 164 206
12008 31 84 205
12009 28 230 204
12010 26 186 204
12011 24 175 204
12012 22 108 203
12013 20 27 203
12014 19 154 202
12015 0 126 203
12016 1 245 203
12017 2 205 203
12018 3 242 203
12019 4 163 203
12020 5 46 203
12021 6 99 203
12022 7 245 203
12023 8 158 203
12024 9 215 203
12025 10 174 203
12026 11 153 203
12027 12 241 203
12028 72 102 217
12029 71 62 216
12030 69 144 216
12031 67 36 215
12032 65 9 215
12033 63 226 214
12034 60 21 214
12035 59 239 213
12036 57 124 213
12037 55 31 212
12038 53 36 211
12039 51 9 211
12040 49 195 210
12041 47 113 210
12042 45 221 210
12043 42 55 209
12044 41 31 208
12045 39 72 208
12046 37 18 207
12047 35 133 207
12048 33 113 206
12049 30 91 206
12050 29 248 205
12051 27 62 205
12052 25 144 204
12053 23 18 203
12054 21 133 203
12055 13 100 203
12056 14 173 203
12057 15 171 203
12058 16 196 203
12059 17 106 203
12060 18 168 203
12061 19 21 203
12062 0 3 204
12063 1 175 204
12064 2 10 204
12065 3 1 204
12066 4 1 204
12067 5 30 204
12068 74 248 218
12069 73 230 217
12070 70 144 217
12071 68 18 216
12072 66 133 216
12073 64 226 215
12074 62 185 215
12075 61 199 214
12076 58 62 213
12077 56 144 213
12078 54 36 213
12079 52 9 212
12080 50 195 212
12081 48 185 211
12082 46 239 210
12083 44 124 210
12084 43 117 209
12085 40 72 209
12086 38 9 208
12087 36 195 208
12088 34 113 207
12089 32 221 207
12090 31 244 206
12091 28 31 205
12092 26 72 205
12093 24 18 205
12094 22 133 204
12095 20 226 204
12096 6 160 204
12097 7 42 204
12098 8 14 204
12099 9 205 204
12100 10 242 204
12101 11 153 204
12102 12 118 204
12103 13 191 204
12104 14 146 204
12105 15 235 204
12106 16 37 204
12107 75 254 219
12108 72 249 218
12109 71 24 217
12110 69 6 217
12111 67 130 216
12112 65 161 216
12113 63 245 215
12114 60 125 215
12115 59 192 214
12116 57 48 214
12117 55 12 213
12118 53 130 212
12119 51 161 212
12120 49 233 211
12121 47 251 211
12122 45 127 211
12123 42 40 210
12124 41 12 209
12125 39 3 209
12126 37 65 208
12127 35 209 208
12128 33 251 207
12129 30 90 207
12130 29 96 206
12131 27 24 206
12132 25 6 205
12133 23 65 204
12134 21 209 204
12135 17 20 204
12136 18 77 204
12137 19 48 204
12138 0 180 205
12139 1 22 205
12140 2 238 205
12141 3 237 205
12142 4 4 205
12143 5 74 205
12144 6 80 205
12145 76 127 219
12146 74 96 219
12147 73 75 218
12148 70 6 218
12149 68 65 217
12150 66 209 217
12151 64 245 216
12152 62 254 216
12153 61 114 215
12154 58 24 214
12155 56 6 214
12156 54 130 214
12157 52 161 213
12158 50 233 213
12159 48 254 212
12160 46 192 211
12161 44 48 211
12162 43 59 210
12163 40 3 210
12164 38 161 209
12165 36 233 209
12166 34 251 208
12167 32 127 208
12168 31 229 207
12169 28 12 206
12170 26 3 206
12171 24 65 206
12172 22 209 205
12173 20 245 205
12174 7 219 205
12175 8 53 205
12176 9 115 205
12177 10 168 205
12178 11 126 205
12179 12 189 205
12180 13 191 205
12181 14 163 205
12182 77 128 220
12183 75 32 220
12184 72 9 219
12185 71 1 218
12186 69 193 218
12187 67 241 217
12188 65 253 217
12189 63 128 216
12190 60 149 216
12191 59 8 215
12192 57 2 215
12193 55 129 214
12194 53 241 213
12195 51 253 213
12196 49 256 212
12197 47 64 212
12198 45 16 212
12199 42 78 211
12200 41 129 210
12201 39 225 210
12202 37 249 209
12203 35 255 209
12204 33 64 208
12205 30 165 208
12206 29 4 207
12207 27 1 207
12208 25 193 206
12209 23 249 205
12210 21 255 205
12211 15 86 205
12212 16 253 205
12213 17 81 205
12214 18 130 205
12215 19 66 205
12216 0 214 206
12217 1 95 206
12218 78 64 221
12219 76 16 220
12220 74 4 220
12221 73 187 219
12222 70 193 219
12223 68 249 218
12224 66 255 218
12225 64 128 217
12226 62 32 217
12227 61 255 216
12228 58 1 215
12229 56 193 215
12230 54 241 215
12231 52 253 214
12232 50 256 214
12233 48 32 213
12234 46 8 212
12235 44 2 212
12236 43 164 211
12237 40 225 211
12238 38 253 210
12239 36 256 210
12240 34 64 209
12241 32 16 209
12242 31 49 208
12243 28 129 207
12244 26 225 207
12245 24 249 207
12246 22 255 206
12247 20 128 206
12248 2 158 206
12249 3 32 206
12250 4 186 206
12251 5 93 206
12252 6 69 206
12253 79 107 221
12254 77 91 221
12255 75 87 221
12256 72 41 220
12257 71 75 219
12258 69 83 219
12259 67 85 218
12260 65 214 218
12261 63 91 217
12262 60 91 217
12263 59 86 216
12264 57 150 216
12265 55 166 215
12266 53 85 214
12267 51 214 214
12268 49 182 213
12269 47 174 213
12270 45 172 213
12271 42 92 212
12272 41 166 211
12273 39 170 211
12274 37 171 210
12275 35 107 210
12276 33 174 209
12277 30 201 209
12278 29 43 208
12279 27 75 208
12280 25 83 207
12281 23 171 206
12282 21 107 206
12283 7 145 206
12284 8 168 206
12285 9 44 206
12286 10 193 206
12287 80 107 223
12288 78 174 222
12289 76 172 221
12290 74 43 221
12291 73 156 220
12292 70 83 220
12293 68 171 219
12294 66 107 219
12295 64 91 218
12296 62 87 218
12297 61 179 217
12298 58 75 216
12299 56 83 216
12300 54 85 216
12301 52 214 215
12302 50 182 215
12303 48 87 214
12304 46 86 213
12305 44 150 213
12306 43 97 212
12307 40 170 212
12308 38 214 211
12309 36 182 211
12310 34 174 210
12311 32 172 210
12312 31 113 209
12313 28 166 208
12314 26 170 208
12315 24 171 208
12316 22 107 207
12317 20 91 207
12318 18 172 206
12319 11 174 206
12320 81 232 223
12321 79 58 222
12322 77 143 222
12323 75 100 222
12324 72 36 221
12325 71 228 220
12326 69 57 220
12327 67 207 219
12328 65 116 219
12329 63 143 218
12330 60 18 218
12331 59 25 217
12332 57 199 217
12333 55 114 216
12334 53 207 215
12335 51 116 215
12336 49 29 214
12337 47 200 214
12338 45 50 214
12339 42 139 213
12340 41 114 212
12341 39 157 212
12342 37 232 211
12343 35 58 211
12344 33 200 210
12345 30 147 210
12346 29 141 209
12347 27 228 209
12348 25 57 208
12349 23 232 207
12350 21 58 207
12351 19 143 206
12352 82 232 224
12353 80 58 224
12354 78 200 223
12355 76 50 222
12356 74 141 222
12357 73 39 221
12358 70 57 221
12359 68 232 220
12360 66 58 220
12361 64 143 219
12362 62 100 219
12363 61 64 218
12364 58 228 217
12365 56 57 217
12366 54 207 217
12367 52 116 216
12368 50 29 216
12369 48 100 215
12370 46 25 214
12371 44 199 214
12372 43 31 213
12373 40 157 213
12374 38 116 212
12375 36 29 212
12376 34 200 211
12377 32 50 211
12378 31 124 210
12379 28 114 209
12380 26 157 209
12381 24 232 209
12382 22 58 208
12383 83 210 224
12384 81 181 224
12385 79 238 223
12386 77 188 223
12387 75 47 223
12388 72 193 222
12389 71 138 221
12390 69 163 221
12391 67 105 220
12392 65 219 220
12393 63 188 219
12394 60 74 219
12395 59 76 218
12396 57 19 218
12397 55 69 217
12398 53 105 216
12399 51 219 216
12400 49 119 215
12401 47 94 215
12402 45 152 215
12403 42 212 214
12404 41 69 213
12405 39 210 213
12406 37 181 212
12407 35 238 212
12408 33 94 211
12409 30 51 211
12410 29 38 210
12411 27 138 210
12412 25 163 209
12413 84 210 226
12414 82 181 225
12415 80 238 225
12416 78 94 224
12417 76 152 223
12418 74 38 223
12419 73 94 222
12420 70 163 222
12421 68 181 221
12422 66 238 221
12423 64 188 220
12424 62 47 220
12425 61 142 219
12426 58 138 218
12427 56 163 218
12428 54 105 218
12429 52 219 217
12430 50 119 217
12431 48 47 216
12432 46 76 215
12433 44 19 215
12434 43 10 214
12435 40 210 214
12436 38 219 213
12437 36 119 213
12438 34 94 212
12439 32 152 212
12440 31 32 211
12441 28 69 210
12442 85 70 226
12443 83 73 225
12444 81 211 225
12445 79 117 224
12446 77 222 224
12447 75 184 224
12448 72 92 223
12449 71 70 222
12450 69 146 222
12451 67 165 221
12452 65 234 221
12453 63 222 220
12454 60 173 220
12455 59 46 219
12456 57 140 219
12457 55 35 218
12458 53 165 217
12459 51 234 217
12460 49 187 216
12461 47 111 216
12462 45 92 216
12463 42 62 215
12464 41 35 214
12465 39 73 214
12466 37 211 213
12467 35 117 213
12468 33 111 212
12469 30 212 212
12470 86 35 227
12471 84 73 227
12472 82 211 226
12473 80 117 226
12474 78 111 225
12475 76 92 224
12476 74 23 224
12477 73 68 223
12478 70 146 223
12479 68 211 222
12480 66 117 222
12481 64 222 221
12482 62 184 221
12483 61 26 220
12484 58 70 219
12485 56 146 219
12486 54 165 219
12487 52 234 218
12488 50 187 218
12489 48 184 217
12490 46 46 216
12491 44 140 216
12492 43 86 215
12493 40 73 215
12494 38 234 214
12495 36 187 214
12496 34 111 213
12497 87 183 228
12498 85 110 227
12499 83 78 226
12500 81 148 226
12501 79 37 225
12502 77 202 225
12503 75 179 225
12504 72 182 224
12505 71 110 223
12506 69 156 223
12507 67 39 222
12508 65 74 222
12509 63 202 221
12510 60 138 221
12511 59 109 220
12512 57 220 220
12513 55 55 219
12514 53 39 218
12515 51 74 218
12516 49 147 217
12517 47 101 217
12518 45 218 217
12519 42 30 216
12520 41 55 215
12521 39 78 215
12522 37 148 214
12523 88 220 228
12524 86 55 228
12525 84 78 228
12526 82 148 227
12527 80 37 227
12528 78 101 226
12529 76 218 225
12530 74 183 225
12531 73 76 224
12532 70 156 224
12533 68 148 223
12534 66 37 223
12535 64 202 222
12536 62 179 222
12537 61 51 221
12538 58 110 220
12539 56 156 220
12540 54 39 220
12541 52 74 219
12542 50 147 219
12543 48 179 218
12544 46 109 217
12545 44 220 217
12546 43 83 216
12547 40 78 216
12548 89 159 229
12549 87 104 229
12550 85 26 228
12551 83 196 227
12552 81 49 227
12553 79 205 226
12554 77 244 226
12555 75 61 226
12556 72 120 225
12557 71 26 224
12558 69 135 224
12559 67 98 223
12560 65 153 223
12561 63 244 222
12562 60 46 222
12563 59 208 221
12564 57 52 221
12565 55 13 220
12566 53 98 219
12567 51 153 219
12568 49 231 218
12569 47 122 218
12570 45 159 218
12571 42 173 217
12572 91 43 230
12573 88 52 229
12574 86 13 229
12575 84 196 229
12576 82 49 228
12577 80 205 228
12578 78 122 227
12579 76 159 226
12580 74 104 226
12581 73 8 225
12582 70 135 225
12583 68 49 224
12584 66 205 224
12585 64 244 223
12586 62 61 223
12587 61 180 222
12588 58 26 221
12589 56 135 221
12590 54 98 221
12591 52 153 220
12592 50 231 220
12593 48 61 219
12594 46 208 218
12595 90 162 231
12596 89 103 230
12597 87 90 230
12598 85 151 229
12599 83 51 228
12600 81 77 228
12601 79 212 227
12602 77 53 227
12603 75 206 227
12604 72 93 226
12605 71 151 225
12606 69 102 225
12607 67 154 224
12608 65 167 224
12609 63 53 223
12610 60 196 223
12611 59 180 222
12612 57 45 222
12613 55 204 221
12614 53 154 220
12615 51 167 220
12616 49 106 219
12617 92 155 232
12618 91 30 231
12619 88 45 230
12620 86 204 230
12621 84 51 230
12622 82 77 229
12623 80 212 229
12624 78 155 228
12625 76 103 227
12626 74 90 227
12627 73 63 226
12628 70 102 226
12629 68 77 225
12630 66 212 225
12631 64 53 224
12632 62 206 224
12633 61 209 223
12634 58 151 222
12635 56 102 222
12636 54 154 222
12637 52 167 221
12638 93 240 232
12639 90 51 232
12640 89 15 231
12641 87 68 231
12642 85 17 230
12643 83 227 229
12644 81 121 229
12645 79 223 228
12646 77 120 228
12647 75 30 228
12648 72 196 227
12649 71 17 226
12650 69 197 226
12651 67 242 225
12652 65 189 225
12653 63 120 224
12654 60 241 224
12655 59 136 223
12656 57 34 223
12657 55 137 222
12658 94 240 233
12659 92 60 233
12660 91 93 232
12661 88 34 231
12662 86 137 231
12663 84 227 231
12664 82 121 230
12665 80 223 230
12666 78 60 229
12667 76 15 228
12668 74 68 228
12669 73 173 227
12670 70 197 227
12671 68 121 226
12672 66 223 226
12673 64 120 225
12674 62 30 225
12675 61 76 224
12676 58 17 223
12677 95 80 234
12678 93 10 233
12679 90 211 233
12680 89 97 232
12681 87 217 232
12682 85 247 231
12683 83 63 230
12684 81 80 230
12685 79 20 229
12686 77 5 229
12687 75 194 229
12688 72 151 228
12689 71 247 227
12690 69 126 227
12691 67 160 226
12692 65 40 226
12693 63 5 225
12694 60 248 225
12695 96 40 235
12696 94 10 234
12697 92 131 234
12698 91 171 233
12699 88 237 232
12700 86 252 232
12701 84 63 232
12702 82 80 231
12703 80 20 231
12704 78 131 230
12705 76 97 229
12706 74 217 229
12707 73 21 228
12708 70 126 228
12709 68 80 227
12710 66 20 227
12711 64 5 226
12712 97 99 235
12713 95 89 235
12714 93 236 234
12715 90 207 234
12716 89 79 233
12717 87 84 233
12718 85 21 232
12719 83 99 231
12720 81 89 231
12721 79 215 230
12722 77 118 230
12723 75 158 230
12724 72 40 229
12725 71 21 228
12726 69 198 228
12727 67 178 227
12728 98 178 236
12729 96 173 236
12730 94 236 235
12731 92 59 235
12732 91 77 234
12733 88 42 233
12734 86 139 233
12735 84 99 233
12736 82 89 232
12737 80 215 232
12738 78 59 231
12739 76 79 230
12740 74 84 230
12741 73 200 229
12742 70 198 229
12743 99 145 237
12744 97 229 236
12745 95 250 236
12746 93 224 235
12747 90 36 235
12748 89 14 234
12749 87 132 234
12750 85 33 233
12751 83 229 232
12752 81 250 232
12753 79 191 231
12754 77 112 231
12755 75 28 231
12756 72 238 230
12757 100 145 238
12758 98 243 237
12759 96 125 237
12760 94 224 236
12761 92 56 236
12762 91 61 235
12763 88 66 234
12764 86 145 234
12765 84 229 234
12766 82 250 233
12767 80 191 233
12768 78 56 232
12769 76 14 231
12770 101 67 238
12771 99 81 238
12772 97 213 237
12773 95 246 237
12774 93 95 236
12775 90 43 236
12776 89 22 235
12777 87 134 235
12778 85 162 234
12779 83 213 233
12780 81 246 233
12781 79 190 232
12782 103 187 239
12783 100 81 239
12784 98 235 238
12785 96 123 238
12786 94 95 237
12787 92 88 237
12788 91 75 236
12789 88 67 235
12790 86 81 235
12791 84 213 235
12792 82 246 234
12793 102 37 240
12794 101 142 239
12795 99 164 239
12796 97 41 238
12797 95 203 238
12798 93 186 237
12799 90 120 237
12800 89 108 236
12801 87 27 236
12802 85 71 235
12803 104 54 241
12804 103 236 240
12805 100 164 240
12806 98 149 239
12807 96 230 239
12808 94 186 238
12809 92 175 238
12810 91 169 237
12811 88 142 236
12812 105 18 242
12813 102 107 241
12814 101 113 240
12815 99 221 240
12816 97 248 239
12817 95 62 239
12818 93 72 238
12819 90 209 238
12820 106 9 242
12821 104 195 242
12822 103 217 241
12823 100 221 241
12824 98 124 240
12825 96 31 240
12826 94 72 239
12827 107 3 243
12828 105 65 243
12829 102 35 242
12830 101 251 241
12831 99 127 241
12832 97 96 240
12833 108 130 244
12834 106 161 243
12835 104 233 243
12836 103 73 242
12837 100 127 242
12838 109 129 244
12839 107 225 244
12840 105 249 244
12841 102 14 243
12842 110 129 246
12843 108 241 245
12844 106 253 244
12845 111 150 246
12846 109 166 245
12847 112 150 247
12848 113 138 247
12849 110 138 247
12850 107 23 245
12851 104 140 244
12852 101 109 242
12853 98 183 241
12854 95 61 240
12855 92 159 239
12856 89 155 237
12857 86 206 236
12858 83 120 234
12859 80 120 234
12860 77 20 232
12861 74 10 231
12862 71 173 229
12863 68 215 228
12864 65 243 227
12865 62 250 226
12866 59 213 224
12867 56 235 223
12868 53 82 221
12869 50 82 221
12870 47 185 219
12871 44 221 218
12872 41 251 216
12873 38 254 215
12874 35 256 214
12875 32 128 213
12876 29 107 211
12877 26 182 210
12878 23 116 208
12879 20 116 208
12880 17 105 206
12881 15 181 206
12882 12 160 206
12883 114 138 249
12884 111 23 247
12885 108 140 246
12886 105 218 245
12887 103 195 243
12888 99 61 242
12889 96 159 241
12890 93 155 239
12891 91 62 238
12892 87 240 237
12893 84 120 236
12894 81 20 234
12895 78 10 233
12896 75 89 232
12897 73 46 230
12898 69 243 229
12899 66 250 228
12900 63 213 226
12901 61 127 225
12902 57 164 224
12903 54 82 223
12904 51 185 221
12905 48 221 220
12906 45 245 219
12907 43 20 217
12908 39 256 216
12909 36 128 215
12910 33 107 213
12911 31 225 212
12912 27 232 211
12913 24 116 210
12914 21 105 208
12915 18 181 207
12916 115 46 249
12917 112 23 248
12918 109 218 246
12919 106 109 245
12920 102 186 244
12921 100 61 243
12922 97 53 241
12923 94 155 240
12924 90 171 239
12925 88 120 237
12926 85 40 236
12927 82 20 235
12928 79 89 233
12929 76 173 232
12930 72 75 231
12931 70 243 230
12932 67 169 228
12933 64 213 227
12934 60 158 226
12935 58 82 224
12936 55 113 223
12937 52 185 222
12938 49 245 220
12939 46 251 219
12940 42 231 218
12941 40 256 217
12942 37 214 215
12943 34 107 214
12944 30 69 213
12945 28 116 211
12946 25 210 210
12947 116 23 250
12948 113 218 248
12949 110 218 248
12950 107 122 246
12951 104 61 245
12952 101 53 243
12953 98 155 242
12954 95 223 241
12955 92 240 240
12956 89 40 238
12957 86 20 237
12958 83 89 235
12959 80 89 235
12960 77 229 233
12961 74 243 232
12962 71 169 230
12963 68 213 229
12964 65 71 228
12965 62 164 227
12966 59 113 225
12967 56 185 224
12968 53 245 222
12969 50 245 222
12970 47 255 220
12971 44 256 219
12972 41 214 217
12973 38 107 216
12974 35 207 215
12975 32 232 214
12976 117 179 251
12977 114 218 250
12978 111 122 248
12979 108 61 247
12980 105 106 246
12981 103 22 244
12982 99 223 243
12983 96 240 242
12984 93 40 240
12985 91 195 239
12986 87 178 238
12987 84 89 237
12988 81 229 235
12989 78 243 234
12990 75 81 233
12991 73 210 231
12992 69 71 230
12993 66 164 229
12994 63 113 227
12995 61 103 226
12996 57 233 225
12997 54 245 224
12998 51 255 222
12999 48 256 221
13000 45 171 220
13001 43 43 218
13002 39 207 217
13003 118 218 251
13004 115 244 250
13005 112 122 249
13006 109 106 247
13007 106 53 246
13008 102 152 245
13009 100 223 244
13010 97 80 242
13011 94 40 241
13012 90 148 240
13013 88 89 238
13014 85 201 237
13015 82 229 236
13016 79 81 234
13017 76 169 233
13018 72 135 232
13019 70 71 231
13020 67 226 229
13021 64 113 228
13022 60 196 227
13023 58 245 225
13024 55 253 224
13025 52 255 223
13026 49 171 221
13027 46 214 220
13028 119 244 252
13029 116 122 251
13030 113 106 249
13031 110 106 249
13032 107 189 247
13033 104 223 246
13034 101 80 244
13035 98 40 243
13036 95 99 242
13037 92 178 241
13038 89 201 239
13039 86 229 238
13040 83 81 236
13041 80 81 236
13042 77 142 234
13043 74 71 233
13044 71 226 231
13045 68 113 230
13046 65 209 229
13047 62 233 228
13048 59 253 226
13049 56 255 225
13050 53 171 223
13051 121 46 253
13052 117 212 252
13053 114 106 251
13054 111 189 249
13055 108 223 248
13056 105 160 247
13057 103 173 245
13058 99 99 244
13059 96 178 243
13060 93 201 241
13061 91 196 240
13062 87 162 239
13063 84 81 238
13064 81 142 236
13065 78 71 235
13066 75 195 234
13067 73 62 232
13068 69 209 231
13069 66 233 230
13070 63 253 228
13071 61 172 227
13072 120 194 254
13073 118 106 252
13074 115 121 251
13075 112 189 250
13076 109 160 248
13077 106 80 247
13078 102 131 246
13079 100 99 245
13080 97 145 243
13081 94 201 242
13082 90 83 241
13083 88 81 239
13084 85 27 238
13085 82 142 237
13086 79 195 235
13087 76 226 234
13088 72 233 233
13089 70 209 232
13090 67 249 230
13091 122 212 255
13092 119 121 253
13093 116 189 252
13094 113 160 250
13095 110 160 250
13096 107 198 248
13097 104 99 247
13098 101 145 245
13099 98 201 244
13100 95 67 243
13101 92 162 242
13102 89 27 240
13103 86 142 239
13104 83 195 237
13105 80 195 237
13106 77 161 235
13107 74 209 234
13108 123 121 255
13109 121 98 254
13110 117 63 253
13111 114 160 252
13112 111 198 250
13113 108 99 249
13114 105 33 248
13115 103 79 246
13116 99 67 245
13117 96 162 244
13118 93 27 242
13119 91 97 241
13120 87 133 240
13121 84 195 239
13122 81 161 237
13123 124 121 256
13124 120 14 255
13125 118 160 253
13126 115 139 252
13127 112 198 251
13128 109 33 249
13129 106 145 248
13130 102 108 247
13131 100 67 246
13132 97 54 244
13133 94 27 243
13134 90 114 242
13135 88 195 240
13136 125 126 257
13137 122 63 256
13138 119 139 254
13139 116 198 253
13140 113 33 251
13141 110 33 251
13142 107 134 249
13143 104 67 248
13144 101 54 246
13145 98 27 245
13146 95 9 244
13147 126 63 258
13148 123 139 256
13149 121 170 255
13150 117 66 254
13151 114 33 253
13152 111 134 251
13153 108 67 250
13154 105 108 249
13155 103 221 247
13156 127 21 258
13157 124 139 257
13158 120 70 256
13159 118 33 254
13160 115 11 253
13161 112 134 252
13162 109 108 250
13163 128 139 259
13164 125 132 258
13165 122 66 257
13166 119 11 255
13167 116 134 254
13168 129 132 260
13169 126 66 259
13170 123 11 257
13171 130 132 261
13172 13 159 206
13173 14 37 206
13174 16 86 206
13175 0 10 207
13176 1 66 207
13177 0 26 208
13178 0 26 209
13179 0 26 210
13180 0 26 211
13181 0 26 212
13182 0 26 213
13183 0 26 214
13184 0 26 215
13185 0 26 216
13186 0 26 217
13187 0 26 218
13188 0 26 219
13189 0 26 220
13190 0 26 221
13191 0 26 222
13192 0 26 223
13193 0 26 224
13194 0 26 225
13195 0 26 226
13196 0 26 227
13197 0 26 228
13198 2 207 207
13199 3 92 207
13200 4 15 207
13201 5 4 207
13202 6 112 207
13203 7 12 207
13204 8 229 207
13205 1 151 208
13206 1 151 209
13207 1 151 210
13208 1 151 211
13209 1 151 212
13210 1 151 213
13211 1 151 214
13212 1 151 215
13213 1 151 216
13214 1 151 217
13215 1 151 218
13216 1 151 219
13217 1 151 220
13218 1 151 221
13219 1 151 222
13220 1 151 223
13221 1 151 224
13222 1 151 225
13223 9 229 207
13224 10 81 207
13225 11 196 207
13226 12 74 207
13227 13 129 207
13228 14 167 207
13229 15 216 207
13230 16 250 207
13231 19 89 207
13232 2 17 208
13233 2 17 209
13234 2 17 210
13235 2 17 211
13236 2 17 212
13237 2 17 213
13238 2 17 214
13239 2 17 215
13240 2 17 216
13241 2 17 217
13242 2 17 218
13243 2 17 219
13244 2 17 220
13245 2 17 221
13246 2 17 222
13247 17 116 207
13248 3 195 208
13249 4 167 208
13250 5 187 208
13251 6 86 208
13252 7 36 208
13253 8 202 208
13254 9 205 208
13255 10 121 208
13256 11 164 208
13257 3 247 209
13258 20 42 209
13259 22 234 209
13260 3 247 210
13261 3 247 211
13262 3 247 212
13263 3 247 213
13264 3 247 214
13265 3 247 215
13266 3 247 216
13267 3 247 217
13268 3 247 218
13269 3 247 219
13270 12 10 208
13271 13 40 208
13272 14 131 208
13273 15 226 208
13274 16 151 208
13275 17 37 208
13276 18 117 208
13277 19 7 208
13278 4 250 209
13279 5 71 209
13280 6 157 209
13281 7 26 209
13282 21 191 209
13283 23 183 209
13284 4 21 210
13285 4 21 211
13286 26 186 211
13287 4 21 212
13288 4 21 213
13289 4 21 214
13290 4 21 215
13291 4 21 216
13292 8 233 209
13293 9 208 209
13294 10 30 209
13295 11 69 209
13296 12 135 209
13297 13 256 209
13298 14 8 209
13299 15 255 209
13300 16 105 209
13301 17 63 209
13302 18 112 209
13303 19 207 209
13304 5 108 210
13305 6 178 210
13306 22 112 210
13307 5 33 211
13308 24 147 211
13309 5 33 212
13310 27 144 212
13311 29 68 212
13312 5 33 213
13313 7 107 210
13314 8 7 210
13315 9 16 210
13316 10 92 210
13317 11 94 210
13318 12 6 210
13319 13 102 210
13320 14 147 210
13321 15 33 210
13322 16 45 210
13323 17 78 210
13324 18 100 210
13325 19 230 210
13326 20 232 210
13327 21 90 210
13328 23 81 210
13329 6 162 211
13330 25 52 211
13331 6 162 212
13332 28 239 212
13333 7 192 211
13334 8 16 211
13335 9 128 211
13336 10 156 211
13337 11 41 211
13338 12 229 211
13339 13 249 211
13340 14 69 211
13341 15 150 211
13342 16 95 211
13343 17 79 211
13344 18 185 211
13345 19 131 211
13346 20 16 211
13347 21 186 211
13348 22 163 211
13349 23 220 211
13350 7 71 212
13351 24 44 212
13352 8 146 212
13353 9 253 212
13354 10 73 212
13355 11 17 212
13356 12 140 212
13357 13 139 212
13358 14 33 212
13359 15 223 212
13360 16 146 212
13361 17 61 212
13362 18 235 212
13363 19 111 212
13364 20 181 212
13365 21 110 212
13366 22 141 212
13367 23 111 212
13368 25 85 212
13369 26 135 212
13370 6 75 213
13371 7 122 213
13372 8 21 213
13373 9 65 213
13374 10 141 213
13375 11 90 213
13376 12 179 213
13377 13 175 213
13378 14 24 213
13379 15 67 213
13380 16 25 213
13381 17 243 213
13382 18 88 213
13383 19 12 213
13384 20 240 213
13385 21 240 213
13386 22 224 213
13387 23 182 213
13388 24 241 213
13389 25 183 213
13390 26 229 213
13391 27 32 213
13392 28 220 213
13393 29 43 213
13394 31 123 213
13395 5 146 214
13396 6 21 214
13397 7 156 214
13398 8 168 214
13399 9 74 214
13400 10 198 214
13401 11 37 214
13402 12 148 214
13403 13 197 214
13404 14 97 214
13405 15 141 214
13406 16 41 214
13407 17 119 214
13408 18 208 214
13409 19 150 214
13410 20 217 214
13411 21 14 214
13412 22 115 214
13413 23 90 214
13414 24 100 214
13415 25 36 214
13416 26 156 214
13417 27 246 214
13418 28 181 214
13419 29 53 214
13420 30 161 214
13421 31 215 214
13422 33 57 214
13423 5 115 215
13424 6 209 215
13425 7 84 215
13426 8 177 215
13427 9 68 215
13428 10 107 215
13429 11 36 215
13430 12 125 215
13431 13 159 215
13432 14 155 215
13433 15 160 215
13434 16 89 215
13435 17 250 215
13436 18 95 215
13437 19 122 215
13438 20 85 215
13439 21 206 215
13440 22 90 215
13441 23 212 215
13442 24 105 215
13443 25 119 215
13444 26 230 215
13445 27 28 215
13446 28 36 215
13447 29 250 215
13448 30 20 215
13449 31 166 215
13450 32 129 215
13451 33 189 215
13452 34 220 215
13453 5 221 216
13454 6 104 216
13455 7 79 216
13456 8 118 216
13457 9 64 216
13458 10 166 216
13459 11 147 216
13460 12 40 216
13461 13 243 216
13462 14 217 216
13463 15 243 216
13464 16 190 216
13465 17 49 216
13466 18 97 216
13467 19 121 216
13468 20 113 216
13469 21 254 216
13470 22 167 216
13471 23 146 216
13472 24 176 216
13473 25 68 216
13474 26 92 216
13475 27 231 216
13476 28 252 216
13477 29 250 216
13478 30 156 216
13479 31 85 216
13480 32 230 216
13481 33 59 216
13482 34 11 216
13483 35 106 216
13484 36 103 216
13485 37 92 216
13486 4 48 217
13487 5 67 217
13488 6 198 217
13489 7 45 217
13490 8 82 217
13491 9 120 217
13492 10 253 217
13493 11 29 217
13494 12 152 217
13495 13 102 217
13496 14 135 217
13497 15 113 217
13498 16 107 217
13499 17 109 217
13500 18 94 217
13501 19 99 217
13502 20 200 217
13503 21 116 217
13504 22 59 217
13505 23 73 217
13506 24 80 217
13507 25 198 217
13508 26 127 217
13509 27 61 217
13510 28 101 217
13511 29 28 217
13512 30 55 217
13513 31 251 217
13514 32 142 217
13515 33 134 217
13516 34 241 217
13517 35 183 217
13518 36 88 217
13519 37 197 217
13520 38 123 217
13521 4 126 218
13522 5 1 218
13523 6 54 218
13524 7 68 218
13525 8 92 218
13526 9 116 218
13527 10 92 218
13528 11 57 218
13529 12 255 218
13530 13 249 218
13531 14 249 218
13532 15 178 218
13533 16 24 218
13534 17 150 218
13535 18 54 218
13536 19 107 218
13537 20 54 218
13538 21 204 218
13539 22 12 218
13540 23 132 218
13541 24 143 218
13542 25 127 218
13543 26 111 218
13544 27 229 218
13545 28 9 218
13546 29 152 218
13547 30 176 218
13548 31 228 218
13549 32 144 218
13550 33 162 218
13551 34 12 218
13552 35 104 218
13553 36 96 218
13554 37 87 218
13555 38 168 218
13556 39 138 218
13557 40 238 218
13558 41 64 218
13559 4 157 219
13560 5 79 219
13561 6 50 219
13562 7 245 219
13563 8 73 219
13564 9 17 219
13565 10 47 219
13566 11 191 219
13567 12 23 219
13568 13 227 219
13569 14 64 219
13570 16 233 219
13571 15 155 219
13572 17 118 219
13573 18 118 219
13574 19 176 219
13575 20 41 219
13576 21 202 219
13577 22 14 219
13578 23 129 219
13579 24 52 219
13580 25 106 219
13581 26 192 219
13582 27 138 219
13583 28 246 219
13584 29 39 219
13585 30 217 219
13586 31 227 219
13587 32 73 219
13588 33 137 219
13589 34 199 219
13590 35 169 219
13591 36 184 219
13592 37 43 219
13593 38 168 219
13594 39 112 219
13595 40 3 219
13596 41 171 219
13597 42 9 219
13598 43 200 219
13599 3 59 220
13600 4 85 220
13601 5 219 220
13602 6 140 220
13603 7 85 220
13604 8 128 220
13605 9 125 220
13606 10 102 220
13607 11 218 220
13608 12 119 220
13609 13 214 220
13610 14 205 220
13611 15 112 220
13612 16 6 220
13613 17 79 220
13614 18 235 220
13615 19 186 220
13616 20 161 220
13617 21 98 220
13618 22 232 220
13619 23 250 220
13620 24 70 220
13621 25 47 220
13622 26 7 220
13623 27 254 220
13624 28 3 220
13625 29 104 220
13626 30 233 220
13627 31 251 220
13628 32 249 220
13629 33 45 220
13630 34 61 220
13631 35 198 220
13632 36 114 220
13633 37 104 220
13634 38 183 220
13635 39 222 220
13636 40 138 220
13637 41 230 220
13638 42 249 220
13639 43 149 220
13640 44 55 220
13641 3 175 221
13642 4 253 221
13643 5 12 221
13644 6 249 221
13645 7 8 221
13646 8 59 221
13647 9 30 221
13648 10 31 221
13649 11 80 221
13650 12 225 221
13651 13 135 221
13652 14 11 221
13653 15 40 221
13654 16 212 221
13655 17 178 221
13656 18 58 221
13657 19 199 221
13658 20 161 221
13659 21 79 221
13660 22 201 221
13661 23 241 221
13662 24 87 221
13663 25 45 221
13664 26 175 221
13665 27 244 221
13666 28 91 221
13667 29 231 221
13668 30 189 221
13669 31 75 221
13670 32 35 221
13671 33 109 221
13672 34 230 221
13673 35 8 221
13674 36 233 221
13675 37 194 221
13676 38 195 221
13677 39 243 221
13678 40 71 221
13679 41 89 221
13680 42 116 221
13681 43 154 221
13682 44 141 221
13683 45 142 221
13684 46 247 221
13685 47 242 221
13686 3 84 222
13687 4 104 222
13688 5 142 222
13689 6 191 222
13690 7 24 222
13691 8 244 222
13692 9 124 222
13693 10 27 222
13694 11 201 222
13695 12 137 222
13696 13 159 222
13697 14 63 222
13698 15 68 222
13699 16 181 222
13700 17 6 222
13701 18 38 222
13702 19 106 222
13703 20 246 222
13704 21 194 222
13705 22 220 222
13706 23 34 222
13707 24 102 222
13708 25 241 222
13709 26 193 222
13710 27 114 222
13711 28 46 222
13712 29 199 222
13713 30 156 222
13714 31 71 222
13715 32 62 222
13716 33 144 222
13717 34 49 222
13718 35 125 222
13719 36 42 222
13720 37 104 222
13721 38 113 222
13722 39 166 222
13723 40 64 222
13724 41 49 222
13725 42 168 222
13726 43 25 222
13727 44 163 222
13728 45 139 222
13729 46 89 222
13730 47 172 222
13731 48 45 222
13732 49 148 222
13733 2 53 223
13734 3 192 223
13735 4 99 223
13736 5 83 223
13737 6 253 223
13738 7 29 223
13739 8 152 223
13740 9 51 223
13741 10 151 223
13742 11 157 223
13743 12 223 223
13744 13 117 223
13745 14 113 223
13746 15 210 223
13747 16 66 223
13748 17 191 223
13749 18 236 223
13750 19 110 223
13751 20 227 223
13752 21 219 223
13753 22 154 223
13754 23 95 223
13755 24 190 223
13756 25 78 223
13757 26 220 223
13758 27 100 223
13759 28 218 223
13760 29 28 223
13761 30 144 223
13762 31 79 223
13763 32 58 223
13764 33 191 223
13765 34 39 223
13766 35 41 223
13767 36 73 223
13768 37 185 223
13769 38 164 223
13770 39 204 223
13771 40 59 223
13772 41 20 223
13773 42 219 223
13774 43 145 223
13775 44 20 223
13776 45 89 223
13777 46 69 223
13778 47 64 223
13779 48 126 223
13780 49 12 223
13781 50 209 223
13782 51 55 223
13783 2 31 224
13784 3 91 224
13785 4 77 224
13786 5 157 224
13787 6 233 224
13788 7 164 224
13789 8 5 224
13790 9 140 224
13791 10 156 224
13792 11 14 224
13793 12 250 224
13794 13 98 224
13795 14 212 224
13796 15 22 224
13797 16 201 224
13798 17 139 224
13799 18 190 224
13800 19 166 224
13801 20 39 224
13802 21 131 224
13803 22 190 224
13804 23 73 224
13805 24 181 224
13806 25 254 224
13807 26 157 224
13808 27 23 224
13809 28 194 224
13810 29 99 224
13811 30 227 224
13812 31 171 224
13813 32 81 224
13814 33 217 224
13815 34 134 224
13816 35 138 224
13817 36 16 224
13818 37 126 224
13819 38 234 224
13820 39 33 224
13821 40 198 224
13822 41 193 224
13823 42 140 224
13824 43 207 224
13825 44 7 224
13826 45 4 224
13827 46 226 224
13828 47 199 224
13829 48 127 224
13830 49 51 224
13831 50 22 224
13832 51 86 224
13833 52 226 224
13834 53 242 224
13835 2 245 225
13836 3 137 225
13837 4 97 225
13838 5 91 225
13839 6 120 225
13840 7 171 225
13841 8 2 225
13842 9 242 225
13843 10 71 225
13844 11 116 225
13845 12 115 225
13846 13 68 225
13847 14 237 225
13848 15 75 225
13849 16 181 225
13850 17 90 225
13851 18 242 225
13852 19 198 225
13853 20 239 225
13854 21 132 225
13855 22 201 225
13856 23 224 225
13857 24 98 225
13858 25 185 225
13859 26 195 225
13860 27 72 225
13861 28 88 225
13862 29 221 225
13863 30 143 225
13864 31 70 225
13865 32 164 225
13866 33 90 225
13867 34 160 225
13868 35 17 225
13869 36 129 225
13870 38 217 225
13871 37 68 225
13872 39 252 225
13873 40 166 225
13874 41 247 225
13875 42 83 225
13876 43 44 225
13877 44 109 225
13878 45 103 225
13879 46 211 225
13880 47 97 225
13881 48 41 225
13882 49 120 225
13883 50 192 225
13884 51 164 225
13885 52 29 225
13886 53 223 225
13887 54 187 225
13888 55 212 225
13889 1 141 226
13890 2 20 226
13891 3 176 226
13892 4 96 226
13893 5 164 226
13894 6 252 226
13895 7 163 226
13896 8 149 226
13897 9 78 226
13898 10 8 226
13899 11 252 226
13900 12 72 226
13901 13 205 226
13902 14 199 226
13903 15 20 226
13904 16 24 226
13905 17 240 226
13906 18 81 226
13907 19 48 226
13908 20 80 226
13909 21 194 226
13910 22 149 226
13911 23 5 226
13912 24 138 226
13913 25 173 226
13914 26 150 226
13915 27 215 226
13916 28 52 226
13917 29 248 226
13918 30 168 226
13919 31 118 226
13920 32 25 226
13921 33 230 226
13922 34 99 226
13923 35 74 226
13924 36 168 226
13925 37 98 226
13926 38 148 226
13927 39 120 226
13928 40 20 226
13929 41 214 226
13930 42 254 226
13931 43 244 226
13932 44 224 226
13933 45 149 226
13934 46 166 226
13935 47 140 226
13936 48 29 226
13937 49 158 226
13938 50 71 226
13939 51 84 226
13940 52 52 226
13941 53 165 226
13942 54 137 226
13943 55 43 226
13944 56 11 226
13945 57 131 226
13946 58 252 226
13947 1 106 227
13948 2 235 227
13949 3 208 227
13950 4 245 227
13951 5 82 227
13952 6 251 227
13953 7 238 227
13954 8 153 227
13955 9 221 227
13956 10 228 227
13957 11 11 227
13958 12 45 227
13959 13 56 227
13960 14 141 227
13961 15 208 227
13962 16 204 227
13963 17 51 227
13964 18 166 227
13965 19 140 227
13966 20 2 227
13967 21 137 227
13968 22 74 227
13969 23 180 227
13970 24 108 227
13971 25 44 227
13972 26 167 227
13973 27 179 227
13974 28 113 227
13975 29 29 227
13976 30 253 227
13977 31 120 227
13978 32 15 227
13979 33 179 227
13980 34 196 227
13981 35 96 227
13982 36 120 227
13983 37 233 227
13984 38 116 227
13985 39 155 227
13986 40 210 227
13987 41 162 227
13988 42 201 227
13989 43 70 227
13990 44 138 227
13991 45 248 227
13992 46 6 227
13993 47 251 227
13994 48 231 227
13995 49 233 227
13996 50 95 227
13997 51 89 227
13998 52 150 227
13999 53 167 227
14000 54 32 227
14001 55 179 227
14002 56 185 227
14003 57 184 227
14004 58 6 227
14005 59 60 227
14006 1 191 228
14007 2 231 228
14008 3 157 228
14009 4 124 228
14010 5 77 228
14011 6 60 228
14012 7 256 228
14013 8 70 228
14014 9 48 228
14015 10 4 228
14016 11 32 228
14017 12 24 228
14018 13 180 228
14019 14 14 228
14020 15 24 228
14021 16 102 228
14022 17 73 228
14023 18 80 228
14024 19 174 228
14025 20 130 228
14026 21 91 228
14027 22 155 228
14028 23 238 228
14029 24 60 228
14030 25 240 228
14031 26 65 228
14032 27 158 228
14033 28 30 228
14034 29 186 228
14035 30 42 228
14036 31 59 228
14037 32 62 228
14038 33 128 228
14039 34 232 228
14040 35 82 228
14041 36 3 228
14042 37 21 228
14043 38 207 228
14044 39 50 228
14045 40 69 228
14046 41 55 228
14047 42 67 228
14048 43 256 228
14049 44 86 228
14050 45 50 228
14051 46 71 228
14052 47 33 228
14053 48 223 228
14054 49 150 228
14055 50 153 228
14056 51 9 228
14057 52 146 228
14058 53 113 228
14059 54 148 228
14060 55 201 228
14061 56 254 228
14062 57 49 228
14063 58 236 228
14064 59 221 228
14065 60 25 228
14066 61 42 228
14067 0 46 229
14068 1 36 229
14069 2 248 229
14070 3 191 229
14071 4 5 229
14072 5 138 229
14073 6 174 229
14074 7 136 229
14075 8 247 229
14076 9 129 229
14077 10 10 229
14078 11 199 229
14079 12 204 229
14080 13 173 229
14081 14 54 229
14082 15 239 229
14083 16 73 229
14084 17 10 229
14085 18 233 229
14086 19 40 229
14087 20 98 229
14088 21 42 229
14089 22 198 229
14090 23 137 229
14091 24 140 229
14092 25 72 229
14093 26 105 229
14094 27 246 229
14095 28 55 229
14096 29 109 229
14097 30 104 229
14098 31 61 229
14099 32 144 229
14100 33 175 229
14101 34 140 229
14102 35 6 229
14103 36 15 229
14104 37 31 229
14105 38 163 229
14106 39 233 229
14107 40 32 229
14108 41 231 229
14109 43 157 229
14110 42 239 229
14111 44 73 229
14112 45 145 229
14113 46 24 229
14114 47 17 229
14115 48 131 229
14116 49 109 229
14117 50 169 229
14118 51 60 229
14119 52 7 229
14120 53 201 229
14121 54 193 229
14122 55 32 229
14123 56 64 229
14124 57 246 229
14125 58 198 229
14126 59 26 229
14127 60 139 229
14128 61 12 229
14129 62 96 229
14130 63 2 229
14131 64 203 229
14132 0 2 230
14133 1 134 230
14134 2 253 230
14135 3 131 230
14136 4 30 230
14137 5 13 230
14138 6 178 230
14139 7 199 230
14140 8 227 230
14141 9 89 230
14142 10 58 230
14143 11 196 230
14144 12 63 230
14145 13 135 230
14146 14 240 230
14147 15 250 230
14148 16 95 230
14149 17 80 230
14150 18 192 230
14151 19 197 230
14152 20 15 230
14153 21 124 230
14154 22 44 230
14155 23 30 230
14156 24 30 230
14157 25 174 230
14158 26 90 230
14159 27 104 230
14160 28 60 230
14161 29 98 230
14162 30 121 230
14163 31 24 230
14164 32 123 230
14165 33 231 230
14166 34 181 230
14167 35 115 230
14168 36 10 230
14169 37 250 230
14170 38 163 230
14171 39 8 230
14172 40 96 230
14173 41 205 230
14174 42 181 230
14175 43 72 230
14176 44 54 230
14177 45 134 230
14178 46 232 230
14179 47 20 230
14180 48 219 230
14181 49 159 230
14182 50 49 230
14183 51 109 230
14184 52 52 230
14185 53 37 230
14186 54 214 230
14187 55 195 230
14188 56 238 230
14189 57 54 230
14190 58 181 230
14191 59 178 230
14192 60 19 230
14193 61 146 230
14194 62 53 230
14195 63 83 230
14196 64 72 230
14197 65 155 230
14198 0 101 231
14199 1 20 231
14200 2 206 231
14201 3 77 231
14202 4 239 231
14203 5 25 231
14204 6 30 231
14205 7 170 231
14206 8 212 231
14207 9 213 231
14208 10 145 231
14209 11 133 231
14210 12 23 231
14211 13 122 231
14212 14 165 231
14213 15 49 231
14214 16 209 231
14215 18 44 231
14216 17 209 231
14217 19 8 231
14218 20 25 231
14219 21 71 231
14220 22 52 231
14221 23 97 231
14222 24 159 231
14223 25 69 231
14224 26 209 231
14225 27 142 231
14226 28 57 231
14227 29 11 231
14228 30 134 231
14229 31 143 231
14230 32 178 231
14231 33 77 231
14232 34 14 231
14233 35 158 231
14234 36 76 231
14235 37 16 231
14236 38 158 231
14237 39 68 231
14238 40 191 231
14239 41 70 231
14240 42 248 231
14241 43 226 231
14242 44 44 231
14243 45 201 231
14244 46 84 231
14245 47 75 231
14246 48 201 231
14247 49 38 231
14248 50 216 231
14249 51 246 231
14250 52 246 231
14251 53 164 231
14252 54 221 231
14253 55 150 231
14254 56 97 231
14255 57 75 231
14256 58 198 231
14257 59 218 231
14258 60 187 231
14259 61 153 231
14260 62 7 231
14261 63 57 231
14262 64 119 231
14263 65 112 231
14264 66 216 231
14265 67 119 231
14266 68 188 231
14267 0 27 232
14268 1 235 232
14269 2 42 232
14270 3 165 232
14271 4 23 232
14272 5 28 232
14273 6 15 232
14274 7 235 232
14275 8 165 232
14276 9 177 232
14277 10 250 232
14278 11 194 232
14279 12 158 232
14280 13 80 232
14281 14 195 232
14282 15 41 232
14283 16 205 232
14284 17 49 232
14285 18 20 232
14286 19 175 232
14287 20 102 232
14288 21 47 232
14289 22 87 232
14290 23 234 232
14291 24 76 232
14292 25 244 232
14293 26 129 232
14294 27 143 232
14295 28 251 232
14296 29 1 232
14297 30 79 232
14298 31 111 232
14299 32 244 232
14300 33 145 232
14301 34 67 232
14302 35 161 232
14303 36 129 232
14304 37 242 232
14305 38 14 232
14306 39 207 232
14307 40 166 232
14308 41 60 232
14309 42 39 232
14310 43 216 232
14311 44 42 232
14312 45 202 232
14313 46 30 232
14314 47 199 232
14315 48 240 232
14316 49 71 232
14317 50 66 232
14318 51 49 232
14319 52 224 232
14320 53 119 232
14321 54 21 232
14322 55 165 232
14323 66 223 232
14324 56 221 232
14325 62 35 232
14326 60 67 232
14327 57 128 232
14328 58 230 232
14329 59 111 232
14330 61 142 232
14331 63 200 232
14332 64 65 232
14333 65 226 232
14334 67 254 232
14335 68 114 232
14336 69 142 232
14337 71 81 232
14338 0 142 233
14339 1 63 233
14340 2 116 233
14341 3 26 233
14342 4 40 233
14343 5 195 233
14344 6 171 233
14345 7 95 233
14346 8 161 233
14347 9 96 233
14348 10 189 233
14349 11 9 233
14350 12 143 233
14351 13 217 233
14352 14 201 233
14353 15 50 233
14354 16 181 233
14355 17 224 233
14356 18 101 233
14357 19 172 233
14358 20 149 233
14359 21 44 233
14360 22 92 233
14361 23 65 233
14362 30 202 233
14363 32 139 233
14364 35 160 233
14365 66 12 233
14366 39 164 233
14367 62 33 233
14368 60 26 233
14369 45 19 233
14370 56 31 233
14371 54 70 233
14372 52 21 233
14373 50 64 233
14374 48 167 233
14375 46 230 233
14376 44 138 233
14377 42 26 233
14378 40 251 233
14379 38 153 233
14380 36 246 233
14381 34 228 233
14382 70 157 233
14383 69 5 233
14384 67 130 233
14385 65 78 233
14386 63 67 233
14387 61 93 233
14388 59 120 233
14389 57 72 233
14390 55 73 233
14391 53 66 233
14392 51 91 233
14393 49 53 233
14394 47 186 233
14395 58 66 233
14396 43 27 233
14397 41 128 233
14398 64 182 233
14399 37 95 233
14400 73 251 233
14401 71 228 233
14402 68 129 233
14403 66 26 234
14404 39 170 234
14405 62 200 234
14406 60 48 234
14407 45 204 234
14408 56 110 234
14409 54 66 234
14410 52 174 234
14411 50 53 234
14412 48 62 234
14413 46 70 234
14414 44 42 234
14415 42 131 234
14416 40 244 234
14417 72 197 234
14418 70 214 234
14419 69 225 234
14420 67 196 234
14421 65 169 234
14422 63 188 234
14423 61 141 234
14424 59 3 234
14425 57 156 234
14426 55 201 234
14427 53 143 234
14428 51 240 234
14429 49 72 234
14430 47 146 234
14431 58 195 234
14432 43 136 234
14433 74 111 235
14434 73 13 234
14435 71 47 234
14436 68 151 234
14437 66 142 235
14438 64 94 234
14439 62 5 235
14440 60 243 235
14441 45 50 235
14442 56 67 235
14443 54 143 235
14444 52 120 235
14445 50 72 235
14446 48 220 235
14447 46 66 235
14448 75 92 235
14449 72 130 235
14450 70 36 235
14451 69 102 235
14452 67 82 235
14453 65 152 235
14454 63 236 235
14455 61 117 235
14456 59 135 235
14457 57 81 235
14458 55 50 235
14459 53 10 235
14460 51 6 235
14461 49 156 235
14462 76 101 235
14463 74 112 236
14464 73 213 235
14465 71 247 235
14466 68 113 235
14467 66 222 236
14468 64 118 235
14469 62 225 236
14470 60 228 236
14471 58 142 235
14472 56 188 236
14473 54 10 236
14474 52 3 236
14475 77 218 236
14476 75 28 236
14477 72 151 236
14478 70 208 236
14479 69 221 236
14480 67 92 236
14481 65 158 236
14482 63 83 236
14483 61 243 236
14484 59 164 236
14485 57 47 236
14486 55 194 236
14487 78 244 236
14488 76 176 236
14489 79 178 236
14490 73 41 236
14491 71 43 236
14492 68 202 236
14493 66 224 237
14494 64 170 236
14495 62 102 237
14496 60 40 237
14497 58 222 236
14498 74 72 237
14499 77 44 237
14500 75 232 237
14501 72 222 237
14502 70 95 237
14503 69 179 237
14504 67 28 237
14505 65 171 237
14506 63 137 237
14507 61 58 237
14508 80 159 238
14509 78 186 237
14510 76 210 237
14511 79 43 237
14512 73 13 237
14513 71 219 237
14514 68 95 237
14515 66 57 238
14516 64 197 237
14517 81 206 238
14518 74 156 238
14519 77 181 238
14520 75 160 238
14521 72 160 238
14522 70 120 238
14523 69 88 238
14524 67 232 238
14525 82 103 238
14526 83 68 238
14527 78 146 238
14528 76 198 238
14529 79 120 238
14530 73 128 238
14531 71 226 238
14532 80 71 239
14533 81 18 239
14534 74 246 239
14535 77 178 239
14536 75 4 239
14537 72 203 239
14538 85 233 239
14539 82 9 239
14540 83 161 239
14541 78 145 239
14542 76 172 239
14543 84 85 240
14544 80 92 240
14545 81 39 240
14546 79 243 239
14547 86 194 240
14548 85 126 240
14549 82 148 240
14550 87 177 241
14551 84 147 241
14552 88 158 241
14553 89 63 241
14554 86 42 241
14555 83 7 240
14556 80 14 241
14557 77 88 240
14558 74 230 240
14559 70 176 239
14560 68 254 238
14561 65 127 238
14562 62 256 238
14563 59 214 237
14564 56 57 237
14565 53 138 236
14566 50 19 236
14567 47 46 235
14568 44 202 235
14569 41 205 234
14570 38 51 234
14571 35 154 234
14572 33 104 233
14573 24 38 233
14574 25 13 233
14575 26 103 233
14576 27 8 233
14577 28 97 233
14578 29 150 233
14579 31 167 233
14580 0 168 234
14581 1 3 234
14582 2 175 234
14583 3 25 234
14584 4 42 234
14585 5 242 234
14586 6 185 234
14587 7 143 234
14588 8 28 234
14589 9 205 234
14590 10 89 234
14591 11 82 234
14592 12 120 234
14593 91 187 242
14594 87 139 242
14595 85 228 241
14596 81 44 241
14597 78 115 240
14598 75 186 240
14599 73 33 239
14600 69 192 239
14601 66 128 239
14602 63 107 238
14603 60 6 238
14604 57 207 237
14605 54 138 237
14606 51 23 236
14607 48 101 236
14608 45 179 236
14609 42 221 235
14610 39 77 235
14611 36 137 234
14612 32 112 234
14613 13 6 234
14614 14 212 234
14615 15 137 234
14616 16 116 234
14617 17 43 234
14618 18 38 234
14619 19 222 234
14620 20 40 234
14621 21 41 234
14622 22 39 234
14623 23 233 234
14624 24 54 234
14625 25 192 234
14626 26 10 234
14627 27 171 234
14628 28 102 234
14629 29 184 234
14630 30 253 234
14631 31 27 234
14632 90 12 243
14633 88 66 242
14634 84 70 242
14635 82 22 241
14636 79 175 240
14637 76 31 240
14638 72 100 240
14639 71 69 239
14640 67 16 239
14641 64 182 238
14642 61 111 238
14643 58 163 237
14644 55 210 237
14645 52 140 237
14646 49 109 236
14647 46 244 236
14648 43 192 235
14649 40 167 235
14650 37 242 234
14651 34 247 234
14652 33 239 234
14653 0 244 235
14654 1 48 235
14655 2 189 235
14656 3 61 235
14657 4 78 235
14658 5 84 235
14659 6 241 235
14660 7 15 235
14661 8 183 235
14662 9 162 235
14663 10 180 235
14664 11 215 235
14665 12 239 235
14666 13 44 235
14667 14 164 235
14668 15 27 235
14669 16 250 235
14670 92 99 243
14671 89 145 242
14672 86 11 242
14673 83 216 241
14674 80 175 242
14675 77 72 241
14676 74 48 241
14677 70 190 240
14678 68 91 239
14679 65 174 239
14680 62 116 239
14681 59 105 238
14682 56 70 238
14683 53 183 237
14684 50 109 237
14685 47 61 236
14686 44 212 236
14687 41 121 235
14688 38 252 235
14689 35 126 235
14690 17 24 235
14691 18 14 235
14692 19 26 235
14693 20 144 235
14694 21 22 235
14695 22 34 235
14696 23 131 235
14697 24 251 235
14698 25 79 235
14699 26 199 235
14700 27 4 235
14701 28 144 235
14702 29 112 235
14703 30 63 235
14704 31 123 235
14705 32 227 235
14706 33 83 235
14707 93 201 243
14708 91 231 243
14709 87 67 243
14710 85 49 242
14711 81 36 242
14712 78 24 241
14713 75 12 241
14714 73 205 240
14715 69 87 240
14716 66 58 240
14717 63 181 239
14718 60 86 239
14719 57 146 238
14720 54 183 238
14721 51 159 237
14722 48 106 237
14723 45 53 237
14724 42 122 236
14725 39 63 236
14726 36 42 235
14727 34 65 235
14728 37 12 235
14729 0 94 236
14730 1 83 236
14731 2 129 236
14732 3 121 236
14733 4 241 236
14734 5 130 236
14735 6 42 236
14736 7 162 236
14737 8 248 236
14738 9 222 236
14739 10 180 236
14740 11 245 236
14741 12 146 236
14742 13 193 236
14743 94 229 244
14744 90 86 244
14745 88 54 243
14746 84 117 243
14747 82 18 242
14748 79 3 241
14749 76 2 241
14750 72 33 241
14751 71 164 240
14752 67 200 240
14753 64 219 239
14754 61 61 239
14755 58 110 238
14756 55 55 238
14757 52 208 238
14758 49 206 237
14759 46 223 237
14760 43 33 236
14761 40 160 236
14762 14 44 236
14763 15 85 236
14764 16 195 236
14765 17 230 236
14766 18 105 236
14767 19 106 236
14768 20 88 236
14769 21 60 236
14770 22 114 236
14771 23 128 236
14772 24 53 236
14773 25 75 236
14774 26 237 236
14775 27 214 236
14776 28 31 236
14777 29 211 236
14778 95 250 245
14779 92 81 244
14780 89 142 243
14781 86 9 243
14782 83 130 242
14783 80 3 243
14784 77 129 242
14785 74 86 242
14786 70 196 241
14787 68 238 240
14788 65 119 240
14789 62 165 240
14790 59 156 239
14791 56 104 239
14792 53 103 238
14793 50 206 238
14794 47 120 237
14795 44 80 237
14796 41 99 236
14797 38 66 236
14798 35 33 236
14799 30 137 236
14800 31 77 236
14801 32 150 236
14802 33 138 236
14803 34 178 236
14804 36 6 236
14805 37 98 236
14806 0 221 237
14807 1 111 237
14808 2 23 237
14809 3 83 237
14810 4 251 237
14811 5 234 237
14812 96 169 245
14813 93 71 244
14814 91 136 244
14815 87 195 244
14816 85 38 243
14817 81 193 243
14818 78 43 242
14819 75 150 242
14820 73 33 241
14821 69 188 241
14822 66 211 241
14823 63 78 240
14824 60 56 240
14825 57 26 239
14826 54 103 239
14827 51 60 238
14828 48 40 238
14829 45 20 238
14830 42 194 237
14831 39 145 237
14832 6 165 237
14833 7 65 237
14834 8 179 237
14835 9 206 237
14836 10 171 237
14837 11 138 237
14838 12 148 237
14839 13 199 237
14840 14 73 237
14841 15 40 237
14842 16 74 237
14843 17 110 237
14844 18 135 237
14845 97 246 245
14846 94 164 245
14847 90 105 245
14848 88 161 244
14849 84 56 244
14850 82 225 243
14851 79 166 242
14852 76 25 242
14853 72 99 242
14854 71 65 241
14855 67 187 241
14856 64 39 240
14857 61 64 240
14858 58 90 239
14859 55 45 239
14860 52 30 239
14861 49 5 238
14862 46 89 238
14863 43 44 237
14864 40 201 237
14865 19 134 237
14866 20 239 237
14867 21 137 237
14868 22 145 237
14869 23 212 237
14870 24 227 237
14871 25 186 237
14872 26 217 237
14873 27 87 237
14874 28 65 237
14875 29 23 237
14876 30 233 237
14877 98 82 246
14878 95 41 246
14879 92 113 245
14880 89 233 244
14881 86 241 244
14882 83 83 243
14883 80 166 244
14884 77 199 243
14885 74 47 243
14886 70 189 242
14887 68 148 241
14888 65 74 241
14889 62 135 241
14890 59 151 240
14891 56 15 240
14892 53 131 239
14893 50 5 239
14894 47 215 238
14895 44 229 238
14896 41 81 237
14897 38 54 237
14898 35 27 237
14899 31 152 237
14900 32 32 237
14901 33 130 237
14902 34 114 237
14903 36 216 237
14904 37 160 237
14905 0 57 238
14906 1 31 238
14907 2 135 238
14908 99 149 246
14909 96 185 246
14910 93 245 245
14911 91 138 245
14912 87 253 245
14913 85 40 244
14914 81 228 244
14915 78 152 243
14916 75 76 243
14917 73 212 242
14918 69 37 242
14919 66 196 242
14920 63 204 241
14921 60 170 241
14922 57 68 240
14923 54 131 240
14924 51 236 239
14925 48 243 239
14926 45 250 239
14927 42 51 238
14928 39 142 238
14929 3 60 238
14930 4 231 238
14931 5 73 238
14932 6 233 238
14933 7 105 238
14934 8 250 238
14935 9 85 238
14936 10 238 238
14937 11 178 238
14938 100 203 247
14939 97 248 246
14940 94 251 246
14941 90 11 246
14942 88 85 245
14943 84 217 245
14944 82 114 244
14945 79 19 243
14946 76 184 243
14947 72 157 243
14948 71 158 242
14949 67 153 242
14950 64 102 241
14951 61 195 241
14952 58 97 240
14953 55 177 240
14954 52 118 240
14955 49 191 239
14956 46 213 239
14957 43 200 238
14958 40 71 238
14959 12 152 238
14960 13 100 238
14961 14 159 238
14962 15 121 238
14963 16 255 238
14964 17 80 238
14965 18 87 238
14966 19 112 238
14967 101 124 247
14968 98 254 247
14969 95 127 247
14970 92 256 246
14971 89 214 245
14972 86 57 245
14973 83 138 244
14974 80 19 245
14975 77 46 244
14976 74 202 244
14977 70 172 243
14978 68 51 242
14979 65 154 242
14980 62 17 242
14981 59 217 241
14982 56 59 241
14983 53 224 240
14984 50 191 240
14985 47 246 239
14986 44 164 239
14987 41 113 238
14988 38 161 238
14989 35 209 238
14990 20 213 238
14991 21 164 238
14992 22 104 238
14993 23 108 238
14994 24 12 238
14995 102 149 248
14996 99 192 247
14997 96 128 247
14998 93 107 246
14999 91 190 246
15000 87 207 246
15001 85 74 245
15002 81 23 245
15003 78 101 244
15004 75 179 244
15005 73 208 243
15006 69 77 243
15007 66 137 243
15008 63 237 242
15009 60 126 242
15010 57 79 241
15011 54 224 241
15012 51 123 240
15013 48 82 240
15014 45 41 240
15015 42 132 239
15016 39 233 239
15017 36 241 238
15018 32 109 238
15019 25 241 238
15020 26 31 238
15021 27 182 238
15022 103 2 248
15023 100 96 248
15024 97 16 247
15025 94 182 247
15026 90 102 247
15027 88 163 246
15028 84 171 246
15029 82 140 245
15030 79 109 244
15031 76 244 244
15032 72 53 244
15033 71 26 243
15034 67 242 243
15035 64 247 242
15036 61 59 242
15037 58 56 241
15038 55 28 241
15039 52 190 241
15040 49 203 240
15041 46 221 240
15042 43 100 239
15043 40 245 239
15044 37 255 238
15045 34 170 238
15046 30 152 238
15047 28 98 238
15048 104 48 249
15049 101 8 248
15050 98 91 248
15051 95 174 248
15052 92 116 247
15053 89 105 246
15054 86 70 246
15055 83 183 245
15056 80 109 246
15057 77 61 245
15058 74 212 245
15059 70 63 244
15060 68 252 243
15061 65 126 243
15062 62 84 243
15063 59 14 242
15064 56 95 242
15065 53 230 241
15066 50 203 241
15067 47 248 240
15068 44 251 240
15069 41 256 239
15070 38 85 239
15071 35 171 239
15072 33 181 238
15073 106 29 249
15074 102 202 249
15075 99 87 248
15076 96 58 248
15077 93 181 247
15078 91 21 247
15079 87 146 247
15080 85 226 246
15081 81 159 246
15082 78 106 245
15083 75 53 245
15084 73 88 244
15085 69 63 244
15086 66 42 244
15087 63 7 243
15088 60 103 243
15089 57 88 242
15090 54 230 242
15091 51 124 241
15092 48 254 241
15093 45 127 241
15094 42 150 240
15095 39 214 240
15096 36 57 239
15097 105 203 250
15098 103 123 249
15099 100 172 249
15100 97 200 248
15101 94 219 248
15102 90 203 248
15103 88 110 247
15104 84 134 247
15105 82 208 246
15106 79 206 245
15107 76 223 245
15108 72 147 245
15109 71 249 244
15110 67 198 244
15111 64 132 243
15112 61 255 243
15113 58 186 242
15114 55 93 242
15115 52 62 242
15116 49 96 241
15117 46 64 241
15118 43 129 240
15119 40 107 240
15120 107 129 250
15121 104 86 250
15122 101 100 249
15123 98 238 249
15124 95 119 249
15125 92 165 248
15126 89 156 247
15127 86 104 247
15128 83 103 246
15129 80 206 247
15130 77 120 246
15131 74 80 246
15132 70 181 245
15133 68 66 244
15134 65 33 244
15135 62 22 244
15136 59 175 243
15137 56 31 243
15138 53 48 242
15139 50 96 242
15140 47 16 241
15141 44 182 241
15142 108 43 251
15143 106 220 250
15144 102 80 250
15145 99 188 249
15146 96 211 249
15147 93 78 248
15148 91 7 248
15149 87 26 248
15150 85 127 247
15151 81 60 247
15152 78 40 246
15153 75 20 246
15154 73 26 245
15155 69 145 245
15156 66 11 245
15157 63 216 244
15158 60 235 244
15159 57 72 243
15160 54 48 243
15161 51 8 242
15162 48 91 242
15163 109 166 251
15164 105 18 251
15165 103 123 250
15166 100 94 250
15167 97 187 249
15168 94 39 249
15169 90 2 249
15170 88 90 248
15171 84 6 248
15172 82 30 247
15173 79 5 246
15174 76 89 246
15175 72 245 246
15176 71 235 245
15177 67 162 245
15178 64 108 244
15179 61 254 244
15180 58 12 243
15181 55 6 243
15182 52 4 243
15183 110 166 252
15184 107 199 251
15185 104 47 251
15186 101 222 250
15187 98 148 250
15188 95 74 250
15189 92 135 249
15190 89 151 248
15191 86 15 248
15192 83 131 247
15193 80 5 248
15194 77 215 247
15195 74 229 247
15196 70 191 246
15197 68 54 245
15198 65 27 245
15199 62 18 245
15200 59 3 244
15201 56 2 244
15202 111 228 252
15203 108 152 252
15204 106 5 251
15205 102 121 251
15206 99 37 250
15207 96 196 250
15208 93 204 249
15209 91 42 249
15210 87 68 249
15211 85 116 248
15212 81 236 248
15213 78 243 247
15214 75 250 247
15215 73 7 246
15216 69 142 246
15217 66 9 246
15218 63 130 245
15219 60 254 245
15220 113 230 252
15221 109 19 252
15222 105 133 252
15223 103 86 251
15224 100 147 251
15225 97 153 250
15226 94 102 250
15227 90 202 250
15228 88 97 249
15229 84 241 249
15230 82 118 248
15231 79 191 247
15232 76 213 247
15233 72 195 247
15234 71 186 246
15235 67 226 246
15236 64 65 245
15237 112 240 253
15238 110 19 253
15239 107 46 252
15240 104 202 252
15241 101 205 251
15242 98 51 251
15243 95 154 251
15244 92 17 250
15245 89 217 249
15246 86 59 249
15247 83 224 248
15248 80 191 249
15249 77 246 248
15250 74 164 248
15251 70 113 247
15252 68 161 246
15253 114 138 254
15254 111 23 253
15255 108 101 253
15256 106 188 252
15257 102 34 252
15258 99 77 251
15259 96 137 251
15260 93 237 250
15261 91 149 250
15262 87 79 250
15263 85 211 249
15264 81 123 249
15265 78 82 248
15266 75 41 248
15267 73 96 247
15268 115 210 254
15269 113 110 253
15270 109 109 253
15271 105 227 253
15272 103 220 252
15273 100 167 252
15274 97 242 251
15275 94 247 251
15276 90 26 251
15277 88 56 250
15278 84 114 250
15279 82 190 249
15280 79 203 248
15281 76 221 248
15282 116 70 255
15283 112 211 254
15284 110 109 254
15285 107 61 253
15286 104 212 253
15287 101 121 252
15288 98 252 252
15289 95 126 252
15290 92 84 251
15291 89 14 250
15292 86 95 250
15293 83 230 249
15294 80 203 250
15295 117 146 255
15296 114 183 255
15297 111 159 254
15298 108 106 254
15299 106 128 253
15300 102 255 253
15301 99 63 252
15302 96 42 252
15303 93 7 251
15304 91 118 251
15305 87 88 251
15306 84 230 251
15307 118 110 255
15308 115 55 255
15309 113 94 254
15310 109 206 254
15311 105 251 254
15312 103 43 253
15313 100 160 253
15314 97 198 252
15315 94 132 252
15316 90 115 252
15317 88 186 251
15318 119 156 256
15319 116 104 256
15320 112 215 255
15321 110 206 255
15322 107 120 254
15323 104 80 254
15324 101 99 253
15325 98 66 253
15326 95 33 253
15327 92 22 252
15328 121 202 256
15329 117 26 256
15330 114 103 256
15331 111 60 255
15332 108 40 255
15333 106 39 254
15334 102 163 254
15335 99 145 253
15336 96 11 253
15337 120 196 257
15338 118 90 256
15339 115 45 256
15340 113 197 255
15341 109 5 255
15342 105 185 255
15343 103 199 254
15344 100 201 254
15345 122 135 258
15346 119 151 257
15347 116 15 257
15348 112 194 256
15349 110 5 256
15350 107 215 255
15351 104 229 255
15352 123 204 258
15353 121 38 257
15354 117 68 257
15355 114 131 257
15356 111 236 256
15357 108 243 256
15358 124 102 258
15359 120 88 258
15360 118 97 257
15361 115 177 257
15362 113 132 256
15363 125 154 259
15364 122 17 259
15365 119 217 258
15366 116 59 258
15367 127 150 259
15368 123 237 259
15369 121 99 258
15370 126 245 260
15371 124 247 259
15372 128 252 260
15373 29 63 238
15374 31 18 238
15375 0 188 239
15376 1 192 239
15377 2 84 239
15378 3 68 239
15379 4 222 239
15380 5 150 239
15381 6 104 239
15382 7 179 239
15383 8 67 239
15384 0 251 240
15385 0 251 241
15386 0 251 242
15387 0 251 243
15388 0 251 244
15389 0 251 245
15390 0 251 246
15391 0 251 247
15392 0 251 248
15393 9 9 239
15394 10 256 239
15395 11 4 239
15396 12 97 239
15397 13 187 239
15398 14 36 239
15399 15 28 239
15400 16 188 239
15401 17 126 239
15402 18 249 239
15403 19 48 239
15404 20 185 239
15405 21 53 239
15406 22 49 239
15407 1 167 240
15408 1 167 241
15409 1 167 242
15410 1 167 243
15411 1 167 244
15412 23 49 239
15413 24 123 239
15414 25 56 239
15415 26 17 239
15416 27 142 239
15417 28 194 239
15418 29 184 239
15419 30 84 239
15420 31 240 239
15421 32 219 239
15422 33 141 239
15423 34 194 239
15424 37 68 239
15425 2 13 240
15426 3 33 240
15427 4 118 240
15428 5 164 240
15429 6 46 240
15430 7 156 240
15431 8 234 240
15432 9 93 240
15433 10 153 240
15434 11 236 240
15435 12 69 240
15436 13 18 240
15437 14 81 240
15438 15 129 240
15439 16 194 240
15440 17 207 240
15441 18 37 240
15442 19 177 240
15443 20 56 240
15444 21 19 240
15445 22 214 240
15446 23 135 240
15447 24 255 240
15448 25 172 240
15449 26 182 240
15450 27 215 240
15451 28 226 240
15452 29 42 240
15453 30 171 240
15454 31 67 240
15455 32 25 240
15456 33 253 240
15457 34 220 240
15458 35 253 240
15459 36 226 240
15460 37 21 240
15461 38 191 240
15462 41 78 240
15463 2 80 241
15464 3 13 241
15465 4 65 241
15466 5 192 241
15467 6 122 241
15468 7 165 241
15469 8 116 241
15470 9 83 241
15471 10 74 241
15472 11 210 241
15473 12 192 241
15474 13 103 241
15475 14 53 241
15476 15 246 241
15477 16 141 241
15478 17 172 241
15479 18 205 241
15480 19 181 241
15481 20 102 241
15482 21 247 241
15483 22 240 241
15484 23 101 241
15485 24 113 241
15486 25 25 241
15487 26 239 241
15488 27 114 241
15489 28 129 241
15490 29 64 241
15491 30 169 241
15492 31 112 241
15493 32 7 241
15494 33 140 241
15495 34 2 241
15496 35 212 241
15497 36 222 241
15498 37 32 241
15499 38 196 241
15500 39 25 241
15501 40 199 241
15502 41 99 241
15503 42 47 241
15504 43 64 241
15505 2 3 242
15506 3 110 242
15507 4 182 242
15508 5 229 242
15509 6 20 242
15510 7 160 242
15511 8 136 242
15512 9 188 242
15513 10 29 242
15514 11 166 242
15515 12 145 242
15516 13 92 242
15517 14 44 242
15518 15 18 242
15519 16 50 242
15520 17 76 242
15521 18 159 242
15522 19 133 242
15523 20 102 242
15524 21 122 242
15525 22 202 242
15526 23 161 242
15527 24 247 242
15528 25 133 242
15529 26 167 242
15530 27 136 242
15531 28 86 242
15532 29 248 242
15533 30 165 242
15534 31 237 242
15535 32 104 242
15536 33 81 242
15537 34 151 242
15538 35 29 242
15539 36 11 242
15540 37 124 242
15541 38 52 242
15542 39 42 242
15543 40 151 242
15544 41 105 242
15545 42 217 242
15546 43 176 242
15547 44 144 242
15548 45 193 242
15549 46 22 242
15550 47 63 242
15551 49 104 242
15552 2 86 243
15553 3 209 243
15554 4 76 243
15555 5 123 243
15556 6 125 243
15557 7 130 243
15558 8 229 243
15559 9 220 243
15560 10 175 243
15561 11 226 243
15562 12 249 243
15563 13 126 243
15564 14 219 243
15565 15 94 243
15566 16 69 243
15567 17 180 243
15568 18 133 243
15569 19 167 243
15570 20 177 243
15571 21 6 243
15572 22 150 243
15573 23 221 243
15574 24 162 243
15575 25 88 243
15576 26 116 243
15577 27 234 243
15578 28 242 243
15579 29 15 243
15580 30 184 243
15581 31 218 243
15582 32 198 243
15583 33 37 243
15584 34 162 243
15585 35 15 243
15586 36 145 243
15587 37 208 243
15588 38 37 243
15589 39 58 243
15590 40 32 243
15591 41 184 243
15592 42 138 243
15593 43 42 243
15594 44 212 243
15595 45 171 243
15596 47 203 243
15597 46 5 243
15598 48 212 243
15599 49 171 243
15600 50 157 243
15601 51 209 243
15602 53 181 243
15603 2 12 244
15604 3 210 244
15605 4 133 244
15606 5 202 244
15607 6 137 244
15608 7 3 244
15609 8 45 244
15610 9 91 244
15611 10 239 244
15612 11 210 244
15613 12 51 244
15614 13 182 244
15615 14 121 244
15616 15 75 244
15617 16 109 244
15618 17 2 244
15619 18 41 244
15620 19 43 244
15621 20 38 244
15622 21 54 244
15623 22 120 244
15624 23 64 244
15625 24 154 244
15626 25 143 244
15627 26 2 244
15628 27 160 244
15629 28 8 244
15630 29 189 244
15631 30 180 244
15632 31 117 244
15633 32 229 244
15634 33 141 244
15635 34 148 244
15636 35 82 244
15637 36 226 244
15638 37 119 244
15639 38 191 244
15640 39 153 244
15641 40 86 244
15642 41 52 244
15643 42 150 244
15644 43 60 244
15645 44 70 244
15646 45 80 244
15647 46 157 244
15648 47 1 244
15649 48 49 244
15650 49 66 244
15651 50 172 244
15652 51 147 244
15653 52 50 244
15654 53 128 244
15655 54 91 244
15656 55 223 244
15657 57 82 244
15658 58 63 244
15659 1 96 245
15660 2 21 245
15661 3 156 245
15662 4 255 245
15663 5 71 245
15664 6 81 245
15665 7 74 245
15666 8 86 245
15667 9 191 245
15668 10 90 245
15669 11 144 245
15670 12 44 245
15671 13 244 245
15672 14 110 245
15673 15 185 245
15674 16 158 245
15675 17 41 245
15676 18 100 245
15677 19 36 245
15678 20 167 245
15679 21 163 245
15680 22 231 245
15681 23 164 245
15682 24 192 245
15683 25 217 245
15684 26 117 245
15685 27 125 245
15686 28 151 245
15687 29 178 245
15688 30 74 245
15689 31 252 245
15690 32 169 245
15691 33 47 245
15692 34 137 245
15693 35 46 245
15694 36 150 245
15695 37 20 245
15696 38 99 245
15697 39 26 245
15698 40 90 245
15699 41 122 245
15700 42 70 245
15701 43 168 245
15702 44 34 245
15703 45 32 245
15704 46 26 245
15705 47 87 245
15706 48 119 245
15707 49 164 245
15708 50 104 245
15709 51 242 245
15710 52 78 245
15711 53 176 245
15712 54 123 245
15713 55 190 245
15714 56 216 245
15715 57 254 245
15716 58 56 245
15717 59 101 245
15718 61 184 245
15719 1 54 246
15720 2 14 246
15721 3 44 246
15722 4 151 246
15723 5 66 246
15724 6 95 246
15725 7 26 246
15726 8 251 246
15727 9 79 246
15728 10 173 246
15729 11 218 246
15730 12 169 246
15731 13 36 246
15732 14 43 246
15733 15 213 246
15734 16 199 246
15735 17 20 246
15736 18 221 246
15737 19 188 246
15738 20 69 246
15739 21 215 246
15740 22 246 246
15741 23 58 246
15742 24 196 246
15743 25 108 246
15744 26 123 246
15745 27 31 246
15746 28 98 246
15747 29 48 246
15748 30 122 246
15749 31 228 246
15750 32 53 246
15751 33 96 246
15752 34 193 246
15753 35 94 246
15754 36 127 246
15755 37 132 246
15756 38 179 246
15757 39 102 246
15758 40 108 246
15759 41 61 246
15760 42 127 246
15761 43 66 246
15762 44 182 246
15763 45 88 246
15764 46 49 246
15765 47 8 246
15766 48 11 246
15767 49 143 246
15768 50 125 246
15769 51 47 246
15770 52 106 246
15771 53 113 246
15772 54 115 246
15773 55 218 246
15774 56 114 246
15775 57 130 246
15776 58 224 246
15777 59 245 246
15778 60 8 246
15779 61 215 246
15780 62 124 246
15781 63 5 246
15782 64 12 246
15783 65 149 246
15784 1 53 247
15785 2 253 247
15786 3 109 247
15787 4 76 247
15788 5 190 247
15789 6 208 247
15790 7 77 247
15791 8 10 247
15792 9 92 247
15793 10 229 247
15794 11 67 247
15795 12 187 247
15796 13 120 247
15797 14 148 247
15798 15 211 247
15799 16 237 247
15800 17 79 247
15801 18 25 247
15802 19 91 247
15803 20 231 247
15804 21 222 247
15805 22 98 247
15806 23 16 247
15807 24 250 247
15808 25 231 247
15809 26 195 247
15810 27 26 247
15811 28 43 247
15812 29 184 247
15813 30 161 247
15814 31 146 247
15815 32 58 247
15816 33 187 247
15817 34 246 247
15818 35 35 247
15819 36 164 247
15820 37 140 247
15821 38 218 247
15822 39 182 247
15823 40 130 247
15824 41 22 247
15825 42 56 247
15826 43 70 247
15827 44 108 247
15828 45 175 247
15829 46 35 247
15830 47 40 247
15831 48 255 247
15832 49 83 247
15833 50 119 247
15834 51 107 247
15835 52 48 247
15836 53 158 247
15837 54 192 247
15838 55 114 247
15839 56 187 247
15840 57 142 247
15841 58 181 247
15842 59 88 247
15843 60 137 247
15844 61 252 247
15845 62 132 247
15846 63 84 247
15847 64 199 247
15848 65 107 247
15849 66 225 247
15850 67 60 247
15851 68 251 247
15852 69 43 247
15853 71 25 247
15854 1 157 248
15855 2 108 248
15856 3 76 248
15857 4 111 248
15858 5 49 248
15859 7 209 248
15860 6 9 248
15861 8 24 248
15862 9 108 248
15863 10 175 248
15864 11 2 248
15865 12 147 248
15866 13 94 248
15867 14 81 248
15868 15 57 248
15869 16 34 248
15870 17 105 248
15871 18 241 248
15872 19 107 248
15873 20 14 248
15874 21 19 248
15875 22 63 248
15876 23 122 248
15877 24 28 248
15878 25 201 248
15879 26 92 248
15880 27 212 248
15881 28 57 248
15882 29 86 248
15883 30 190 248
15884 31 130 248
15885 32 169 248
15886 33 70 248
15887 34 253 248
15888 35 181 248
15889 36 27 248
15890 37 236 248
15891 38 157 248
15892 39 230 248
15893 40 53 248
15894 41 147 248
15895 42 86 248
15896 43 249 248
15897 44 253 248
15898 45 211 248
15899 46 117 248
15900 47 154 248
15901 48 54 248
15902 49 183 248
15903 50 39 248
15904 51 22 248
15905 52 152 248
15906 53 111 248
15907 54 243 248
15908 55 34 248
15909 56 245 248
15910 57 63 248
15911 58 72 248
15912 59 19 248
15913 60 149 248
15914 61 5 248
15915 62 97 248
15916 63 112 248
15917 64 72 248
15918 65 199 248
15919 66 138 248
15920 67 181 248
15921 68 196 248
15922 69 159 248
15923 70 67 248
15924 71 47 248
15925 72 150 248
15926 73 84 248
15927 0 40 249
15928 1 210 249
15929 2 38 249
15930 3 133 249
15931 4 28 249
15932 5 230 249
15933 6 119 249
15934 7 222 249
15935 8 60 249
15936 9 218 249
15937 10 202 249
15938 11 42 249
15939 12 190 249
15940 13 197 249
15941 14 83 249
15942 15 103 249
15943 16 158 249
15944 17 65 249
15945 18 40 249
15946 19 35 249
15947 20 11 249
15948 21 83 249
15949 23 28 249
15950 22 61 249
15951 24 154 249
15952 25 30 249
15953 26 91 249
15954 27 135 249
15955 28 41 249
15956 29 152 249
15957 30 132 249
15958 31 55 249
15959 32 150 249
15960 33 158 249
15961 34 194 249
15962 35 88 249
15963 36 160 249
15964 37 183 249
15965 38 191 249
15966 39 25 249
15967 40 79 249
15968 41 250 249
15969 42 46 249
15970 43 168 249
15971 44 236 249
15972 45 149 249
15973 46 175 249
15974 47 146 249
15975 48 249 249
15976 49 114 249
15977 50 177 249
15978 51 95 249
15979 52 256 249
15980 53 194 249
15981 54 45 249
15982 55 169 249
15983 56 57 249
15984 57 77 249
15985 58 75 249
15986 59 12 249
15987 60 156 249
15988 61 256 249
15989 62 174 249
15990 63 114 249
15991 64 246 249
15992 65 179 249
15993 66 169 249
15994 67 184 249
15995 68 102 249
15996 69 167 249
15997 70 173 249
15998 71 65 249
15999 72 145 249
16000 73 177 249
16001 74 225 249
16002 75 192 249
16003 76 170 249
16004 77 171 249
16005 78 236 249
16006 79 102 249
16007 0 148 250
16008 1 19 250
16009 2 170 250
16010 3 241 250
16011 4 101 250
16012 5 159 250
16013 6 115 250
16014 7 45 250
16015 8 219 250
16016 9 218 250
16017 10 197 250
16018 11 13 250
16019 12 186 250
16020 13 250 250
16021 14 71 250
16022 15 242 250
16023 16 62 250
16024 17 244 250
16025 18 170 250
16026 19 164 250
16027 20 100 250
16028 21 9 250
16029 22 61 250
16030 23 139 250
16031 24 29 250
16032 25 171 250
16033 26 168 250
16034 27 255 250
16035 28 204 250
16036 29 205 250
16037 30 130 250
16038 31 102 250
16039 32 185 250
16040 33 28 250
16041 35 200 250
16042 34 178 250
16043 36 242 250
16044 37 181 250
16045 38 198 250
16046 39 102 250
16047 40 23 250
16048 41 237 250
16049 42 131 250
16050 43 85 250
16051 44 110 250
16052 45 83 250
16053 46 9 250
16054 47 124 250
16055 48 50 250
16056 49 57 250
16057 50 53 250
16058 51 38 250
16059 52 165 250
16060 53 117 250
16061 54 191 250
16062 55 187 250
16063 56 89 250
16064 57 110 250
16065 58 2 250
16066 59 126 250
16067 60 236 250
16068 61 84 250
16069 62 126 250
16070 63 40 250
16071 64 71 250
16072 65 109 250
16073 66 137 250
16074 67 28 250
16075 68 207 250
16076 69 3 250
16077 70 136 250
16078 71 230 250
16079 72 216 250
16080 73 11 250
16081 74 205 250
16082 75 29 250
16083 76 249 250
16084 77 66 250
16085 78 139 250
16086 79 63 250
16087 81 211 250
16088 82 94 250
16089 83 70 250
16090 85 85 250
16091 0 243 251
16092 1 198 251
16093 2 155 251
16094 3 76 251
16095 4 26 251
16096 5 197 251
16097 6 204 251
16098 7 33 251
16099 8 216 251
16100 9 118 251
16101 10 49 251
16102 11 3 251
16103 12 150 251
16104 13 252 251
16105 14 99 251
16106 15 87 251
16107 16 181 251
16108 17 94 251
16109 18 51 251
16110 19 174 251
16111 20 42 251
16112 21 234 251
16113 22 139 251
16114 23 216 251
16115 24 144 251
16116 25 157 251
16117 26 18 251
16118 27 198 251
16119 28 36 251
16120 29 216 251
16121 30 95 251
16122 31 15 251
16123 32 92 251
16124 33 101 251
16125 34 119 251
16126 35 1 251
16127 36 48 251
16128 37 217 251
16129 38 115 251
16130 39 241 251
16131 40 227 251
16132 41 170 251
16133 42 9 251
16134 43 147 251
16135 44 124 251
16136 45 14 251
16137 46 58 251
16138 47 129 251
16139 48 84 251
16140 49 111 251
16141 50 127 251
16142 51 20 251
16143 52 170 251
16144 53 216 251
16145 54 6 251
16146 55 235 251
16147 56 97 251
16148 57 38 251
16149 58 40 251
16150 59 204 251
16151 60 72 251
16152 61 191 251
16153 62 248 251
16154 63 43 251
16155 64 160 251
16156 65 251 251
16157 66 151 251
16158 67 213 251
16159 68 4 251
16160 69 129 251
16161 70 7 251
16162 71 225 251
16163 72 191 251
16164 73 22 251
16165 74 139 251
16166 75 62 251
16167 76 176 251
16168 77 169 251
16169 78 60 251
16170 79 221 251
16171 80 20 251
16172 81 148 251
16173 82 41 251
16174 83 1 251
16175 85 179 251
16176 86 25 251
16177 89 108 251
16178 0 49 252
16179 1 201 252
16180 2 110 252
16181 3 189 252
16182 4 68 252
16183 5 14 252
16184 6 55 252
16185 7 15 252
16186 8 118 252
16187 9 213 252
16188 10 201 252
16189 11 168 252
16190 12 80 252
16191 13 44 252
16192 14 146 252
16193 15 149 252
16194 16 97 252
16195 17 5 252
16196 18 252 252
16197 19 167 252
16198 20 248 252
16199 21 86 252
16200 22 230 252
16201 23 117 252
16202 24 169 252
16203 25 243 252
16204 26 106 252
16205 27 150 252
16206 28 112 252
16207 29 66 252
16208 30 116 252
16209 31 174 252
16210 32 61 252
16211 34 22 252
16212 33 54 252
16213 35 43 252
16214 36 136 252
16215 37 8 252
16216 38 63 252
16217 39 53 252
16218 40 211 252
16219 41 117 252
16220 42 61 252
16221 43 37 252
16222 44 8 252
16223 45 134 252
16224 46 99 252
16225 47 142 252
16226 48 89 252
16227 49 248 252
16228 50 176 252
16229 51 236 252
16230 52 56 252
16231 53 187 252
16232 54 89 252
16233 55 103 252
16234 56 30 252
16235 57 50 252
16236 58 51 252
16237 59 97 252
16238 60 180 252
16239 61 99 252
16240 62 67 252
16241 63 124 252
16242 64 102 252
16243 65 246 252
16244 66 52 252
16245 67 208 252
16246 68 146 252
16247 69 170 252
16248 70 184 252
16249 71 73 252
16250 72 224 252
16251 73 182 252
16252 74 51 252
16253 75 122 252
16254 76 93 252
16255 77 237 252
16256 78 73 252
16257 79 206 252
16258 80 185 252
16259 81 181 252
16260 82 18 252
16261 83 90 252
16262 84 65 252
16263 85 92 252
16264 86 208 252
16265 87 247 252
16266 88 79 252
16267 89 236 252
16268 91 231 252
16269 93 183 252
16270 0 15 253
16271 1 213 253
16272 2 126 253
16273 3 109 253
16274 4 141 253
16275 5 247 253
16276 6 22 253
16277 7 169 253
16278 8 226 253
16279 9 146 253
16280 10 114 253
16281 11 221 253
16282 12 203 253
16283 13 50 253
16284 14 255 253
16285 15 115 253
16286 16 168 253
16287 17 21 253
16288 18 99 253
16289 19 188 253
16290 20 13 253
16291 21 183 253
16292 22 7 253
16293 23 125 253
16294 24 243 253
16295 25 223 253
16296 26 229 253
16297 27 76 253
16298 28 159 253
16299 29 214 253
16300 30 189 253
16301 31 105 253
16302 32 74 253
16303 33 222 253
16304 34 167 253
16305 35 238 253
16306 36 200 253
16307 37 157 253
16308 38 181 253
16309 39 235 253
16310 40 103 253
16311 41 242 253
16312 42 226 253
16313 43 131 253
16314 44 117 253
16315 45 179 253
16316 46 253 253
16317 47 86 253
16318 48 153 253
16319 49 233 253
16320 50 217 253
16321 51 94 253
16322 52 166 253
16323 53 186 253
16324 54 67 253
16325 55 101 253
16326 56 185 253
16327 57 111 253
16328 58 37 253
16329 59 220 253
16330 60 117 253
16331 61 214 253
16332 62 137 253
16333 63 62 253
16334 64 141 253
16335 65 39 253
16336 66 152 253
16337 67 154 253
16338 68 89 253
16339 69 185 253
16340 70 68 253
16341 71 51 253
16342 72 227 253
16343 73 38 253
16344 74 188 253
16345 75 90 253
16346 76 173 253
16347 77 196 253
16348 78 32 253
16349 79 109 253
16350 80 217 253
16351 81 23 253
16352 82 41 253
16353 83 163 253
16354 84 149 253
16355 85 139 253
16356 86 222 253
16357 87 72 253
16358 88 39 253
16359 89 161 253
16360 90 111 253
16361 91 56 253
16362 92 210 253
16363 93 116 253
16364 94 118 253
16365 97 114 253
16366 0 104 254
16367 1 255 254
16368 2 250 254
16369 3 76 254
16370 4 78 254
16371 5 189 254
16372 6 179 254
16373 7 24 254
16374 8 167 254
16375 9 176 254
16376 10 16 254
16377 11 172 254
16378 12 207 254
16379 13 108 254
16380 14 142 254
16381 15 123 254
16382 16 99 254
16383 17 197 254
16384 18 119 254
16385 19 53 254
16386 20 136 254
16387 21 168 254
16388 22 159 254
16389 23 7 254
16390 24 220 254
16391 25 125 254
16392 26 172 254
16393 27 170 254
16394 28 163 254
16395 29 232 254
16396 30 46 254
16397 31 138 254
16398 32 3 254
16399 33 213 254
16400 34 28 254
16401 35 111 254
16402 36 90 254
16403 37 35 254
16404 38 118 254
16405 39 45 254
16406 40 196 254
16407 41 65 254
16408 42 126 254
16409 43 170 254
16410 44 212 254
16411 45 198 254
16412 46 48 254
16413 47 243 254
16414 48 48 254
16415 49 55 254
16416 50 150 254
16417 51 119 254
16418 52 174 254
16419 53 16 254
16420 54 23 254
16421 55 24 254
16422 56 4 254
16423 57 179 254
16424 58 224 254
16425 59 43 254
16426 60 218 254
16427 61 56 254
16428 62 101 254
16429 63 152 254
16430 64 43 254
16431 65 131 254
16432 66 191 254
16433 67 83 254
16434 68 50 254
16435 69 74 254
16436 70 155 254
16437 71 105 254
16438 72 92 254
16439 73 193 254
16440 74 253 254
16441 75 67 254
16442 76 171 254
16443 77 44 254
16444 78 231 254
16445 79 18 254
16446 80 225 254
16447 81 3 254
16448 82 147 254
16449 83 202 254
16450 84 148 254
16451 85 142 254
16452 86 169 254
16453 87 33 254
16454 88 40 254
16455 89 244 254
16456 90 32 254
16457 91 164 254
16458 92 206 254
16459 93 150 254
16460 94 80 254
16461 95 141 254
16462 96 212 254
16463 97 37 254
16464 98 157 254
16465 99 86 254
16466 101 132 254
16467 0 64 255
16468 2 111 255
16469 1 9 255
16470 3 93 255
16471 4 114 255
16472 5 16 255
16473 6 110 255
16474 7 63 255
16475 8 86 255
16476 9 169 255
16477 10 88 255
16478 11 233 255
16479 12 122 255
16480 13 127 255
16481 14 165 255
16482 15 171 255
16483 16 55 255
16484 17 57 255
16485 18 204 255
16486 19 4 255
16487 20 26 255
16488 21 54 255
16489 22 111 255
16490 23 220 255
16491 24 49 255
16492 25 10 255
16493 26 40 255
16494 27 200 255
16495 28 155 255
16496 29 115 255
16497 30 233 255
16498 31 38 255
16499 32 253 255
16500 33 134 255
16501 34 233 255
16502 35 198 255
16503 36 109 255
16504 37 154 255
16505 38 140 255
16506 39 62 255
16507 40 22 255
16508 41 82 255
16509 42 247 255
16510 43 243 255
16511 44 70 255
16512 45 226 255
16513 46 23 255
16514 47 210 255
16515 48 207 255
16516 49 6 255
16517 50 183 255
16518 51 129 255
16519 52 31 255
16520 53 9 255
16521 54 179 255
16522 55 99 255
16523 56 232 255
16524 57 12 255
16525 58 123 255
16526 59 225 255
16527 60 118 255
16528 61 229 255
16529 62 215 255
16530 63 54 255
16531 64 163 255
16532 65 70 255
16533 66 238 255
16534 67 182 255
16535 68 17 255
16536 69 150 255
16537 70 133 255
16538 71 151 255
16539 72 126 255
16540 73 48 255
16541 74 190 255
16542 75 183 255
16543 76 85 255
16544 77 115 255
16545 78 96 255
16546 79 55 255
16547 80 64 255
16548 81 215 255
16549 82 29 255
16550 83 208 255
16551 84 247 255
16552 85 70 255
16553 86 80 255
16554 87 202 255
16555 88 40 255
16556 89 22 255
16557 90 186 255
16558 91 250 255
16559 92 195 255
16560 93 233 255
16561 94 208 255
16562 95 25 255
16563 96 138 255
16564 97 127 255
16565 98 70 255
16566 99 191 255
16567 100 173 255
16568 101 14 255
16569 102 194 255
16570 103 222 255
16571 106 123 255
16572 0 119 256
16573 1 56 256
16574 2 84 256
16575 3 5 256
16576 4 51 256
16577 5 5 256
16578 6 255 256
16579 7 140 256
16580 8 252 256
16581 9 171 256
16582 10 239 256
16583 11 123 256
16584 12 165 256
16585 13 17 256
16586 14 116 256
16587 15 167 256
16588 16 89 256
16589 17 241 256
16590 18 95 256
16591 19 151 256
16592 20 118 256
16593 21 78 256
16594 22 167 256
16595 23 101 256
16596 24 140 256
16597 25 40 256
16598 26 171 256
16599 27 180 256
16600 28 124 256
16601 29 196 256
16602 30 63 256
16603 31 200 256
16604 32 167 256
16605 33 227 256
16606 34 68 256
16607 35 109 256
16608 36 192 256
16609 37 22 256
16610 38 206 256
16611 39 173 256
16612 40 104 256
16613 41 81 256
16614 42 245 256
16615 43 197 256
16616 44 101 256
16617 45 158 256
16618 46 191 256
16619 47 51 256
16620 48 25 256
16621 49 105 256
16622 50 9 256
16623 51 85 256
16624 52 61 256
16625 53 252 256
16626 54 147 256
16627 55 247 256
16628 56 87 256
16629 57 10 256
16630 58 214 256
16631 59 134 256
16632 60 41 256
16633 61 137 256
16634 62 248 256
16635 63 207 256
16636 64 42 256
16637 65 4 256
16638 66 203 256
16639 67 253 256
16640 68 37 256
16641 69 93 256
16642 70 104 256
16643 71 63 256
16644 72 235 256
16645 73 253 256
16646 74 10 256
16647 75 136 256
16648 76 242 256
16649 77 122 256
16650 78 190 256
16651 79 148 256
16652 80 117 256
16653 81 234 256
16654 82 96 256
16655 83 72 256
16656 84 244 256
16657 85 7 256
16658 86 82 256
16659 87 93 256
16660 88 164 256
16661 89 93 256
16662 90 51 256
16663 91 133 256
16664 92 184 256
16665 93 132 256
16666 94 241 256
16667 95 222 256
16668 96 46 256
16669 97 40 256
16670 98 138 256
16671 99 113 256
16672 100 22 256
16673 101 97 256
16674 102 23 256
16675 103 80 256
16676 104 163 256
16677 105 11 256
16678 106 230 256
16679 107 42 256
16680 109 179 256
16681 0 73 257
16682 1 200 257
16683 2 206 257
16684 3 92 257
16685 4 182 257
16686 5 4 257
16687 6 176 257
16688 7 36 257
16689 8 203 257
16690 9 132 257
16691 10 15 257
16692 11 82 257
16693 12 35 257
16694 13 187 257
16695 14 161 257
16696 15 165 257
16697 16 37 257
16698 17 240 257
16699 18 250 257
16700 19 122 257
16701 20 181 257
16702 21 176 257
16703 22 35 257
16704 23 123 257
16705 24 44 257
16706 25 183 257
16707 26 78 257
16708 27 64 257
16709 28 235 257
16710 29 238 257
16711 30 76 257
16712 31 170 257
16713 32 138 257
16714 33 155 257
16715 34 236 257
16716 35 142 257
16717 36 156 257
16718 37 184 257
16719 38 21 257
16720 39 19 257
16721 40 250 257
16722 41 153 257
16723 42 237 257
16724 43 118 257
16725 44 129 257
16726 45 66 257
16727 46 68 257
16728 47 97 257
16729 48 203 257
16730 49 184 257
16731 50 123 257
16732 51 41 257
16733 52 63 257
16734 53 40 257
16735 54 102 257
16736 55 119 257
16737 56 247 257
16738 57 44 257
16739 58 19 257
16740 59 188 257
16741 60 80 257
16742 61 108 257
16743 62 173 257
16744 63 244 257
16745 64 81 257
16746 65 243 257
16747 66 246 257
16748 67 49 257
16749 68 57 257
16750 69 14 257
16751 70 44 257
16752 71 121 257
16753 72 20 257
16754 73 122 257
16755 74 49 257
16756 75 226 257
16757 76 197 257
16758 77 78 257
16759 78 187 257
16760 79 141 257
16761 80 112 257
16762 81 200 257
16763 82 9 257
16764 83 182 257
16765 84 3 257
16766 85 226 257
16767 86 254 257
16768 87 88 257
16769 88 184 257
16770 89 29 257
16771 90 100 257
16772 91 229 257
16773 92 169 257
16774 93 93 257
16775 94 4 257
16776 95 159 257
16777 96 242 257
16778 97 197 257
16779 98 200 257
16780 99 34 257
16781 100 96 257
16782 101 66 257
16783 102 96 257
16784 103 123 257
16785 104 239 257
16786 105 148 257
16787 106 173 257
16788 107 7 257
16789 108 244 257
16790 109 52 257
16791 110 216 257
16792 111 137 257
16793 112 145 257
16794 113 226 257
16795 0 25 258
16796 1 115 258
16797 2 170 258
16798 3 220 258
16799 4 39 258
16800 5 183 258
16801 6 136 258
16802 7 206 258
16803 8 69 258
16804 9 138 258
16805 10 160 258
16806 11 106 258
16807 12 191 258
16808 13 121 258
16809 14 178 258
16810 15 45 258
16811 16 80 258
16812 17 137 258
16813 18 6 258
16814 19 125 258
16815 20 55 258
16816 21 193 258
16817 22 140 258
16818 23 75 258
16819 24 113 258
16820 25 45 258
16821 26 81 258
16822 27 170 258
16823 28 129 258
16824 29 36 258
16825 30 222 258
16826 31 255 258
16827 32 59 258
16828 33 31 258
16829 34 128 258
16830 35 51 258
16831 36 174 258
16832 37 142 258
16833 38 113 258
16834 39 9 258
16835 40 220 258
16836 41 249 258
16837 42 214 258
16838 43 75 258
16839 44 96 258
16840 45 104 258
16841 46 39 258
16842 47 21 258
16843 48 158 258
16844 49 172 258
16845 50 171 258
16846 51 37 258
16847 52 176 258
16848 53 6 258
16849 54 138 258
16850 55 26 258
16851 56 236 258
16852 57 245 258
16853 58 201 258
16854 0 188 259
16855 59 33 258
16856 60 63 258
16857 0 234 260
16858 61 148 258
16859 0 78 261
16860 62 233 258
16861 63 250 258
16862 64 51 258
16863 65 96 258
16864 66 121 258
16865 67 10 258
16866 68 168 258
16867 69 135 258
16868 70 62 258
16869 71 153 258
16870 72 26 258
16871 73 120 258
16872 74 223 258
16873 75 3 258
16874 77 75 258
16875 76 47 258
16876 78 131 258
16877 79 187 258
16878 80 112 258
16879 81 26 258
16880 82 64 258
16881 83 168 258
16882 84 100 258
16883 85 98 258
16884 86 227 258
16885 87 84 258
16886 88 65 258
16887 89 155 258
16888 90 248 258
16889 91 221 258
16890 92 241 258
16891 93 96 258
16892 94 91 258
16893 95 203 258
16894 96 57 258
16895 97 62 258
16896 98 169 258
16897 99 27 258
16898 100 58 258
16899 101 89 258
16900 102 186 258
16901 103 163 258
16902 104 108 258
16903 105 195 258
16904 106 177 258
16905 107 219 258
16906 108 50 258
16907 109 17 258
16908 110 107 258
16909 111 228 258
16910 112 108 258
16911 113 53 258
16912 114 77 258
16913 115 179 258
16914 117 114 258
16915 118 249 258
16916 1 47 259
16917 2 218 259
16918 3 114 259
16919 4 57 259
16920 5 123 259
16921 6 67 259
16922 7 39 259
16923 8 89 259
16924 9 227 259
16925 10 39 259
16926 11 32 259
16927 12 115 259
16928 13 79 259
16929 14 124 259
16930 15 128 259
16931 16 173 259
16932 17 1 259
16933 18 24 259
16934 19 225 259
16935 20 213 259
16936 21 25 259
16937 22 201 259
16938 23 69 259
16939 24 161 259
16940 25 12 259
16941 26 244 259
16942 27 30 259
16943 28 204 259
16944 29 25 259
16945 30 147 259
16946 31 241 259
16947 32 133 259
16948 33 106 259
16949 34 211 259
16950 35 52 259
16951 36 200 259
16952 37 123 259
16953 38 204 259
16954 39 3 259
16955 40 177 259
16956 41 162 259
16957 42 113 259
16958 43 74 259
16959 44 240 259
16960 45 152 259
16961 46 106 259
16962 47 191 259
16963 48 4 259
16964 49 18 259
16965 50 123 259
16966 51 126 259
16967 52 35 259
16968 53 222 259
16969 54 197 259
16970 55 98 259
16971 56 190 259
16972 57 181 259
16973 58 104 259
16974 59 136 259
16975 60 138 259
16976 61 185 259
16977 62 246 259
16978 63 125 259
16979 64 75 259
16980 65 230 259
16981 66 146 259
16982 67 231 259
16983 68 3 259
16984 69 77 259
16985 70 77 259
16986 71 30 259
16987 72 59 259
16988 74 181 259
16989 73 218 259
16990 75 116 259
16991 76 223 259
16992 77 183 259
16993 78 250 259
16994 79 118 259
16995 80 52 259
16996 81 205 259
16997 82 31 259
16998 83 149 259
16999 84 195 259
17000 85 52 259
17001 86 75 259
17002 87 201 259
17003 88 244 259
17004 89 117 259
17005 90 84 259
17006 91 206 259
17007 92 170 259
17008 93 189 259
17009 94 213 259
17010 95 64 259
17011 96 80 259
17012 97 256 259
17013 98 113 259
17014 99 124 259
17015 100 49 259
17016 101 31 259
17017 102 100 259
17018 103 10 259
17019 104 231 259
17020 105 47 259
17021 106 17 259
17022 107 219 259
17023 108 9 259
17024 109 96 259
17025 110 136 259
17026 111 208 259
17027 112 143 259
17028 113 256 259
17029 114 102 259
17030 115 49 259
17031 116 181 259
17032 117 223 259
17033 118 52 259
17034 119 48 259
17035 120 186 259
17036 121 218 259
17037 1 80 260
17038 2 134 260
17039 3 77 260
17040 4 23 260
17041 5 156 260
17042 6 227 260
17043 7 49 260
17044 8 12 260
17045 9 51 260
17046 10 79 260
17047 11 135 260
17048 12 98 260
17049 13 165 260
17050 14 30 260
17051 15 255 260
17052 16 240 260
17053 17 112 260
17054 18 84 260
17055 19 186 260
17056 20 107 260
17057 21 132 260
17058 22 246 260
17059 23 163 260
17060 24 69 260
17061 25 251 260
17062 26 7 260
17063 27 48 260
17064 28 185 260
17065 29 256 260
17066 30 210 260
17067 31 16 260
17068 32 78 260
17069 33 109 260
17070 34 85 260
17071 35 25 260
17072 36 41 260
17073 37 28 260
17074 38 94 260
17075 39 78 260
17076 40 85 260
17077 41 256 260
17078 42 110 260
17079 43 196 260
17080 44 11 260
17081 45 205 260
17082 46 162 260
17083 47 44 260
17084 48 84 260
17085 49 56 260
17086 50 173 260
17087 51 56 260
17088 52 47 260
17089 53 243 260
17090 54 208 260
17091 55 148 260
17092 56 243 260
17093 57 92 260
17094 58 37 260
17095 59 96 260
17096 60 124 260
17097 61 33 260
17098 62 88 260
17099 63 129 260
17100 64 139 260
17101 65 56 260
17102 66 19 260
17103 67 108 260
17104 68 112 260
17105 69 167 260
17106 70 13 260
17107 71 154 260
17108 72 58 260
17109 73 159 260
17110 74 197 260
17111 75 200 260
17112 76 67 260
17113 77 191 260
17114 78 7 260
17115 79 120 260
17116 80 63 260
17117 81 79 260
17118 82 208 260
17119 83 101 260
17120 84 68 260
17121 85 253 260
17122 86 17 260
17123 87 95 260
17124 88 172 260
17125 89 188 260
17126 90 195 260
17127 91 15 260
17128 92 183 260
17129 93 254 260
17130 94 173 260
17131 95 146 260
17132 96 48 260
17133 97 173 260
17134 98 107 260
17135 99 254 260
17136 100 111 260
17137 101 55 260
17138 102 208 260
17139 103 76 260
17140 104 166 260
17141 105 40 260
17142 106 77 260
17143 107 75 260
17144 108 110 260
17145 109 60 260
17146 110 230 260
17147 111 196 260
17148 112 191 260
17149 113 90 260
17150 114 83 260
17151 115 129 260
17152 116 4 260
17153 117 182 260
17154 118 139 260
17155 119 253 260
17156 120 195 260
17157 121 185 260
17158 122 104 260
17159 123 149 260
17160 124 119 260
17161 125 83 260
17162 127 136 260
17163 1 163 261
17164 2 13 261
17165 3 97 261
17166 4 130 261
17167 5 27 261
17168 6 153 261
17169 7 51 261
17170 8 234 261
17171 9 213 261
17172 10 58 261
17173 11 230 261
17174 12 224 261
17175 13 86 261
17176 14 252 261
17177 15 127 261
17178 16 88 261
17179 17 229 261
17180 18 115 261
17181 19 23 261
17182 20 124 261
17183 21 207 261
17184 22 221 261
17185 23 221 261
17186 24 233 261
17187 25 145 261
17188 26 75 261
17189 27 231 261
17190 28 186 261
17191 29 10 261
17192 30 4 261
17193 31 159 261
17194 32 178 261
17195 33 204 261
17196 34 121 261
17197 35 191 261
17198 36 105 261
17199 37 14 261
17200 38 49 261
17201 39 129 261
17202 40 206 261
17203 41 29 261
17204 42 215 261
17205 43 20 261
17206 44 70 261
17207 45 106 261
17208 46 4 261
17209 47 211 261
17210 48 242 261
17211 49 248 261
17212 50 217 261
17213 51 254 261
17214 52 73 261
17215 53 247 261
17216 54 230 261
17217 55 209 261
17218 56 20 261
17219 57 248 261
17220 58 214 261
17221 59 134 261
17222 60 230 261
17223 61 152 261
17224 62 148 261
17225 63 176 261
17226 64 4 261
17227 65 26 261
17228 66 5 261
17229 67 238 261
17230 68 70 261
17231 69 186 261
17232 70 190 261
17233 71 197 261
17234 72 230 261
17235 73 42 261
17236 74 231 261
17237 75 136 261
17238 76 2 261
17239 77 57 261
17240 78 178 261
17241 79 222 261
17242 80 142 261
17243 81 175 261
17244 82 1 261
17245 83 12 261
17246 84 186 261
17247 85 140 261
17248 86 16 261
17249 87 95 261
17250 88 72 261
17251 89 179 261
17252 90 74 261
17253 91 198 261
17254 92 203 261
17255 93 185 261
17256 94 150 261
17257 95 32 261
17258 96 100 261
17259 97 130 261
17260 98 177 261
17261 99 77 261
17262 100 96 261
17263 101 58 261
17264 102 210 261
17265 103 178 261
17266 104 247 261
17267 105 48 261
17268 106 69 261
17269 107 210 261
17270 108 174 261
17271 109 143 261
17272 110 122 261
17273 111 197 261
17274 112 39 261
17275 113 133 261
17276 114 196 261
17277 115 142 261
17278 116 120 261
17279 117 13 261
17280 118 108 261
17281 119 205 261
17282 120 219 261
17283 121 126 261
17284 122 193 261
17285 123 19 261
17286 124 178 261
17287 125 153 261
17288 126 167 261
17289 127 208 261
17290 128 144 261
17291 129 129 261
17292 0 228 262
17293 1 252 262
17294 2 88 262
17295 3 74 262
17296 4 159 262
17297 5 190 262
17298 6 92 262
17299 7 152 262
17300 8 50 262
17301 9 166 262
17302 10 249 262
17303 11 186 262
17304 12 156 262
17305 13 55 262
17306 14 93 262
17307 15 193 262
17308 16 66 262
17309 17 153 262
17310 18 38 262
17311 19 44 262
17312 20 52 262
17313 21 54 262
17314 22 1 262
17315 23 239 262
17316 24 107 262
17317 25 30 262
17318 26 190 262
17319 27 163 262
17320 28 146 262
17321 29 231 262
17322 30 106 262
17323 31 55 262
17324 32 14 262
17325 33 214 262
17326 34 220 262
17327 35 145 262
17328 36 70 262
17329 37 168 262
17330 38 144 262
17331 39 35 262
17332 40 89 262
17333 41 100 262
17334 42 89 262
17335 43 236 262
17336 44 8 262
17337 45 120 262
17338 46 103 262
17339 47 216 262
17340 48 174 262
17341 49 56 262
17342 50 232 262
17343 51 107 262
17344 52 154 262
17345 53 105 262
17346 54 252 262
17347 55 46 262
17348 56 226 262
17349 57 185 262
17350 58 30 262
17351 59 250 262
17352 60 109 262
17353 61 240 262
17354 62 234 262
17355 63 165 262
17356 64 224 262
17357 65 129 262
17358 66 151 262
17359 67 138 262
17360 68 80 262
17361 69 55 262
17362 70 244 262
17363 71 105 262
17364 72 245 262
17365 73 55 262
17366 74 145 262
17367 75 238 262
17368 76 138 262
17369 77 106 262
17370 78 38 262
17371 79 129 262
17372 80 79 262
17373 81 251 262
17374 82 178 262
17375 83 171 262
17376 84 23 262
17377 85 147 262
17378 86 99 262
17379 87 57 262
17380 88 78 262
17381 89 183 262
17382 90 6 262
17383 91 163 262
17384 92 28 262
17385 93 62 262
17386 94 238 262
17387 95 100 262
17388 96 104 262
17389 97 33 262
17390 98 127 262
17391 99 28 262
17392 100 132 262
17393 101 18 262
17394 102 103 262
17395 103 136 262
17396 104 43 262
17397 105 94 262
17398 106 233 262
17399 107 248 262
17400 108 135 262
17401 109 131 262
17402 110 124 262
17403 111 192 262
17404 112 144 262
17405 113 55 262
17406 114 28 262
17407 115 105 262
17408 116 20 262
17409 117 23 262
17410 118 100 262
17411 119 144 262
17412 120 161 262
17413 121 211 262
17414 122 182 262
17415 123 102 262
17416 124 137 262
17417 125 212 262
17418 126 74 262
17419 127 245 262
17420 128 223 262
17421 129 202 262
17422 130 159 262
17423 131 183 262
17424 0 190 263
17425 1 205 263
17426 2 40 263
17427 3 109 263
17428 4 135 263
17429 5 70 263
17430 6 73 263
17431 7 62 263
17432 8 94 263
17433 9 205 263
17434 10 70 263
17435 11 91 263
17436 12 171 263
17437 13 70 263
17438 14 133 263
17439 15 15 263
17440 16 250 263
17441 17 137 263
17442 18 127 263
17443 19 223 263
17444 20 17 263
17445 21 72 263
17446 22 81 263
17447 23 100 263
17448 24 189 263
17449 25 210 263
17450 26 70 263
17451 27 83 263
17452 28 170 263
17453 29 81 263
17454 30 92 263
17455 31 48 263
17456 32 45 263
17457 33 38 263
17458 34 4 263
17459 35 30 263
weights 264 264 264 264 264 264 264 264 264 264 264 264 264 264 264 264 264 264 264 264 264 264 264 264 264 264 264 264 264 264 264 264 264 264 264 264 263 263 263 263 263 263 263 263 263 263 263 263 263 263 263 263 263 263 263 263 263 263 263 263 263 263 263 263 263 263 263 263 263 263 263 263 263 263 263 263 263 263 263 263 263 263 263 263 263 263 263 263 263 263 263 263 263 263 263 263 263 263 263 263 263 263 263 263 263 263 263 263 263 263 263 263 263 263 263 263 263 263 263 263 263 263 263 263 263 263 263 263 263 263 263 263
