257 117 13982
0 0 1 0
1 0 1 1
2 0 1 2
3 0 1 3
4 0 1 4
5 0 1 5
6 0 1 6
7 0 1 7
8 0 1 8
9 0 1 9
10 0 1 10
11 0 1 11
12 0 1 12
13 0 1 13
14 0 1 14
15 0 1 15
16 0 1 16
17 0 1 17
18 0 1 18
19 0 1 19
20 0 1 20
21 0 1 21
22 0 1 22
23 0 1 23
24 0 1 24
25 0 1 25
26 0 1 26
27 0 1 27
28 0 1 28
29 0 1 29
30 0 1 30
31 0 1 31
32 0 1 32
33 0 1 33
34 0 1 34
35 0 1 35
36 0 1 36
37 0 1 37
38 0 1 38
39 0 1 39
40 0 1 40
41 0 1 41
42 0 1 42
43 0 1 43
44 0 1 44
45 0 1 45
46 0 1 46
47 0 1 47
48 0 1 48
49 0 1 49
50 0 1 50
51 0 1 51
52 0 1 52
53 0 1 53
54 0 1 54
55 0 1 55
56 0 1 56
57 0 1 57
58 0 1 58
59 0 1 59
60 1 1 2
61 1 1 3
62 1 1 4
63 1 1 5
64 1 1 6
65 1 1 7
66 1 1 8
67 1 1 9
68 1 1 10
69 1 1 11
70 1 1 12
71 1 1 13
72 1 1 14
73 1 1 15
74 1 1 16
75 1 1 17
76 1 1 18
77 1 1 19
78 1 1 20
79 1 1 21
80 1 1 22
81 1 1 23
82 1 1 24
83 1 1 25
84 1 1 26
85 1 1 27
86 1 1 28
87 1 1 29
88 1 1 30
89 1 1 31
90 1 1 32
91 1 1 33
92 1 1 34
93 1 1 35
94 1 1 36
95 1 1 37
96 1 1 38
97 1 1 39
98 1 1 40
99 1 1 41
100 1 1 42
101 1 1 43
102 1 1 44
103 1 1 45
104 1 1 46
105 1 1 47
106 1 1 48
107 1 1 49
108 1 1 50
109 1 1 51
110 1 1 52
111 1 1 53
112 1 1 54
113 1 1 55
114 1 1 56
115 1 1 57
116 1 1 58
117 1 1 59
118 1 1 60
119 2 1 4
120 2 1 5
121 2 1 6
122 2 1 7
123 2 1 8
124 2 1 9
125 2 1 10
126 2 1 11
127 2 1 12
128 2 1 13
129 2 1 14
130 2 1 15
131 2 1 16
132 2 1 17
133 2 1 18
134 2 1 19
135 2 1 20
136 2 1 21
137 2 1 22
138 2 1 23
139 2 1 24
140 2 1 25
141 2 1 26
142 2 1 27
143 2 1 28
144 2 1 29
145 2 1 30
146 2 1 31
147 2 1 32
148 2 1 33
149 2 1 34
150 2 1 35
151 2 1 36
152 2 1 37
153 2 1 38
154 2 1 39
155 2 1 40
156 2 1 41
157 2 1 42
158 2 1 43
159 2 1 44
160 2 1 45
161 2 1 46
162 2 1 47
163 2 1 48
164 2 1 49
165 2 1 50
166 2 1 51
167 2 1 52
168 2 1 53
169 2 1 54
170 2 1 55
171 2 1 56
172 2 1 57
173 2 1 58
174 2 1 59
175 2 1 60
176 2 1 61
177 3 1 6
178 3 1 7
179 3 1 8
180 3 1 9
181 3 1 10
182 3 1 11
183 3 1 12
184 3 1 13
185 3 1 14
186 3 1 15
187 3 1 16
188 3 1 17
189 3 1 18
190 3 1 19
191 3 1 20
192 3 1 21
193 3 1 22
194 3 1 23
195 3 1 24
196 3 1 25
197 3 1 26
198 3 1 27
199 3 1 28
200 3 1 29
201 3 1 30
202 3 1 31
203 3 1 32
204 3 1 33
205 3 1 34
206 3 1 35
207 3 1 36
208 3 1 37
209 3 1 38
210 3 1 39
211 3 1 40
212 3 1 41
213 3 1 42
214 3 1 43
215 3 1 44
216 3 1 45
217 3 1 46
218 3 1 47
219 3 1 48
220 3 1 49
221 3 1 50
222 3 1 51
223 3 1 52
224 3 1 53
225 3 1 54
226 3 1 55
227 3 1 56
228 3 1 57
229 3 1 58
230 3 1 59
231 3 1 60
232 3 1 61
233 3 1 62
234 4 1 8
235 4 1 9
236 4 1 10
237 4 1 11
238 4 1 12
239 4 1 13
240 4 1 14
241 4 1 15
242 4 1 16
243 4 1 17
244 4 1 18
245 4 1 19
246 4 1 20
247 4 1 21
248 4 1 22
249 4 1 23
250 4 1 24
251 4 1 25
252 4 1 26
253 4 1 27
254 4 1 28
255 4 1 29
256 4 1 30
257 4 1 31
258 4 1 32
259 4 1 33
260 4 1 34
261 4 1 35
262 4 1 36
263 4 1 37
264 4 1 38
265 4 1 39
266 4 1 40
267 4 1 41
268 4 1 42
269 4 1 43
270 4 1 44
271 4 1 45
272 4 1 46
273 4 1 47
274 4 1 48
275 4 1 49
276 4 1 50
277 4 1 51
278 4 1 52
279 4 1 53
280 4 1 54
281 4 1 55
282 4 1 56
283 4 1 57
284 4 1 58
285 4 1 59
286 4 1 60
287 4 1 61
288 4 1 62
289 4 1 63
290 5 1 10
291 5 1 11
292 5 1 12
293 5 1 13
294 5 1 14
295 5 1 15
296 5 1 16
297 5 1 17
298 5 1 18
299 5 1 19
300 5 1 20
301 5 1 21
302 5 1 22
303 5 1 23
304 5 1 24
305 5 1 25
306 5 1 26
307 5 1 27
308 5 1 28
309 5 1 29
310 5 1 30
311 5 1 31
312 5 1 32
313 5 1 33
314 5 1 34
315 5 1 35
316 5 1 36
317 5 1 37
318 5 1 38
319 5 1 39
320 5 1 40
321 5 1 41
322 5 1 42
323 5 1 43
324 5 1 44
325 5 1 45
326 5 1 46
327 5 1 47
328 5 1 48
329 5 1 49
330 5 1 50
331 5 1 51
332 5 1 52
333 5 1 53
334 5 1 54
335 5 1 55
336 5 1 56
337 5 1 57
338 5 1 58
339 5 1 59
340 5 1 60
341 5 1 61
342 5 1 62
343 5 1 63
344 5 1 64
345 6 1 12
346 6 1 13
347 6 1 14
348 6 1 15
349 6 1 16
350 6 1 17
351 6 1 18
352 6 1 19
353 6 1 20
354 6 1 21
355 6 1 22
356 6 1 23
357 6 1 24
358 6 1 25
359 6 1 26
360 6 1 27
361 6 1 28
362 6 1 29
363 6 1 30
364 6 1 31
365 6 1 32
366 6 1 33
367 6 1 34
368 6 1 35
369 6 1 36
370 6 1 37
371 6 1 38
372 6 1 39
373 6 1 40
374 6 1 41
375 6 1 42
376 6 1 43
377 6 1 44
378 6 1 45
379 6 1 46
380 6 1 47
381 6 1 48
382 6 1 49
383 6 1 50
384 6 1 51
385 6 1 52
386 6 1 53
387 6 1 54
388 6 1 55
389 6 1 56
390 6 1 57
391 6 1 58
392 6 1 59
393 6 1 60
394 6 1 61
395 6 1 62
396 6 1 63
397 6 1 64
398 6 1 65
399 7 1 14
400 7 1 15
401 7 1 16
402 7 1 17
403 7 1 18
404 7 1 19
405 7 1 20
406 7 1 21
407 7 1 22
408 7 1 23
409 7 1 24
410 7 1 25
411 7 1 26
412 7 1 27
413 7 1 28
414 7 1 29
415 7 1 30
416 7 1 31
417 7 1 32
418 7 1 33
419 7 1 34
420 7 1 35
421 7 1 36
422 7 1 37
423 7 1 38
424 7 1 39
425 7 1 40
426 7 1 41
427 7 1 42
428 7 1 43
429 7 1 44
430 7 1 45
431 7 1 46
432 7 1 47
433 7 1 48
434 7 1 49
435 7 1 50
436 7 1 51
437 7 1 52
438 7 1 53
439 7 1 54
440 7 1 55
441 7 1 56
442 7 1 57
443 7 1 58
444 7 1 59
445 7 1 60
446 7 1 61
447 7 1 62
448 7 1 63
449 7 1 64
450 7 1 65
451 7 1 66
452 8 1 16
453 8 1 17
454 8 1 18
455 8 1 19
456 8 1 20
457 8 1 21
458 8 1 22
459 8 1 23
460 8 1 24
461 8 1 25
462 8 1 26
463 8 1 27
464 8 1 28
465 8 1 29
466 8 1 30
467 8 1 31
468 8 1 32
469 8 1 33
470 8 1 34
471 8 1 35
472 8 1 36
473 8 1 37
474 8 1 38
475 8 1 39
476 8 1 40
477 8 1 41
478 8 1 42
479 8 1 43
480 8 1 44
481 8 1 45
482 8 1 46
483 8 1 47
484 8 1 48
485 8 1 49
486 8 1 50
487 8 1 51
488 8 1 52
489 8 1 53
490 8 1 54
491 8 1 55
492 8 1 56
493 8 1 57
494 8 1 58
495 8 1 59
496 8 1 60
497 8 1 61
498 8 1 62
499 8 1 63
500 8 1 64
501 8 1 65
502 8 1 66
503 8 1 67
504 9 1 18
505 9 1 19
506 9 1 20
507 9 1 21
508 9 1 22
509 9 1 23
510 9 1 24
511 9 1 25
512 9 1 26
513 9 1 27
514 9 1 28
515 9 1 29
516 9 1 30
517 9 1 31
518 9 1 32
519 9 1 33
520 9 1 34
521 9 1 35
522 9 1 36
523 9 1 37
524 9 1 38
525 9 1 39
526 9 1 40
527 9 1 41
528 9 1 42
529 9 1 43
530 9 1 44
531 9 1 45
532 9 1 46
533 9 1 47
534 9 1 48
535 9 1 49
536 9 1 50
537 9 1 51
538 9 1 52
539 9 1 53
540 9 1 54
541 9 1 55
542 9 1 56
543 9 1 57
544 9 1 58
545 9 1 59
546 9 1 60
547 9 1 61
548 9 1 62
549 9 1 63
550 9 1 64
551 9 1 65
552 9 1 66
553 9 1 67
554 9 1 68
555 10 1 20
556 10 1 21
557 10 1 22
558 10 1 23
559 10 1 24
560 10 1 25
561 10 1 26
562 10 1 27
563 10 1 28
564 10 1 29
565 10 1 30
566 10 1 31
567 10 1 32
568 10 1 33
569 10 1 34
570 10 1 35
571 10 1 36
572 10 1 37
573 10 1 38
574 10 1 39
575 10 1 40
576 10 1 41
577 10 1 42
578 10 1 43
579 10 1 44
580 10 1 45
581 10 1 46
582 10 1 47
583 10 1 48
584 10 1 49
585 10 1 50
586 10 1 51
587 10 1 52
588 10 1 53
589 10 1 54
590 10 1 55
591 10 1 56
592 10 1 57
593 10 1 58
594 10 1 59
595 10 1 60
596 10 1 61
597 10 1 62
598 10 1 63
599 10 1 64
600 10 1 65
601 10 1 66
602 10 1 67
603 10 1 68
604 10 1 69
605 11 1 22
606 11 1 23
607 11 1 24
608 11 1 25
609 11 1 26
610 11 1 27
611 11 1 28
612 11 1 29
613 11 1 30
614 11 1 31
615 11 1 32
616 11 1 33
617 11 1 34
618 11 1 35
619 11 1 36
620 11 1 37
621 11 1 38
622 11 1 39
623 11 1 40
624 11 1 41
625 11 1 42
626 11 1 43
627 11 1 44
628 11 1 45
629 11 1 46
630 11 1 47
631 11 1 48
632 11 1 49
633 11 1 50
634 11 1 51
635 11 1 52
636 11 1 53
637 11 1 54
638 11 1 55
639 11 1 56
640 11 1 57
641 11 1 58
642 11 1 59
643 11 1 60
644 11 1 61
645 11 1 62
646 11 1 63
647 11 1 64
648 11 1 65
649 11 1 66
650 11 1 67
651 11 1 68
652 11 1 69
653 11 1 70
654 12 1 24
655 12 1 25
656 12 1 26
657 12 1 27
658 12 1 28
659 12 1 29
660 12 1 30
661 12 1 31
662 12 1 32
663 12 1 33
664 12 1 34
665 12 1 35
666 12 1 36
667 12 1 37
668 12 1 38
669 12 1 39
670 12 1 40
671 12 1 41
672 12 1 42
673 12 1 43
674 12 1 44
675 12 1 45
676 12 1 46
677 12 1 47
678 12 1 48
679 12 1 49
680 12 1 50
681 12 1 51
682 12 1 52
683 12 1 53
684 12 1 54
685 12 1 55
686 12 1 56
687 12 1 57
688 12 1 58
689 12 1 59
690 12 1 60
691 12 1 61
692 12 1 62
693 12 1 63
694 12 1 64
695 12 1 65
696 12 1 66
697 12 1 67
698 12 1 68
699 12 1 69
700 12 1 70
701 12 1 71
702 13 1 26
703 13 1 27
704 13 1 28
705 13 1 29
706 13 1 30
707 13 1 31
708 13 1 32
709 13 1 33
710 13 1 34
711 13 1 35
712 13 1 36
713 13 1 37
714 13 1 38
715 13 1 39
716 13 1 40
717 13 1 41
718 13 1 42
719 13 1 43
720 13 1 44
721 13 1 45
722 13 1 46
723 13 1 47
724 13 1 48
725 13 1 49
726 13 1 50
727 13 1 51
728 13 1 52
729 13 1 53
730 13 1 54
731 13 1 55
732 13 1 56
733 13 1 57
734 13 1 58
735 13 1 59
736 13 1 60
737 13 1 61
738 13 1 62
739 13 1 63
740 13 1 64
741 13 1 65
742 13 1 66
743 13 1 67
744 13 1 68
745 13 1 69
746 13 1 70
747 13 1 71
748 13 1 72
749 14 1 28
750 14 1 29
751 14 1 30
752 14 1 31
753 14 1 32
754 14 1 33
755 14 1 34
756 14 1 35
757 14 1 36
758 14 1 37
759 14 1 38
760 14 1 39
761 14 1 40
762 14 1 41
763 14 1 42
764 14 1 43
765 14 1 44
766 14 1 45
767 14 1 46
768 14 1 47
769 14 1 48
770 14 1 49
771 14 1 50
772 14 1 51
773 14 1 52
774 14 1 53
775 14 1 54
776 14 1 55
777 14 1 56
778 14 1 57
779 14 1 58
780 14 1 59
781 14 1 60
782 14 1 61
783 14 1 62
784 14 1 63
785 14 1 64
786 14 1 65
787 14 1 66
788 14 1 67
789 14 1 68
790 14 1 69
791 14 1 70
792 14 1 71
793 14 1 72
794 14 1 73
795 15 1 30
796 15 1 31
797 15 1 32
798 15 1 33
799 15 1 34
800 15 1 35
801 15 1 36
802 15 1 37
803 15 1 38
804 15 1 39
805 15 1 40
806 15 1 41
807 15 1 42
808 15 1 43
809 15 1 44
810 15 1 45
811 15 1 46
812 15 1 47
813 15 1 48
814 15 1 49
815 15 1 50
816 15 1 51
817 15 1 52
818 15 1 53
819 15 1 54
820 15 1 55
821 15 1 56
822 15 1 57
823 15 1 58
824 15 1 59
825 15 1 60
826 15 1 61
827 15 1 62
828 15 1 63
829 15 1 64
830 15 1 65
831 15 1 66
832 15 1 67
833 15 1 68
834 15 1 69
835 15 1 70
836 15 1 71
837 15 1 72
838 15 1 73
839 15 1 74
840 16 1 32
841 16 1 33
842 16 1 34
843 16 1 35
844 16 1 36
845 16 1 37
846 16 1 38
847 16 1 39
848 16 1 40
849 16 1 41
850 16 1 42
851 16 1 43
852 16 1 44
853 16 1 45
854 16 1 46
855 16 1 47
856 16 1 48
857 16 1 49
858 16 1 50
859 16 1 51
860 16 1 52
861 16 1 53
862 16 1 54
863 16 1 55
864 16 1 56
865 16 1 57
866 16 1 58
867 16 1 59
868 16 1 60
869 16 1 61
870 16 1 62
871 16 1 63
872 16 1 64
873 16 1 65
874 16 1 66
875 16 1 67
876 16 1 68
877 16 1 69
878 16 1 70
879 16 1 71
880 16 1 72
881 16 1 73
882 16 1 74
883 16 1 75
884 17 1 34
885 17 1 35
886 17 1 36
887 17 1 37
888 17 1 38
889 17 1 39
890 17 1 40
891 17 1 41
892 17 1 42
893 17 1 43
894 17 1 44
895 17 1 45
896 17 1 46
897 17 1 47
898 17 1 48
899 17 1 49
900 17 1 50
901 17 1 51
902 17 1 52
903 17 1 53
904 17 1 54
905 17 1 55
906 17 1 56
907 17 1 57
908 17 1 58
909 17 1 59
910 17 1 60
911 17 1 61
912 17 1 62
913 17 1 63
914 17 1 64
915 17 1 65
916 17 1 66
917 17 1 67
918 17 1 68
919 17 1 69
920 17 1 70
921 17 1 71
922 17 1 72
923 17 1 73
924 17 1 74
925 17 1 75
926 17 1 76
927 18 1 36
928 18 1 37
929 18 1 38
930 18 1 39
931 18 1 40
932 18 1 41
933 18 1 42
934 18 1 43
935 18 1 44
936 18 1 45
937 18 1 46
938 18 1 47
939 18 1 48
940 18 1 49
941 18 1 50
942 18 1 51
943 18 1 52
944 18 1 53
945 18 1 54
946 18 1 55
947 18 1 56
948 18 1 57
949 18 1 58
950 18 1 59
951 18 1 60
952 18 1 61
953 18 1 62
954 18 1 63
955 18 1 64
956 18 1 65
957 18 1 66
958 18 1 67
959 18 1 68
960 18 1 69
961 18 1 70
962 18 1 71
963 18 1 72
964 18 1 73
965 18 1 74
966 18 1 75
967 18 1 76
968 18 1 77
969 19 1 38
970 19 1 39
971 19 1 40
972 19 1 41
973 19 1 42
974 19 1 43
975 19 1 44
976 19 1 45
977 19 1 46
978 19 1 47
979 19 1 48
980 19 1 49
981 19 1 50
982 19 1 51
983 19 1 52
984 19 1 53
985 19 1 54
986 19 1 55
987 19 1 56
988 19 1 57
989 19 1 58
990 19 1 59
991 19 1 60
992 19 1 61
993 19 1 62
994 19 1 63
995 19 1 64
996 19 1 65
997 19 1 66
998 19 1 67
999 19 1 68
1000 19 1 69
1001 19 1 70
1002 19 1 71
1003 19 1 72
1004 19 1 73
1005 19 1 74
1006 19 1 75
1007 19 1 76
1008 19 1 77
1009 19 1 78
1010 20 1 40
1011 20 1 41
1012 20 1 42
1013 20 1 43
1014 20 1 44
1015 20 1 45
1016 20 1 46
1017 20 1 47
1018 20 1 48
1019 20 1 49
1020 20 1 50
1021 20 1 51
1022 20 1 52
1023 20 1 53
1024 20 1 54
1025 20 1 55
1026 20 1 56
1027 20 1 57
1028 20 1 58
1029 20 1 59
1030 20 1 60
1031 20 1 61
1032 20 1 62
1033 20 1 63
1034 20 1 64
1035 20 1 65
1036 20 1 66
1037 20 1 67
1038 20 1 68
1039 20 1 69
1040 20 1 70
1041 20 1 71
1042 20 1 72
1043 20 1 73
1044 20 1 74
1045 20 1 75
1046 20 1 76
1047 20 1 77
1048 20 1 78
1049 20 1 79
1050 21 1 42
1051 21 1 43
1052 21 1 44
1053 21 1 45
1054 21 1 46
1055 21 1 47
1056 21 1 48
1057 21 1 49
1058 21 1 50
1059 21 1 51
1060 21 1 52
1061 21 1 53
1062 21 1 54
1063 21 1 55
1064 21 1 56
1065 21 1 57
1066 21 1 58
1067 21 1 59
1068 21 1 60
1069 21 1 61
1070 21 1 62
1071 21 1 63
1072 21 1 64
1073 21 1 65
1074 21 1 66
1075 21 1 67
1076 21 1 68
1077 21 1 69
1078 21 1 70
1079 21 1 71
1080 21 1 72
1081 21 1 73
1082 21 1 74
1083 21 1 75
1084 21 1 76
1085 21 1 77
1086 21 1 78
1087 21 1 79
1088 21 1 80
1089 22 1 44
1090 22 1 45
1091 22 1 46
1092 22 1 47
1093 22 1 48
1094 22 1 49
1095 22 1 50
1096 22 1 51
1097 22 1 52
1098 22 1 53
1099 22 1 54
1100 22 1 55
1101 22 1 56
1102 22 1 57
1103 22 1 58
1104 22 1 59
1105 22 1 60
1106 22 1 61
1107 22 1 62
1108 22 1 63
1109 22 1 64
1110 22 1 65
1111 22 1 66
1112 22 1 67
1113 22 1 68
1114 22 1 69
1115 22 1 70
1116 22 1 71
1117 22 1 72
1118 22 1 73
1119 22 1 74
1120 22 1 75
1121 22 1 76
1122 22 1 77
1123 22 1 78
1124 22 1 79
1125 22 1 80
1126 22 1 81
1127 23 1 46
1128 23 1 47
1129 23 1 48
1130 23 1 49
1131 23 1 50
1132 23 1 51
1133 23 1 52
1134 23 1 53
1135 23 1 54
1136 23 1 55
1137 23 1 56
1138 23 1 57
1139 23 1 58
1140 23 1 59
1141 23 1 60
1142 23 1 61
1143 23 1 62
1144 23 1 63
1145 23 1 64
1146 23 1 65
1147 23 1 66
1148 23 1 67
1149 23 1 68
1150 23 1 69
1151 23 1 70
1152 23 1 71
1153 23 1 72
1154 23 1 73
1155 23 1 74
1156 23 1 75
1157 23 1 76
1158 23 1 77
1159 23 1 78
1160 23 1 79
1161 23 1 80
1162 23 1 81
1163 23 1 82
1164 24 1 48
1165 24 1 49
1166 24 1 50
1167 24 1 51
1168 24 1 52
1169 24 1 53
1170 24 1 54
1171 24 1 55
1172 24 1 56
1173 24 1 57
1174 24 1 58
1175 24 1 59
1176 24 1 60
1177 24 1 61
1178 24 1 62
1179 24 1 63
1180 24 1 64
1181 24 1 65
1182 24 1 66
1183 24 1 67
1184 24 1 68
1185 24 1 69
1186 24 1 70
1187 24 1 71
1188 24 1 72
1189 24 1 73
1190 24 1 74
1191 24 1 75
1192 24 1 76
1193 24 1 77
1194 24 1 78
1195 24 1 79
1196 24 1 80
1197 24 1 81
1198 24 1 82
1199 24 1 83
1200 25 1 50
1201 25 1 51
1202 25 1 52
1203 25 1 53
1204 25 1 54
1205 25 1 55
1206 25 1 56
1207 25 1 57
1208 25 1 58
1209 25 1 59
1210 25 1 60
1211 25 1 61
1212 25 1 62
1213 25 1 63
1214 25 1 64
1215 25 1 65
1216 25 1 66
1217 25 1 67
1218 25 1 68
1219 25 1 69
1220 25 1 70
1221 25 1 71
1222 25 1 72
1223 25 1 73
1224 25 1 74
1225 25 1 75
1226 25 1 76
1227 25 1 77
1228 25 1 78
1229 25 1 79
1230 25 1 80
1231 25 1 81
1232 25 1 82
1233 25 1 83
1234 25 1 84
1235 26 1 52
1236 26 1 53
1237 26 1 54
1238 26 1 55
1239 26 1 56
1240 26 1 57
1241 26 1 58
1242 26 1 59
1243 26 1 60
1244 26 1 61
1245 26 1 62
1246 26 1 63
1247 26 1 64
1248 26 1 65
1249 26 1 66
1250 26 1 67
1251 26 1 68
1252 26 1 69
1253 26 1 70
1254 26 1 71
1255 26 1 72
1256 26 1 73
1257 26 1 74
1258 26 1 75
1259 26 1 76
1260 26 1 77
1261 26 1 78
1262 26 1 79
1263 26 1 80
1264 26 1 81
1265 26 1 82
1266 26 1 83
1267 26 1 84
1268 26 1 85
1269 27 1 54
1270 27 1 55
1271 27 1 56
1272 27 1 57
1273 27 1 58
1274 27 1 59
1275 27 1 60
1276 27 1 61
1277 27 1 62
1278 27 1 63
1279 27 1 64
1280 27 1 65
1281 27 1 66
1282 27 1 67
1283 27 1 68
1284 27 1 69
1285 27 1 70
1286 27 1 71
1287 27 1 72
1288 27 1 73
1289 27 1 74
1290 27 1 75
1291 27 1 76
1292 27 1 77
1293 27 1 78
1294 27 1 79
1295 27 1 80
1296 27 1 81
1297 27 1 82
1298 27 1 83
1299 27 1 84
1300 27 1 85
1301 27 1 86
1302 28 1 56
1303 28 1 57
1304 28 1 58
1305 28 1 59
1306 28 1 60
1307 28 1 61
1308 28 1 62
1309 28 1 63
1310 28 1 64
1311 28 1 65
1312 28 1 66
1313 28 1 67
1314 28 1 68
1315 28 1 69
1316 28 1 70
1317 28 1 71
1318 28 1 72
1319 28 1 73
1320 28 1 74
1321 28 1 75
1322 28 1 76
1323 28 1 77
1324 28 1 78
1325 28 1 79
1326 28 1 80
1327 28 1 81
1328 28 1 82
1329 28 1 83
1330 28 1 84
1331 28 1 85
1332 28 1 86
1333 28 1 87
1334 29 1 58
1335 29 1 59
1336 29 1 60
1337 29 1 61
1338 29 1 62
1339 29 1 63
1340 29 1 64
1341 29 1 65
1342 29 1 66
1343 29 1 67
1344 29 1 68
1345 29 1 69
1346 29 1 70
1347 29 1 71
1348 29 1 72
1349 29 1 73
1350 29 1 74
1351 29 1 75
1352 29 1 76
1353 29 1 77
1354 29 1 78
1355 29 1 79
1356 29 1 80
1357 29 1 81
1358 29 1 82
1359 29 1 83
1360 29 1 84
1361 29 1 85
1362 29 1 86
1363 29 1 87
1364 29 1 88
1365 30 1 60
1366 30 1 61
1367 30 1 62
1368 30 1 63
1369 30 1 64
1370 30 1 65
1371 30 1 66
1372 30 1 67
1373 30 1 68
1374 30 1 69
1375 30 1 70
1376 30 1 71
1377 30 1 72
1378 30 1 73
1379 30 1 74
1380 30 1 75
1381 30 1 76
1382 30 1 77
1383 30 1 78
1384 30 1 79
1385 30 1 80
1386 30 1 81
1387 30 1 82
1388 30 1 83
1389 30 1 84
1390 30 1 85
1391 30 1 86
1392 30 1 87
1393 30 1 88
1394 30 1 89
1395 31 1 62
1396 31 1 63
1397 31 1 64
1398 31 1 65
1399 31 1 66
1400 31 1 67
1401 31 1 68
1402 31 1 69
1403 31 1 70
1404 31 1 71
1405 31 1 72
1406 31 1 73
1407 31 1 74
1408 31 1 75
1409 31 1 76
1410 31 1 77
1411 31 1 78
1412 31 1 79
1413 31 1 80
1414 31 1 81
1415 31 1 82
1416 31 1 83
1417 31 1 84
1418 31 1 85
1419 31 1 86
1420 31 1 87
1421 31 1 88
1422 31 1 89
1423 31 1 90
1424 32 1 64
1425 32 1 65
1426 32 1 66
1427 32 1 67
1428 32 1 68
1429 32 1 69
1430 32 1 70
1431 32 1 71
1432 32 1 72
1433 32 1 73
1434 32 1 74
1435 32 1 75
1436 32 1 76
1437 32 1 77
1438 32 1 78
1439 32 1 79
1440 32 1 80
1441 32 1 81
1442 32 1 82
1443 32 1 83
1444 32 1 84
1445 32 1 85
1446 32 1 86
1447 32 1 87
1448 32 1 88
1449 32 1 89
1450 32 1 90
1451 32 1 91
1452 33 1 66
1453 33 1 67
1454 33 1 68
1455 33 1 69
1456 33 1 70
1457 33 1 71
1458 33 1 72
1459 33 1 73
1460 33 1 74
1461 33 1 75
1462 33 1 76
1463 33 1 77
1464 33 1 78
1465 33 1 79
1466 33 1 80
1467 33 1 81
1468 33 1 82
1469 33 1 83
1470 33 1 84
1471 33 1 85
1472 33 1 86
1473 33 1 87
1474 33 1 88
1475 33 1 89
1476 33 1 90
1477 33 1 91
1478 33 1 92
1479 34 1 68
1480 34 1 69
1481 34 1 70
1482 34 1 71
1483 34 1 72
1484 34 1 73
1485 34 1 74
1486 34 1 75
1487 34 1 76
1488 34 1 77
1489 34 1 78
1490 34 1 79
1491 34 1 80
1492 34 1 81
1493 34 1 82
1494 34 1 83
1495 34 1 84
1496 34 1 85
1497 34 1 86
1498 34 1 87
1499 34 1 88
1500 34 1 89
1501 34 1 90
1502 34 1 91
1503 34 1 92
1504 34 1 93
1505 35 1 70
1506 35 1 71
1507 35 1 72
1508 35 1 73
1509 35 1 74
1510 35 1 75
1511 35 1 76
1512 35 1 77
1513 35 1 78
1514 35 1 79
1515 35 1 80
1516 35 1 81
1517 35 1 82
1518 35 1 83
1519 35 1 84
1520 35 1 85
1521 35 1 86
1522 35 1 87
1523 35 1 88
1524 35 1 89
1525 35 1 90
1526 35 1 91
1527 35 1 92
1528 35 1 93
1529 35 1 94
1530 36 1 72
1531 36 1 73
1532 36 1 74
1533 36 1 75
1534 36 1 76
1535 36 1 77
1536 36 1 78
1537 36 1 79
1538 36 1 80
1539 36 1 81
1540 36 1 82
1541 36 1 83
1542 36 1 84
1543 36 1 85
1544 36 1 86
1545 36 1 87
1546 36 1 88
1547 36 1 89
1548 36 1 90
1549 36 1 91
1550 36 1 92
1551 36 1 93
1552 36 1 94
1553 36 1 95
1554 37 1 74
1555 37 1 75
1556 37 1 76
1557 37 1 77
1558 37 1 78
1559 37 1 79
1560 37 1 80
1561 37 1 81
1562 37 1 82
1563 37 1 83
1564 37 1 84
1565 37 1 85
1566 37 1 86
1567 37 1 87
1568 37 1 88
1569 37 1 89
1570 37 1 90
1571 37 1 91
1572 37 1 92
1573 37 1 93
1574 37 1 94
1575 37 1 95
1576 37 1 96
1577 38 1 76
1578 38 1 77
1579 38 1 78
1580 38 1 79
1581 38 1 80
1582 38 1 81
1583 38 1 82
1584 38 1 83
1585 38 1 84
1586 38 1 85
1587 38 1 86
1588 38 1 87
1589 38 1 88
1590 38 1 89
1591 38 1 90
1592 38 1 91
1593 38 1 92
1594 38 1 93
1595 38 1 94
1596 38 1 95
1597 38 1 96
1598 38 1 97
1599 39 1 78
1600 39 1 79
1601 39 1 80
1602 39 1 81
1603 39 1 82
1604 39 1 83
1605 39 1 84
1606 39 1 85
1607 39 1 86
1608 39 1 87
1609 39 1 88
1610 39 1 89
1611 39 1 90
1612 39 1 91
1613 39 1 92
1614 39 1 93
1615 39 1 94
1616 39 1 95
1617 39 1 96
1618 39 1 97
1619 39 1 98
1620 40 1 80
1621 40 1 81
1622 40 1 82
1623 40 1 83
1624 40 1 84
1625 40 1 85
1626 40 1 86
1627 40 1 87
1628 40 1 88
1629 40 1 89
1630 40 1 90
1631 40 1 91
1632 40 1 92
1633 40 1 93
1634 40 1 94
1635 40 1 95
1636 40 1 96
1637 40 1 97
1638 40 1 98
1639 40 1 99
1640 41 1 82
1641 41 1 83
1642 41 1 84
1643 41 1 85
1644 41 1 86
1645 41 1 87
1646 41 1 88
1647 41 1 89
1648 41 1 90
1649 41 1 91
1650 41 1 92
1651 41 1 93
1652 41 1 94
1653 41 1 95
1654 41 1 96
1655 41 1 97
1656 41 1 98
1657 41 1 99
1658 41 1 100
1659 42 1 84
1660 42 1 85
1661 42 1 86
1662 42 1 87
1663 42 1 88
1664 42 1 89
1665 42 1 90
1666 42 1 91
1667 42 1 92
1668 42 1 93
1669 42 1 94
1670 42 1 95
1671 42 1 96
1672 42 1 97
1673 42 1 98
1674 42 1 99
1675 42 1 100
1676 42 1 101
1677 43 1 86
1678 43 1 87
1679 43 1 88
1680 43 1 89
1681 43 1 90
1682 43 1 91
1683 43 1 92
1684 43 1 93
1685 43 1 94
1686 43 1 95
1687 43 1 96
1688 43 1 97
1689 43 1 98
1690 43 1 99
1691 43 1 100
1692 43 1 101
1693 43 1 102
1694 44 1 88
1695 44 1 89
1696 44 1 90
1697 44 1 91
1698 44 1 92
1699 44 1 93
1700 44 1 94
1701 44 1 95
1702 44 1 96
1703 44 1 97
1704 44 1 98
1705 44 1 99
1706 44 1 100
1707 44 1 101
1708 44 1 102
1709 44 1 103
1710 45 1 90
1711 45 1 91
1712 45 1 92
1713 45 1 93
1714 45 1 94
1715 45 1 95
1716 45 1 96
1717 45 1 97
1718 45 1 98
1719 45 1 99
1720 45 1 100
1721 45 1 101
1722 45 1 102
1723 45 1 103
1724 45 1 104
1725 46 1 92
1726 46 1 93
1727 46 1 94
1728 46 1 95
1729 46 1 96
1730 46 1 97
1731 46 1 98
1732 46 1 99
1733 46 1 100
1734 46 1 101
1735 46 1 102
1736 46 1 103
1737 46 1 104
1738 46 1 105
1739 47 1 94
1740 47 1 95
1741 47 1 96
1742 47 1 97
1743 47 1 98
1744 47 1 99
1745 47 1 100
1746 47 1 101
1747 47 1 102
1748 47 1 103
1749 47 1 104
1750 47 1 105
1751 47 1 106
1752 48 1 96
1753 48 1 97
1754 48 1 98
1755 48 1 99
1756 48 1 100
1757 48 1 101
1758 48 1 102
1759 48 1 103
1760 48 1 104
1761 48 1 105
1762 48 1 106
1763 48 1 107
1764 49 1 98
1765 49 1 99
1766 49 1 100
1767 49 1 101
1768 49 1 102
1769 49 1 103
1770 49 1 104
1771 49 1 105
1772 49 1 106
1773 49 1 107
1774 49 1 108
1775 50 1 100
1776 50 1 101
1777 50 1 102
1778 50 1 103
1779 50 1 104
1780 50 1 105
1781 50 1 106
1782 50 1 107
1783 50 1 108
1784 50 1 109
1785 51 1 102
1786 51 1 103
1787 51 1 104
1788 51 1 105
1789 51 1 106
1790 51 1 107
1791 51 1 108
1792 51 1 109
1793 51 1 110
1794 52 1 104
1795 52 1 105
1796 52 1 106
1797 52 1 107
1798 52 1 108
1799 52 1 109
1800 52 1 110
1801 52 1 111
1802 53 1 106
1803 53 1 107
1804 53 1 108
1805 53 1 109
1806 53 1 110
1807 53 1 111
1808 53 1 112
1809 54 1 108
1810 54 1 109
1811 54 1 110
1812 54 1 111
1813 54 1 112
1814 54 1 113
1815 55 1 110
1816 55 1 111
1817 55 1 112
1818 55 1 113
1819 55 1 114
1820 56 1 112
1821 56 1 113
1822 56 1 114
1823 56 1 115
1824 57 1 114
1825 57 1 115
1826 57 1 116
1827 58 1 116
1828 58 1 117
1829 59 1 118
1830 60 241 120
1831 59 249 119
1832 58 253 118
1833 57 255 117
1834 56 256 116
1835 55 128 115
1836 54 64 114
1837 53 32 113
1838 52 16 112
1839 51 8 111
1840 50 4 110
1841 49 2 109
1842 48 1 108
1843 47 129 107
1844 46 193 106
1845 45 225 105
1846 44 241 104
1847 43 249 103
1848 42 253 102
1849 41 255 101
1850 40 256 100
1851 39 128 99
1852 38 64 98
1853 37 32 97
1854 36 16 96
1855 35 8 95
1856 34 4 94
1857 33 2 93
1858 32 1 92
1859 31 129 91
1860 30 193 90
1861 29 225 89
1862 28 241 88
1863 27 249 87
1864 26 253 86
1865 25 255 85
1866 24 256 84
1867 23 128 83
1868 22 64 82
1869 21 32 81
1870 20 16 80
1871 19 8 79
1872 18 4 78
1873 17 2 77
1874 16 1 76
1875 15 129 75
1876 14 193 74
1877 13 225 73
1878 12 241 72
1879 11 249 71
1880 10 253 70
1881 9 255 69
1882 8 256 68
1883 7 128 67
1884 6 64 66
1885 5 32 65
1886 4 16 64
1887 61 241 122
1888 60 249 121
1889 59 253 120
1890 58 255 119
1891 57 256 118
1892 56 128 117
1893 55 64 116
1894 54 32 115
1895 53 16 114
1896 52 8 113
1897 51 4 112
1898 50 2 111
1899 49 1 110
1900 48 129 109
1901 47 193 108
1902 46 225 107
1903 45 241 106
1904 44 249 105
1905 43 253 104
1906 42 255 103
1907 41 256 102
1908 40 128 101
1909 39 64 100
1910 38 32 99
1911 37 16 98
1912 36 8 97
1913 35 4 96
1914 34 2 95
1915 33 1 94
1916 32 129 93
1917 31 193 92
1918 30 225 91
1919 29 241 90
1920 28 249 89
1921 27 253 88
1922 26 255 87
1923 25 256 86
1924 24 128 85
1925 23 64 84
1926 22 32 83
1927 21 16 82
1928 20 8 81
1929 19 4 80
1930 18 2 79
1931 17 1 78
1932 16 129 77
1933 15 193 76
1934 14 225 75
1935 13 241 74
1936 12 249 73
1937 11 253 72
1938 10 255 71
1939 9 256 70
1940 8 128 69
1941 7 64 68
1942 6 32 67
1943 62 241 124
1944 61 249 123
1945 60 253 122
1946 59 255 121
1947 58 256 120
1948 57 128 119
1949 56 64 118
1950 55 32 117
1951 54 16 116
1952 53 8 115
1953 52 4 114
1954 51 2 113
1955 50 1 112
1956 49 129 111
1957 48 193 110
1958 47 225 109
1959 46 241 108
1960 45 249 107
1961 44 253 106
1962 43 255 105
1963 42 256 104
1964 41 128 103
1965 40 64 102
1966 39 32 101
1967 38 16 100
1968 37 8 99
1969 36 4 98
1970 35 2 97
1971 34 1 96
1972 33 129 95
1973 32 193 94
1974 31 225 93
1975 30 241 92
1976 29 249 91
1977 28 253 90
1978 27 255 89
1979 26 256 88
1980 25 128 87
1981 24 64 86
1982 23 32 85
1983 22 16 84
1984 21 8 83
1985 20 4 82
1986 19 2 81
1987 18 1 80
1988 17 129 79
1989 16 193 78
1990 15 225 77
1991 14 241 76
1992 13 249 75
1993 12 253 74
1994 11 255 73
1995 10 256 72
1996 9 128 71
1997 8 64 70
1998 63 241 126
1999 62 249 125
2000 61 253 124
2001 60 255 123
2002 59 256 122
2003 58 128 121
2004 57 64 120
2005 56 32 119
2006 55 16 118
2007 54 8 117
2008 53 4 116
2009 52 2 115
2010 51 1 114
2011 50 129 113
2012 49 193 112
2013 48 225 111
2014 47 241 110
2015 46 249 109
2016 45 253 108
2017 44 255 107
2018 43 256 106
2019 42 128 105
2020 41 64 104
2021 40 32 103
2022 39 16 102
2023 38 8 101
2024 37 4 100
2025 36 2 99
2026 35 1 98
2027 34 129 97
2028 33 193 96
2029 32 225 95
2030 31 241 94
2031 30 249 93
2032 29 253 92
2033 28 255 91
2034 27 256 90
2035 26 128 89
2036 25 64 88
2037 24 32 87
2038 23 16 86
2039 22 8 85
2040 21 4 84
2041 20 2 83
2042 19 1 82
2043 18 129 81
2044 17 193 80
2045 16 225 79
2046 15 241 78
2047 14 249 77
2048 13 253 76
2049 12 255 75
2050 11 256 74
2051 10 128 73
2052 64 241 128
2053 63 249 127
2054 62 253 126
2055 61 255 125
2056 60 256 124
2057 59 128 123
2058 58 64 122
2059 57 32 121
2060 56 16 120
2061 55 8 119
2062 54 4 118
2063 53 2 117
2064 52 1 116
2065 51 129 115
2066 50 193 114
2067 49 225 113
2068 48 241 112
2069 47 249 111
2070 46 253 110
2071 45 255 109
2072 44 256 108
2073 43 128 107
2074 42 64 106
2075 41 32 105
2076 40 16 104
2077 39 8 103
2078 38 4 102
2079 37 2 101
2080 36 1 100
2081 35 129 99
2082 34 193 98
2083 33 225 97
2084 32 241 96
2085 31 249 95
2086 30 253 94
2087 29 255 93
2088 28 256 92
2089 27 128 91
2090 26 64 90
2091 25 32 89
2092 24 16 88
2093 23 8 87
2094 22 4 86
2095 21 2 85
2096 20 1 84
2097 19 129 83
2098 18 193 82
2099 17 225 81
2100 16 241 80
2101 15 249 79
2102 14 253 78
2103 13 255 77
2104 12 256 76
2105 65 241 130
2106 64 249 129
2107 63 253 128
2108 62 255 127
2109 61 256 126
2110 60 128 125
2111 59 64 124
2112 58 32 123
2113 57 16 122
2114 56 8 121
2115 55 4 120
2116 54 2 119
2117 53 1 118
2118 52 129 117
2119 51 193 116
2120 50 225 115
2121 49 241 114
2122 48 249 113
2123 47 253 112
2124 46 255 111
2125 45 256 110
2126 44 128 109
2127 43 64 108
2128 42 32 107
2129 41 16 106
2130 40 8 105
2131 39 4 104
2132 38 2 103
2133 37 1 102
2134 36 129 101
2135 35 193 100
2136 34 225 99
2137 33 241 98
2138 32 249 97
2139 31 253 96
2140 30 255 95
2141 29 256 94
2142 28 128 93
2143 27 64 92
2144 26 32 91
2145 25 16 90
2146 24 8 89
2147 23 4 88
2148 22 2 87
2149 21 1 86
2150 20 129 85
2151 19 193 84
2152 18 225 83
2153 17 241 82
2154 16 249 81
2155 15 253 80
2156 14 255 79
2157 66 241 132
2158 65 249 131
2159 64 253 130
2160 63 255 129
2161 62 256 128
2162 61 128 127
2163 60 64 126
2164 59 32 125
2165 58 16 124
2166 57 8 123
2167 56 4 122
2168 55 2 121
2169 54 1 120
2170 53 129 119
2171 52 193 118
2172 51 225 117
2173 50 241 116
2174 49 249 115
2175 48 253 114
2176 47 255 113
2177 46 256 112
2178 45 128 111
2179 44 64 110
2180 43 32 109
2181 42 16 108
2182 41 8 107
2183 40 4 106
2184 39 2 105
2185 38 1 104
2186 37 129 103
2187 36 193 102
2188 35 225 101
2189 34 241 100
2190 33 249 99
2191 32 253 98
2192 31 255 97
2193 30 256 96
2194 29 128 95
2195 28 64 94
2196 27 32 93
2197 26 16 92
2198 25 8 91
2199 24 4 90
2200 23 2 89
2201 22 1 88
2202 21 129 87
2203 20 193 86
2204 19 225 85
2205 18 241 84
2206 17 249 83
2207 16 253 82
2208 67 241 134
2209 66 249 133
2210 65 253 132
2211 64 255 131
2212 63 256 130
2213 62 128 129
2214 61 64 128
2215 60 32 127
2216 59 16 126
2217 58 8 125
2218 57 4 124
2219 56 2 123
2220 55 1 122
2221 54 129 121
2222 53 193 120
2223 52 225 119
2224 51 241 118
2225 50 249 117
2226 49 253 116
2227 48 255 115
2228 47 256 114
2229 46 128 113
2230 45 64 112
2231 44 32 111
2232 43 16 110
2233 42 8 109
2234 41 4 108
2235 40 2 107
2236 39 1 106
2237 38 129 105
2238 37 193 104
2239 36 225 103
2240 35 241 102
2241 34 249 101
2242 33 253 100
2243 32 255 99
2244 31 256 98
2245 30 128 97
2246 29 64 96
2247 28 32 95
2248 27 16 94
2249 26 8 93
2250 25 4 92
2251 24 2 91
2252 23 1 90
2253 22 129 89
2254 21 193 88
2255 20 225 87
2256 19 241 86
2257 18 249 85
2258 68 241 136
2259 67 249 135
2260 66 253 134
2261 65 255 133
2262 64 256 132
2263 63 128 131
2264 62 64 130
2265 61 32 129
2266 60 16 128
2267 59 8 127
2268 58 4 126
2269 57 2 125
2270 56 1 124
2271 55 129 123
2272 54 193 122
2273 53 225 121
2274 52 241 120
2275 51 249 119
2276 50 253 118
2277 49 255 117
2278 48 256 116
2279 47 128 115
2280 46 64 114
2281 45 32 113
2282 44 16 112
2283 43 8 111
2284 42 4 110
2285 41 2 109
2286 40 1 108
2287 39 129 107
2288 38 193 106
2289 37 225 105
2290 36 241 104
2291 35 249 103
2292 34 253 102
2293 33 255 101
2294 32 256 100
2295 31 128 99
2296 30 64 98
2297 29 32 97
2298 28 16 96
2299 27 8 95
2300 26 4 94
2301 25 2 93
2302 24 1 92
2303 23 129 91
2304 22 193 90
2305 21 225 89
2306 20 241 88
2307 69 241 138
2308 68 249 137
2309 67 253 136
2310 66 255 135
2311 65 256 134
2312 64 128 133
2313 63 64 132
2314 62 32 131
2315 61 16 130
2316 60 8 129
2317 59 4 128
2318 58 2 127
2319 57 1 126
2320 56 129 125
2321 55 193 124
2322 54 225 123
2323 53 241 122
2324 52 249 121
2325 51 253 120
2326 50 255 119
2327 49 256 118
2328 48 128 117
2329 47 64 116
2330 46 32 115
2331 45 16 114
2332 44 8 113
2333 43 4 112
2334 42 2 111
2335 41 1 110
2336 40 129 109
2337 39 193 108
2338 38 225 107
2339 37 241 106
2340 36 249 105
2341 35 253 104
2342 34 255 103
2343 33 256 102
2344 32 128 101
2345 31 64 100
2346 30 32 99
2347 29 16 98
2348 28 8 97
2349 27 4 96
2350 26 2 95
2351 25 1 94
2352 24 129 93
2353 23 193 92
2354 22 225 91
2355 70 241 140
2356 69 249 139
2357 68 253 138
2358 67 255 137
2359 66 256 136
2360 65 128 135
2361 64 64 134
2362 63 32 133
2363 62 16 132
2364 61 8 131
2365 60 4 130
2366 59 2 129
2367 58 1 128
2368 57 129 127
2369 56 193 126
2370 55 225 125
2371 54 241 124
2372 53 249 123
2373 52 253 122
2374 51 255 121
2375 50 256 120
2376 49 128 119
2377 48 64 118
2378 47 32 117
2379 46 16 116
2380 45 8 115
2381 44 4 114
2382 43 2 113
2383 42 1 112
2384 41 129 111
2385 40 193 110
2386 39 225 109
2387 38 241 108
2388 37 249 107
2389 36 253 106
2390 35 255 105
2391 34 256 104
2392 33 128 103
2393 32 64 102
2394 31 32 101
2395 30 16 100
2396 29 8 99
2397 28 4 98
2398 27 2 97
2399 26 1 96
2400 25 129 95
2401 24 193 94
2402 71 241 142
2403 70 249 141
2404 69 253 140
2405 68 255 139
2406 67 256 138
2407 66 128 137
2408 65 64 136
2409 64 32 135
2410 63 16 134
2411 62 8 133
2412 61 4 132
2413 60 2 131
2414 59 1 130
2415 58 129 129
2416 57 193 128
2417 56 225 127
2418 55 241 126
2419 54 249 125
2420 53 253 124
2421 52 255 123
2422 51 256 122
2423 50 128 121
2424 49 64 120
2425 48 32 119
2426 47 16 118
2427 46 8 117
2428 45 4 116
2429 44 2 115
2430 43 1 114
2431 42 129 113
2432 41 193 112
2433 40 225 111
2434 39 241 110
2435 38 249 109
2436 37 253 108
2437 36 255 107
2438 35 256 106
2439 34 128 105
2440 33 64 104
2441 32 32 103
2442 31 16 102
2443 30 8 101
2444 29 4 100
2445 28 2 99
2446 27 1 98
2447 26 129 97
2448 72 241 144
2449 71 249 143
2450 70 253 142
2451 69 255 141
2452 68 256 140
2453 67 128 139
2454 66 64 138
2455 65 32 137
2456 64 16 136
2457 63 8 135
2458 62 4 134
2459 61 2 133
2460 60 1 132
2461 59 129 131
2462 58 193 130
2463 57 225 129
2464 56 241 128
2465 55 249 127
2466 54 253 126
2467 53 255 125
2468 52 256 124
2469 51 128 123
2470 50 64 122
2471 49 32 121
2472 48 16 120
2473 47 8 119
2474 46 4 118
2475 45 2 117
2476 44 1 116
2477 43 129 115
2478 42 193 114
2479 41 225 113
2480 40 241 112
2481 39 249 111
2482 38 253 110
2483 37 255 109
2484 36 256 108
2485 35 128 107
2486 34 64 106
2487 33 32 105
2488 32 16 104
2489 31 8 103
2490 30 4 102
2491 29 2 101
2492 28 1 100
2493 73 241 146
2494 72 249 145
2495 71 253 144
2496 70 255 143
2497 69 256 142
2498 68 128 141
2499 67 64 140
2500 66 32 139
2501 65 16 138
2502 64 8 137
2503 63 4 136
2504 62 2 135
2505 61 1 134
2506 60 129 133
2507 59 193 132
2508 58 225 131
2509 57 241 130
2510 56 249 129
2511 55 253 128
2512 54 255 127
2513 53 256 126
2514 52 128 125
2515 51 64 124
2516 50 32 123
2517 49 16 122
2518 48 8 121
2519 47 4 120
2520 46 2 119
2521 45 1 118
2522 44 129 117
2523 43 193 116
2524 42 225 115
2525 41 241 114
2526 40 249 113
2527 39 253 112
2528 38 255 111
2529 37 256 110
2530 36 128 109
2531 35 64 108
2532 34 32 107
2533 33 16 106
2534 32 8 105
2535 31 4 104
2536 30 2 103
2537 74 241 148
2538 73 249 147
2539 72 253 146
2540 71 255 145
2541 70 256 144
2542 69 128 143
2543 68 64 142
2544 67 32 141
2545 66 16 140
2546 65 8 139
2547 64 4 138
2548 63 2 137
2549 62 1 136
2550 61 129 135
2551 60 193 134
2552 59 225 133
2553 58 241 132
2554 57 249 131
2555 56 253 130
2556 55 255 129
2557 54 256 128
2558 53 128 127
2559 52 64 126
2560 51 32 125
2561 50 16 124
2562 49 8 123
2563 48 4 122
2564 47 2 121
2565 46 1 120
2566 45 129 119
2567 44 193 118
2568 43 225 117
2569 42 241 116
2570 41 249 115
2571 40 253 114
2572 39 255 113
2573 38 256 112
2574 37 128 111
2575 36 64 110
2576 35 32 109
2577 34 16 108
2578 33 8 107
2579 32 4 106
2580 75 241 150
2581 74 249 149
2582 73 253 148
2583 72 255 147
2584 71 256 146
2585 70 128 145
2586 69 64 144
2587 68 32 143
2588 67 16 142
2589 66 8 141
2590 65 4 140
2591 64 2 139
2592 63 1 138
2593 62 129 137
2594 61 193 136
2595 60 225 135
2596 59 241 134
2597 58 249 133
2598 57 253 132
2599 56 255 131
2600 55 256 130
2601 54 128 129
2602 53 64 128
2603 52 32 127
2604 51 16 126
2605 50 8 125
2606 49 4 124
2607 48 2 123
2608 47 1 122
2609 46 129 121
2610 45 193 120
2611 44 225 119
2612 43 241 118
2613 42 249 117
2614 41 253 116
2615 40 255 115
2616 39 256 114
2617 38 128 113
2618 37 64 112
2619 36 32 111
2620 35 16 110
2621 34 8 109
2622 76 241 152
2623 75 249 151
2624 74 253 150
2625 73 255 149
2626 72 256 148
2627 71 128 147
2628 70 64 146
2629 69 32 145
2630 68 16 144
2631 67 8 143
2632 66 4 142
2633 65 2 141
2634 64 1 140
2635 63 129 139
2636 62 193 138
2637 61 225 137
2638 60 241 136
2639 59 249 135
2640 58 253 134
2641 57 255 133
2642 56 256 132
2643 55 128 131
2644 54 64 130
2645 53 32 129
2646 52 16 128
2647 51 8 127
2648 50 4 126
2649 49 2 125
2650 48 1 124
2651 47 129 123
2652 46 193 122
2653 45 225 121
2654 44 241 120
2655 43 249 119
2656 42 253 118
2657 41 255 117
2658 40 256 116
2659 39 128 115
2660 38 64 114
2661 37 32 113
2662 36 16 112
2663 77 241 154
2664 76 249 153
2665 75 253 152
2666 74 255 151
2667 73 256 150
2668 72 128 149
2669 71 64 148
2670 70 32 147
2671 69 16 146
2672 68 8 145
2673 67 4 144
2674 66 2 143
2675 65 1 142
2676 64 129 141
2677 63 193 140
2678 62 225 139
2679 61 241 138
2680 60 249 137
2681 59 253 136
2682 58 255 135
2683 57 256 134
2684 56 128 133
2685 55 64 132
2686 54 32 131
2687 53 16 130
2688 52 8 129
2689 51 4 128
2690 50 2 127
2691 49 1 126
2692 48 129 125
2693 47 193 124
2694 46 225 123
2695 45 241 122
2696 44 249 121
2697 43 253 120
2698 42 255 119
2699 41 256 118
2700 40 128 117
2701 39 64 116
2702 38 32 115
2703 78 241 156
2704 77 249 155
2705 76 253 154
2706 75 255 153
2707 74 256 152
2708 73 128 151
2709 72 64 150
2710 71 32 149
2711 70 16 148
2712 69 8 147
2713 68 4 146
2714 67 2 145
2715 66 1 144
2716 65 129 143
2717 64 193 142
2718 63 225 141
2719 62 241 140
2720 61 249 139
2721 60 253 138
2722 59 255 137
2723 58 256 136
2724 57 128 135
2725 56 64 134
2726 55 32 133
2727 54 16 132
2728 53 8 131
2729 52 4 130
2730 51 2 129
2731 50 1 128
2732 49 129 127
2733 48 193 126
2734 47 225 125
2735 46 241 124
2736 45 249 123
2737 44 253 122
2738 43 255 121
2739 42 256 120
2740 41 128 119
2741 40 64 118
2742 79 241 158
2743 78 249 157
2744 77 253 156
2745 76 255 155
2746 75 256 154
2747 74 128 153
2748 73 64 152
2749 72 32 151
2750 71 16 150
2751 70 8 149
2752 69 4 148
2753 68 2 147
2754 67 1 146
2755 66 129 145
2756 65 193 144
2757 64 225 143
2758 63 241 142
2759 62 249 141
2760 61 253 140
2761 60 255 139
2762 59 256 138
2763 58 128 137
2764 57 64 136
2765 56 32 135
2766 55 16 134
2767 54 8 133
2768 53 4 132
2769 52 2 131
2770 51 1 130
2771 50 129 129
2772 49 193 128
2773 48 225 127
2774 47 241 126
2775 46 249 125
2776 45 253 124
2777 44 255 123
2778 43 256 122
2779 42 128 121
2780 80 241 160
2781 79 249 159
2782 78 253 158
2783 77 255 157
2784 76 256 156
2785 75 128 155
2786 74 64 154
2787 73 32 153
2788 72 16 152
2789 71 8 151
2790 70 4 150
2791 69 2 149
2792 68 1 148
2793 67 129 147
2794 66 193 146
2795 65 225 145
2796 64 241 144
2797 63 249 143
2798 62 253 142
2799 61 255 141
2800 60 256 140
2801 59 128 139
2802 58 64 138
2803 57 32 137
2804 56 16 136
2805 55 8 135
2806 54 4 134
2807 53 2 133
2808 52 1 132
2809 51 129 131
2810 50 193 130
2811 49 225 129
2812 48 241 128
2813 47 249 127
2814 46 253 126
2815 45 255 125
2816 44 256 124
2817 81 241 162
2818 80 249 161
2819 79 253 160
2820 78 255 159
2821 77 256 158
2822 76 128 157
2823 75 64 156
2824 74 32 155
2825 73 16 154
2826 72 8 153
2827 71 4 152
2828 70 2 151
2829 69 1 150
2830 68 129 149
2831 67 193 148
2832 66 225 147
2833 65 241 146
2834 64 249 145
2835 63 253 144
2836 62 255 143
2837 61 256 142
2838 60 128 141
2839 59 64 140
2840 58 32 139
2841 57 16 138
2842 56 8 137
2843 55 4 136
2844 54 2 135
2845 53 1 134
2846 52 129 133
2847 51 193 132
2848 50 225 131
2849 49 241 130
2850 48 249 129
2851 47 253 128
2852 46 255 127
2853 82 241 164
2854 81 249 163
2855 80 253 162
2856 79 255 161
2857 78 256 160
2858 77 128 159
2859 76 64 158
2860 75 32 157
2861 74 16 156
2862 73 8 155
2863 72 4 154
2864 71 2 153
2865 70 1 152
2866 69 129 151
2867 68 193 150
2868 67 225 149
2869 66 241 148
2870 65 249 147
2871 64 253 146
2872 63 255 145
2873 62 256 144
2874 61 128 143
2875 60 64 142
2876 59 32 141
2877 58 16 140
2878 57 8 139
2879 56 4 138
2880 55 2 137
2881 54 1 136
2882 53 129 135
2883 52 193 134
2884 51 225 133
2885 50 241 132
2886 49 249 131
2887 48 253 130
2888 83 241 166
2889 82 249 165
2890 81 253 164
2891 80 255 163
2892 79 256 162
2893 78 128 161
2894 77 64 160
2895 76 32 159
2896 75 16 158
2897 74 8 157
2898 73 4 156
2899 72 2 155
2900 71 1 154
2901 70 129 153
2902 69 193 152
2903 68 225 151
2904 67 241 150
2905 66 249 149
2906 65 253 148
2907 64 255 147
2908 63 256 146
2909 62 128 145
2910 61 64 144
2911 60 32 143
2912 59 16 142
2913 58 8 141
2914 57 4 140
2915 56 2 139
2916 55 1 138
2917 54 129 137
2918 53 193 136
2919 52 225 135
2920 51 241 134
2921 50 249 133
2922 84 241 168
2923 83 249 167
2924 82 253 166
2925 81 255 165
2926 80 256 164
2927 79 128 163
2928 78 64 162
2929 77 32 161
2930 76 16 160
2931 75 8 159
2932 74 4 158
2933 73 2 157
2934 72 1 156
2935 71 129 155
2936 70 193 154
2937 69 225 153
2938 68 241 152
2939 67 249 151
2940 66 253 150
2941 65 255 149
2942 64 256 148
2943 63 128 147
2944 62 64 146
2945 61 32 145
2946 60 16 144
2947 59 8 143
2948 58 4 142
2949 57 2 141
2950 56 1 140
2951 55 129 139
2952 54 193 138
2953 53 225 137
2954 52 241 136
2955 85 241 170
2956 84 249 169
2957 83 253 168
2958 82 255 167
2959 81 256 166
2960 80 128 165
2961 79 64 164
2962 78 32 163
2963 77 16 162
2964 76 8 161
2965 75 4 160
2966 74 2 159
2967 73 1 158
2968 72 129 157
2969 71 193 156
2970 70 225 155
2971 69 241 154
2972 68 249 153
2973 67 253 152
2974 66 255 151
2975 65 256 150
2976 64 128 149
2977 63 64 148
2978 62 32 147
2979 61 16 146
2980 60 8 145
2981 59 4 144
2982 58 2 143
2983 57 1 142
2984 56 129 141
2985 55 193 140
2986 54 225 139
2987 86 241 172
2988 85 249 171
2989 84 253 170
2990 83 255 169
2991 82 256 168
2992 81 128 167
2993 80 64 166
2994 79 32 165
2995 78 16 164
2996 77 8 163
2997 76 4 162
2998 75 2 161
2999 74 1 160
3000 73 129 159
3001 72 193 158
3002 71 225 157
3003 70 241 156
3004 69 249 155
3005 68 253 154
3006 67 255 153
3007 66 256 152
3008 65 128 151
3009 64 64 150
3010 63 32 149
3011 62 16 148
3012 61 8 147
3013 60 4 146
3014 59 2 145
3015 58 1 144
3016 57 129 143
3017 56 193 142
3018 87 241 174
3019 86 249 173
3020 85 253 172
3021 84 255 171
3022 83 256 170
3023 82 128 169
3024 81 64 168
3025 80 32 167
3026 79 16 166
3027 78 8 165
3028 77 4 164
3029 76 2 163
3030 75 1 162
3031 74 129 161
3032 73 193 160
3033 72 225 159
3034 71 241 158
3035 70 249 157
3036 69 253 156
3037 68 255 155
3038 67 256 154
3039 66 128 153
3040 65 64 152
3041 64 32 151
3042 63 16 150
3043 62 8 149
3044 61 4 148
3045 60 2 147
3046 59 1 146
3047 58 129 145
3048 88 241 176
3049 87 249 175
3050 86 253 174
3051 85 255 173
3052 84 256 172
3053 83 128 171
3054 82 64 170
3055 81 32 169
3056 80 16 168
3057 79 8 167
3058 78 4 166
3059 77 2 165
3060 76 1 164
3061 75 129 163
3062 74 193 162
3063 73 225 161
3064 72 241 160
3065 71 249 159
3066 70 253 158
3067 69 255 157
3068 68 256 156
3069 67 128 155
3070 66 64 154
3071 65 32 153
3072 64 16 152
3073 63 8 151
3074 62 4 150
3075 61 2 149
3076 60 1 148
3077 89 241 178
3078 88 249 177
3079 87 253 176
3080 86 255 175
3081 85 256 174
3082 84 128 173
3083 83 64 172
3084 82 32 171
3085 81 16 170
3086 80 8 169
3087 79 4 168
3088 78 2 167
3089 77 1 166
3090 76 129 165
3091 75 193 164
3092 74 225 163
3093 73 241 162
3094 72 249 161
3095 71 253 160
3096 70 255 159
3097 69 256 158
3098 68 128 157
3099 67 64 156
3100 66 32 155
3101 65 16 154
3102 64 8 153
3103 63 4 152
3104 62 2 151
3105 90 241 180
3106 89 249 179
3107 88 253 178
3108 87 255 177
3109 86 256 176
3110 85 128 175
3111 84 64 174
3112 83 32 173
3113 82 16 172
3114 81 8 171
3115 80 4 170
3116 79 2 169
3117 78 1 168
3118 77 129 167
3119 76 193 166
3120 75 225 165
3121 74 241 164
3122 73 249 163
3123 72 253 162
3124 71 255 161
3125 70 256 160
3126 69 128 159
3127 68 64 158
3128 67 32 157
3129 66 16 156
3130 65 8 155
3131 64 4 154
3132 91 241 182
3133 90 249 181
3134 89 253 180
3135 88 255 179
3136 87 256 178
3137 86 128 177
3138 85 64 176
3139 84 32 175
3140 83 16 174
3141 82 8 173
3142 81 4 172
3143 80 2 171
3144 79 1 170
3145 78 129 169
3146 77 193 168
3147 76 225 167
3148 75 241 166
3149 74 249 165
3150 73 253 164
3151 72 255 163
3152 71 256 162
3153 70 128 161
3154 69 64 160
3155 68 32 159
3156 67 16 158
3157 66 8 157
3158 92 241 184
3159 91 249 183
3160 90 253 182
3161 89 255 181
3162 88 256 180
3163 87 128 179
3164 86 64 178
3165 85 32 177
3166 84 16 176
3167 83 8 175
3168 82 4 174
3169 81 2 173
3170 80 1 172
3171 79 129 171
3172 78 193 170
3173 77 225 169
3174 76 241 168
3175 75 249 167
3176 74 253 166
3177 73 255 165
3178 72 256 164
3179 71 128 163
3180 70 64 162
3181 69 32 161
3182 68 16 160
3183 93 241 186
3184 92 249 185
3185 91 253 184
3186 90 255 183
3187 89 256 182
3188 88 128 181
3189 87 64 180
3190 86 32 179
3191 85 16 178
3192 84 8 177
3193 83 4 176
3194 82 2 175
3195 81 1 174
3196 80 129 173
3197 79 193 172
3198 78 225 171
3199 77 241 170
3200 76 249 169
3201 75 253 168
3202 74 255 167
3203 73 256 166
3204 72 128 165
3205 71 64 164
3206 70 32 163
3207 94 241 188
3208 93 249 187
3209 92 253 186
3210 91 255 185
3211 90 256 184
3212 89 128 183
3213 88 64 182
3214 87 32 181
3215 86 16 180
3216 85 8 179
3217 84 4 178
3218 83 2 177
3219 82 1 176
3220 81 129 175
3221 80 193 174
3222 79 225 173
3223 78 241 172
3224 77 249 171
3225 76 253 170
3226 75 255 169
3227 74 256 168
3228 73 128 167
3229 72 64 166
3230 95 241 190
3231 94 249 189
3232 93 253 188
3233 92 255 187
3234 91 256 186
3235 90 128 185
3236 89 64 184
3237 88 32 183
3238 87 16 182
3239 86 8 181
3240 85 4 180
3241 84 2 179
3242 83 1 178
3243 82 129 177
3244 81 193 176
3245 80 225 175
3246 79 241 174
3247 78 249 173
3248 77 253 172
3249 76 255 171
3250 75 256 170
3251 74 128 169
3252 96 241 192
3253 95 249 191
3254 94 253 190
3255 93 255 189
3256 92 256 188
3257 91 128 187
3258 90 64 186
3259 89 32 185
3260 88 16 184
3261 87 8 183
3262 86 4 182
3263 85 2 181
3264 84 1 180
3265 83 129 179
3266 82 193 178
3267 81 225 177
3268 80 241 176
3269 79 249 175
3270 78 253 174
3271 77 255 173
3272 76 256 172
3273 97 241 194
3274 96 249 193
3275 95 253 192
3276 94 255 191
3277 93 256 190
3278 92 128 189
3279 91 64 188
3280 90 32 187
3281 89 16 186
3282 88 8 185
3283 87 4 184
3284 86 2 183
3285 85 1 182
3286 84 129 181
3287 83 193 180
3288 82 225 179
3289 81 241 178
3290 80 249 177
3291 79 253 176
3292 78 255 175
3293 98 241 196
3294 97 249 195
3295 96 253 194
3296 95 255 193
3297 94 256 192
3298 93 128 191
3299 92 64 190
3300 91 32 189
3301 90 16 188
3302 89 8 187
3303 88 4 186
3304 87 2 185
3305 86 1 184
3306 85 129 183
3307 84 193 182
3308 83 225 181
3309 82 241 180
3310 81 249 179
3311 80 253 178
3312 99 241 198
3313 98 249 197
3314 97 253 196
3315 96 255 195
3316 95 256 194
3317 94 128 193
3318 93 64 192
3319 92 32 191
3320 91 16 190
3321 90 8 189
3322 89 4 188
3323 88 2 187
3324 87 1 186
3325 86 129 185
3326 85 193 184
3327 84 225 183
3328 83 241 182
3329 82 249 181
3330 100 241 200
3331 99 249 199
3332 98 253 198
3333 97 255 197
3334 96 256 196
3335 95 128 195
3336 94 64 194
3337 93 32 193
3338 92 16 192
3339 91 8 191
3340 90 4 190
3341 89 2 189
3342 88 1 188
3343 87 129 187
3344 86 193 186
3345 85 225 185
3346 84 241 184
3347 101 241 202
3348 100 249 201
3349 99 253 200
3350 98 255 199
3351 97 256 198
3352 96 128 197
3353 95 64 196
3354 94 32 195
3355 93 16 194
3356 92 8 193
3357 91 4 192
3358 90 2 191
3359 89 1 190
3360 88 129 189
3361 87 193 188
3362 86 225 187
3363 102 241 204
3364 101 249 203
3365 100 253 202
3366 99 255 201
3367 98 256 200
3368 97 128 199
3369 96 64 198
3370 95 32 197
3371 94 16 196
3372 93 8 195
3373 92 4 194
3374 91 2 193
3375 90 1 192
3376 89 129 191
3377 88 193 190
3378 103 241 206
3379 102 249 205
3380 101 253 204
3381 100 255 203
3382 99 256 202
3383 98 128 201
3384 97 64 200
3385 96 32 199
3386 95 16 198
3387 94 8 197
3388 93 4 196
3389 92 2 195
3390 91 1 194
3391 90 129 193
3392 104 241 208
3393 103 249 207
3394 102 253 206
3395 101 255 205
3396 100 256 204
3397 99 128 203
3398 98 64 202
3399 97 32 201
3400 96 16 200
3401 95 8 199
3402 94 4 198
3403 93 2 197
3404 92 1 196
3405 105 241 210
3406 104 249 209
3407 103 253 208
3408 102 255 207
3409 101 256 206
3410 100 128 205
3411 99 64 204
3412 98 32 203
3413 97 16 202
3414 96 8 201
3415 95 4 200
3416 94 2 199
3417 106 241 212
3418 105 249 211
3419 104 253 210
3420 103 255 209
3421 102 256 208
3422 101 128 207
3423 100 64 206
3424 99 32 205
3425 98 16 204
3426 97 8 203
3427 96 4 202
3428 107 241 214
3429 106 249 213
3430 105 253 212
3431 104 255 211
3432 103 256 210
3433 102 128 209
3434 101 64 208
3435 100 32 207
3436 99 16 206
3437 98 8 205
3438 108 241 216
3439 107 249 215
3440 106 253 214
3441 105 255 213
3442 104 256 212
3443 103 128 211
3444 102 64 210
3445 101 32 209
3446 100 16 208
3447 109 241 218
3448 108 249 217
3449 107 253 216
3450 106 255 215
3451 105 256 214
3452 104 128 213
3453 103 64 212
3454 102 32 211
3455 110 241 220
3456 109 249 219
3457 108 253 218
3458 107 255 217
3459 106 256 216
3460 105 128 215
3461 104 64 214
3462 111 241 222
3463 110 249 221
3464 109 253 220
3465 108 255 219
3466 107 256 218
3467 106 128 217
3468 112 241 224
3469 111 249 223
3470 110 253 222
3471 109 255 221
3472 108 256 220
3473 113 241 226
3474 112 249 225
3475 111 253 224
3476 110 255 223
3477 114 241 228
3478 113 249 227
3479 112 253 226
3480 115 241 230
3481 114 249 229
3482 116 241 232
3483 0 1 60
3484 0 1 61
3485 0 1 62
3486 0 1 63
3487 0 1 64
3488 0 1 65
3489 0 1 66
3490 0 1 67
3491 0 1 68
3492 0 1 69
3493 0 1 70
3494 0 1 71
3495 0 1 72
3496 0 1 73
3497 0 1 74
3498 0 1 75
3499 0 1 76
3500 0 1 77
3501 0 1 78
3502 0 1 79
3503 0 1 80
3504 0 1 81
3505 0 1 82
3506 0 1 83
3507 0 1 84
3508 0 1 85
3509 0 1 86
3510 0 1 87
3511 0 1 88
3512 0 1 89
3513 0 1 90
3514 0 1 91
3515 0 1 92
3516 0 1 93
3517 0 1 94
3518 0 1 95
3519 0 1 96
3520 0 1 97
3521 0 1 98
3522 0 1 99
3523 0 1 100
3524 0 1 101
3525 0 1 102
3526 0 1 103
3527 0 1 104
3528 0 1 105
3529 0 1 106
3530 0 1 107
3531 0 1 108
3532 0 1 109
3533 0 1 110
3534 0 1 111
3535 0 1 112
3536 1 1 61
3537 1 1 62
3538 1 1 63
3539 1 1 64
3540 1 1 65
3541 1 1 66
3542 1 1 67
3543 1 1 68
3544 1 1 69
3545 1 1 70
3546 1 1 71
3547 1 1 72
3548 1 1 73
3549 1 1 74
3550 1 1 75
3551 1 1 76
3552 1 1 77
3553 1 1 78
3554 1 1 79
3555 1 1 80
3556 1 1 81
3557 1 1 82
3558 1 1 83
3559 1 1 84
3560 1 1 85
3561 1 1 86
3562 1 1 87
3563 1 1 88
3564 1 1 89
3565 1 1 90
3566 1 1 91
3567 1 1 92
3568 1 1 93
3569 1 1 94
3570 1 1 95
3571 1 1 96
3572 1 1 97
3573 1 1 98
3574 1 1 99
3575 1 1 100
3576 1 1 101
3577 1 1 102
3578 1 1 103
3579 1 1 104
3580 1 1 105
3581 1 1 106
3582 1 1 107
3583 1 1 108
3584 1 1 109
3585 1 1 110
3586 1 1 111
3587 1 1 112
3588 2 1 62
3589 2 1 63
3590 2 1 64
3591 2 1 65
3592 2 1 66
3593 2 1 67
3594 2 1 68
3595 2 1 69
3596 2 1 70
3597 2 1 71
3598 2 1 72
3599 2 1 73
3600 2 1 74
3601 2 1 75
3602 2 1 76
3603 2 1 77
3604 2 1 78
3605 2 1 79
3606 2 1 80
3607 2 1 81
3608 2 1 82
3609 2 1 83
3610 2 1 84
3611 2 1 85
3612 2 1 86
3613 2 1 87
3614 2 1 88
3615 2 1 89
3616 2 1 90
3617 2 1 91
3618 2 1 92
3619 2 1 93
3620 2 1 94
3621 2 1 95
3622 2 1 96
3623 2 1 97
3624 2 1 98
3625 2 1 99
3626 2 1 100
3627 2 1 101
3628 2 1 102
3629 2 1 103
3630 2 1 104
3631 2 1 105
3632 2 1 106
3633 2 1 107
3634 2 1 108
3635 2 1 109
3636 2 1 110
3637 2 1 111
3638 2 1 112
3639 3 1 63
3640 3 1 64
3641 3 1 65
3642 3 1 66
3643 3 1 67
3644 3 1 68
3645 3 1 69
3646 3 1 70
3647 3 1 71
3648 3 1 72
3649 3 1 73
3650 3 1 74
3651 3 1 75
3652 3 1 76
3653 3 1 77
3654 3 1 78
3655 3 1 79
3656 3 1 80
3657 3 1 81
3658 3 1 82
3659 3 1 83
3660 3 1 84
3661 3 1 85
3662 3 1 86
3663 3 1 87
3664 3 1 88
3665 3 1 89
3666 3 1 90
3667 3 1 91
3668 3 1 92
3669 3 1 93
3670 3 1 94
3671 3 1 95
3672 3 1 96
3673 3 1 97
3674 3 1 98
3675 3 1 99
3676 3 1 100
3677 3 1 101
3678 3 1 102
3679 3 1 103
3680 3 1 104
3681 3 1 105
3682 3 1 106
3683 3 1 107
3684 3 1 108
3685 3 1 109
3686 3 1 110
3687 3 1 111
3688 3 1 112
3689 4 1 65
3690 4 1 66
3691 5 255 66
3692 4 1 67
3693 4 1 68
3694 4 1 69
3695 4 1 70
3696 4 1 71
3697 4 1 72
3698 4 1 73
3699 4 1 74
3700 4 1 75
3701 4 1 76
3702 4 1 77
3703 4 1 78
3704 4 1 79
3705 4 1 80
3706 4 1 81
3707 4 1 82
3708 4 1 83
3709 4 1 84
3710 4 1 85
3711 4 1 86
3712 4 1 87
3713 4 1 88
3714 4 1 89
3715 4 1 90
3716 4 1 91
3717 4 1 92
3718 4 1 93
3719 4 1 94
3720 4 1 95
3721 4 1 96
3722 4 1 97
3723 4 1 98
3724 4 1 99
3725 4 1 100
3726 4 1 101
3727 4 1 102
3728 4 1 103
3729 4 1 104
3730 4 1 105
3731 4 1 106
3732 4 1 107
3733 4 1 108
3734 4 1 109
3735 4 1 110
3736 4 1 111
3737 4 1 112
3738 5 1 67
3739 5 1 68
3740 6 255 68
3741 5 1 69
3742 7 4 69
3743 5 1 70
3744 5 1 71
3745 5 1 72
3746 5 1 73
3747 5 1 74
3748 5 1 75
3749 5 1 76
3750 5 1 77
3751 5 1 78
3752 5 1 79
3753 5 1 80
3754 5 1 81
3755 5 1 82
3756 5 1 83
3757 5 1 84
3758 5 1 85
3759 5 1 86
3760 5 1 87
3761 5 1 88
3762 5 1 89
3763 5 1 90
3764 5 1 91
3765 5 1 92
3766 5 1 93
3767 5 1 94
3768 5 1 95
3769 5 1 96
3770 5 1 97
3771 5 1 98
3772 5 1 99
3773 5 1 100
3774 5 1 101
3775 5 1 102
3776 5 1 103
3777 5 1 104
3778 5 1 105
3779 5 1 106
3780 5 1 107
3781 5 1 108
3782 5 1 109
3783 5 1 110
3784 5 1 111
3785 5 1 112
3786 6 1 69
3787 6 1 70
3788 7 255 70
3789 6 1 71
3790 8 4 71
3791 6 1 72
3792 9 249 72
3793 6 1 73
3794 6 1 74
3795 6 1 75
3796 6 1 76
3797 6 1 77
3798 6 1 78
3799 6 1 79
3800 6 1 80
3801 6 1 81
3802 6 1 82
3803 6 1 83
3804 6 1 84
3805 6 1 85
3806 6 1 86
3807 6 1 87
3808 6 1 88
3809 6 1 89
3810 6 1 90
3811 6 1 91
3812 6 1 92
3813 6 1 93
3814 6 1 94
3815 6 1 95
3816 6 1 96
3817 6 1 97
3818 6 1 98
3819 6 1 99
3820 6 1 100
3821 6 1 101
3822 6 1 102
3823 6 1 103
3824 6 1 104
3825 6 1 105
3826 6 1 106
3827 6 1 107
3828 6 1 108
3829 6 1 109
3830 6 1 110
3831 6 1 111
3832 6 1 112
3833 7 1 71
3834 7 1 72
3835 8 255 72
3836 7 1 73
3837 9 4 73
3838 7 1 74
3839 10 249 74
3840 7 1 75
3841 11 16 75
3842 7 1 76
3843 7 1 77
3844 7 1 78
3845 7 1 79
3846 7 1 80
3847 7 1 81
3848 7 1 82
3849 7 1 83
3850 7 1 84
3851 7 1 85
3852 7 1 86
3853 7 1 87
3854 7 1 88
3855 7 1 89
3856 7 1 90
3857 7 1 91
3858 7 1 92
3859 7 1 93
3860 7 1 94
3861 7 1 95
3862 7 1 96
3863 7 1 97
3864 7 1 98
3865 7 1 99
3866 7 1 100
3867 7 1 101
3868 7 1 102
3869 7 1 103
3870 7 1 104
3871 7 1 105
3872 7 1 106
3873 7 1 107
3874 7 1 108
3875 7 1 109
3876 7 1 110
3877 7 1 111
3878 7 1 112
3879 8 1 73
3880 8 1 74
3881 9 255 74
3882 8 1 75
3883 10 4 75
3884 8 1 76
3885 11 249 76
3886 8 1 77
3887 12 16 77
3888 8 1 78
3889 13 225 78
3890 8 1 79
3891 8 1 80
3892 8 1 81
3893 8 1 82
3894 8 1 83
3895 8 1 84
3896 8 1 85
3897 8 1 86
3898 8 1 87
3899 8 1 88
3900 8 1 89
3901 8 1 90
3902 8 1 91
3903 8 1 92
3904 8 1 93
3905 8 1 94
3906 8 1 95
3907 8 1 96
3908 8 1 97
3909 8 1 98
3910 8 1 99
3911 8 1 100
3912 8 1 101
3913 8 1 102
3914 8 1 103
3915 8 1 104
3916 8 1 105
3917 8 1 106
3918 8 1 107
3919 8 1 108
3920 8 1 109
3921 8 1 110
3922 8 1 111
3923 8 1 112
3924 9 1 75
3925 9 1 76
3926 10 255 76
3927 9 1 77
3928 11 4 77
3929 9 1 78
3930 12 249 78
3931 9 1 79
3932 13 16 79
3933 9 1 80
3934 14 225 80
3935 9 1 81
3936 15 64 81
3937 9 1 82
3938 9 1 83
3939 9 1 84
3940 9 1 85
3941 9 1 86
3942 9 1 87
3943 9 1 88
3944 9 1 89
3945 9 1 90
3946 9 1 91
3947 9 1 92
3948 9 1 93
3949 9 1 94
3950 9 1 95
3951 9 1 96
3952 9 1 97
3953 9 1 98
3954 9 1 99
3955 9 1 100
3956 9 1 101
3957 9 1 102
3958 9 1 103
3959 9 1 104
3960 9 1 105
3961 9 1 106
3962 9 1 107
3963 9 1 108
3964 9 1 109
3965 9 1 110
3966 9 1 111
3967 9 1 112
3968 10 1 77
3969 10 1 78
3970 11 255 78
3971 10 1 79
3972 12 4 79
3973 10 1 80
3974 13 249 80
3975 10 1 81
3976 14 16 81
3977 10 1 82
3978 15 225 82
3979 10 1 83
3980 16 64 83
3981 10 1 84
3982 17 129 84
3983 10 1 85
3984 10 1 86
3985 10 1 87
3986 10 1 88
3987 10 1 89
3988 10 1 90
3989 10 1 91
3990 10 1 92
3991 10 1 93
3992 10 1 94
3993 10 1 95
3994 10 1 96
3995 10 1 97
3996 10 1 98
3997 10 1 99
3998 10 1 100
3999 10 1 101
4000 10 1 102
4001 10 1 103
4002 10 1 104
4003 10 1 105
4004 10 1 106
4005 10 1 107
4006 10 1 108
4007 10 1 109
4008 10 1 110
4009 10 1 111
4010 10 1 112
4011 11 1 79
4012 11 1 80
4013 12 255 80
4014 11 1 81
4015 13 4 81
4016 11 1 82
4017 14 249 82
4018 11 1 83
4019 15 16 83
4020 11 1 84
4021 16 225 84
4022 11 1 85
4023 17 64 85
4024 11 1 86
4025 18 129 86
4026 11 1 87
4027 19 256 87
4028 11 1 88
4029 11 1 89
4030 11 1 90
4031 11 1 91
4032 11 1 92
4033 11 1 93
4034 11 1 94
4035 11 1 95
4036 11 1 96
4037 11 1 97
4038 11 1 98
4039 11 1 99
4040 11 1 100
4041 11 1 101
4042 11 1 102
4043 11 1 103
4044 11 1 104
4045 11 1 105
4046 11 1 106
4047 11 1 107
4048 11 1 108
4049 11 1 109
4050 11 1 110
4051 11 1 111
4052 11 1 112
4053 12 1 81
4054 12 1 82
4055 13 255 82
4056 12 1 83
4057 14 4 83
4058 12 1 84
4059 15 249 84
4060 12 1 85
4061 16 16 85
4062 12 1 86
4063 17 225 86
4064 12 1 87
4065 18 64 87
4066 12 1 88
4067 19 129 88
4068 12 1 89
4069 20 256 89
4070 12 1 90
4071 21 2 90
4072 12 1 91
4073 12 1 92
4074 12 1 93
4075 12 1 94
4076 12 1 95
4077 12 1 96
4078 12 1 97
4079 12 1 98
4080 12 1 99
4081 12 1 100
4082 12 1 101
4083 12 1 102
4084 12 1 103
4085 12 1 104
4086 12 1 105
4087 12 1 106
4088 12 1 107
4089 12 1 108
4090 12 1 109
4091 12 1 110
4092 12 1 111
4093 12 1 112
4094 13 1 83
4095 13 1 84
4096 14 255 84
4097 13 1 85
4098 15 4 85
4099 13 1 86
4100 16 249 86
4101 13 1 87
4102 17 16 87
4103 13 1 88
4104 18 225 88
4105 13 1 89
4106 19 64 89
4107 13 1 90
4108 20 129 90
4109 13 1 91
4110 21 256 91
4111 13 1 92
4112 22 2 92
4113 13 1 93
4114 23 253 93
4115 13 1 94
4116 13 1 95
4117 13 1 96
4118 13 1 97
4119 13 1 98
4120 13 1 99
4121 13 1 100
4122 13 1 101
4123 13 1 102
4124 13 1 103
4125 13 1 104
4126 13 1 105
4127 13 1 106
4128 13 1 107
4129 13 1 108
4130 13 1 109
4131 13 1 110
4132 13 1 111
4133 13 1 112
4134 14 1 85
4135 14 1 86
4136 15 255 86
4137 14 1 87
4138 16 4 87
4139 14 1 88
4140 17 249 88
4141 14 1 89
4142 18 16 89
4143 14 1 90
4144 19 225 90
4145 14 1 91
4146 20 64 91
4147 14 1 92
4148 21 129 92
4149 14 1 93
4150 22 256 93
4151 14 1 94
4152 23 2 94
4153 14 1 95
4154 24 253 95
4155 14 1 96
4156 25 8 96
4157 14 1 97
4158 14 1 98
4159 14 1 99
4160 14 1 100
4161 14 1 101
4162 14 1 102
4163 14 1 103
4164 14 1 104
4165 14 1 105
4166 14 1 106
4167 14 1 107
4168 14 1 108
4169 14 1 109
4170 14 1 110
4171 14 1 111
4172 14 1 112
4173 15 1 87
4174 15 1 88
4175 16 255 88
4176 15 1 89
4177 17 4 89
4178 15 1 90
4179 18 249 90
4180 15 1 91
4181 19 16 91
4182 15 1 92
4183 20 225 92
4184 15 1 93
4185 21 64 93
4186 15 1 94
4187 22 129 94
4188 15 1 95
4189 23 256 95
4190 15 1 96
4191 24 2 96
4192 15 1 97
4193 25 253 97
4194 15 1 98
4195 26 8 98
4196 15 1 99
4197 27 241 99
4198 15 1 100
4199 15 1 101
4200 15 1 102
4201 15 1 103
4202 15 1 104
4203 15 1 105
4204 15 1 106
4205 15 1 107
4206 15 1 108
4207 15 1 109
4208 15 1 110
4209 15 1 111
4210 15 1 112
4211 16 1 89
4212 16 1 90
4213 17 255 90
4214 16 1 91
4215 18 4 91
4216 16 1 92
4217 19 249 92
4218 16 1 93
4219 20 16 93
4220 16 1 94
4221 21 225 94
4222 16 1 95
4223 22 64 95
4224 16 1 96
4225 23 129 96
4226 16 1 97
4227 24 256 97
4228 16 1 98
4229 25 2 98
4230 16 1 99
4231 26 253 99
4232 16 1 100
4233 27 8 100
4234 16 1 101
4235 28 241 101
4236 16 1 102
4237 29 32 102
4238 16 1 103
4239 16 1 104
4240 16 1 105
4241 16 1 106
4242 16 1 107
4243 16 1 108
4244 16 1 109
4245 16 1 110
4246 16 1 111
4247 16 1 112
4248 17 1 91
4249 17 1 92
4250 18 255 92
4251 17 1 93
4252 19 4 93
4253 17 1 94
4254 20 249 94
4255 17 1 95
4256 21 16 95
4257 17 1 96
4258 22 225 96
4259 17 1 97
4260 23 64 97
4261 17 1 98
4262 24 129 98
4263 17 1 99
4264 25 256 99
4265 17 1 100
4266 26 2 100
4267 17 1 101
4268 27 253 101
4269 17 1 102
4270 28 8 102
4271 17 1 103
4272 29 241 103
4273 17 1 104
4274 30 32 104
4275 17 1 105
4276 31 193 105
4277 17 1 106
4278 17 1 107
4279 17 1 108
4280 17 1 109
4281 17 1 110
4282 17 1 111
4283 17 1 112
4284 18 1 93
4285 18 1 94
4286 19 255 94
4287 18 1 95
4288 20 4 95
4289 18 1 96
4290 21 249 96
4291 18 1 97
4292 22 16 97
4293 18 1 98
4294 23 225 98
4295 18 1 99
4296 24 64 99
4297 18 1 100
4298 25 129 100
4299 18 1 101
4300 26 256 101
4301 18 1 102
4302 27 2 102
4303 18 1 103
4304 28 253 103
4305 18 1 104
4306 29 8 104
4307 18 1 105
4308 30 241 105
4309 18 1 106
4310 31 32 106
4311 18 1 107
4312 32 193 107
4313 18 1 108
4314 33 128 108
4315 18 1 109
4316 18 1 110
4317 18 1 111
4318 18 1 112
4319 19 1 95
4320 19 1 96
4321 20 255 96
4322 19 1 97
4323 21 4 97
4324 19 1 98
4325 22 249 98
4326 19 1 99
4327 23 16 99
4328 19 1 100
4329 24 225 100
4330 19 1 101
4331 25 64 101
4332 19 1 102
4333 26 129 102
4334 19 1 103
4335 27 256 103
4336 19 1 104
4337 28 2 104
4338 19 1 105
4339 29 253 105
4340 19 1 106
4341 30 8 106
4342 19 1 107
4343 31 241 107
4344 19 1 108
4345 32 32 108
4346 19 1 109
4347 33 193 109
4348 19 1 110
4349 34 128 110
4350 19 1 111
4351 35 1 111
4352 19 1 112
4353 20 1 97
4354 20 1 98
4355 21 255 98
4356 20 1 99
4357 22 4 99
4358 20 1 100
4359 23 249 100
4360 20 1 101
4361 24 16 101
4362 20 1 102
4363 25 225 102
4364 20 1 103
4365 26 64 103
4366 20 1 104
4367 27 129 104
4368 20 1 105
4369 28 256 105
4370 20 1 106
4371 29 2 106
4372 20 1 107
4373 30 253 107
4374 20 1 108
4375 31 8 108
4376 20 1 109
4377 32 241 109
4378 20 1 110
4379 33 32 110
4380 20 1 111
4381 34 193 111
4382 20 1 112
4383 35 128 112
4384 19 8 113
4385 20 1 113
4386 21 1 99
4387 21 1 100
4388 22 255 100
4389 21 1 101
4390 23 4 101
4391 21 1 102
4392 24 249 102
4393 21 1 103
4394 25 16 103
4395 21 1 104
4396 26 225 104
4397 21 1 105
4398 27 64 105
4399 21 1 106
4400 28 129 106
4401 21 1 107
4402 29 256 107
4403 21 1 108
4404 30 2 108
4405 21 1 109
4406 31 253 109
4407 21 1 110
4408 32 8 110
4409 21 1 111
4410 33 241 111
4411 21 1 112
4412 34 32 112
4413 17 213 113
4414 18 85 113
4415 21 1 113
4416 36 60 113
4417 21 1 114
4418 22 1 101
4419 22 1 102
4420 23 255 102
4421 22 1 103
4422 24 4 103
4423 22 1 104
4424 25 249 104
4425 22 1 105
4426 26 16 105
4427 22 1 106
4428 27 225 106
4429 22 1 107
4430 28 64 107
4431 22 1 108
4432 29 129 108
4433 22 1 109
4434 30 256 109
4435 22 1 110
4436 31 2 110
4437 22 1 111
4438 32 253 111
4439 22 1 112
4440 33 8 112
4441 15 88 113
4442 16 17 113
4443 22 1 113
4444 35 218 113
4445 19 146 114
4446 20 10 114
4447 22 1 114
4448 37 189 114
4449 23 1 103
4450 23 1 104
4451 24 255 104
4452 23 1 105
4453 25 4 105
4454 23 1 106
4455 26 249 106
4456 23 1 107
4457 27 16 107
4458 23 1 108
4459 28 225 108
4460 23 1 109
4461 29 64 109
4462 23 1 110
4463 30 129 110
4464 23 1 111
4465 31 256 111
4466 23 1 112
4467 32 2 112
4468 13 164 113
4469 14 71 113
4470 23 1 113
4471 34 19 113
4472 17 124 114
4473 18 59 114
4474 23 1 114
4475 36 27 114
4476 21 165 115
4477 22 131 115
4478 23 1 115
4479 24 1 105
4480 24 1 106
4481 25 255 106
4482 24 1 107
4483 26 4 107
4484 24 1 108
4485 27 249 108
4486 24 1 109
4487 28 16 109
4488 24 1 110
4489 29 225 110
4490 24 1 111
4491 30 64 111
4492 24 1 112
4493 31 129 112
4494 11 19 113
4495 12 126 113
4496 24 1 113
4497 33 27 113
4498 15 139 114
4499 16 21 114
4500 24 1 114
4501 35 159 114
4502 19 135 115
4503 20 29 115
4504 24 1 115
4505 37 144 115
4506 23 66 116
4507 24 1 116
4508 25 1 107
4509 25 1 108
4510 26 255 108
4511 25 1 109
4512 27 4 109
4513 25 1 110
4514 28 249 110
4515 25 1 111
4516 29 16 111
4517 25 1 112
4518 30 225 112
4519 9 46 113
4520 10 74 113
4521 25 1 113
4522 32 65 113
4523 13 79 114
4524 14 64 114
4525 25 1 114
4526 34 77 114
4527 17 88 115
4528 18 176 115
4529 25 1 115
4530 36 65 115
4531 21 147 116
4532 22 43 116
4533 25 1 116
4534 38 52 116
4535 25 1 117
4536 26 1 109
4537 26 1 110
4538 27 255 110
4539 26 1 111
4540 28 4 111
4541 26 1 112
4542 29 249 112
4543 7 64 113
4544 8 94 113
4545 26 1 113
4546 31 140 113
4547 11 139 114
4548 12 56 114
4549 26 1 114
4550 33 100 114
4551 15 206 115
4552 16 27 115
4553 26 1 115
4554 35 154 115
4555 19 152 116
4556 20 47 116
4557 26 1 116
4558 37 208 116
4559 23 27 117
4560 24 160 117
4561 26 1 117
4562 39 214 117
4563 27 1 111
4564 27 1 112
4565 28 255 112
4566 5 165 113
4567 6 32 113
4568 27 1 113
4569 30 145 113
4570 9 146 114
4571 10 102 114
4572 27 1 114
4573 32 248 114
4574 13 182 115
4575 14 114 115
4576 27 1 115
4577 34 244 115
4578 17 240 116
4579 18 9 116
4580 27 1 116
4581 36 6 116
4582 21 76 117
4583 22 152 117
4584 27 1 117
4585 38 9 117
4586 25 56 118
4587 26 151 118
4588 27 1 118
4589 4 256 113
4590 28 1 113
4591 29 132 113
4592 7 249 114
4593 8 81 114
4594 28 1 114
4595 31 222 114
4596 11 89 115
4597 12 203 115
4598 28 1 115
4599 33 245 115
4600 15 71 116
4601 16 36 116
4602 28 1 116
4603 35 189 116
4604 19 249 117
4605 20 231 117
4606 28 1 117
4607 37 234 117
4608 23 222 118
4609 24 187 118
4610 28 1 118
4611 39 42 118
4612 27 111 119
4613 28 1 119
4614 6 107 114
4615 29 1 114
4616 30 138 114
4617 9 92 115
4618 10 225 115
4619 29 1 115
4620 32 2 115
4621 13 1 116
4622 14 138 116
4623 29 1 116
4624 34 204 116
4625 17 3 117
4626 18 16 117
4627 29 1 117
4628 36 90 117
4629 21 252 118
4630 22 48 118
4631 29 1 118
4632 38 71 118
4633 25 227 119
4634 26 197 119
4635 29 1 119
4636 40 16 119
4637 29 1 120
4638 8 108 115
4639 30 1 115
4640 31 218 115
4641 11 63 116
4642 12 101 116
4643 30 1 116
4644 33 214 116
4645 15 41 117
4646 16 4 117
4647 30 1 117
4648 35 65 117
4649 19 32 118
4650 20 85 118
4651 30 1 118
4652 37 160 118
4653 23 253 119
4654 24 244 119
4655 30 1 119
4656 39 96 119
4657 27 27 120
4658 28 54 120
4659 30 1 120
4660 41 192 120
4661 10 193 116
4662 31 1 116
4663 32 49 116
4664 13 128 117
4665 14 246 117
4666 31 1 117
4667 34 222 117
4668 17 137 118
4669 18 145 118
4670 31 1 118
4671 36 242 118
4672 21 24 119
4673 22 128 119
4674 31 1 119
4675 38 43 119
4676 25 253 120
4677 26 244 120
4678 31 1 120
4679 40 55 120
4680 29 36 121
4681 30 72 121
4682 31 1 121
4683 12 98 117
4684 32 1 117
4685 33 11 117
4686 15 135 118
4687 16 143 118
4688 32 1 118
4689 35 215 118
4690 19 6 119
4691 20 57 119
4692 32 1 119
4693 37 95 119
4694 23 228 120
4695 24 188 120
4696 32 1 120
4697 39 86 120
4698 27 173 121
4699 28 241 121
4700 32 1 121
4701 41 220 121
4702 31 129 122
4703 32 1 122
4704 14 49 118
4705 33 1 118
4706 34 83 118
4707 17 90 119
4708 18 181 119
4709 33 1 119
4710 36 206 119
4711 21 198 120
4712 22 82 120
4713 33 1 120
4714 38 14 120
4715 25 77 121
4716 26 68 121
4717 33 1 121
4718 40 15 121
4719 29 131 122
4720 30 233 122
4721 33 1 122
4722 42 182 122
4723 33 1 123
4724 16 58 119
4725 34 1 119
4726 35 103 119
4727 19 59 120
4728 20 13 120
4729 34 1 120
4730 37 214 120
4731 23 57 121
4732 24 156 121
4733 34 1 121
4734 39 136 121
4735 27 245 122
4736 28 193 122
4737 34 1 122
4738 41 36 122
4739 31 98 123
4740 32 190 123
4741 34 1 123
4742 43 21 123
4743 18 245 120
4744 35 1 120
4745 36 254 120
4746 21 59 121
4747 22 13 121
4748 35 1 121
4749 38 139 121
4750 25 110 122
4751 26 17 122
4752 35 1 122
4753 40 221 122
4754 29 237 123
4755 30 236 123
4756 35 1 123
4757 42 99 123
4758 33 10 124
4759 34 161 124
4760 35 1 124
4761 20 155 121
4762 36 1 121
4763 37 151 121
4764 23 225 122
4765 24 67 122
4766 36 1 122
4767 39 247 122
4768 27 189 123
4769 28 125 123
4770 36 1 123
4771 41 232 123
4772 31 217 124
4773 32 215 124
4774 36 1 124
4775 43 73 124
4776 35 198 125
4777 36 1 125
4778 22 78 122
4779 37 1 122
4780 38 70 122
4781 25 248 123
4782 26 59 123
4783 37 1 123
4784 40 244 123
4785 29 218 124
4786 30 15 124
4787 37 1 124
4788 42 254 124
4789 33 161 125
4790 34 2 125
4791 37 1 125
4792 44 200 125
4793 37 1 126
4794 24 104 123
4795 38 1 123
4796 39 194 123
4797 27 222 124
4798 28 1 124
4799 38 1 124
4800 41 154 124
4801 31 242 125
4802 32 243 125
4803 38 1 125
4804 43 251 125
4805 35 151 126
4806 36 120 126
4807 38 1 126
4808 45 58 126
4809 26 90 124
4810 39 1 124
4811 40 253 124
4812 29 187 125
4813 30 2 125
4814 39 1 125
4815 42 19 125
4816 33 218 126
4817 34 15 126
4818 39 1 126
4819 44 115 126
4820 37 143 127
4821 38 163 127
4822 39 1 127
4823 28 8 125
4824 40 1 125
4825 41 19 125
4826 31 185 126
4827 32 215 126
4828 40 1 126
4829 43 174 126
4830 35 50 127
4831 36 218 127
4832 40 1 127
4833 45 221 127
4834 39 209 128
4835 40 1 128
4836 30 103 126
4837 41 1 126
4838 42 98 126
4839 33 4 127
4840 34 88 127
4841 41 1 127
4842 44 4 127
4843 37 59 128
4844 38 175 128
4845 41 1 128
4846 46 131 128
4847 41 1 129
4848 32 122 127
4849 42 1 127
4850 43 166 127
4851 35 99 128
4852 36 122 128
4853 42 1 128
4854 45 212 128
4855 39 233 129
4856 40 29 129
4857 42 1 129
4858 47 15 129
4859 34 109 128
4860 43 1 128
4861 44 251 128
4862 37 139 129
4863 38 231 129
4864 43 1 129
4865 46 114 129
4866 41 121 130
4867 42 250 130
4868 43 1 130
4869 36 102 129
4870 44 1 129
4871 45 140 129
4872 39 51 130
4873 40 94 130
4874 44 1 130
4875 47 228 130
4876 43 203 131
4877 44 1 131
4878 38 48 130
4879 45 1 130
4880 46 249 130
4881 41 49 131
4882 42 50 131
4883 45 1 131
4884 48 56 131
4885 45 1 132
4886 40 100 131
4887 46 1 131
4888 47 196 131
4889 43 64 132
4890 44 123 132
4891 46 1 132
4892 49 224 132
4893 42 205 132
4894 47 1 132
4895 48 245 132
4896 45 126 133
4897 46 202 133
4898 47 1 133
4899 44 98 133
4900 48 1 133
4901 49 241 133
4902 47 222 134
4903 48 1 134
4904 46 1 134
4905 49 1 134
4906 50 233 134
4907 49 1 135
4908 48 186 135
4909 50 1 135
4910 51 209 135
4911 50 166 136
4912 51 1 136
4913 52 1 137
4914 53 229 138
4915 52 162 138
4916 51 54 137
4917 50 18 137
4918 49 6 136
4919 48 2 136
4920 47 172 135
4921 46 143 135
4922 45 219 134
4923 44 73 134
4924 43 110 133
4925 42 208 133
4926 41 155 132
4927 40 223 132
4928 39 160 131
4929 38 139 131
4930 37 132 130
4931 36 44 130
4932 35 186 129
4933 34 62 129
4934 33 192 128
4935 32 64 128
4936 31 107 127
4937 30 207 127
4938 29 69 126
4939 28 23 126
4940 27 179 125
4941 26 231 125
4942 25 77 124
4943 24 197 124
4944 23 237 123
4945 22 79 123
4946 21 112 122
4947 20 123 122
4948 19 41 121
4949 18 185 121
4950 17 233 120
4951 16 249 120
4952 15 83 119
4953 14 199 119
4954 13 152 118
4955 12 222 118
4956 54 229 140
4957 53 162 139
4958 52 54 139
4959 51 18 138
4960 50 6 138
4961 49 2 137
4962 48 172 137
4963 47 143 136
4964 46 219 136
4965 45 73 135
4966 44 110 135
4967 43 208 134
4968 42 155 134
4969 41 223 133
4970 40 160 133
4971 39 139 132
4972 38 132 132
4973 37 44 131
4974 36 186 131
4975 35 62 130
4976 34 192 130
4977 33 64 129
4978 32 107 129
4979 31 207 128
4980 30 69 128
4981 29 23 127
4982 28 179 127
4983 27 231 126
4984 26 77 126
4985 25 197 125
4986 24 237 125
4987 23 79 124
4988 22 112 124
4989 21 123 123
4990 20 41 123
4991 19 185 122
4992 18 233 122
4993 17 249 121
4994 16 83 121
4995 15 199 120
4996 14 152 120
4997 55 229 141
4998 54 162 141
4999 53 54 140
5000 52 18 140
5001 51 6 139
5002 50 2 139
5003 49 172 138
5004 48 143 138
5005 47 219 137
5006 46 73 137
5007 45 110 136
5008 44 208 136
5009 43 155 135
5010 42 223 135
5011 41 160 134
5012 40 139 134
5013 39 132 133
5014 38 44 133
5015 37 186 132
5016 36 62 132
5017 35 192 131
5018 34 64 131
5019 33 107 130
5020 32 207 130
5021 31 69 129
5022 30 23 129
5023 29 179 128
5024 28 231 128
5025 27 77 127
5026 26 197 127
5027 25 237 126
5028 24 79 126
5029 23 112 125
5030 22 123 125
5031 21 41 124
5032 20 185 124
5033 19 233 123
5034 18 249 123
5035 17 83 122
5036 16 199 122
5037 56 229 143
5038 55 162 142
5039 54 54 142
5040 53 18 141
5041 52 6 141
5042 51 2 140
5043 50 172 140
5044 49 143 139
5045 48 219 139
5046 47 73 138
5047 46 110 138
5048 45 208 137
5049 44 155 137
5050 43 223 136
5051 42 160 136
5052 41 139 135
5053 40 132 135
5054 39 44 134
5055 38 186 134
5056 37 62 133
5057 36 192 133
5058 35 64 132
5059 34 107 132
5060 33 207 131
5061 32 69 131
5062 31 23 130
5063 30 179 130
5064 29 231 129
5065 28 77 129
5066 27 197 128
5067 26 237 128
5068 25 79 127
5069 24 112 127
5070 23 123 126
5071 22 41 126
5072 21 185 125
5073 20 233 125
5074 19 249 124
5075 18 83 124
5076 57 229 144
5077 56 162 144
5078 55 54 143
5079 54 18 143
5080 53 6 142
5081 52 2 142
5082 51 172 141
5083 50 143 141
5084 49 219 140
5085 48 73 140
5086 47 110 139
5087 46 208 139
5088 45 155 138
5089 44 223 138
5090 43 160 137
5091 42 139 137
5092 41 132 136
5093 40 44 136
5094 39 186 135
5095 38 62 135
5096 37 192 134
5097 36 64 134
5098 35 107 133
5099 34 207 133
5100 33 69 132
5101 32 23 132
5102 31 179 131
5103 30 231 131
5104 29 77 130
5105 28 197 130
5106 27 237 129
5107 26 79 129
5108 25 112 128
5109 24 123 128
5110 23 41 127
5111 22 185 127
5112 21 233 126
5113 20 249 126
5114 58 229 146
5115 57 162 145
5116 56 54 145
5117 55 18 144
5118 54 6 144
5119 53 2 143
5120 52 172 143
5121 51 143 142
5122 50 219 142
5123 49 73 141
5124 48 110 141
5125 47 208 140
5126 46 155 140
5127 45 223 139
5128 44 160 139
5129 43 139 138
5130 42 132 138
5131 41 44 137
5132 40 186 137
5133 39 62 136
5134 38 192 136
5135 37 64 135
5136 36 107 135
5137 35 207 134
5138 34 69 134
5139 33 23 133
5140 32 179 133
5141 31 231 132
5142 30 77 132
5143 29 197 131
5144 28 237 131
5145 27 79 130
5146 26 112 130
5147 25 123 129
5148 24 41 129
5149 23 185 128
5150 22 233 128
5151 59 229 147
5152 58 162 147
5153 57 54 146
5154 56 18 146
5155 55 6 145
5156 54 2 145
5157 53 172 144
5158 52 143 144
5159 51 219 143
5160 50 73 143
5161 49 110 142
5162 48 208 142
5163 47 155 141
5164 46 223 141
5165 45 160 140
5166 44 139 140
5167 43 132 139
5168 42 44 139
5169 41 186 138
5170 40 62 138
5171 39 192 137
5172 38 64 137
5173 37 107 136
5174 36 207 136
5175 35 69 135
5176 34 23 135
5177 33 179 134
5178 32 231 134
5179 31 77 133
5180 30 197 133
5181 29 237 132
5182 28 79 132
5183 27 112 131
5184 26 123 131
5185 25 41 130
5186 24 185 130
5187 60 229 149
5188 59 162 148
5189 58 54 148
5190 57 18 147
5191 56 6 147
5192 55 2 146
5193 54 172 146
5194 53 143 145
5195 52 219 145
5196 51 73 144
5197 50 110 144
5198 49 208 143
5199 48 155 143
5200 47 223 142
5201 46 160 142
5202 45 139 141
5203 44 132 141
5204 43 44 140
5205 42 186 140
5206 41 62 139
5207 40 192 139
5208 39 64 138
5209 38 107 138
5210 37 207 137
5211 36 69 137
5212 35 23 136
5213 34 179 136
5214 33 231 135
5215 32 77 135
5216 31 197 134
5217 30 237 134
5218 29 79 133
5219 28 112 133
5220 27 123 132
5221 26 41 132
5222 61 229 150
5223 60 162 150
5224 59 54 149
5225 58 18 149
5226 57 6 148
5227 56 2 148
5228 55 172 147
5229 54 143 147
5230 53 219 146
5231 52 73 146
5232 51 110 145
5233 50 208 145
5234 49 155 144
5235 48 223 144
5236 47 160 143
5237 46 139 143
5238 45 132 142
5239 44 44 142
5240 43 186 141
5241 42 62 141
5242 41 192 140
5243 40 64 140
5244 39 107 139
5245 38 207 139
5246 37 69 138
5247 36 23 138
5248 35 179 137
5249 34 231 137
5250 33 77 136
5251 32 197 136
5252 31 237 135
5253 30 79 135
5254 29 112 134
5255 28 123 134
5256 62 229 152
5257 61 162 151
5258 60 54 151
5259 59 18 150
5260 58 6 150
5261 57 2 149
5262 56 172 149
5263 55 143 148
5264 54 219 148
5265 53 73 147
5266 52 110 147
5267 51 208 146
5268 50 155 146
5269 49 223 145
5270 48 160 145
5271 47 139 144
5272 46 132 144
5273 45 44 143
5274 44 186 143
5275 43 62 142
5276 42 192 142
5277 41 64 141
5278 40 107 141
5279 39 207 140
5280 38 69 140
5281 37 23 139
5282 36 179 139
5283 35 231 138
5284 34 77 138
5285 33 197 137
5286 32 237 137
5287 31 79 136
5288 30 112 136
5289 63 229 153
5290 62 162 153
5291 61 54 152
5292 60 18 152
5293 59 6 151
5294 58 2 151
5295 57 172 150
5296 56 143 150
5297 55 219 149
5298 54 73 149
5299 53 110 148
5300 52 208 148
5301 51 155 147
5302 50 223 147
5303 49 160 146
5304 48 139 146
5305 47 132 145
5306 46 44 145
5307 45 186 144
5308 44 62 144
5309 43 192 143
5310 42 64 143
5311 41 107 142
5312 40 207 142
5313 39 69 141
5314 38 23 141
5315 37 179 140
5316 36 231 140
5317 35 77 139
5318 34 197 139
5319 33 237 138
5320 32 79 138
5321 64 229 155
5322 63 162 154
5323 62 54 154
5324 61 18 153
5325 60 6 153
5326 59 2 152
5327 58 172 152
5328 57 143 151
5329 56 219 151
5330 55 73 150
5331 54 110 150
5332 53 208 149
5333 52 155 149
5334 51 223 148
5335 50 160 148
5336 49 139 147
5337 48 132 147
5338 47 44 146
5339 46 186 146
5340 45 62 145
5341 44 192 145
5342 43 64 144
5343 42 107 144
5344 41 207 143
5345 40 69 143
5346 39 23 142
5347 38 179 142
5348 37 231 141
5349 36 77 141
5350 35 197 140
5351 34 237 140
5352 65 229 156
5353 64 162 156
5354 63 54 155
5355 62 18 155
5356 61 6 154
5357 60 2 154
5358 59 172 153
5359 58 143 153
5360 57 219 152
5361 56 73 152
5362 55 110 151
5363 54 208 151
5364 53 155 150
5365 52 223 150
5366 51 160 149
5367 50 139 149
5368 49 132 148
5369 48 44 148
5370 47 186 147
5371 46 62 147
5372 45 192 146
5373 44 64 146
5374 43 107 145
5375 42 207 145
5376 41 69 144
5377 40 23 144
5378 39 179 143
5379 38 231 143
5380 37 77 142
5381 36 197 142
5382 66 229 158
5383 65 162 157
5384 64 54 157
5385 63 18 156
5386 62 6 156
5387 61 2 155
5388 60 172 155
5389 59 143 154
5390 58 219 154
5391 57 73 153
5392 56 110 153
5393 55 208 152
5394 54 155 152
5395 53 223 151
5396 52 160 151
5397 51 139 150
5398 50 132 150
5399 49 44 149
5400 48 186 149
5401 47 62 148
5402 46 192 148
5403 45 64 147
5404 44 107 147
5405 43 207 146
5406 42 69 146
5407 41 23 145
5408 40 179 145
5409 39 231 144
5410 38 77 144
5411 67 229 159
5412 66 162 159
5413 65 54 158
5414 64 18 158
5415 63 6 157
5416 62 2 157
5417 61 172 156
5418 60 143 156
5419 59 219 155
5420 58 73 155
5421 57 110 154
5422 56 208 154
5423 55 155 153
5424 54 223 153
5425 53 160 152
5426 52 139 152
5427 51 132 151
5428 50 44 151
5429 49 186 150
5430 48 62 150
5431 47 192 149
5432 46 64 149
5433 45 107 148
5434 44 207 148
5435 43 69 147
5436 42 23 147
5437 41 179 146
5438 40 231 146
5439 68 229 161
5440 67 162 160
5441 66 54 160
5442 65 18 159
5443 64 6 159
5444 63 2 158
5445 62 172 158
5446 61 143 157
5447 60 219 157
5448 59 73 156
5449 58 110 156
5450 57 208 155
5451 56 155 155
5452 55 223 154
5453 54 160 154
5454 53 139 153
5455 52 132 153
5456 51 44 152
5457 50 186 152
5458 49 62 151
5459 48 192 151
5460 47 64 150
5461 46 107 150
5462 45 207 149
5463 44 69 149
5464 43 23 148
5465 42 179 148
5466 69 229 162
5467 68 162 162
5468 67 54 161
5469 66 18 161
5470 65 6 160
5471 64 2 160
5472 63 172 159
5473 62 143 159
5474 61 219 158
5475 60 73 158
5476 59 110 157
5477 58 208 157
5478 57 155 156
5479 56 223 156
5480 55 160 155
5481 54 139 155
5482 53 132 154
5483 52 44 154
5484 51 186 153
5485 50 62 153
5486 49 192 152
5487 48 64 152
5488 47 107 151
5489 46 207 151
5490 45 69 150
5491 44 23 150
5492 70 229 164
5493 69 162 163
5494 68 54 163
5495 67 18 162
5496 66 6 162
5497 65 2 161
5498 64 172 161
5499 63 143 160
5500 62 219 160
5501 61 73 159
5502 60 110 159
5503 59 208 158
5504 58 155 158
5505 57 223 157
5506 56 160 157
5507 55 139 156
5508 54 132 156
5509 53 44 155
5510 52 186 155
5511 51 62 154
5512 50 192 154
5513 49 64 153
5514 48 107 153
5515 47 207 152
5516 46 69 152
5517 71 229 165
5518 70 162 165
5519 69 54 164
5520 68 18 164
5521 67 6 163
5522 66 2 163
5523 65 172 162
5524 64 143 162
5525 63 219 161
5526 62 73 161
5527 61 110 160
5528 60 208 160
5529 59 155 159
5530 58 223 159
5531 57 160 158
5532 56 139 158
5533 55 132 157
5534 54 44 157
5535 53 186 156
5536 52 62 156
5537 51 192 155
5538 50 64 155
5539 49 107 154
5540 48 207 154
5541 72 229 167
5542 71 162 166
5543 70 54 166
5544 69 18 165
5545 68 6 165
5546 67 2 164
5547 66 172 164
5548 65 143 163
5549 64 219 163
5550 63 73 162
5551 62 110 162
5552 61 208 161
5553 60 155 161
5554 59 223 160
5555 58 160 160
5556 57 139 159
5557 56 132 159
5558 55 44 158
5559 54 186 158
5560 53 62 157
5561 52 192 157
5562 51 64 156
5563 50 107 156
5564 73 229 168
5565 72 162 168
5566 71 54 167
5567 70 18 167
5568 69 6 166
5569 68 2 166
5570 67 172 165
5571 66 143 165
5572 65 219 164
5573 64 73 164
5574 63 110 163
5575 62 208 163
5576 61 155 162
5577 60 223 162
5578 59 160 161
5579 58 139 161
5580 57 132 160
5581 56 44 160
5582 55 186 159
5583 54 62 159
5584 53 192 158
5585 52 64 158
5586 74 229 170
5587 73 162 169
5588 72 54 169
5589 71 18 168
5590 70 6 168
5591 69 2 167
5592 68 172 167
5593 67 143 166
5594 66 219 166
5595 65 73 165
5596 64 110 165
5597 63 208 164
5598 62 155 164
5599 61 223 163
5600 60 160 163
5601 59 139 162
5602 58 132 162
5603 57 44 161
5604 56 186 161
5605 55 62 160
5606 54 192 160
5607 75 229 171
5608 74 162 171
5609 73 54 170
5610 72 18 170
5611 71 6 169
5612 70 2 169
5613 69 172 168
5614 68 143 168
5615 67 219 167
5616 66 73 167
5617 65 110 166
5618 64 208 166
5619 63 155 165
5620 62 223 165
5621 61 160 164
5622 60 139 164
5623 59 132 163
5624 58 44 163
5625 57 186 162
5626 56 62 162
5627 76 229 173
5628 75 162 172
5629 74 54 172
5630 73 18 171
5631 72 6 171
5632 71 2 170
5633 70 172 170
5634 69 143 169
5635 68 219 169
5636 67 73 168
5637 66 110 168
5638 65 208 167
5639 64 155 167
5640 63 223 166
5641 62 160 166
5642 61 139 165
5643 60 132 165
5644 59 44 164
5645 58 186 164
5646 77 229 174
5647 76 162 174
5648 75 54 173
5649 74 18 173
5650 73 6 172
5651 72 2 172
5652 71 172 171
5653 70 143 171
5654 69 219 170
5655 68 73 170
5656 67 110 169
5657 66 208 169
5658 65 155 168
5659 64 223 168
5660 63 160 167
5661 62 139 167
5662 61 132 166
5663 60 44 166
5664 78 229 176
5665 77 162 175
5666 76 54 175
5667 75 18 174
5668 74 6 174
5669 73 2 173
5670 72 172 173
5671 71 143 172
5672 70 219 172
5673 69 73 171
5674 68 110 171
5675 67 208 170
5676 66 155 170
5677 65 223 169
5678 64 160 169
5679 63 139 168
5680 62 132 168
5681 79 229 177
5682 78 162 177
5683 77 54 176
5684 76 18 176
5685 75 6 175
5686 74 2 175
5687 73 172 174
5688 72 143 174
5689 71 219 173
5690 70 73 173
5691 69 110 172
5692 68 208 172
5693 67 155 171
5694 66 223 171
5695 65 160 170
5696 64 139 170
5697 80 229 179
5698 79 162 178
5699 78 54 178
5700 77 18 177
5701 76 6 177
5702 75 2 176
5703 74 172 176
5704 73 143 175
5705 72 219 175
5706 71 73 174
5707 70 110 174
5708 69 208 173
5709 68 155 173
5710 67 223 172
5711 66 160 172
5712 81 229 180
5713 80 162 180
5714 79 54 179
5715 78 18 179
5716 77 6 178
5717 76 2 178
5718 75 172 177
5719 74 143 177
5720 73 219 176
5721 72 73 176
5722 71 110 175
5723 70 208 175
5724 69 155 174
5725 68 223 174
5726 82 229 182
5727 81 162 181
5728 80 54 181
5729 79 18 180
5730 78 6 180
5731 77 2 179
5732 76 172 179
5733 75 143 178
5734 74 219 178
5735 73 73 177
5736 72 110 177
5737 71 208 176
5738 70 155 176
5739 83 229 183
5740 82 162 183
5741 81 54 182
5742 80 18 182
5743 79 6 181
5744 78 2 181
5745 77 172 180
5746 76 143 180
5747 75 219 179
5748 74 73 179
5749 73 110 178
5750 72 208 178
5751 84 229 185
5752 83 162 184
5753 82 54 184
5754 81 18 183
5755 80 6 183
5756 79 2 182
5757 78 172 182
5758 77 143 181
5759 76 219 181
5760 75 73 180
5761 74 110 180
5762 85 229 186
5763 84 162 186
5764 83 54 185
5765 82 18 185
5766 81 6 184
5767 80 2 184
5768 79 172 183
5769 78 143 183
5770 77 219 182
5771 76 73 182
5772 86 229 188
5773 85 162 187
5774 84 54 187
5775 83 18 186
5776 82 6 186
5777 81 2 185
5778 80 172 185
5779 79 143 184
5780 78 219 184
5781 87 229 189
5782 86 162 189
5783 85 54 188
5784 84 18 188
5785 83 6 187
5786 82 2 187
5787 81 172 186
5788 80 143 186
5789 88 229 191
5790 87 162 190
5791 86 54 190
5792 85 18 189
5793 84 6 189
5794 83 2 188
5795 82 172 188
5796 89 229 192
5797 88 162 192
5798 87 54 191
5799 86 18 191
5800 85 6 190
5801 84 2 190
5802 90 229 194
5803 89 162 193
5804 88 54 193
5805 87 18 192
5806 86 6 192
5807 91 229 195
5808 90 162 195
5809 89 54 194
5810 88 18 194
5811 92 229 197
5812 91 162 196
5813 90 54 196
5814 93 229 198
5815 92 162 198
5816 94 229 200
5817 95 253 201
5818 93 256 199
5819 91 64 197
5820 89 16 195
5821 87 4 193
5822 85 1 191
5823 83 193 189
5824 81 241 187
5825 79 253 185
5826 77 256 183
5827 75 64 181
5828 73 16 179
5829 71 4 177
5830 69 1 175
5831 67 193 173
5832 65 241 171
5833 63 253 169
5834 61 256 167
5835 59 64 165
5836 57 16 163
5837 55 4 161
5838 53 1 159
5839 51 193 157
5840 49 241 155
5841 47 253 153
5842 45 256 151
5843 43 64 149
5844 41 16 147
5845 39 4 145
5846 37 1 143
5847 35 193 141
5848 33 241 139
5849 31 253 137
5850 29 256 135
5851 27 64 133
5852 25 16 131
5853 23 4 129
5854 21 1 127
5855 19 193 125
5856 17 241 123
5857 15 253 121
5858 96 253 203
5859 94 256 201
5860 92 64 199
5861 90 16 197
5862 88 4 195
5863 86 1 193
5864 84 193 191
5865 82 241 189
5866 80 253 187
5867 78 256 185
5868 76 64 183
5869 74 16 181
5870 72 4 179
5871 70 1 177
5872 68 193 175
5873 66 241 173
5874 64 253 171
5875 62 256 169
5876 60 64 167
5877 58 16 165
5878 56 4 163
5879 54 1 161
5880 52 193 159
5881 50 241 157
5882 48 253 155
5883 46 256 153
5884 44 64 151
5885 42 16 149
5886 40 4 147
5887 38 1 145
5888 36 193 143
5889 34 241 141
5890 32 253 139
5891 30 256 137
5892 28 64 135
5893 26 16 133
5894 24 4 131
5895 22 1 129
5896 20 193 127
5897 97 253 204
5898 95 256 202
5899 93 64 200
5900 91 16 198
5901 89 4 196
5902 87 1 194
5903 85 193 192
5904 83 241 190
5905 81 253 188
5906 79 256 186
5907 77 64 184
5908 75 16 182
5909 73 4 180
5910 71 1 178
5911 69 193 176
5912 67 241 174
5913 65 253 172
5914 63 256 170
5915 61 64 168
5916 59 16 166
5917 57 4 164
5918 55 1 162
5919 53 193 160
5920 51 241 158
5921 49 253 156
5922 47 256 154
5923 45 64 152
5924 43 16 150
5925 41 4 148
5926 39 1 146
5927 37 193 144
5928 35 241 142
5929 33 253 140
5930 31 256 138
5931 29 64 136
5932 27 16 134
5933 25 4 132
5934 98 253 206
5935 96 256 204
5936 94 64 202
5937 92 16 200
5938 90 4 198
5939 88 1 196
5940 86 193 194
5941 84 241 192
5942 82 253 190
5943 80 256 188
5944 78 64 186
5945 76 16 184
5946 74 4 182
5947 72 1 180
5948 70 193 178
5949 68 241 176
5950 66 253 174
5951 64 256 172
5952 62 64 170
5953 60 16 168
5954 58 4 166
5955 56 1 164
5956 54 193 162
5957 52 241 160
5958 50 253 158
5959 48 256 156
5960 46 64 154
5961 44 16 152
5962 42 4 150
5963 40 1 148
5964 38 193 146
5965 36 241 144
5966 34 253 142
5967 32 256 140
5968 30 64 138
5969 99 253 207
5970 97 256 205
5971 95 64 203
5972 93 16 201
5973 91 4 199
5974 89 1 197
5975 87 193 195
5976 85 241 193
5977 83 253 191
5978 81 256 189
5979 79 64 187
5980 77 16 185
5981 75 4 183
5982 73 1 181
5983 71 193 179
5984 69 241 177
5985 67 253 175
5986 65 256 173
5987 63 64 171
5988 61 16 169
5989 59 4 167
5990 57 1 165
5991 55 193 163
5992 53 241 161
5993 51 253 159
5994 49 256 157
5995 47 64 155
5996 45 16 153
5997 43 4 151
5998 41 1 149
5999 39 193 147
6000 37 241 145
6001 35 253 143
6002 100 253 209
6003 98 256 207
6004 96 64 205
6005 94 16 203
6006 92 4 201
6007 90 1 199
6008 88 193 197
6009 86 241 195
6010 84 253 193
6011 82 256 191
6012 80 64 189
6013 78 16 187
6014 76 4 185
6015 74 1 183
6016 72 193 181
6017 70 241 179
6018 68 253 177
6019 66 256 175
6020 64 64 173
6021 62 16 171
6022 60 4 169
6023 58 1 167
6024 56 193 165
6025 54 241 163
6026 52 253 161
6027 50 256 159
6028 48 64 157
6029 46 16 155
6030 44 4 153
6031 42 1 151
6032 40 193 149
6033 101 253 210
6034 99 256 208
6035 97 64 206
6036 95 16 204
6037 93 4 202
6038 91 1 200
6039 89 193 198
6040 87 241 196
6041 85 253 194
6042 83 256 192
6043 81 64 190
6044 79 16 188
6045 77 4 186
6046 75 1 184
6047 73 193 182
6048 71 241 180
6049 69 253 178
6050 67 256 176
6051 65 64 174
6052 63 16 172
6053 61 4 170
6054 59 1 168
6055 57 193 166
6056 55 241 164
6057 53 253 162
6058 51 256 160
6059 49 64 158
6060 47 16 156
6061 45 4 154
6062 102 253 212
6063 100 256 210
6064 98 64 208
6065 96 16 206
6066 94 4 204
6067 92 1 202
6068 90 193 200
6069 88 241 198
6070 86 253 196
6071 84 256 194
6072 82 64 192
6073 80 16 190
6074 78 4 188
6075 76 1 186
6076 74 193 184
6077 72 241 182
6078 70 253 180
6079 68 256 178
6080 66 64 176
6081 64 16 174
6082 62 4 172
6083 60 1 170
6084 58 193 168
6085 56 241 166
6086 54 253 164
6087 52 256 162
6088 50 64 160
6089 103 253 213
6090 101 256 211
6091 99 64 209
6092 97 16 207
6093 95 4 205
6094 93 1 203
6095 91 193 201
6096 89 241 199
6097 87 253 197
6098 85 256 195
6099 83 64 193
6100 81 16 191
6101 79 4 189
6102 77 1 187
6103 75 193 185
6104 73 241 183
6105 71 253 181
6106 69 256 179
6107 67 64 177
6108 65 16 175
6109 63 4 173
6110 61 1 171
6111 59 193 169
6112 57 241 167
6113 55 253 165
6114 104 253 215
6115 102 256 213
6116 100 64 211
6117 98 16 209
6118 96 4 207
6119 94 1 205
6120 92 193 203
6121 90 241 201
6122 88 253 199
6123 86 256 197
6124 84 64 195
6125 82 16 193
6126 80 4 191
6127 78 1 189
6128 76 193 187
6129 74 241 185
6130 72 253 183
6131 70 256 181
6132 68 64 179
6133 66 16 177
6134 64 4 175
6135 62 1 173
6136 60 193 171
6137 105 253 216
6138 103 256 214
6139 101 64 212
6140 99 16 210
6141 97 4 208
6142 95 1 206
6143 93 193 204
6144 91 241 202
6145 89 253 200
6146 87 256 198
6147 85 64 196
6148 83 16 194
6149 81 4 192
6150 79 1 190
6151 77 193 188
6152 75 241 186
6153 73 253 184
6154 71 256 182
6155 69 64 180
6156 67 16 178
6157 65 4 176
6158 106 253 218
6159 104 256 216
6160 102 64 214
6161 100 16 212
6162 98 4 210
6163 96 1 208
6164 94 193 206
6165 92 241 204
6166 90 253 202
6167 88 256 200
6168 86 64 198
6169 84 16 196
6170 82 4 194
6171 80 1 192
6172 78 193 190
6173 76 241 188
6174 74 253 186
6175 72 256 184
6176 70 64 182
6177 107 253 219
6178 105 256 217
6179 103 64 215
6180 101 16 213
6181 99 4 211
6182 97 1 209
6183 95 193 207
6184 93 241 205
6185 91 253 203
6186 89 256 201
6187 87 64 199
6188 85 16 197
6189 83 4 195
6190 81 1 193
6191 79 193 191
6192 77 241 189
6193 75 253 187
6194 108 253 221
6195 106 256 219
6196 104 64 217
6197 102 16 215
6198 100 4 213
6199 98 1 211
6200 96 193 209
6201 94 241 207
6202 92 253 205
6203 90 256 203
6204 88 64 201
6205 86 16 199
6206 84 4 197
6207 82 1 195
6208 80 193 193
6209 109 253 222
6210 107 256 220
6211 105 64 218
6212 103 16 216
6213 101 4 214
6214 99 1 212
6215 97 193 210
6216 95 241 208
6217 93 253 206
6218 91 256 204
6219 89 64 202
6220 87 16 200
6221 85 4 198
6222 110 253 224
6223 108 256 222
6224 106 64 220
6225 104 16 218
6226 102 4 216
6227 100 1 214
6228 98 193 212
6229 96 241 210
6230 94 253 208
6231 92 256 206
6232 90 64 204
6233 111 253 225
6234 109 256 223
6235 107 64 221
6236 105 16 219
6237 103 4 217
6238 101 1 215
6239 99 193 213
6240 97 241 211
6241 95 253 209
6242 112 253 227
6243 110 256 225
6244 108 64 223
6245 106 16 221
6246 104 4 219
6247 102 1 217
6248 100 193 215
6249 113 253 228
6250 111 256 226
6251 109 64 224
6252 107 16 222
6253 105 4 220
6254 114 253 230
6255 112 256 228
6256 110 64 226
6257 115 253 231
6258 0 241 113
6259 0 241 114
6260 0 241 115
6261 0 241 116
6262 0 241 117
6263 0 241 118
6264 0 241 119
6265 0 241 120
6266 0 241 121
6267 0 241 122
6268 0 241 123
6269 0 241 124
6270 0 241 125
6271 0 241 126
6272 0 241 127
6273 0 241 128
6274 0 241 129
6275 0 241 130
6276 0 241 131
6277 0 241 132
6278 0 241 133
6279 0 241 134
6280 0 241 135
6281 0 241 136
6282 0 241 137
6283 0 241 138
6284 0 241 139
6285 0 241 140
6286 0 241 141
6287 0 241 142
6288 0 241 143
6289 0 241 144
6290 0 241 145
6291 0 241 146
6292 0 241 147
6293 0 241 148
6294 0 241 149
6295 0 241 150
6296 0 241 151
6297 1 249 113
6298 1 249 114
6299 1 249 115
6300 1 249 116
6301 1 249 117
6302 1 249 118
6303 1 249 119
6304 1 249 120
6305 1 249 121
6306 1 249 122
6307 1 249 123
6308 1 249 124
6309 1 249 125
6310 1 249 126
6311 1 249 127
6312 1 249 128
6313 1 249 129
6314 1 249 130
6315 1 249 131
6316 1 249 132
6317 1 249 133
6318 1 249 134
6319 1 249 135
6320 1 249 136
6321 1 249 137
6322 1 249 138
6323 1 249 139
6324 1 249 140
6325 1 249 141
6326 1 249 142
6327 1 249 143
6328 1 249 144
6329 1 249 145
6330 1 249 146
6331 1 249 147
6332 1 249 148
6333 1 249 149
6334 1 249 150
6335 2 253 113
6336 2 253 114
6337 2 253 115
6338 2 253 116
6339 2 253 117
6340 2 253 118
6341 2 253 119
6342 2 253 120
6343 2 253 121
6344 2 253 122
6345 2 253 123
6346 2 253 124
6347 2 253 125
6348 2 253 126
6349 2 253 127
6350 2 253 128
6351 2 253 129
6352 2 253 130
6353 2 253 131
6354 2 253 132
6355 2 253 133
6356 2 253 134
6357 2 253 135
6358 2 253 136
6359 2 253 137
6360 2 253 138
6361 2 253 139
6362 2 253 140
6363 2 253 141
6364 2 253 142
6365 2 253 143
6366 2 253 144
6367 2 253 145
6368 2 253 146
6369 2 253 147
6370 2 253 148
6371 2 253 149
6372 3 255 113
6373 3 255 114
6374 3 255 115
6375 3 255 116
6376 3 255 117
6377 3 255 118
6378 3 255 119
6379 3 255 120
6380 3 255 121
6381 3 255 122
6382 3 255 123
6383 3 255 124
6384 3 255 125
6385 3 255 126
6386 3 255 127
6387 3 255 128
6388 3 255 129
6389 3 255 130
6390 3 255 131
6391 3 255 132
6392 3 255 133
6393 3 255 134
6394 3 255 135
6395 3 255 136
6396 3 255 137
6397 3 255 138
6398 3 255 139
6399 3 255 140
6400 3 255 141
6401 3 255 142
6402 3 255 143
6403 3 255 144
6404 3 255 145
6405 3 255 146
6406 3 255 147
6407 3 255 148
6408 4 255 114
6409 5 1 114
6410 4 256 115
6411 4 256 116
6412 4 256 117
6413 4 256 118
6414 4 256 119
6415 4 256 120
6416 4 256 121
6417 4 256 122
6418 4 256 123
6419 4 256 124
6420 4 256 125
6421 4 256 126
6422 4 256 127
6423 4 256 128
6424 4 256 129
6425 4 256 130
6426 4 256 131
6427 4 256 132
6428 4 256 133
6429 4 256 134
6430 4 256 135
6431 4 256 136
6432 4 256 137
6433 4 256 138
6434 4 256 139
6435 4 256 140
6436 4 256 141
6437 4 256 142
6438 4 256 143
6439 4 256 144
6440 4 256 145
6441 4 256 146
6442 4 256 147
6443 5 255 115
6444 6 1 115
6445 7 128 115
6446 5 128 116
6447 5 128 117
6448 5 128 118
6449 5 128 119
6450 5 128 120
6451 5 128 121
6452 5 128 122
6453 5 128 123
6454 5 128 124
6455 5 128 125
6456 5 128 126
6457 5 128 127
6458 5 128 128
6459 5 128 129
6460 5 128 130
6461 5 128 131
6462 5 128 132
6463 5 128 133
6464 5 128 134
6465 5 128 135
6466 5 128 136
6467 5 128 137
6468 5 128 138
6469 5 128 139
6470 5 128 140
6471 5 128 141
6472 5 128 142
6473 5 128 143
6474 5 128 144
6475 5 128 145
6476 5 128 146
6477 6 255 116
6478 7 1 116
6479 8 128 116
6480 9 193 116
6481 6 64 117
6482 6 64 118
6483 6 64 119
6484 6 64 120
6485 6 64 121
6486 6 64 122
6487 6 64 123
6488 6 64 124
6489 6 64 125
6490 6 64 126
6491 6 64 127
6492 6 64 128
6493 6 64 129
6494 6 64 130
6495 6 64 131
6496 6 64 132
6497 6 64 133
6498 6 64 134
6499 6 64 135
6500 6 64 136
6501 6 64 137
6502 6 64 138
6503 6 64 139
6504 6 64 140
6505 6 64 141
6506 6 64 142
6507 6 64 143
6508 6 64 144
6509 6 64 145
6510 7 255 117
6511 8 1 117
6512 9 128 117
6513 10 193 117
6514 11 32 117
6515 7 32 118
6516 7 32 119
6517 7 32 120
6518 7 32 121
6519 7 32 122
6520 7 32 123
6521 7 32 124
6522 7 32 125
6523 7 32 126
6524 7 32 127
6525 7 32 128
6526 7 32 129
6527 7 32 130
6528 7 32 131
6529 7 32 132
6530 7 32 133
6531 7 32 134
6532 7 32 135
6533 7 32 136
6534 7 32 137
6535 7 32 138
6536 7 32 139
6537 7 32 140
6538 7 32 141
6539 7 32 142
6540 7 32 143
6541 7 32 144
6542 8 255 118
6543 9 1 118
6544 10 128 118
6545 11 193 118
6546 8 64 119
6547 12 16 119
6548 13 249 119
6549 8 16 120
6550 8 16 121
6551 8 16 122
6552 8 16 123
6553 8 16 124
6554 8 16 125
6555 8 16 126
6556 8 16 127
6557 8 16 128
6558 8 16 129
6559 8 16 130
6560 8 16 131
6561 8 16 132
6562 8 16 133
6563 8 16 134
6564 8 16 135
6565 8 16 136
6566 8 16 137
6567 8 16 138
6568 8 16 139
6569 8 16 140
6570 8 16 141
6571 8 16 142
6572 8 16 143
6573 9 255 119
6574 10 1 119
6575 11 128 119
6576 9 128 120
6577 12 225 120
6578 13 16 120
6579 9 32 121
6580 14 253 121
6581 9 16 122
6582 15 1 122
6583 9 8 123
6584 9 8 124
6585 9 8 125
6586 9 8 126
6587 9 8 127
6588 9 8 128
6589 9 8 129
6590 9 8 130
6591 9 8 131
6592 9 8 132
6593 9 8 133
6594 9 8 134
6595 9 8 135
6596 9 8 136
6597 9 8 137
6598 9 8 138
6599 9 8 139
6600 9 8 140
6601 9 8 141
6602 9 8 142
6603 10 255 120
6604 11 1 120
6605 10 256 121
6606 12 64 121
6607 13 225 121
6608 10 64 122
6609 14 8 122
6610 10 32 123
6611 15 255 123
6612 16 1 123
6613 10 8 124
6614 17 64 124
6615 10 4 125
6616 10 4 126
6617 10 4 127
6618 10 4 128
6619 10 4 129
6620 10 4 130
6621 10 4 131
6622 10 4 132
6623 10 4 133
6624 10 4 134
6625 10 4 135
6626 10 4 136
6627 10 4 137
6628 10 4 138
6629 10 4 139
6630 10 4 140
6631 10 4 141
6632 11 255 121
6633 11 255 122
6634 12 129 122
6635 13 64 122
6636 11 128 123
6637 14 241 123
6638 11 64 124
6639 15 4 124
6640 16 255 124
6641 11 16 125
6642 17 129 125
6643 18 64 125
6644 11 4 126
6645 19 241 126
6646 11 2 127
6647 11 2 128
6648 11 2 129
6649 11 2 130
6650 11 2 131
6651 11 2 132
6652 11 2 133
6653 11 2 134
6654 11 2 135
6655 11 2 136
6656 11 2 137
6657 11 2 138
6658 11 2 139
6659 11 2 140
6660 12 255 123
6661 13 252 123
6662 12 152 124
6663 13 47 124
6664 14 32 124
6665 12 128 125
6666 15 249 125
6667 16 4 125
6668 12 32 126
6669 17 256 126
6670 18 129 126
6671 12 8 127
6672 19 32 127
6673 12 4 128
6674 20 249 128
6675 21 4 128
6676 12 1 129
6677 12 1 130
6678 12 1 131
6679 12 1 132
6680 12 1 133
6681 12 1 134
6682 12 1 135
6683 12 1 136
6684 12 1 137
6685 12 1 138
6686 12 1 139
6687 13 255 125
6688 14 252 125
6689 13 152 126
6690 14 47 126
6691 15 32 126
6692 16 223 126
6693 13 113 127
6694 16 17 127
6695 17 2 127
6696 18 256 127
6697 13 16 128
6698 19 193 128
6699 13 8 129
6700 20 16 129
6701 21 249 129
6702 13 2 130
6703 22 2 130
6704 23 256 130
6705 13 129 131
6706 13 129 132
6707 13 129 133
6708 13 129 134
6709 13 129 135
6710 13 129 136
6711 13 129 137
6712 13 129 138
6713 14 255 127
6714 15 252 127
6715 14 152 128
6716 15 47 128
6717 16 32 128
6718 17 223 128
6719 18 2 128
6720 14 240 129
6721 17 225 129
6722 18 125 129
6723 19 128 129
6724 14 16 130
6725 20 225 130
6726 21 16 130
6727 14 4 131
6728 22 253 131
6729 23 2 131
6730 14 1 132
6731 24 128 132
6732 14 129 133
6733 25 225 133
6734 14 193 134
6735 14 193 135
6736 14 193 136
6737 14 193 137
6738 15 255 129
6739 16 252 129
6740 15 152 130
6741 16 47 130
6742 17 32 130
6743 18 223 130
6744 19 2 130
6745 15 240 131
6746 18 225 131
6747 19 125 131
6748 20 128 131
6749 21 17 131
6750 15 31 132
6751 21 26 132
6752 22 8 132
6753 23 253 132
6754 15 2 133
6755 24 1 133
6756 15 1 134
6757 25 64 134
6758 26 225 134
6759 15 193 135
6760 27 8 135
6761 15 225 136
6762 16 255 131
6763 17 252 131
6764 16 152 132
6765 17 47 132
6766 18 32 132
6767 19 223 132
6768 20 2 132
6769 16 240 133
6770 19 225 133
6771 20 125 133
6772 21 128 133
6773 22 17 133
6774 23 133 133
6775 16 78 134
6776 22 194 134
6777 23 19 134
6778 24 255 134
6779 16 2 135
6780 25 129 135
6781 26 64 135
6782 16 129 136
6783 27 241 136
6784 28 8 136
6785 17 255 133
6786 18 252 133
6787 17 152 134
6788 18 47 134
6789 19 32 134
6790 20 223 134
6791 21 2 134
6792 17 240 135
6793 20 225 135
6794 21 125 135
6795 22 128 135
6796 23 17 135
6797 24 133 135
6798 17 78 136
6799 23 194 136
6800 24 19 136
6801 25 255 136
6802 26 22 136
6803 15 109 137
6804 16 88 137
6805 17 155 137
6806 26 242 137
6807 18 255 135
6808 19 252 135
6809 18 152 136
6810 19 47 136
6811 20 32 136
6812 21 223 136
6813 22 2 136
6814 18 240 137
6815 21 225 137
6816 22 125 137
6817 23 128 137
6818 24 17 137
6819 25 133 137
6820 27 135 137
6821 28 57 137
6822 29 211 137
6823 14 236 138
6824 15 52 138
6825 16 235 138
6826 17 194 138
6827 18 21 138
6828 19 255 137
6829 20 252 137
6830 19 152 138
6831 20 47 138
6832 21 32 138
6833 22 223 138
6834 23 2 138
6835 24 88 138
6836 25 224 138
6837 26 55 138
6838 27 250 138
6839 28 184 138
6840 29 123 138
6841 13 112 139
6842 14 160 139
6843 15 42 139
6844 16 54 139
6845 17 6 139
6846 18 169 139
6847 19 128 139
6848 20 255 139
6849 21 252 139
6850 22 27 139
6851 23 246 139
6852 24 240 139
6853 25 101 139
6854 26 31 139
6855 27 138 139
6856 28 206 139
6857 29 192 139
6858 30 82 139
6859 31 68 139
6860 12 146 140
6861 13 96 140
6862 14 206 140
6863 15 251 140
6864 16 135 140
6865 17 1 140
6866 18 227 140
6867 19 178 140
6868 20 93 140
6869 21 167 140
6870 22 84 140
6871 23 3 140
6872 24 190 140
6873 25 34 140
6874 26 73 140
6875 27 99 140
6876 28 20 140
6877 29 186 140
6878 30 134 140
6879 31 63 140
6880 11 214 141
6881 12 62 141
6882 13 224 141
6883 14 147 141
6884 15 20 141
6885 16 173 141
6886 17 111 141
6887 18 145 141
6888 19 59 141
6889 20 251 141
6890 21 200 141
6891 22 230 141
6892 23 135 141
6893 24 181 141
6894 25 149 141
6895 26 255 141
6896 27 254 141
6897 28 20 141
6898 29 20 141
6899 30 135 141
6900 31 47 141
6901 32 165 141
6902 33 175 141
6903 10 235 142
6904 11 70 142
6905 12 78 142
6906 13 60 142
6907 14 36 142
6908 15 39 142
6909 16 116 142
6910 17 98 142
6911 18 180 142
6912 19 100 142
6913 20 12 142
6914 21 148 142
6915 22 227 142
6916 23 128 142
6917 24 169 142
6918 25 224 142
6919 26 223 142
6920 27 75 142
6921 28 81 142
6922 29 173 142
6923 30 69 142
6924 31 196 142
6925 32 154 142
6926 33 162 142
6927 9 69 143
6928 10 73 143
6929 11 145 143
6930 12 26 143
6931 13 137 143
6932 14 226 143
6933 15 83 143
6934 16 38 143
6935 17 219 143
6936 18 115 143
6937 19 168 143
6938 20 35 143
6939 21 20 143
6940 22 25 143
6941 23 7 143
6942 24 150 143
6943 25 174 143
6944 26 126 143
6945 27 48 143
6946 28 74 143
6947 29 35 143
6948 30 29 143
6949 31 53 143
6950 32 98 143
6951 33 238 143
6952 34 254 143
6953 8 218 144
6954 9 77 144
6955 10 126 144
6956 11 127 144
6957 12 32 144
6958 13 171 144
6959 14 31 144
6960 15 42 144
6961 16 206 144
6962 17 91 144
6963 18 77 144
6964 19 145 144
6965 20 190 144
6966 21 26 144
6967 22 35 144
6968 23 162 144
6969 24 15 144
6970 25 195 144
6971 26 21 144
6972 27 195 144
6973 28 8 144
6974 29 63 144
6975 30 140 144
6976 31 7 144
6977 32 57 144
6978 33 157 144
6979 34 104 144
6980 35 14 144
6981 7 173 145
6982 8 8 145
6983 9 112 145
6984 10 125 145
6985 12 115 145
6986 14 43 145
6987 15 166 145
6988 16 87 145
6989 17 99 145
6990 18 191 145
6991 19 254 145
6992 20 73 145
6993 21 73 145
6994 22 207 145
6995 23 20 145
6996 24 206 145
6997 25 56 145
6998 26 215 145
6999 27 214 145
7000 28 50 145
7001 29 244 145
7002 30 71 145
7003 31 51 145
7004 32 200 145
7005 33 150 145
7006 34 188 145
7007 35 245 145
7008 36 98 145
7009 6 227 146
7010 7 5 146
7011 8 42 146
7012 20 220 146
7013 22 51 146
7014 24 56 146
7015 25 143 146
7016 26 38 146
7017 27 52 146
7018 28 105 146
7019 29 43 146
7020 30 154 146
7021 31 220 146
7022 32 244 146
7023 33 200 146
7024 34 114 146
7025 35 110 146
7026 36 251 146
7027 37 32 146
7028 5 133 147
7029 6 232 147
7030 30 76 147
7031 32 66 147
7032 34 129 147
7033 35 122 147
7034 36 15 147
7035 37 240 147
7036 38 1 147
7037 4 255 148
7038 39 32 148
7039 38 16 148
7040 37 4 148
7041 36 2 148
7042 35 129 148
7043 34 193 148
7044 33 241 147
7045 32 249 148
7046 31 255 147
7047 30 256 148
7048 29 64 147
7049 28 32 147
7050 27 8 147
7051 26 4 147
7052 25 1 147
7053 24 129 147
7054 23 225 146
7055 22 241 147
7056 21 253 146
7057 20 255 147
7058 19 128 146
7059 18 64 146
7060 17 16 146
7061 16 8 146
7062 15 2 146
7063 14 1 146
7064 13 193 145
7065 12 225 146
7066 11 249 145
7067 10 253 146
7068 9 256 146
7069 11 228 146
7070 13 163 146
7071 7 234 147
7072 8 233 147
7073 9 57 147
7074 10 202 147
7075 11 61 147
7076 13 75 147
7077 15 95 147
7078 17 82 147
7079 18 193 147
7080 40 32 150
7081 39 8 149
7082 38 4 149
7083 37 1 149
7084 36 129 149
7085 35 225 149
7086 34 241 149
7087 33 253 148
7088 32 255 149
7089 31 128 148
7090 30 64 149
7091 29 16 148
7092 28 8 148
7093 27 2 148
7094 26 1 148
7095 25 193 148
7096 24 225 148
7097 23 249 147
7098 22 253 148
7099 21 256 147
7100 20 128 148
7101 19 32 147
7102 5 10 148
7103 6 256 148
7104 16 2 147
7105 7 155 148
7106 14 193 147
7107 8 33 148
7108 12 249 147
7109 9 77 148
7110 10 256 148
7111 11 246 148
7112 12 143 148
7113 13 37 148
7114 14 10 148
7115 15 46 148
7116 16 129 148
7117 17 230 148
7118 18 158 148
7119 19 239 148
7120 21 142 148
7121 41 16 150
7122 40 8 151
7123 39 2 150
7124 38 1 150
7125 37 193 150
7126 36 225 150
7127 35 249 150
7128 34 253 150
7129 33 256 149
7130 32 128 150
7131 31 32 149
7132 30 16 150
7133 29 4 149
7134 28 2 149
7135 27 129 149
7136 26 193 149
7137 25 241 149
7138 24 249 149
7139 23 255 148
7140 22 256 149
7141 3 223 149
7142 20 32 149
7143 4 29 149
7144 5 147 149
7145 6 200 149
7146 7 133 149
7147 8 179 149
7148 9 224 149
7149 10 205 149
7150 11 28 149
7151 12 4 149
7152 13 245 149
7153 14 30 149
7154 15 31 149
7155 16 122 149
7156 17 216 149
7157 18 216 149
7158 19 118 149
7159 21 187 149
7160 23 175 149
7161 42 16 152
7162 41 4 151
7163 40 2 152
7164 39 129 151
7165 38 193 151
7166 37 241 151
7167 36 249 151
7168 35 255 151
7169 34 256 151
7170 33 64 150
7171 32 32 151
7172 31 8 150
7173 30 4 151
7174 29 1 150
7175 28 129 150
7176 27 225 150
7177 26 241 150
7178 25 253 150
7179 24 255 150
7180 2 98 150
7181 22 64 150
7182 3 66 150
7183 20 8 150
7184 4 136 150
7185 5 102 150
7186 6 125 150
7187 7 86 150
7188 8 35 150
7189 9 109 150
7190 10 91 150
7191 11 79 150
7192 12 255 150
7193 13 239 150
7194 14 242 150
7195 15 231 150
7196 16 209 150
7197 17 79 150
7198 18 103 150
7199 19 244 150
7200 43 8 152
7201 42 4 153
7202 41 1 152
7203 40 129 153
7204 39 225 152
7205 38 241 152
7206 37 253 152
7207 36 255 152
7208 35 128 152
7209 34 64 152
7210 33 16 151
7211 32 8 152
7212 31 2 151
7213 30 1 152
7214 29 193 151
7215 28 225 151
7216 27 249 151
7217 26 253 151
7218 25 256 151
7219 24 128 151
7220 23 32 150
7221 22 16 151
7222 21 4 150
7223 20 2 151
7224 1 50 151
7225 2 12 151
7226 3 12 151
7227 4 172 151
7228 5 174 151
7229 6 36 151
7230 7 121 151
7231 8 24 151
7232 9 77 151
7233 10 51 151
7234 12 145 151
7235 11 121 151
7236 13 156 151
7237 14 61 151
7238 44 8 154
7239 43 2 153
7240 42 1 154
7241 41 193 153
7242 40 225 154
7243 39 249 153
7244 38 253 153
7245 37 256 153
7246 36 128 153
7247 35 32 153
7248 34 16 153
7249 33 4 152
7250 32 2 153
7251 31 129 152
7252 30 193 153
7253 29 241 152
7254 28 249 152
7255 27 255 152
7256 26 256 152
7257 25 64 152
7258 24 32 152
7259 23 8 151
7260 22 4 152
7261 21 1 151
7262 20 129 152
7263 19 225 151
7264 18 241 151
7265 17 253 151
7266 16 255 151
7267 15 128 151
7268 0 70 152
7269 1 153 152
7270 2 156 152
7271 4 241 152
7272 6 235 152
7273 8 136 152
7274 10 163 152
7275 45 4 155
7276 44 2 155
7277 43 129 154
7278 42 193 155
7279 41 241 154
7280 40 249 155
7281 39 255 154
7282 38 256 154
7283 37 64 154
7284 36 32 154
7285 35 8 154
7286 34 4 154
7287 33 1 153
7288 32 129 154
7289 31 225 153
7290 30 241 154
7291 29 253 153
7292 28 255 153
7293 27 128 153
7294 26 64 153
7295 25 16 153
7296 24 8 153
7297 23 2 152
7298 22 1 153
7299 21 193 152
7300 20 225 153
7301 19 249 152
7302 18 253 152
7303 17 256 152
7304 16 128 152
7305 15 32 152
7306 14 16 152
7307 12 167 152
7308 13 12 152
7309 0 31 153
7310 1 54 153
7311 46 4 156
7312 45 1 156
7313 44 129 156
7314 43 225 155
7315 42 241 156
7316 41 253 155
7317 40 255 156
7318 39 128 155
7319 38 64 155
7320 37 16 155
7321 36 8 155
7322 35 2 155
7323 34 1 155
7324 33 193 154
7325 32 225 155
7326 31 249 154
7327 30 253 155
7328 29 256 154
7329 28 128 154
7330 27 32 154
7331 26 16 154
7332 25 4 154
7333 24 2 154
7334 23 129 153
7335 22 193 154
7336 21 241 153
7337 20 249 154
7338 19 255 153
7339 18 256 153
7340 17 64 153
7341 16 32 153
7342 15 8 153
7343 14 4 153
7344 12 79 153
7345 0 167 154
7346 47 2 157
7347 46 1 157
7348 45 193 157
7349 44 225 157
7350 43 249 156
7351 42 253 157
7352 41 256 156
7353 40 128 157
7354 39 32 156
7355 38 16 156
7356 37 4 156
7357 36 2 156
7358 35 129 156
7359 34 193 156
7360 33 241 155
7361 32 249 156
7362 31 255 155
7363 30 256 156
7364 29 64 155
7365 28 32 155
7366 27 8 155
7367 26 4 155
7368 25 1 155
7369 24 129 155
7370 23 225 154
7371 22 241 155
7372 21 253 154
7373 20 255 155
7374 19 128 154
7375 18 64 154
7376 17 16 154
7377 16 8 154
7378 15 2 154
7379 14 1 154
7380 48 2 158
7381 47 129 158
7382 46 193 158
7383 45 241 158
7384 44 249 158
7385 43 255 157
7386 42 256 158
7387 41 64 157
7388 40 32 158
7389 39 8 157
7390 38 4 157
7391 37 1 157
7392 36 129 157
7393 35 225 157
7394 34 241 157
7395 33 253 156
7396 32 255 157
7397 31 128 156
7398 30 64 157
7399 29 16 156
7400 28 8 156
7401 27 2 156
7402 26 1 156
7403 25 193 156
7404 24 225 156
7405 23 249 155
7406 22 253 156
7407 21 256 155
7408 20 128 156
7409 19 32 155
7410 18 16 155
7411 17 4 155
7412 16 2 155
7413 49 1 159
7414 48 129 159
7415 47 225 159
7416 46 241 159
7417 45 253 159
7418 44 255 159
7419 43 128 158
7420 42 64 159
7421 41 16 158
7422 40 8 159
7423 39 2 158
7424 38 1 158
7425 37 193 158
7426 36 225 158
7427 35 249 158
7428 34 253 158
7429 33 256 157
7430 32 128 158
7431 31 32 157
7432 30 16 158
7433 29 4 157
7434 28 2 157
7435 27 129 157
7436 26 193 157
7437 25 241 157
7438 24 249 157
7439 23 255 156
7440 22 256 157
7441 21 64 156
7442 20 32 157
7443 19 8 156
7444 18 4 156
7445 50 1 161
7446 49 193 160
7447 48 225 160
7448 47 249 160
7449 46 253 160
7450 45 256 160
7451 44 128 160
7452 43 32 159
7453 42 16 160
7454 41 4 159
7455 40 2 160
7456 39 129 159
7457 38 193 159
7458 37 241 159
7459 36 249 159
7460 35 255 159
7461 34 256 159
7462 33 64 158
7463 32 32 159
7464 31 8 158
7465 30 4 159
7466 29 1 158
7467 28 129 158
7468 27 225 158
7469 26 241 158
7470 25 253 158
7471 24 255 158
7472 23 128 157
7473 22 64 158
7474 21 16 157
7475 20 8 158
7476 51 129 161
7477 50 193 162
7478 49 241 161
7479 48 249 161
7480 47 255 161
7481 46 256 161
7482 45 64 161
7483 44 32 161
7484 43 8 160
7485 42 4 161
7486 41 1 160
7487 40 129 161
7488 39 225 160
7489 38 241 160
7490 37 253 160
7491 36 255 160
7492 35 128 160
7493 34 64 160
7494 33 16 159
7495 32 8 160
7496 31 2 159
7497 30 1 160
7498 29 193 159
7499 28 225 159
7500 27 249 159
7501 26 253 159
7502 25 256 159
7503 24 128 159
7504 23 32 158
7505 22 16 159
7506 52 129 163
7507 51 225 162
7508 50 241 163
7509 49 253 162
7510 48 255 162
7511 47 128 162
7512 46 64 162
7513 45 16 162
7514 44 8 162
7515 43 2 161
7516 42 1 162
7517 41 193 161
7518 40 225 162
7519 39 249 161
7520 38 253 161
7521 37 256 161
7522 36 128 161
7523 35 32 161
7524 34 16 161
7525 33 4 160
7526 32 2 161
7527 31 129 160
7528 30 193 161
7529 29 241 160
7530 28 249 160
7531 27 255 160
7532 26 256 160
7533 25 64 160
7534 24 32 160
7535 53 193 163
7536 52 225 164
7537 51 249 163
7538 50 253 164
7539 49 256 163
7540 48 128 163
7541 47 32 163
7542 46 16 163
7543 45 4 163
7544 44 2 163
7545 43 129 162
7546 42 193 163
7547 41 241 162
7548 40 249 163
7549 39 255 162
7550 38 256 162
7551 37 64 162
7552 36 32 162
7553 35 8 162
7554 34 4 162
7555 33 1 161
7556 32 129 162
7557 31 225 161
7558 30 241 162
7559 29 253 161
7560 28 255 161
7561 27 128 161
7562 26 64 161
7563 54 193 165
7564 53 241 164
7565 52 249 165
7566 51 255 164
7567 50 256 165
7568 49 64 164
7569 48 32 164
7570 47 8 164
7571 46 4 164
7572 45 1 164
7573 44 129 164
7574 43 225 163
7575 42 241 164
7576 41 253 163
7577 40 255 164
7578 39 128 163
7579 38 64 163
7580 37 16 163
7581 36 8 163
7582 35 2 163
7583 34 1 163
7584 33 193 162
7585 32 225 163
7586 31 249 162
7587 30 253 163
7588 29 256 162
7589 28 128 162
7590 55 225 166
7591 54 241 166
7592 53 253 165
7593 52 255 166
7594 51 128 165
7595 50 64 166
7596 49 16 165
7597 48 8 165
7598 47 2 165
7599 46 1 165
7600 45 193 165
7601 44 225 165
7602 43 249 164
7603 42 253 165
7604 41 256 164
7605 40 128 165
7606 39 32 164
7607 38 16 164
7608 37 4 164
7609 36 2 164
7610 35 129 164
7611 34 193 164
7612 33 241 163
7613 32 249 164
7614 31 255 163
7615 30 256 164
7616 56 225 167
7617 55 249 167
7618 54 253 167
7619 53 256 166
7620 52 128 167
7621 51 32 166
7622 50 16 167
7623 49 4 166
7624 48 2 166
7625 47 129 166
7626 46 193 166
7627 45 241 166
7628 44 249 166
7629 43 255 165
7630 42 256 166
7631 41 64 165
7632 40 32 166
7633 39 8 165
7634 38 4 165
7635 37 1 165
7636 36 129 165
7637 35 225 165
7638 34 241 165
7639 33 253 164
7640 32 255 165
7641 57 241 168
7642 56 249 168
7643 55 255 168
7644 54 256 168
7645 53 64 167
7646 52 32 168
7647 51 8 167
7648 50 4 168
7649 49 1 167
7650 48 129 167
7651 47 225 167
7652 46 241 167
7653 45 253 167
7654 44 255 167
7655 43 128 166
7656 42 64 167
7657 41 16 166
7658 40 8 167
7659 39 2 166
7660 38 1 166
7661 37 193 166
7662 36 225 166
7663 35 249 166
7664 34 253 166
7665 58 241 169
7666 57 253 169
7667 56 255 169
7668 55 128 169
7669 54 64 169
7670 53 16 168
7671 52 8 169
7672 51 2 168
7673 50 1 169
7674 49 193 168
7675 48 225 168
7676 47 249 168
7677 46 253 168
7678 45 256 168
7679 44 128 168
7680 43 32 167
7681 42 16 168
7682 41 4 167
7683 40 2 168
7684 39 129 167
7685 38 193 167
7686 37 241 167
7687 36 249 167
7688 59 249 170
7689 58 253 170
7690 57 256 170
7691 56 128 170
7692 55 32 170
7693 54 16 170
7694 53 4 169
7695 52 2 170
7696 51 129 169
7697 50 193 170
7698 49 241 169
7699 48 249 169
7700 47 255 169
7701 46 256 169
7702 45 64 169
7703 44 32 169
7704 43 8 168
7705 42 4 169
7706 41 1 168
7707 40 129 169
7708 39 225 168
7709 38 241 168
7710 60 249 172
7711 59 255 171
7712 58 256 171
7713 57 64 171
7714 56 32 171
7715 55 8 171
7716 54 4 171
7717 53 1 170
7718 52 129 171
7719 51 225 170
7720 50 241 171
7721 49 253 170
7722 48 255 170
7723 47 128 170
7724 46 64 170
7725 45 16 170
7726 44 8 170
7727 43 2 169
7728 42 1 170
7729 41 193 169
7730 40 225 170
7731 61 253 172
7732 60 255 173
7733 59 128 172
7734 58 64 172
7735 57 16 172
7736 56 8 172
7737 55 2 172
7738 54 1 172
7739 53 193 171
7740 52 225 172
7741 51 249 171
7742 50 253 172
7743 49 256 171
7744 48 128 171
7745 47 32 171
7746 46 16 171
7747 45 4 171
7748 44 2 171
7749 43 129 170
7750 42 193 171
7751 62 253 174
7752 61 256 173
7753 60 128 174
7754 59 32 173
7755 58 16 173
7756 57 4 173
7757 56 2 173
7758 55 129 173
7759 54 193 173
7760 53 241 172
7761 52 249 173
7762 51 255 172
7763 50 256 173
7764 49 64 172
7765 48 32 172
7766 47 8 172
7767 46 4 172
7768 45 1 172
7769 44 129 172
7770 63 255 174
7771 62 256 175
7772 61 64 174
7773 60 32 175
7774 59 8 174
7775 58 4 174
7776 57 1 174
7777 56 129 174
7778 55 225 174
7779 54 241 174
7780 53 253 173
7781 52 255 174
7782 51 128 173
7783 50 64 174
7784 49 16 173
7785 48 8 173
7786 47 2 173
7787 46 1 173
7788 64 255 176
7789 63 128 175
7790 62 64 176
7791 61 16 175
7792 60 8 176
7793 59 2 175
7794 58 1 175
7795 57 193 175
7796 56 225 175
7797 55 249 175
7798 54 253 175
7799 53 256 174
7800 52 128 175
7801 51 32 174
7802 50 16 175
7803 49 4 174
7804 48 2 174
7805 65 256 177
7806 64 128 177
7807 63 32 176
7808 62 16 177
7809 61 4 176
7810 60 2 177
7811 59 129 176
7812 58 193 176
7813 57 241 176
7814 56 249 176
7815 55 255 176
7816 54 256 176
7817 53 64 175
7818 52 32 176
7819 51 8 175
7820 50 4 176
7821 66 256 178
7822 65 64 178
7823 64 32 178
7824 63 8 177
7825 62 4 178
7826 61 1 177
7827 60 129 178
7828 59 225 177
7829 58 241 177
7830 57 253 177
7831 56 255 177
7832 55 128 177
7833 54 64 177
7834 53 16 176
7835 52 8 177
7836 67 128 179
7837 66 64 179
7838 65 16 179
7839 64 8 179
7840 63 2 178
7841 62 1 179
7842 61 193 178
7843 60 225 179
7844 59 249 178
7845 58 253 178
7846 57 256 178
7847 56 128 178
7848 55 32 178
7849 54 16 178
7850 68 128 180
7851 67 32 180
7852 66 16 180
7853 65 4 180
7854 64 2 180
7855 63 129 179
7856 62 193 180
7857 61 241 179
7858 60 249 180
7859 59 255 179
7860 58 256 179
7861 57 64 179
7862 56 32 179
7863 69 64 181
7864 68 32 181
7865 67 8 181
7866 66 4 181
7867 65 1 181
7868 64 129 181
7869 63 225 180
7870 62 241 181
7871 61 253 180
7872 60 255 181
7873 59 128 180
7874 58 64 180
7875 70 64 183
7876 69 16 182
7877 68 8 182
7878 67 2 182
7879 66 1 182
7880 65 193 182
7881 64 225 182
7882 63 249 181
7883 62 253 182
7884 61 256 181
7885 60 128 182
7886 71 32 183
7887 70 16 184
7888 69 4 183
7889 68 2 183
7890 67 129 183
7891 66 193 183
7892 65 241 183
7893 64 249 183
7894 63 255 182
7895 62 256 183
7896 72 32 185
7897 71 8 184
7898 70 4 185
7899 69 1 184
7900 68 129 184
7901 67 225 184
7902 66 241 184
7903 65 253 184
7904 64 255 184
7905 73 16 185
7906 72 8 186
7907 71 2 185
7908 70 1 186
7909 69 193 185
7910 68 225 185
7911 67 249 185
7912 66 253 185
7913 74 16 187
7914 73 4 186
7915 72 2 187
7916 71 129 186
7917 70 193 187
7918 69 241 186
7919 68 249 186
7920 75 8 188
7921 74 4 188
7922 73 1 187
7923 72 129 188
7924 71 225 187
7925 70 241 188
7926 76 8 189
7927 75 2 189
7928 74 1 189
7929 73 193 188
7930 72 225 189
7931 77 4 190
7932 76 2 190
7933 75 129 190
7934 74 193 190
7935 78 4 191
7936 77 1 191
7937 76 129 191
7938 79 2 192
7939 78 1 192
7940 80 2 194
7941 81 252 194
7942 79 42 193
7943 77 7 192
7944 75 44 191
7945 73 93 189
7946 71 144 188
7947 69 24 187
7948 67 4 186
7949 65 172 185
7950 63 200 183
7951 61 119 182
7952 59 234 181
7953 57 39 180
7954 55 135 179
7955 53 151 177
7956 51 68 176
7957 49 97 175
7958 47 59 174
7959 45 224 173
7960 43 123 171
7961 41 149 170
7962 39 239 169
7963 37 254 168
7964 35 128 167
7965 33 107 165
7966 31 232 164
7967 29 210 163
7968 27 35 162
7969 25 220 161
7970 23 208 159
7971 21 206 158
7972 19 120 157
7973 17 20 156
7974 15 89 155
7975 82 252 196
7976 80 42 195
7977 78 7 193
7978 76 44 192
7979 74 93 191
7980 72 144 190
7981 70 24 189
7982 68 4 187
7983 66 172 186
7984 64 200 185
7985 62 119 184
7986 60 234 183
7987 58 39 181
7988 56 135 180
7989 54 151 179
7990 52 68 178
7991 50 97 177
7992 48 59 175
7993 46 224 174
7994 44 123 173
7995 42 149 172
7996 40 239 171
7997 38 254 169
7998 36 128 168
7999 34 107 167
8000 32 232 166
8001 30 210 165
8002 28 35 163
8003 26 220 162
8004 24 208 161
8005 22 206 160
8006 20 120 159
8007 18 20 157
8008 83 126 196
8009 81 21 195
8010 79 132 194
8011 77 22 193
8012 75 175 192
8013 73 72 190
8014 71 12 189
8015 69 2 188
8016 67 86 187
8017 65 100 186
8018 63 188 184
8019 61 117 183
8020 59 148 182
8021 57 196 181
8022 55 204 180
8023 53 34 178
8024 51 177 177
8025 49 158 176
8026 47 112 175
8027 45 190 174
8028 43 203 172
8029 41 248 171
8030 39 127 170
8031 37 64 169
8032 35 182 168
8033 33 116 166
8034 31 105 165
8035 29 146 164
8036 27 110 163
8037 25 104 162
8038 23 103 160
8039 21 60 159
8040 84 126 198
8041 82 21 197
8042 80 132 196
8043 78 22 194
8044 76 175 193
8045 74 72 192
8046 72 12 191
8047 70 2 190
8048 68 86 188
8049 66 100 187
8050 64 188 186
8051 62 117 185
8052 60 148 184
8053 58 196 182
8054 56 204 181
8055 54 34 180
8056 52 177 179
8057 50 158 178
8058 48 112 176
8059 46 190 175
8060 44 203 174
8061 42 248 173
8062 40 127 172
8063 38 64 170
8064 36 182 169
8065 34 116 168
8066 32 105 167
8067 30 146 166
8068 28 110 164
8069 26 104 163
8070 24 103 162
8071 85 63 199
8072 83 139 197
8073 81 66 196
8074 79 11 195
8075 77 216 194
8076 75 36 193
8077 73 6 191
8078 71 1 190
8079 69 43 189
8080 67 50 188
8081 65 94 187
8082 63 187 185
8083 61 74 184
8084 59 98 183
8085 57 102 182
8086 55 17 181
8087 53 217 179
8088 51 79 178
8089 49 56 177
8090 47 95 176
8091 45 230 175
8092 43 124 173
8093 41 192 172
8094 39 32 171
8095 37 91 170
8096 35 58 169
8097 33 181 167
8098 31 73 166
8099 29 55 165
8100 27 52 164
8101 86 63 200
8102 84 139 199
8103 82 66 198
8104 80 11 197
8105 78 216 195
8106 76 36 194
8107 74 6 193
8108 72 1 192
8109 70 43 191
8110 68 50 189
8111 66 94 188
8112 64 187 187
8113 62 74 186
8114 60 98 185
8115 58 102 183
8116 56 17 182
8117 54 217 181
8118 52 79 180
8119 50 56 179
8120 48 95 177
8121 46 230 176
8122 44 124 175
8123 42 192 174
8124 40 32 173
8125 38 91 171
8126 36 58 170
8127 34 181 169
8128 32 73 168
8129 30 55 167
8130 87 160 201
8131 85 198 200
8132 83 33 198
8133 81 134 197
8134 79 108 196
8135 77 18 195
8136 75 3 194
8137 73 129 192
8138 71 150 191
8139 69 25 190
8140 67 47 189
8141 65 222 188
8142 63 37 186
8143 61 49 185
8144 59 51 184
8145 57 137 183
8146 55 237 182
8147 53 168 180
8148 51 28 179
8149 49 176 178
8150 47 115 177
8151 45 62 176
8152 43 96 174
8153 41 16 173
8154 39 174 172
8155 37 29 171
8156 35 219 170
8157 33 165 168
8158 88 160 202
8159 86 198 201
8160 84 33 200
8161 82 134 199
8162 80 108 198
8163 78 18 196
8164 76 3 195
8165 74 129 194
8166 72 150 193
8167 70 25 192
8168 68 47 190
8169 66 222 189
8170 64 37 188
8171 62 49 187
8172 60 51 186
8173 58 137 184
8174 56 237 183
8175 54 168 182
8176 52 28 181
8177 50 176 180
8178 48 115 178
8179 46 62 177
8180 44 96 176
8181 42 16 175
8182 40 174 174
8183 38 29 172
8184 36 219 171
8185 89 80 203
8186 87 99 202
8187 85 145 201
8188 83 67 199
8189 81 54 198
8190 79 9 197
8191 77 130 196
8192 75 193 195
8193 73 75 193
8194 71 141 192
8195 69 152 191
8196 67 111 190
8197 65 147 189
8198 63 153 187
8199 61 154 186
8200 59 197 185
8201 57 247 184
8202 55 84 183
8203 53 14 181
8204 51 88 180
8205 49 186 179
8206 47 31 178
8207 45 48 177
8208 43 8 175
8209 41 87 174
8210 39 143 173
8211 90 80 205
8212 88 99 203
8213 86 145 202
8214 84 67 201
8215 82 54 200
8216 80 9 199
8217 78 130 197
8218 76 193 196
8219 74 75 195
8220 72 141 194
8221 70 152 193
8222 68 111 191
8223 66 147 190
8224 64 153 189
8225 62 154 188
8226 60 197 187
8227 58 247 185
8228 56 84 184
8229 54 14 183
8230 52 88 182
8231 50 186 181
8232 48 31 179
8233 46 48 178
8234 44 8 177
8235 42 87 176
8236 91 40 205
8237 89 178 204
8238 87 201 203
8239 85 162 202
8240 83 27 200
8241 81 133 199
8242 79 65 198
8243 77 225 197
8244 75 166 196
8245 73 199 194
8246 71 76 193
8247 69 184 192
8248 67 202 191
8249 65 205 190
8250 63 77 188
8251 61 227 187
8252 59 252 186
8253 57 42 185
8254 55 7 184
8255 53 44 182
8256 51 93 181
8257 49 144 180
8258 47 24 179
8259 45 4 178
8260 92 40 207
8261 90 178 206
8262 88 201 204
8263 86 162 203
8264 84 27 202
8265 82 133 201
8266 80 65 200
8267 78 225 198
8268 76 166 197
8269 74 199 196
8270 72 76 195
8271 70 184 194
8272 68 202 192
8273 66 205 191
8274 64 77 190
8275 62 227 189
8276 60 252 188
8277 58 42 186
8278 56 7 185
8279 54 44 184
8280 52 93 183
8281 50 144 182
8282 48 24 180
8283 93 20 207
8284 91 89 206
8285 89 229 205
8286 87 81 204
8287 85 142 203
8288 83 195 201
8289 81 161 200
8290 79 241 199
8291 77 83 198
8292 75 228 197
8293 73 38 195
8294 71 92 194
8295 69 101 193
8296 67 231 192
8297 65 167 191
8298 63 242 189
8299 61 126 188
8300 59 21 187
8301 57 132 186
8302 55 22 185
8303 53 175 183
8304 51 72 182
8305 94 20 209
8306 92 89 208
8307 90 229 207
8308 88 81 205
8309 86 142 204
8310 84 195 203
8311 82 161 202
8312 80 241 201
8313 78 83 199
8314 76 228 198
8315 74 38 197
8316 72 92 196
8317 70 101 195
8318 68 231 193
8319 66 167 192
8320 64 242 191
8321 62 126 190
8322 60 21 189
8323 58 132 187
8324 56 22 186
8325 54 175 185
8326 95 10 210
8327 93 173 208
8328 91 243 207
8329 89 169 206
8330 87 71 205
8331 85 226 204
8332 83 209 202
8333 81 249 201
8334 79 170 200
8335 77 114 199
8336 75 19 198
8337 73 46 196
8338 71 179 195
8339 69 244 194
8340 67 212 193
8341 65 121 192
8342 63 63 190
8343 61 139 189
8344 59 66 188
8345 57 11 187
8346 96 10 211
8347 94 173 210
8348 92 243 209
8349 90 169 208
8350 88 71 206
8351 86 226 205
8352 84 209 204
8353 82 249 203
8354 80 170 202
8355 78 114 200
8356 76 19 199
8357 74 46 198
8358 72 179 197
8359 70 244 196
8360 68 212 194
8361 66 121 193
8362 64 63 192
8363 62 139 191
8364 60 66 190
8365 97 5 212
8366 95 215 211
8367 93 250 209
8368 91 213 208
8369 89 164 207
8370 87 113 206
8371 85 233 205
8372 83 253 203
8373 81 85 202
8374 79 57 201
8375 77 138 200
8376 75 23 199
8377 73 218 197
8378 71 122 196
8379 69 106 195
8380 67 189 194
8381 65 160 193
8382 63 198 191
8383 98 5 213
8384 96 215 212
8385 94 250 211
8386 92 213 210
8387 90 164 209
8388 88 113 207
8389 86 233 206
8390 84 253 205
8391 82 85 204
8392 80 57 203
8393 78 138 201
8394 76 23 200
8395 74 218 199
8396 72 122 198
8397 70 106 197
8398 68 189 195
8399 66 160 194
8400 99 131 214
8401 97 236 213
8402 95 125 212
8403 93 235 210
8404 91 82 209
8405 89 185 208
8406 87 245 207
8407 85 255 206
8408 83 171 204
8409 81 157 203
8410 79 69 202
8411 77 140 201
8412 75 109 200
8413 73 61 198
8414 71 53 197
8415 69 223 196
8416 100 131 216
8417 98 236 214
8418 96 125 213
8419 94 235 212
8420 92 82 211
8421 90 185 210
8422 88 245 208
8423 86 255 207
8424 84 171 206
8425 82 157 205
8426 80 69 204
8427 78 140 202
8428 76 109 201
8429 74 61 200
8430 72 53 199
8431 101 194 216
8432 99 118 215
8433 97 191 214
8434 95 246 213
8435 93 41 211
8436 91 221 210
8437 89 251 209
8438 87 256 208
8439 85 214 207
8440 83 207 205
8441 81 163 204
8442 79 70 203
8443 77 183 202
8444 75 159 201
8445 102 194 218
8446 100 118 217
8447 98 191 215
8448 96 246 214
8449 94 41 213
8450 92 221 212
8451 90 251 211
8452 88 256 209
8453 86 214 208
8454 84 207 207
8455 82 163 206
8456 80 70 205
8457 78 183 203
8458 103 97 218
8459 101 59 217
8460 99 224 216
8461 97 123 215
8462 95 149 214
8463 93 239 212
8464 91 254 211
8465 89 128 210
8466 87 107 209
8467 85 232 208
8468 83 210 206
8469 81 35 205
8470 104 97 220
8471 102 59 219
8472 100 224 218
8473 98 123 216
8474 96 149 215
8475 94 239 214
8476 92 254 213
8477 90 128 212
8478 88 107 210
8479 86 232 209
8480 84 210 208
8481 105 177 221
8482 103 158 219
8483 101 112 218
8484 99 190 217
8485 97 203 216
8486 95 248 215
8487 93 127 213
8488 91 64 212
8489 89 182 211
8490 87 116 210
8491 106 177 222
8492 104 158 221
8493 102 112 220
8494 100 190 219
8495 98 203 217
8496 96 248 216
8497 94 127 215
8498 92 64 214
8499 90 182 213
8500 107 217 223
8501 105 79 222
8502 103 56 220
8503 101 95 219
8504 99 230 218
8505 97 124 217
8506 95 192 216
8507 93 32 214
8508 108 217 224
8509 106 79 223
8510 104 56 222
8511 102 95 221
8512 100 230 220
8513 98 124 218
8514 96 192 217
8515 109 237 225
8516 107 168 224
8517 105 28 223
8518 103 176 221
8519 101 115 220
8520 99 62 219
8521 110 237 227
8522 108 168 225
8523 106 28 224
8524 104 176 223
8525 102 115 222
8526 111 247 227
8527 109 84 226
8528 107 14 225
8529 105 88 224
8530 112 247 229
8531 110 84 228
8532 108 14 226
8533 113 252 229
8534 111 42 228
8535 114 252 231
8536 3 187 152
8537 2 35 153
8538 1 111 154
8539 0 73 155
8540 0 73 156
8541 0 73 157
8542 0 73 158
8543 0 73 159
8544 0 73 160
8545 0 73 161
8546 0 73 162
8547 0 73 163
8548 0 73 164
8549 0 73 165
8550 0 73 166
8551 0 73 167
8552 0 73 168
8553 0 73 169
8554 0 73 170
8555 0 73 171
8556 0 73 172
8557 0 73 173
8558 0 73 174
8559 0 73 175
8560 0 73 176
8561 0 73 177
8562 0 73 178
8563 0 73 179
8564 0 73 180
8565 0 73 181
8566 5 253 152
8567 3 52 153
8568 4 63 153
8569 2 147 154
8570 1 55 155
8571 1 55 156
8572 1 55 157
8573 1 55 158
8574 1 55 159
8575 1 55 160
8576 1 55 161
8577 1 55 162
8578 1 55 163
8579 1 55 164
8580 1 55 165
8581 1 55 166
8582 1 55 167
8583 1 55 168
8584 1 55 169
8585 1 55 170
8586 1 55 171
8587 1 55 172
8588 1 55 173
8589 1 55 174
8590 1 55 175
8591 1 55 176
8592 1 55 177
8593 1 55 178
8594 1 55 179
8595 7 176 152
8596 5 25 153
8597 6 55 153
8598 3 253 154
8599 4 145 154
8600 2 52 155
8601 2 52 156
8602 2 52 157
8603 2 52 158
8604 2 52 159
8605 2 52 160
8606 2 52 161
8607 2 52 162
8608 2 52 163
8609 2 52 164
8610 2 52 165
8611 2 52 166
8612 2 52 167
8613 2 52 168
8614 2 52 169
8615 2 52 170
8616 2 52 171
8617 2 52 172
8618 2 52 173
8619 2 52 174
8620 2 52 175
8621 2 52 176
8622 2 52 177
8623 9 223 152
8624 7 185 153
8625 8 150 153
8626 5 176 154
8627 6 45 154
8628 3 248 155
8629 4 217 155
8630 3 180 156
8631 3 180 157
8632 3 180 158
8633 3 180 159
8634 3 180 160
8635 3 180 161
8636 3 180 162
8637 3 180 163
8638 3 180 164
8639 3 180 165
8640 3 180 166
8641 3 180 167
8642 3 180 168
8643 3 180 169
8644 3 180 170
8645 3 180 171
8646 3 180 172
8647 3 180 173
8648 3 180 174
8649 3 180 175
8650 11 211 152
8651 9 84 153
8652 10 82 153
8653 7 223 154
8654 8 76 154
8655 5 139 155
8656 6 218 155
8657 4 3 156
8658 5 211 156
8659 4 30 157
8660 4 30 158
8661 4 30 159
8662 4 30 160
8663 4 30 161
8664 4 30 162
8665 4 30 163
8666 4 30 164
8667 4 30 165
8668 4 30 166
8669 4 30 167
8670 4 30 168
8671 4 30 169
8672 4 30 170
8673 4 30 171
8674 4 30 172
8675 4 30 173
8676 11 218 153
8677 13 188 153
8678 9 139 154
8679 10 251 154
8680 12 107 154
8681 7 52 155
8682 8 174 155
8683 6 125 156
8684 7 225 156
8685 5 3 157
8686 6 129 157
8687 5 5 158
8688 5 5 159
8689 5 5 160
8690 5 5 161
8691 5 5 162
8692 5 5 163
8693 5 5 164
8694 5 5 165
8695 5 5 166
8696 5 5 167
8697 5 5 168
8698 5 5 169
8699 5 5 170
8700 5 5 171
8701 11 196 154
8702 13 70 154
8703 9 224 155
8704 10 129 155
8705 12 141 155
8706 14 243 155
8707 8 16 156
8708 9 72 156
8709 16 96 156
8710 7 125 157
8711 8 235 157
8712 6 59 158
8713 7 87 158
8714 6 215 159
8715 6 215 160
8716 6 215 161
8717 6 215 162
8718 6 215 163
8719 6 215 164
8720 6 215 165
8721 6 215 166
8722 6 215 167
8723 6 215 168
8724 6 215 169
8725 11 155 155
8726 13 37 155
8727 10 55 156
8728 11 136 156
8729 12 181 156
8730 14 44 156
8731 15 88 156
8732 9 243 157
8733 10 158 157
8734 17 241 157
8735 8 190 158
8736 9 143 158
8737 19 73 158
8738 7 128 159
8739 8 106 159
8740 7 250 160
8741 7 250 161
8742 7 250 162
8743 7 250 163
8744 7 250 164
8745 7 250 165
8746 7 250 166
8747 7 250 167
8748 13 85 156
8749 11 247 157
8750 12 7 157
8751 13 232 157
8752 14 184 157
8753 15 157 157
8754 16 23 157
8755 10 223 158
8756 11 121 158
8757 12 105 158
8758 18 91 158
8759 9 95 159
8760 10 63 159
8761 8 178 160
8762 9 6 160
8763 20 84 160
8764 8 213 161
8765 22 237 161
8766 8 213 162
8767 8 213 163
8768 8 213 164
8769 8 213 165
8770 13 147 158
8771 14 192 158
8772 15 20 158
8773 16 8 158
8774 17 8 158
8775 11 161 159
8776 12 217 159
8777 13 159 159
8778 14 50 159
8779 15 211 159
8780 19 189 159
8781 11 115 160
8782 10 125 160
8783 12 72 160
8784 21 104 160
8785 9 234 161
8786 10 172 161
8787 23 168 161
8788 9 164 162
8789 9 164 163
8790 25 40 163
8791 16 253 159
8792 17 21 159
8793 18 229 159
8794 13 65 160
8795 14 154 160
8796 15 51 160
8797 16 215 160
8798 17 154 160
8799 18 195 160
8800 11 163 161
8801 12 114 161
8802 13 17 161
8803 14 250 161
8804 20 217 161
8805 10 135 162
8806 11 159 162
8807 12 245 162
8808 22 176 162
8809 10 113 163
8810 24 56 163
8811 19 112 160
8812 15 19 161
8813 16 102 161
8814 17 61 161
8815 18 246 161
8816 19 24 161
8817 21 189 161
8818 13 184 162
8819 14 222 162
8820 15 83 162
8821 16 175 162
8822 17 196 162
8823 18 249 162
8824 23 157 162
8825 11 73 163
8826 12 246 163
8827 13 121 163
8828 14 149 163
8829 9 69 164
8830 19 233 162
8831 20 126 162
8832 21 130 162
8833 15 92 163
8834 16 9 163
8835 17 199 163
8836 18 86 163
8837 19 26 163
8838 20 17 163
8839 21 116 163
8840 22 38 163
8841 23 224 163
8842 10 129 164
8843 11 101 164
8844 12 178 164
8845 13 194 164
8846 14 26 164
8847 15 233 164
8848 16 8 164
8849 17 108 164
8850 18 173 164
8851 19 48 164
8852 20 45 164
8853 21 143 164
8854 22 50 164
8855 23 72 164
8856 24 247 164
8857 25 208 164
8858 26 98 164
8859 9 16 165
8860 10 253 165
8861 11 97 165
8862 12 169 165
8863 13 112 165
8864 14 129 165
8865 15 242 165
8866 16 14 165
8867 17 166 165
8868 18 115 165
8869 19 142 165
8870 20 16 165
8871 21 24 165
8872 22 134 165
8873 23 250 165
8874 24 68 165
8875 25 120 165
8876 26 129 165
8877 27 48 165
8878 28 199 165
8879 8 223 166
8880 9 41 166
8881 10 244 166
8882 11 5 166
8883 12 56 166
8884 13 7 166
8885 14 71 166
8886 15 145 166
8887 16 167 166
8888 17 61 166
8889 18 153 166
8890 19 76 166
8891 20 122 166
8892 21 164 166
8893 22 81 166
8894 23 154 166
8895 24 73 166
8896 25 247 166
8897 26 20 166
8898 27 158 166
8899 28 242 166
8900 29 80 166
8901 8 240 167
8902 9 109 167
8903 10 157 167
8904 11 54 167
8905 12 252 167
8906 13 83 167
8907 14 105 167
8908 15 158 167
8909 16 225 167
8910 17 31 167
8911 18 50 167
8912 19 58 167
8913 20 84 167
8914 21 197 167
8915 22 225 167
8916 23 150 167
8917 24 218 167
8918 25 154 167
8919 26 10 167
8920 27 75 167
8921 28 157 167
8922 29 224 167
8923 31 224 167
8924 7 60 168
8925 8 75 168
8926 9 120 168
8927 10 227 168
8928 11 29 168
8929 12 40 168
8930 13 56 168
8931 14 137 168
8932 15 186 168
8933 16 206 168
8934 17 213 168
8935 18 34 168
8936 19 155 168
8937 20 245 168
8938 21 105 168
8939 22 173 168
8940 23 180 168
8941 24 12 168
8942 25 241 168
8943 26 229 168
8944 27 196 168
8945 28 50 168
8946 29 186 168
8947 30 100 168
8948 31 63 168
8949 7 221 169
8950 8 118 169
8951 9 225 169
8952 10 79 169
8953 11 19 169
8954 12 92 169
8955 13 198 169
8956 14 211 169
8957 15 46 169
8958 16 29 169
8959 17 121 169
8960 18 33 169
8961 19 137 169
8962 20 156 169
8963 21 168 169
8964 22 49 169
8965 23 61 169
8966 24 212 169
8967 25 56 169
8968 26 113 169
8969 27 135 169
8970 28 188 169
8971 29 9 169
8972 30 104 169
8973 31 59 169
8974 32 115 169
8975 33 165 169
8976 6 181 170
8977 7 14 170
8978 8 214 170
8979 9 102 170
8980 10 31 170
8981 11 198 170
8982 12 93 170
8983 13 74 170
8984 14 12 170
8985 15 2 170
8986 16 61 170
8987 17 221 170
8988 18 99 170
8989 19 19 170
8990 20 190 170
8991 21 182 170
8992 22 125 170
8993 23 128 170
8994 24 60 170
8995 25 196 170
8996 26 107 170
8997 27 227 170
8998 6 255 171
8999 34 218 170
9000 5 214 172
9001 28 58 170
9002 29 45 170
9003 30 63 170
9004 31 219 170
9005 32 87 170
9006 33 106 170
9007 7 217 171
9008 8 16 171
9009 9 177 171
9010 10 202 171
9011 11 146 171
9012 12 161 171
9013 13 160 171
9014 14 231 171
9015 15 96 171
9016 16 235 171
9017 17 3 171
9018 18 40 171
9019 19 190 171
9020 20 84 171
9021 21 124 171
9022 22 216 171
9023 23 120 171
9024 24 88 171
9025 25 37 171
9026 26 200 171
9027 27 232 171
9028 28 36 171
9029 29 91 171
9030 30 152 171
9031 31 231 171
9032 32 30 171
9033 33 73 171
9034 34 1 171
9035 35 174 171
9036 6 77 172
9037 7 238 172
9038 8 137 172
9039 9 131 172
9040 10 199 172
9041 11 173 172
9042 12 209 172
9043 13 36 172
9044 14 54 172
9045 15 51 172
9046 16 153 172
9047 17 195 172
9048 18 135 172
9049 19 253 172
9050 20 76 172
9051 21 37 172
9052 22 92 172
9053 23 227 172
9054 24 182 172
9055 25 113 172
9056 26 133 172
9057 27 196 172
9058 28 139 172
9059 29 100 172
9060 30 30 172
9061 31 222 172
9062 32 17 172
9063 33 59 172
9064 34 209 172
9065 35 56 172
9066 36 20 172
9067 37 163 172
9068 5 167 173
9069 6 249 173
9070 7 131 173
9071 8 54 173
9072 9 137 173
9073 10 185 173
9074 11 100 173
9075 12 142 173
9076 13 43 173
9077 14 18 173
9078 15 225 173
9079 16 122 173
9080 17 100 173
9081 18 138 173
9082 19 235 173
9083 20 122 173
9084 21 71 173
9085 22 228 173
9086 23 180 173
9087 24 4 173
9088 25 174 173
9089 26 105 173
9090 27 50 173
9091 28 186 173
9092 29 19 173
9093 30 227 173
9094 31 181 173
9095 32 126 173
9096 33 188 173
9097 34 34 173
9098 35 210 173
9099 36 78 173
9100 37 106 173
9101 38 78 173
9102 4 24 174
9103 5 255 174
9104 6 255 174
9105 7 182 174
9106 8 130 174
9107 9 172 174
9108 10 209 174
9109 11 211 174
9110 12 223 174
9111 13 18 174
9112 14 80 174
9113 15 154 174
9114 16 105 174
9115 17 227 174
9116 18 155 174
9117 19 96 174
9118 20 37 174
9119 21 233 174
9120 22 20 174
9121 23 12 174
9122 24 116 174
9123 25 206 174
9124 26 88 174
9125 27 48 174
9126 28 70 174
9127 29 222 174
9128 30 95 174
9129 31 206 174
9130 32 137 174
9131 33 81 174
9132 34 216 174
9133 35 166 174
9134 36 100 174
9135 37 182 174
9136 38 182 174
9137 39 83 174
9138 4 95 175
9139 5 171 175
9140 6 177 175
9141 7 6 175
9142 8 71 175
9143 9 70 175
9144 10 132 175
9145 11 199 175
9146 12 94 175
9147 13 21 175
9148 14 243 175
9149 15 67 175
9150 16 94 175
9151 17 103 175
9152 18 151 175
9153 19 116 175
9154 20 63 175
9155 21 73 175
9156 22 67 175
9157 23 243 175
9158 24 26 175
9159 25 126 175
9160 26 172 175
9161 27 151 175
9162 28 108 175
9163 29 123 175
9164 30 218 175
9165 31 83 175
9166 32 105 175
9167 33 243 175
9168 34 243 175
9169 35 116 175
9170 36 32 175
9171 37 150 175
9172 38 36 175
9173 39 148 175
9174 40 135 175
9175 41 102 175
9176 3 151 176
9177 4 246 176
9178 5 56 176
9179 6 6 176
9180 7 82 176
9181 8 200 176
9182 9 247 176
9183 10 18 176
9184 11 203 176
9185 12 193 176
9186 13 131 176
9187 14 98 176
9188 15 209 176
9189 16 125 176
9190 17 208 176
9191 18 235 176
9192 19 205 176
9193 20 231 176
9194 21 201 176
9195 22 5 176
9196 23 79 176
9197 24 72 176
9198 25 126 176
9199 26 99 176
9200 27 94 176
9201 28 176 176
9202 29 220 176
9203 30 195 176
9204 31 10 176
9205 32 17 176
9206 33 176 176
9207 34 187 176
9208 35 55 176
9209 36 135 176
9210 37 130 176
9211 38 12 176
9212 39 237 176
9213 40 128 176
9214 41 19 176
9215 43 214 176
9216 3 180 177
9217 4 53 177
9218 5 68 177
9219 6 84 177
9220 7 57 177
9221 8 140 177
9222 9 157 177
9223 10 154 177
9224 11 30 177
9225 12 222 177
9226 13 204 177
9227 14 235 177
9228 15 41 177
9229 16 175 177
9230 17 21 177
9231 18 254 177
9232 19 145 177
9233 20 180 177
9234 21 141 177
9235 22 196 177
9236 23 227 177
9237 24 194 177
9238 25 152 177
9239 26 142 177
9240 27 134 177
9241 28 7 177
9242 29 109 177
9243 30 156 177
9244 31 101 177
9245 32 45 177
9246 33 137 177
9247 34 108 177
9248 35 175 177
9249 36 60 177
9250 37 68 177
9251 38 161 177
9252 39 174 177
9253 40 140 177
9254 41 72 177
9255 42 89 177
9256 43 65 177
9257 2 123 178
9258 3 240 178
9259 4 125 178
9260 5 170 178
9261 6 128 178
9262 7 254 178
9263 8 226 178
9264 9 52 178
9265 10 102 178
9266 11 169 178
9267 12 66 178
9268 13 183 178
9269 14 169 178
9270 15 237 178
9271 16 158 178
9272 17 249 178
9273 18 75 178
9274 19 181 178
9275 20 252 178
9276 21 123 178
9277 22 206 178
9278 23 211 178
9279 24 236 178
9280 25 185 178
9281 26 85 178
9282 27 168 178
9283 28 47 178
9284 29 34 178
9285 30 105 178
9286 31 158 178
9287 32 120 178
9288 33 152 178
9289 34 178 178
9290 35 10 178
9291 36 221 178
9292 37 17 178
9293 38 96 178
9294 39 152 178
9295 40 217 178
9296 41 40 178
9297 42 250 178
9298 43 96 178
9299 44 108 178
9300 2 173 179
9301 3 234 179
9302 4 80 179
9303 5 250 179
9304 6 77 179
9305 7 226 179
9306 8 90 179
9307 9 89 179
9308 10 62 179
9309 11 140 179
9310 12 202 179
9311 13 17 179
9312 14 188 179
9313 15 66 179
9314 16 26 179
9315 17 136 179
9316 18 122 179
9317 19 174 179
9318 20 202 179
9319 21 128 179
9320 22 251 179
9321 23 74 179
9322 24 240 179
9323 25 4 179
9324 26 248 179
9325 27 68 179
9326 28 111 179
9327 29 211 179
9328 30 155 179
9329 31 141 179
9330 32 130 179
9331 33 18 179
9332 34 167 179
9333 35 132 179
9334 36 246 179
9335 37 149 179
9336 38 247 179
9337 39 218 179
9338 40 27 179
9339 41 39 179
9340 42 198 179
9341 43 206 179
9342 44 215 179
9343 45 161 179
9344 46 67 179
9345 1 251 180
9346 2 31 180
9347 3 77 180
9348 4 20 180
9349 5 46 180
9350 6 48 180
9351 7 225 180
9352 8 24 180
9353 9 248 180
9354 10 118 180
9355 11 120 180
9356 12 190 180
9357 13 127 180
9358 14 122 180
9359 15 238 180
9360 16 22 180
9361 17 61 180
9362 18 167 180
9363 19 11 180
9364 20 79 180
9365 21 167 180
9366 22 19 180
9367 23 44 180
9368 24 244 180
9369 25 231 180
9370 26 175 180
9371 27 18 180
9372 28 95 180
9373 29 80 180
9374 30 245 180
9375 31 17 180
9376 32 213 180
9377 33 167 180
9378 34 7 180
9379 35 214 180
9380 36 131 180
9381 37 237 180
9382 38 13 180
9383 39 149 180
9384 41 112 180
9385 40 20 180
9386 42 205 180
9387 43 94 180
9388 44 40 180
9389 45 253 180
9390 46 43 180
9391 47 245 180
9392 1 76 181
9393 2 51 181
9394 20 6 181
9395 22 117 181
9396 24 5 181
9397 25 43 181
9398 26 46 181
9399 27 44 181
9400 28 103 181
9401 29 20 181
9402 30 26 181
9403 31 209 181
9404 32 18 181
9405 33 52 181
9406 34 71 181
9407 35 149 181
9408 36 102 181
9409 37 143 181
9410 38 174 181
9411 39 190 181
9412 40 111 181
9413 41 242 181
9414 42 215 181
9415 43 228 181
9416 44 40 181
9417 45 102 181
9418 46 157 181
9419 47 85 181
9420 48 197 181
9421 49 59 181
9422 24 5 182
9423 26 133 182
9424 27 61 182
9425 28 203 182
9426 29 148 182
9427 30 92 182
9428 31 13 182
9429 32 86 182
9430 33 126 182
9431 34 186 182
9432 35 102 182
9433 36 148 182
9434 37 4 182
9435 38 181 182
9436 39 31 182
9437 40 162 182
9438 41 160 182
9439 42 250 182
9440 43 7 182
9441 44 20 182
9442 45 126 182
9443 46 185 182
9444 47 181 182
9445 48 60 182
9446 49 127 182
9447 30 6 183
9448 31 31 183
9449 32 56 183
9450 33 201 183
9451 34 60 183
9452 35 154 183
9453 36 62 183
9454 37 255 183
9455 38 228 183
9456 39 49 183
9457 40 247 183
9458 41 148 183
9459 42 182 183
9460 43 181 183
9461 44 156 183
9462 45 240 183
9463 46 119 183
9464 47 1 183
9465 48 134 183
9466 49 138 183
9467 50 50 183
9468 51 215 183
9469 32 77 184
9470 34 71 184
9471 35 236 184
9472 36 38 184
9473 37 195 184
9474 38 192 184
9475 39 89 184
9476 40 106 184
9477 41 18 184
9478 42 222 184
9479 43 195 184
9480 44 170 184
9481 45 181 184
9482 46 12 184
9483 47 163 184
9484 48 130 184
9485 50 94 184
9486 49 131 184
9487 51 114 184
9488 52 65 184
9489 53 110 184
9490 36 41 185
9491 38 252 185
9492 39 173 185
9493 40 169 185
9494 41 185 185
9495 42 124 185
9496 43 46 185
9497 44 45 185
9498 45 27 185
9499 46 193 185
9500 48 103 185
9501 47 144 185
9502 49 121 185
9503 50 249 185
9504 51 179 185
9505 52 196 185
9506 53 166 185
9507 40 220 186
9508 42 143 186
9509 43 116 186
9510 44 47 186
9511 45 11 186
9512 48 72 186
9513 47 183 186
9514 46 7 186
9515 49 112 186
9516 50 85 186
9517 54 113 186
9518 51 115 186
9519 52 243 186
9520 53 141 186
9521 55 67 186
9522 44 241 187
9523 45 206 187
9524 47 88 187
9525 46 207 187
9526 48 3 187
9527 54 74 187
9528 50 219 187
9529 52 100 187
9530 51 20 187
9531 53 118 187
9532 49 159 187
9533 55 10 187
9534 56 233 187
9535 48 217 188
9536 54 169 188
9537 50 136 188
9538 52 20 188
9539 51 4 188
9540 53 167 188
9541 57 249 188
9542 56 98 188
9543 55 142 188
9544 58 38 188
9545 50 63 189
9546 52 4 189
9547 54 128 189
9548 57 204 189
9549 56 71 189
9550 55 234 189
9551 58 146 189
9552 59 170 189
9553 54 54 190
9554 57 195 190
9555 56 117 190
9556 61 154 190
9557 59 34 190
9558 58 226 190
9559 60 11 191
9560 61 42 191
9561 62 114 192
9562 63 222 192
9563 60 157 192
9564 59 46 191
9565 57 140 191
9566 55 35 190
9567 53 165 189
9568 51 234 189
9569 49 187 188
9570 47 111 188
9571 45 92 188
9572 42 240 187
9573 41 35 186
9574 39 73 186
9575 37 211 185
9576 35 117 185
9577 33 111 184
9578 30 247 184
9579 29 23 183
9580 27 70 183
9581 25 146 182
9582 23 211 181
9583 21 117 181
9584 3 86 181
9585 4 16 181
9586 5 48 181
9587 6 85 181
9588 7 187 181
9589 8 111 181
9590 9 97 181
9591 10 55 181
9592 11 57 181
9593 12 28 181
9594 13 153 181
9595 14 213 181
9596 15 183 181
9597 16 173 181
9598 17 104 181
9599 18 114 181
9600 64 222 193
9601 62 184 193
9602 61 121 192
9603 58 70 191
9604 56 146 191
9605 54 165 191
9606 52 234 190
9607 50 187 190
9608 48 184 189
9609 46 46 188
9610 44 140 188
9611 43 108 187
9612 40 73 187
9613 38 234 186
9614 36 187 186
9615 34 111 185
9616 32 92 185
9617 31 91 184
9618 28 35 183
9619 26 73 183
9620 24 211 183
9621 22 117 182
9622 20 222 182
9623 19 124 181
9624 0 8 182
9625 1 244 182
9626 2 115 182
9627 3 48 182
9628 4 198 182
9629 5 7 182
9630 6 43 182
9631 7 244 182
9632 8 214 182
9633 9 83 182
9634 10 60 182
9635 11 230 182
9636 12 154 182
9637 65 74 194
9638 63 202 193
9639 60 87 193
9640 59 109 192
9641 57 220 192
9642 55 55 191
9643 53 39 190
9644 51 74 190
9645 49 147 189
9646 47 101 189
9647 45 218 189
9648 42 81 188
9649 41 55 187
9650 39 78 187
9651 37 148 186
9652 35 37 186
9653 33 101 185
9654 30 120 185
9655 29 183 184
9656 27 110 184
9657 25 156 183
9658 23 148 182
9659 21 37 182
9660 13 194 182
9661 14 166 182
9662 15 121 182
9663 16 41 182
9664 17 72 182
9665 18 182 182
9666 19 87 182
9667 0 196 183
9668 1 211 183
9669 2 225 183
9670 3 151 183
9671 4 151 183
9672 5 161 183
9673 66 37 195
9674 64 202 194
9675 62 179 194
9676 61 237 193
9677 58 110 192
9678 56 156 192
9679 54 39 192
9680 52 74 191
9681 50 147 191
9682 48 179 190
9683 46 109 189
9684 44 220 189
9685 43 191 188
9686 40 78 188
9687 38 74 187
9688 36 147 187
9689 34 101 186
9690 32 218 186
9691 31 93 185
9692 28 55 184
9693 26 78 184
9694 24 148 184
9695 22 37 183
9696 20 202 183
9697 6 2 183
9698 7 174 183
9699 8 58 183
9700 9 115 183
9701 10 48 183
9702 11 230 183
9703 12 85 183
9704 13 57 183
9705 14 201 183
9706 15 19 183
9707 16 190 183
9708 67 98 195
9709 65 153 195
9710 63 244 194
9711 60 114 194
9712 59 208 193
9713 57 52 193
9714 55 13 192
9715 53 98 191
9716 51 153 191
9717 49 231 190
9718 47 122 190
9719 45 159 190
9720 42 129 189
9721 41 13 188
9722 39 196 188
9723 37 49 187
9724 35 205 187
9725 33 122 186
9726 30 226 186
9727 29 104 185
9728 27 26 185
9729 25 135 184
9730 23 49 183
9731 21 205 183
9732 17 193 183
9733 18 62 183
9734 19 52 183
9735 0 195 184
9736 1 238 184
9737 2 215 184
9738 3 64 184
9739 4 90 184
9740 5 123 184
9741 6 1 184
9742 68 49 196
9743 66 205 196
9744 64 244 195
9745 62 61 195
9746 61 252 194
9747 58 26 193
9748 56 135 193
9749 54 98 193
9750 52 153 192
9751 50 231 192
9752 48 61 191
9753 46 208 190
9754 44 52 190
9755 43 171 189
9756 40 196 189
9757 38 153 188
9758 36 231 188
9759 34 122 187
9760 32 159 187
9761 31 141 186
9762 28 13 185
9763 26 196 185
9764 24 49 185
9765 22 205 184
9766 20 244 184
9767 7 173 184
9768 8 36 184
9769 9 146 184
9770 10 182 184
9771 11 8 184
9772 12 12 184
9773 13 57 184
9774 14 198 184
9775 69 102 197
9776 67 154 196
9777 65 167 196
9778 63 53 195
9779 60 140 195
9780 59 180 194
9781 57 45 194
9782 55 204 193
9783 53 154 192
9784 51 167 192
9785 49 106 191
9786 47 155 191
9787 45 103 191
9788 42 213 190
9789 41 204 189
9790 39 51 189
9791 37 77 188
9792 35 212 188
9793 33 155 187
9794 30 243 187
9795 29 90 186
9796 27 151 186
9797 25 102 185
9798 23 77 184
9799 21 212 184
9800 15 136 184
9801 16 167 184
9802 17 152 184
9803 18 98 184
9804 19 200 184
9805 0 189 185
9806 1 210 185
9807 70 102 198
9808 68 77 197
9809 66 212 197
9810 64 53 196
9811 62 206 196
9812 61 212 195
9813 58 151 194
9814 56 102 194
9815 54 154 194
9816 52 167 193
9817 50 106 193
9818 48 206 192
9819 46 180 191
9820 44 45 191
9821 43 92 190
9822 40 51 190
9823 38 167 189
9824 36 106 189
9825 34 155 188
9826 32 103 188
9827 31 203 187
9828 28 204 186
9829 26 51 186
9830 24 77 186
9831 22 212 185
9832 20 53 185
9833 2 214 185
9834 3 206 185
9835 4 73 185
9836 5 165 185
9837 6 139 185
9838 71 17 198
9839 69 197 198
9840 67 242 197
9841 65 189 197
9842 63 120 196
9843 60 120 196
9844 59 136 195
9845 57 34 195
9846 55 137 194
9847 53 242 193
9848 51 189 193
9849 49 240 192
9850 47 60 192
9851 45 15 192
9852 42 14 191
9853 41 137 190
9854 39 227 190
9855 37 121 189
9856 35 223 189
9857 33 60 188
9858 30 25 188
9859 29 68 187
9860 27 17 187
9861 25 197 186
9862 23 121 185
9863 21 223 185
9864 7 50 185
9865 8 182 185
9866 9 219 185
9867 10 102 185
9868 73 169 199
9869 70 197 199
9870 68 121 198
9871 66 223 198
9872 64 120 197
9873 62 30 197
9874 61 44 196
9875 58 17 195
9876 56 197 195
9877 54 242 195
9878 52 189 194
9879 50 240 194
9880 48 30 193
9881 46 136 192
9882 44 34 192
9883 43 255 191
9884 40 227 191
9885 38 189 190
9886 36 240 190
9887 34 60 189
9888 32 15 189
9889 31 101 188
9890 28 137 187
9891 26 227 187
9892 24 121 187
9893 22 223 186
9894 20 120 186
9895 18 15 185
9896 11 60 185
9897 72 39 200
9898 71 247 199
9899 69 126 199
9900 67 160 198
9901 65 40 198
9902 63 5 197
9903 60 148 197
9904 59 177 196
9905 57 237 196
9906 55 252 195
9907 53 160 194
9908 51 40 194
9909 49 10 193
9910 47 131 193
9911 45 97 193
9912 42 172 192
9913 41 252 191
9914 39 63 191
9915 37 80 190
9916 35 20 190
9917 33 131 189
9918 30 95 189
9919 29 217 188
9920 27 247 188
9921 25 126 187
9922 23 80 186
9923 21 20 186
9924 19 5 185
9925 74 217 201
9926 73 235 200
9927 70 126 200
9928 68 80 199
9929 66 20 199
9930 64 5 198
9931 62 194 198
9932 61 155 197
9933 58 247 196
9934 56 126 196
9935 54 160 196
9936 52 40 195
9937 50 10 195
9938 48 194 194
9939 46 177 193
9940 44 237 193
9941 43 55 192
9942 40 63 192
9943 38 40 191
9944 36 10 191
9945 34 131 190
9946 32 97 190
9947 31 220 189
9948 28 252 188
9949 26 63 188
9950 24 80 188
9951 22 20 187
9952 75 158 202
9953 72 102 201
9954 71 21 200
9955 69 198 200
9956 67 178 199
9957 65 173 199
9958 63 118 198
9959 60 123 198
9960 59 168 197
9961 57 42 197
9962 55 139 196
9963 53 178 195
9964 51 173 195
9965 49 236 194
9966 47 59 194
9967 45 79 194
9968 42 144 193
9969 41 139 192
9970 39 99 192
9971 37 89 191
9972 35 215 191
9973 33 59 190
9974 30 248 190
9975 29 84 189
9976 27 21 189
9977 25 198 188
9978 76 79 202
9979 74 84 202
9980 73 59 201
9981 70 198 201
9982 68 89 200
9983 66 215 200
9984 64 118 199
9985 62 158 199
9986 61 111 198
9987 58 21 197
9988 56 198 197
9989 54 178 197
9990 52 173 196
9991 50 236 196
9992 48 158 195
9993 46 168 194
9994 44 42 194
9995 43 225 193
9996 40 99 193
9997 38 173 192
9998 36 236 192
9999 34 59 191
10000 32 79 191
10001 31 206 190
10002 28 139 189
10003 77 112 203
10004 75 28 203
10005 72 14 202
10006 71 33 201
10007 69 201 201
10008 67 243 200
10009 65 125 200
10010 63 112 199
10011 60 166 199
10012 59 7 198
10013 57 66 198
10014 55 145 197
10015 53 243 196
10016 51 125 196
10017 49 224 195
10018 47 56 195
10019 45 14 195
10020 42 110 194
10021 41 145 193
10022 39 229 193
10023 37 250 192
10024 35 191 192
10025 33 56 191
10026 30 144 191
10027 78 56 204
10028 76 14 203
10029 74 132 203
10030 73 245 202
10031 70 201 202
10032 68 250 201
10033 66 191 201
10034 64 112 200
10035 62 28 200
10036 61 71 199
10037 58 33 198
10038 56 201 198
10039 54 243 198
10040 52 125 197
10041 50 224 197
10042 48 28 196
10043 46 7 195
10044 44 66 195
10045 43 136 194
10046 40 229 194
10047 38 125 193
10048 36 224 193
10049 34 56 192
10050 79 190 204
10051 77 176 204
10052 75 44 204
10053 72 240 203
10054 71 162 202
10055 69 169 202
10056 67 235 201
10057 65 123 201
10058 63 176 200
10059 60 21 200
10060 59 11 199
10061 57 67 199
10062 55 81 198
10063 53 235 197
10064 51 123 197
10065 49 95 196
10066 47 88 196
10067 45 22 196
10068 42 161 195
10069 41 81 194
10070 39 213 194
10071 37 246 193
10072 80 190 206
10073 78 88 205
10074 76 22 204
10075 74 134 204
10076 73 168 203
10077 70 169 203
10078 68 246 202
10079 66 190 202
10080 64 176 201
10081 62 44 201
10082 61 248 200
10083 58 162 199
10084 56 169 199
10085 54 235 199
10086 52 123 198
10087 50 95 198
10088 48 44 197
10089 46 11 196
10090 44 67 196
10091 43 197 195
10092 40 213 195
10093 81 203 206
10094 79 115 205
10095 77 93 205
10096 75 216 205
10097 72 130 204
10098 71 71 203
10099 69 82 203
10100 67 149 202
10101 65 230 202
10102 63 93 201
10103 60 7 201
10104 59 54 200
10105 57 142 200
10106 55 164 199
10107 53 149 198
10108 51 230 198
10109 49 186 197
10110 47 175 197
10111 45 108 197
10112 42 166 196
10113 82 203 207
10114 80 115 207
10115 78 175 206
10116 76 108 205
10117 74 27 205
10118 73 180 204
10119 70 82 204
10120 68 203 203
10121 66 115 203
10122 64 93 202
10123 62 216 202
10124 61 195 201
10125 58 71 200
10126 56 82 200
10127 54 149 200
10128 52 230 199
10129 50 186 199
10130 48 216 198
10131 46 54 197
10132 83 248 207
10133 81 62 207
10134 79 144 206
10135 77 36 206
10136 75 9 206
10137 72 165 205
10138 71 185 204
10139 69 239 204
10140 67 124 203
10141 65 31 203
10142 63 36 202
10143 60 41 202
10144 59 195 201
10145 57 113 201
10146 55 221 200
10147 53 124 199
10148 51 31 199
10149 49 72 198
10150 84 248 209
10151 82 62 208
10152 80 144 208
10153 78 18 207
10154 76 133 206
10155 74 226 206
10156 73 4 205
10157 70 239 205
10158 68 62 204
10159 66 144 204
10160 64 36 203
10161 62 9 203
10162 61 205 202
10163 58 185 201
10164 56 239 201
10165 54 124 201
10166 52 31 200
10167 85 254 209
10168 83 96 208
10169 81 24 208
10170 79 6 207
10171 77 130 207
10172 75 161 207
10173 72 41 206
10174 71 254 205
10175 69 192 205
10176 67 48 204
10177 65 12 204
10178 63 130 203
10179 60 154 203
10180 59 233 202
10181 57 251 202
10182 55 127 201
10183 86 127 210
10184 84 96 210
10185 82 24 209
10186 80 6 209
10187 78 65 208
10188 76 209 207
10189 74 245 207
10190 73 166 206
10191 70 192 206
10192 68 24 205
10193 66 6 205
10194 64 130 204
10195 62 161 204
10196 61 168 203
10197 58 254 202
10198 87 128 211
10199 85 32 210
10200 83 4 209
10201 81 1 209
10202 79 193 208
10203 77 241 208
10204 75 253 208
10205 72 185 207
10206 71 32 206
10207 69 8 206
10208 67 2 205
10209 65 129 205
10210 63 241 204
10211 60 183 204
10212 88 64 211
10213 86 16 211
10214 84 4 211
10215 82 1 210
10216 80 193 210
10217 78 249 209
10218 76 255 208
10219 74 128 208
10220 73 87 207
10221 70 8 207
10222 68 1 206
10223 66 193 206
10224 64 241 205
10225 89 107 212
10226 87 91 212
10227 85 87 211
10228 83 43 210
10229 81 75 210
10230 79 83 209
10231 77 85 209
10232 75 214 209
10233 72 129 208
10234 71 87 207
10235 69 86 207
10236 67 150 206
10237 91 62 213
10238 88 174 212
10239 86 172 212
10240 84 43 212
10241 82 75 211
10242 80 83 211
10243 78 171 210
10244 76 107 209
10245 74 91 209
10246 73 131 208
10247 70 86 208
10248 90 39 214
10249 89 58 213
10250 87 143 213
10251 85 100 212
10252 83 141 211
10253 81 228 211
10254 79 57 210
10255 77 207 210
10256 75 116 210
10257 72 215 209
10258 92 232 215
10259 91 216 214
10260 88 200 213
10261 86 50 213
10262 84 141 213
10263 82 228 212
10264 80 57 212
10265 78 232 211
10266 76 58 210
10267 93 210 215
10268 90 68 215
10269 89 238 214
10270 87 188 214
10271 85 47 213
10272 83 38 212
10273 81 138 212
10274 79 163 211
10275 94 210 216
10276 92 181 216
10277 91 17 215
10278 88 94 214
10279 86 152 214
10280 84 38 214
10281 82 138 213
10282 95 70 217
10283 93 73 216
10284 90 130 216
10285 89 117 215
10286 87 222 215
10287 85 184 214
10288 96 35 218
10289 94 73 217
10290 92 211 217
10291 91 76 216
10292 88 111 215
10293 97 183 218
10294 95 110 218
10295 93 78 217
10296 90 205 217
10297 98 220 219
10298 96 55 219
10299 94 78 218
10300 99 159 220
10301 97 104 219
10302 100 159 221
10303 101 11 221
10304 98 134 220
10305 95 216 219
10306 92 108 218
10307 89 18 216
10308 86 9 215
10309 83 130 213
10310 80 130 213
10311 77 193 211
10312 74 225 210
10313 71 166 208
10314 68 83 207
10315 65 199 206
10316 62 228 205
10317 59 38 203
10318 56 19 202
10319 53 46 200
10320 50 46 200
10321 47 179 198
10322 44 218 197
10323 41 122 195
10324 38 61 194
10325 35 106 193
10326 32 53 192
10327 29 223 190
10328 26 240 189
10329 23 40 187
10330 20 40 187
10331 17 178 185
10332 15 89 185
10333 12 2 185
10334 103 147 222
10335 99 216 221
10336 96 108 220
10337 93 18 218
10338 91 110 217
10339 87 3 216
10340 84 130 215
10341 81 193 213
10342 78 225 212
10343 75 75 211
10344 73 7 209
10345 69 199 208
10346 66 228 207
10347 63 38 205
10348 61 159 204
10349 57 92 203
10350 54 46 202
10351 51 179 200
10352 48 218 199
10353 45 244 198
10354 43 193 196
10355 39 106 195
10356 36 53 194
10357 33 223 192
10358 31 51 191
10359 27 80 190
10360 24 40 189
10361 21 178 187
10362 18 89 186
10363 102 73 223
10364 100 216 222
10365 97 36 220
10366 94 18 219
10367 90 121 218
10368 88 130 216
10369 85 129 215
10370 82 193 214
10371 79 75 212
10372 76 166 211
10373 72 17 210
10374 70 199 209
10375 67 76 207
10376 64 38 206
10377 60 214 205
10378 58 46 203
10379 55 101 202
10380 52 179 201
10381 49 244 199
10382 46 122 198
10383 42 186 197
10384 40 106 196
10385 37 189 194
10386 34 223 193
10387 30 139 192
10388 28 40 190
10389 25 99 189
10390 104 216 224
10391 101 36 222
10392 98 18 221
10393 95 6 220
10394 92 3 219
10395 89 129 217
10396 86 193 216
10397 83 75 214
10398 80 75 214
10399 77 141 212
10400 74 199 211
10401 71 76 209
10402 68 38 208
10403 65 184 207
10404 62 92 206
10405 59 101 204
10406 56 179 203
10407 53 244 201
10408 50 244 201
10409 47 212 199
10410 44 106 198
10411 41 189 196
10412 38 223 195
10413 35 160 194
10414 32 80 193
10415 105 72 225
10416 103 238 223
10417 99 6 222
10418 96 3 221
10419 93 129 219
10420 91 147 218
10421 87 150 217
10422 84 75 216
10423 81 141 214
10424 78 199 213
10425 75 152 212
10426 73 99 210
10427 69 184 209
10428 66 92 208
10429 63 101 206
10430 61 133 205
10431 57 231 204
10432 54 244 203
10433 51 212 201
10434 48 106 200
10435 45 121 199
10436 43 68 197
10437 39 160 196
10438 106 36 225
10439 102 79 224
10440 100 6 223
10441 97 1 221
10442 94 129 220
10443 90 246 219
10444 88 75 217
10445 85 25 216
10446 82 141 215
10447 79 152 213
10448 76 76 212
10449 72 82 211
10450 70 184 210
10451 67 202 208
10452 64 101 207
10453 60 41 206
10454 58 244 204
10455 55 167 203
10456 52 212 202
10457 49 121 200
10458 46 189 199
10459 107 12 226
10460 104 6 225
10461 101 1 223
10462 98 129 222
10463 95 43 221
10464 92 150 220
10465 89 25 218
10466 86 141 217
10467 83 152 215
10468 80 152 215
10469 77 111 213
10470 74 184 212
10471 71 202 210
10472 68 101 209
10473 65 205 208
10474 62 231 207
10475 59 167 205
10476 56 212 204
10477 53 121 202
10478 108 6 227
10479 105 2 226
10480 103 166 224
10481 99 43 223
10482 96 150 222
10483 93 25 220
10484 91 41 219
10485 87 47 218
10486 84 152 217
10487 81 111 215
10488 78 184 214
10489 75 147 213
10490 73 110 211
10491 69 205 210
10492 66 231 209
10493 63 167 207
10494 61 15 206
10495 109 2 227
10496 106 1 226
10497 102 249 225
10498 100 43 224
10499 97 50 222
10500 94 25 221
10501 90 197 220
10502 88 152 218
10503 85 222 217
10504 82 111 216
10505 79 147 214
10506 76 202 213
10507 72 231 212
10508 70 205 211
10509 67 77 209
10510 110 2 229
10511 107 86 227
10512 104 43 226
10513 101 50 224
10514 98 25 223
10515 95 94 222
10516 92 47 221
10517 89 222 219
10518 86 111 218
10519 83 147 216
10520 80 147 216
10521 77 153 214
10522 74 205 213
10523 111 86 229
10524 108 43 228
10525 105 100 227
10526 103 107 225
10527 99 94 224
10528 96 47 223
10529 93 222 221
10530 91 255 220
10531 87 37 219
10532 84 147 218
10533 81 153 216
10534 112 86 230
10535 109 100 228
10536 106 50 227
10537 102 117 226
10538 100 94 225
10539 97 187 223
10540 94 222 222
10541 90 252 221
10542 88 147 219
10543 113 100 230
10544 110 100 230
10545 107 188 228
10546 104 94 227
10547 101 187 225
10548 98 222 224
10549 95 74 223
10550 114 100 232
10551 111 188 230
10552 108 94 229
10553 105 117 228
10554 103 218 226
10555 115 119 232
10556 112 188 231
10557 109 117 229
10558 116 188 233
10559 13 33 185
10560 14 158 185
10561 16 13 185
10562 0 133 186
10563 1 4 186
10564 0 243 187
10565 0 243 188
10566 0 243 189
10567 0 243 190
10568 0 243 191
10569 0 243 192
10570 0 243 193
10571 0 243 194
10572 0 243 195
10573 0 243 196
10574 0 243 197
10575 0 243 198
10576 0 243 199
10577 0 243 200
10578 0 243 201
10579 0 243 202
10580 0 243 203
10581 0 243 204
10582 2 106 186
10583 3 247 186
10584 4 71 186
10585 5 156 186
10586 6 256 186
10587 7 211 186
10588 8 193 186
10589 1 235 187
10590 1 235 188
10591 1 235 189
10592 1 235 190
10593 1 235 191
10594 1 235 192
10595 1 235 193
10596 1 235 194
10597 1 235 195
10598 1 235 196
10599 1 235 197
10600 1 235 198
10601 1 235 199
10602 1 235 200
10603 1 235 201
10604 9 193 186
10605 10 75 186
10606 11 191 186
10607 12 59 186
10608 13 148 186
10609 14 88 186
10610 15 200 186
10611 16 241 186
10612 19 130 186
10613 2 149 187
10614 2 149 188
10615 2 149 189
10616 2 149 190
10617 2 149 191
10618 2 149 192
10619 2 149 193
10620 2 149 194
10621 2 149 195
10622 2 149 196
10623 2 149 197
10624 2 149 198
10625 17 155 186
10626 3 152 187
10627 4 88 187
10628 5 97 187
10629 6 13 187
10630 7 119 187
10631 8 168 187
10632 9 28 187
10633 10 93 187
10634 11 228 187
10635 3 124 188
10636 20 96 188
10637 22 131 188
10638 3 124 189
10639 3 124 190
10640 3 124 191
10641 3 124 192
10642 3 124 193
10643 3 124 194
10644 3 124 195
10645 12 133 187
10646 13 18 187
10647 14 226 187
10648 15 76 187
10649 16 235 187
10650 17 158 187
10651 18 194 187
10652 19 16 187
10653 4 241 188
10654 5 199 188
10655 6 212 188
10656 7 243 188
10657 21 253 188
10658 23 198 188
10659 4 48 189
10660 4 48 190
10661 26 58 190
10662 4 48 191
10663 4 48 192
10664 8 92 188
10665 9 145 188
10666 10 142 188
10667 11 121 188
10668 12 125 188
10669 13 218 188
10670 14 55 188
10671 15 179 188
10672 16 240 188
10673 17 144 188
10674 18 256 188
10675 19 106 188
10676 5 100 189
10677 6 3 189
10678 22 256 189
10679 5 2 190
10680 24 79 190
10681 5 2 191
10682 7 61 189
10683 8 16 189
10684 9 110 189
10685 10 247 189
10686 11 68 189
10687 12 234 189
10688 13 123 189
10689 14 79 189
10690 15 2 189
10691 16 213 189
10692 17 215 189
10693 18 45 189
10694 19 232 189
10695 20 53 189
10696 21 169 189
10697 23 75 189
10698 6 150 190
10699 7 35 190
10700 8 110 190
10701 9 109 190
10702 10 173 190
10703 11 57 190
10704 12 193 190
10705 13 202 190
10706 14 121 190
10707 15 196 190
10708 16 107 190
10709 17 254 190
10710 18 19 190
10711 19 226 190
10712 20 110 190
10713 21 58 190
10714 22 189 190
10715 23 201 190
10716 25 81 190
10717 6 83 191
10718 7 172 191
10719 8 50 191
10720 9 192 191
10721 10 171 191
10722 11 203 191
10723 12 125 191
10724 13 139 191
10725 14 14 191
10726 15 132 191
10727 16 218 191
10728 17 149 191
10729 18 181 191
10730 19 11 191
10731 20 212 191
10732 21 224 191
10733 22 57 191
10734 23 11 191
10735 24 60 191
10736 25 169 191
10737 26 40 191
10738 27 116 191
10739 28 20 191
10740 29 231 191
10741 5 154 192
10742 6 30 192
10743 7 85 192
10744 8 76 192
10745 9 110 192
10746 10 149 192
10747 11 123 192
10748 12 82 192
10749 13 10 192
10750 14 139 192
10751 15 249 192
10752 16 223 192
10753 17 245 192
10754 18 18 192
10755 19 107 192
10756 20 86 192
10757 21 55 192
10758 22 117 192
10759 23 244 192
10760 24 128 192
10761 25 41 192
10762 26 43 192
10763 27 17 192
10764 28 121 192
10765 29 59 192
10766 31 110 192
10767 4 136 193
10768 5 183 193
10769 6 139 193
10770 7 116 193
10771 8 72 193
10772 9 114 193
10773 10 7 193
10774 11 30 193
10775 12 175 193
10776 13 76 193
10777 14 36 193
10778 15 194 193
10779 16 121 193
10780 17 49 193
10781 18 83 193
10782 19 26 193
10783 20 74 193
10784 21 148 193
10785 22 153 193
10786 23 129 193
10787 24 164 193
10788 25 70 193
10789 26 2 193
10790 27 98 193
10791 28 26 193
10792 29 234 193
10793 30 109 193
10794 31 11 193
10795 33 233 193
10796 4 26 194
10797 5 96 194
10798 6 147 194
10799 7 206 194
10800 8 13 194
10801 9 129 194
10802 10 101 194
10803 11 160 194
10804 12 98 194
10805 13 167 194
10806 14 243 194
10807 15 157 194
10808 16 204 194
10809 17 210 194
10810 18 70 194
10811 19 50 194
10812 20 187 194
10813 21 195 194
10814 22 10 194
10815 23 256 194
10816 24 202 194
10817 25 88 194
10818 26 113 194
10819 27 203 194
10820 28 83 194
10821 29 135 194
10822 30 253 194
10823 31 135 194
10824 32 130 194
10825 33 84 194
10826 34 126 194
10827 4 107 195
10828 5 227 195
10829 6 84 195
10830 7 140 195
10831 8 69 195
10832 9 43 195
10833 10 28 195
10834 11 61 195
10835 12 33 195
10836 13 149 195
10837 14 169 195
10838 15 154 195
10839 16 77 195
10840 17 224 195
10841 18 251 195
10842 19 141 195
10843 20 52 195
10844 21 27 195
10845 22 255 195
10846 23 125 195
10847 24 22 195
10848 25 29 195
10849 26 238 195
10850 27 228 195
10851 28 227 195
10852 29 57 195
10853 30 5 195
10854 31 100 195
10855 32 256 195
10856 33 10 195
10857 34 49 195
10858 35 34 195
10859 36 246 195
10860 37 127 195
10861 3 1 196
10862 4 230 196
10863 5 249 196
10864 6 85 196
10865 7 255 196
10866 8 33 196
10867 9 9 196
10868 10 88 196
10869 11 150 196
10870 12 221 196
10871 13 232 196
10872 14 50 196
10873 15 213 196
10874 16 161 196
10875 17 116 196
10876 18 106 196
10877 19 154 196
10878 20 139 196
10879 21 10 196
10880 22 97 196
10881 23 73 196
10882 24 210 196
10883 25 118 196
10884 26 191 196
10885 27 143 196
10886 28 59 196
10887 29 8 196
10888 30 14 196
10889 31 16 196
10890 32 72 196
10891 33 107 196
10892 34 116 196
10893 35 234 196
10894 36 92 196
10895 37 160 196
10896 38 110 196
10897 3 218 197
10898 4 28 197
10899 5 12 197
10900 6 51 197
10901 7 221 197
10902 8 210 197
10903 9 20 197
10904 10 2 197
10905 11 107 197
10906 12 53 197
10907 13 62 197
10908 14 33 197
10909 15 188 197
10910 16 81 197
10911 17 50 197
10912 18 242 197
10913 19 203 197
10914 20 164 197
10915 21 52 197
10916 22 15 197
10917 23 60 197
10918 24 165 197
10919 25 222 197
10920 26 229 197
10921 27 241 197
10922 28 107 197
10923 29 187 197
10924 30 31 197
10925 31 203 197
10926 32 155 197
10927 33 133 197
10928 34 27 197
10929 35 15 197
10930 36 115 197
10931 37 248 197
10932 38 203 197
10933 39 231 197
10934 40 81 197
10935 41 33 197
10936 3 28 198
10937 4 26 198
10938 5 37 198
10939 6 17 198
10940 7 180 198
10941 8 53 198
10942 9 149 198
10943 10 39 198
10944 11 25 198
10945 12 216 198
10946 13 207 198
10947 14 167 198
10948 15 254 198
10949 16 37 198
10950 17 158 198
10951 18 209 198
10952 19 18 198
10953 20 93 198
10954 21 47 198
10955 22 122 198
10956 23 223 198
10957 24 249 198
10958 25 201 198
10959 26 225 198
10960 27 68 198
10961 28 4 198
10962 29 187 198
10963 30 166 198
10964 31 47 198
10965 32 168 198
10966 33 245 198
10967 34 100 198
10968 35 96 198
10969 36 215 198
10970 37 190 198
10971 38 154 198
10972 39 24 198
10973 40 76 198
10974 41 190 198
10975 42 44 198
10976 43 35 198
10977 2 131 199
10978 3 93 199
10979 4 216 199
10980 5 112 199
10981 6 65 199
10982 7 238 199
10983 8 163 199
10984 9 11 199
10985 10 52 199
10986 11 71 199
10987 12 159 199
10988 13 151 199
10989 14 108 199
10990 15 150 199
10991 16 183 199
10992 17 184 199
10993 18 208 199
10994 19 244 199
10995 20 255 199
10996 21 128 199
10997 22 226 199
10998 23 130 199
10999 24 5 199
11000 25 62 199
11001 26 242 199
11002 27 91 199
11003 28 100 199
11004 29 249 199
11005 30 53 199
11006 31 52 199
11007 32 67 199
11008 33 26 199
11009 34 11 199
11010 35 49 199
11011 36 215 199
11012 37 8 199
11013 38 79 199
11014 39 204 199
11015 40 55 199
11016 41 182 199
11017 42 14 199
11018 43 120 199
11019 44 93 199
11020 2 188 200
11021 3 50 200
11022 4 210 200
11023 5 16 200
11024 6 245 200
11025 7 118 200
11026 8 121 200
11027 9 47 200
11028 10 224 200
11029 11 201 200
11030 12 204 200
11031 13 239 200
11032 14 137 200
11033 15 183 200
11034 16 77 200
11035 17 12 200
11036 18 144 200
11037 19 255 200
11038 20 138 200
11039 21 32 200
11040 22 149 200
11041 23 245 200
11042 24 241 200
11043 25 146 200
11044 26 198 200
11045 27 172 200
11046 28 75 200
11047 29 111 200
11048 30 163 200
11049 31 35 200
11050 32 213 200
11051 33 56 200
11052 34 145 200
11053 35 109 200
11054 36 59 200
11055 37 244 200
11056 38 246 200
11057 39 21 200
11058 40 183 200
11059 41 211 200
11060 42 223 200
11061 43 167 200
11062 44 182 200
11063 45 250 200
11064 46 135 200
11065 47 173 200
11066 2 65 201
11067 3 222 201
11068 4 138 201
11069 5 100 201
11070 6 150 201
11071 7 160 201
11072 8 35 201
11073 9 116 201
11074 10 36 201
11075 11 129 201
11076 12 123 201
11077 13 134 201
11078 14 111 201
11079 15 180 201
11080 16 71 201
11081 17 144 201
11082 18 201 201
11083 19 178 201
11084 20 72 201
11085 21 57 201
11086 22 146 201
11087 23 151 201
11088 24 36 201
11089 25 93 201
11090 26 116 201
11091 27 4 201
11092 28 256 201
11093 29 131 201
11094 30 166 201
11095 31 138 201
11096 32 181 201
11097 33 233 201
11098 34 174 201
11099 35 152 201
11100 36 163 201
11101 37 5 201
11102 38 229 201
11103 39 61 201
11104 40 113 201
11105 41 232 201
11106 42 190 201
11107 43 70 201
11108 44 44 201
11109 45 194 201
11110 46 89 201
11111 47 14 201
11112 48 167 201
11113 49 83 201
11114 1 253 202
11115 2 163 202
11116 3 85 202
11117 4 202 202
11118 5 145 202
11119 6 37 202
11120 7 67 202
11121 8 232 202
11122 9 184 202
11123 10 185 202
11124 11 121 202
11125 12 167 202
11126 13 68 202
11127 14 214 202
11128 15 59 202
11129 16 246 202
11130 17 73 202
11131 18 26 202
11132 19 230 202
11133 20 157 202
11134 21 108 202
11135 22 102 202
11136 23 32 202
11137 24 144 202
11138 25 42 202
11139 26 36 202
11140 27 72 202
11141 28 152 202
11142 29 157 202
11143 30 10 202
11144 31 128 202
11145 32 139 202
11146 33 133 202
11147 34 131 202
11148 35 183 202
11149 36 88 202
11150 37 148 202
11151 38 238 202
11152 39 54 202
11153 40 138 202
11154 41 138 202
11155 42 193 202
11156 43 90 202
11157 44 186 202
11158 45 82 202
11159 46 23 202
11160 47 188 202
11161 48 145 202
11162 49 197 202
11163 50 12 202
11164 51 12 202
11165 1 161 203
11166 2 163 203
11167 3 10 203
11168 4 123 203
11169 5 70 203
11170 6 207 203
11171 7 240 203
11172 8 170 203
11173 9 78 203
11174 10 104 203
11175 11 226 203
11176 12 53 203
11177 13 223 203
11178 14 139 203
11179 15 157 203
11180 16 118 203
11181 17 112 203
11182 18 36 203
11183 19 243 203
11184 20 223 203
11185 21 62 203
11186 22 117 203
11187 23 207 203
11188 24 65 203
11189 25 175 203
11190 26 87 203
11191 27 79 203
11192 28 216 203
11193 29 253 203
11194 30 30 203
11195 31 92 203
11196 32 252 203
11197 33 177 203
11198 34 21 203
11199 35 232 203
11200 36 228 203
11201 37 226 203
11202 38 174 203
11203 39 81 203
11204 40 86 203
11205 41 82 203
11206 42 238 203
11207 43 201 203
11208 44 125 203
11209 45 39 203
11210 46 80 203
11211 47 1 203
11212 48 139 203
11213 49 158 203
11214 50 176 203
11215 51 21 203
11216 52 224 203
11217 53 118 203
11218 1 86 204
11219 2 210 204
11220 3 227 204
11221 4 212 204
11222 5 215 204
11223 6 151 204
11224 7 92 204
11225 8 17 204
11226 9 245 204
11227 10 253 204
11228 11 66 204
11229 12 161 204
11230 13 232 204
11231 14 78 204
11232 15 117 204
11233 16 254 204
11234 17 118 204
11235 18 78 204
11236 19 60 204
11237 20 197 204
11238 21 92 204
11239 22 125 204
11240 23 214 204
11241 24 10 204
11242 25 2 204
11243 26 166 204
11244 27 198 204
11245 28 89 204
11246 29 99 204
11247 30 73 204
11248 31 13 204
11249 32 120 204
11250 33 46 204
11251 34 118 204
11252 35 79 204
11253 36 188 204
11254 37 241 204
11255 38 10 204
11256 39 108 204
11257 40 201 204
11258 41 151 204
11259 42 42 204
11260 43 73 204
11261 44 235 204
11262 45 124 204
11263 46 95 204
11264 47 158 204
11265 48 179 204
11266 49 6 204
11267 50 74 204
11268 51 73 204
11269 52 69 204
11270 53 226 204
11271 54 17 204
11272 55 10 204
11273 0 231 205
11274 1 144 205
11275 2 203 205
11276 3 52 205
11277 4 216 205
11278 5 49 205
11279 6 9 205
11280 7 234 205
11281 8 18 205
11282 9 15 205
11283 10 139 205
11284 11 6 205
11285 12 245 205
11286 13 54 205
11287 14 124 205
11288 15 206 205
11289 16 217 205
11290 17 103 205
11291 18 52 205
11292 19 23 205
11293 20 134 205
11294 21 250 205
11295 22 108 205
11296 23 225 205
11297 24 124 205
11298 25 153 205
11299 26 17 205
11300 27 177 205
11301 28 228 205
11302 29 126 205
11303 30 46 205
11304 31 47 205
11305 32 51 205
11306 33 70 205
11307 34 12 205
11308 35 24 205
11309 36 87 205
11310 37 2 205
11311 38 110 205
11312 39 89 205
11313 40 137 205
11314 41 197 205
11315 42 42 205
11316 43 214 205
11317 44 134 205
11318 45 119 205
11319 46 34 205
11320 47 211 205
11321 48 110 205
11322 49 25 205
11323 50 220 205
11324 51 107 205
11325 52 152 205
11326 53 190 205
11327 54 107 205
11328 55 119 205
11329 56 173 205
11330 57 214 205
11331 58 24 205
11332 0 161 206
11333 1 177 206
11334 2 205 206
11335 3 250 206
11336 4 110 206
11337 5 139 206
11338 6 256 206
11339 7 227 206
11340 8 88 206
11341 9 20 206
11342 10 54 206
11343 11 190 206
11344 12 226 206
11345 13 149 206
11346 14 105 206
11347 15 24 206
11348 16 59 206
11349 17 37 206
11350 18 97 206
11351 19 38 206
11352 20 67 206
11353 21 124 206
11354 22 168 206
11355 23 40 206
11356 24 196 206
11357 25 220 206
11358 26 247 206
11359 27 97 206
11360 28 8 206
11361 29 141 206
11362 30 223 206
11363 31 36 206
11364 32 230 206
11365 33 222 206
11366 34 161 206
11367 35 234 206
11368 36 200 206
11369 37 201 206
11370 38 62 206
11371 39 24 206
11372 40 204 206
11373 41 139 206
11374 42 82 206
11375 43 115 206
11376 44 218 206
11377 45 178 206
11378 46 29 206
11379 47 182 206
11380 48 42 206
11381 49 190 206
11382 50 83 206
11383 51 194 206
11384 52 235 206
11385 53 139 206
11386 54 36 206
11387 55 244 206
11388 56 173 206
11389 57 233 206
11390 58 135 206
11391 59 48 206
11392 0 216 207
11393 1 75 207
11394 2 48 207
11395 3 248 207
11396 4 224 207
11397 5 230 207
11398 6 48 207
11399 7 222 207
11400 8 236 207
11401 9 17 207
11402 10 142 207
11403 11 170 207
11404 12 139 207
11405 13 131 207
11406 14 179 207
11407 15 230 207
11408 16 182 207
11409 17 74 207
11410 18 140 207
11411 19 109 207
11412 20 177 207
11413 21 202 207
11414 22 202 207
11415 23 249 207
11416 24 106 207
11417 25 134 207
11418 26 1 207
11419 27 221 207
11420 28 47 207
11421 29 111 207
11422 30 29 207
11423 31 167 207
11424 32 251 207
11425 33 129 207
11426 34 72 207
11427 35 197 207
11428 36 220 207
11429 37 31 207
11430 38 137 207
11431 39 217 207
11432 40 154 207
11433 41 138 207
11434 42 87 207
11435 43 159 207
11436 44 237 207
11437 45 135 207
11438 46 226 207
11439 47 251 207
11440 48 64 207
11441 49 18 207
11442 50 38 207
11443 51 115 207
11444 52 65 207
11445 53 109 207
11446 54 116 207
11447 55 183 207
11448 56 169 207
11449 57 68 207
11450 58 251 207
11451 59 49 207
11452 60 72 207
11453 61 61 207
11454 0 127 208
11455 1 233 208
11456 2 149 208
11457 3 71 208
11458 4 56 208
11459 5 22 208
11460 6 71 208
11461 7 33 208
11462 8 98 208
11463 9 14 208
11464 10 144 208
11465 11 33 208
11466 12 169 208
11467 13 155 208
11468 14 162 208
11469 15 241 208
11470 16 236 208
11471 17 28 208
11472 18 249 208
11473 19 114 208
11474 20 125 208
11475 21 144 208
11476 22 212 208
11477 23 177 208
11478 24 246 208
11479 25 34 208
11480 26 143 208
11481 27 104 208
11482 28 185 208
11483 29 90 208
11484 30 213 208
11485 31 238 208
11486 32 213 208
11487 33 145 208
11488 34 7 208
11489 36 123 208
11490 35 131 208
11491 37 135 208
11492 38 234 208
11493 39 218 208
11494 40 85 208
11495 41 185 208
11496 42 59 208
11497 43 29 208
11498 44 162 208
11499 45 122 208
11500 46 61 208
11501 47 115 208
11502 48 198 208
11503 49 235 208
11504 50 151 208
11505 51 235 208
11506 52 231 208
11507 53 159 208
11508 54 250 208
11509 55 91 208
11510 56 4 208
11511 62 80 208
11512 60 43 208
11513 57 109 208
11514 58 232 208
11515 59 217 208
11516 61 141 208
11517 63 90 208
11518 64 222 208
11519 0 105 209
11520 1 134 209
11521 2 164 209
11522 3 71 209
11523 4 7 209
11524 5 221 209
11525 6 207 209
11526 7 196 209
11527 8 187 209
11528 9 255 209
11529 10 92 209
11530 11 232 209
11531 12 215 209
11532 13 134 209
11533 14 98 209
11534 15 140 209
11535 16 29 209
11536 17 151 209
11537 18 246 209
11538 19 121 209
11539 20 203 209
11540 21 198 209
11541 22 22 209
11542 23 56 209
11543 35 255 209
11544 32 121 209
11545 30 168 209
11546 39 228 209
11547 62 2 209
11548 60 243 209
11549 45 227 209
11550 56 181 209
11551 54 160 209
11552 52 48 209
11553 50 183 209
11554 48 88 209
11555 46 232 209
11556 44 242 209
11557 42 243 209
11558 40 23 209
11559 38 56 209
11560 36 85 209
11561 34 154 209
11562 65 215 209
11563 63 43 209
11564 61 29 209
11565 59 54 209
11566 57 238 209
11567 55 20 209
11568 53 4 209
11569 51 208 209
11570 49 11 209
11571 47 58 209
11572 58 4 209
11573 43 25 209
11574 41 109 209
11575 64 159 209
11576 37 107 209
11577 66 243 210
11578 39 205 210
11579 62 90 210
11580 60 73 210
11581 45 246 210
11582 56 178 210
11583 54 4 210
11584 52 104 210
11585 50 11 210
11586 48 105 210
11587 46 160 210
11588 44 96 210
11589 42 226 210
11590 40 7 210
11591 67 191 210
11592 65 166 210
11593 63 136 210
11594 61 102 210
11595 59 117 210
11596 57 173 210
11597 55 129 210
11598 53 180 210
11599 51 108 210
11600 49 238 210
11601 47 40 210
11602 58 152 210
11603 43 164 210
11604 68 235 210
11605 66 141 211
11606 64 68 210
11607 62 195 211
11608 60 225 211
11609 45 151 211
11610 56 43 211
11611 54 180 211
11612 52 54 211
11613 50 238 211
11614 48 99 211
11615 46 4 211
11616 69 123 211
11617 67 114 211
11618 65 17 211
11619 63 209 211
11620 61 194 211
11621 59 125 211
11622 57 75 211
11623 55 151 211
11624 53 133 211
11625 51 234 211
11626 49 173 211
11627 71 124 211
11628 68 38 211
11629 66 177 212
11630 64 233 211
11631 62 37 212
11632 60 154 212
11633 58 141 211
11634 56 136 212
11635 54 133 212
11636 52 117 212
11637 70 145 212
11638 69 138 212
11639 67 247 212
11640 65 251 212
11641 63 153 212
11642 61 225 212
11643 59 228 212
11644 57 34 212
11645 55 113 212
11646 73 57 212
11647 71 135 212
11648 68 168 212
11649 66 255 213
11650 64 205 212
11651 62 123 213
11652 60 18 213
11653 58 177 212
11654 72 177 213
11655 70 107 213
11656 69 42 213
11657 67 64 213
11658 65 244 213
11659 63 203 213
11660 61 206 213
11661 74 31 214
11662 73 250 213
11663 71 60 213
11664 68 107 213
11665 66 167 214
11666 64 230 213
11667 75 72 214
11668 72 72 214
11669 70 54 214
11670 69 91 214
11671 67 53 214
11672 76 12 214
11673 74 110 215
11674 73 109 214
11675 71 76 214
11676 77 3 215
11677 75 156 215
11678 72 207 215
11679 78 1 215
11680 76 26 215
11681 79 225 215
11682 80 32 217
11683 77 91 216
11684 74 232 216
11685 70 182 215
11686 68 140 214
11687 65 70 214
11688 62 218 214
11689 59 122 213
11690 56 167 213
11691 53 242 212
11692 50 227 212
11693 47 252 211
11694 44 168 211
11695 41 28 210
11696 38 190 210
11697 35 95 210
11698 33 201 209
11699 24 197 209
11700 25 250 209
11701 26 162 209
11702 27 55 209
11703 28 185 209
11704 29 196 209
11705 31 88 209
11706 0 127 210
11707 1 117 210
11708 2 143 210
11709 3 204 210
11710 4 96 210
11711 5 186 210
11712 6 19 210
11713 7 180 210
11714 8 64 210
11715 9 28 210
11716 10 130 210
11717 11 114 210
11718 12 54 210
11719 81 174 217
11720 78 116 216
11721 75 58 216
11722 73 2 215
11723 69 35 215
11724 66 109 215
11725 63 61 214
11726 60 234 214
11727 57 106 213
11728 54 242 213
11729 51 126 212
11730 48 84 212
11731 45 42 212
11732 42 138 211
11733 39 176 211
11734 36 203 210
11735 32 256 210
11736 13 234 210
11737 14 44 210
11738 15 203 210
11739 16 155 210
11740 17 135 210
11741 18 197 210
11742 19 177 210
11743 20 18 210
11744 21 57 210
11745 22 236 210
11746 23 92 210
11747 24 50 210
11748 25 35 210
11749 26 133 210
11750 27 244 210
11751 28 123 210
11752 29 237 210
11753 30 101 210
11754 31 25 210
11755 82 87 217
11756 79 143 216
11757 76 181 216
11758 72 45 216
11759 71 121 215
11760 67 110 215
11761 64 159 214
11762 61 217 214
11763 58 189 213
11764 55 223 213
11765 52 63 213
11766 49 139 212
11767 46 7 212
11768 43 35 211
11769 40 88 211
11770 37 186 210
11771 34 124 210
11772 33 69 210
11773 0 7 211
11774 1 73 211
11775 2 175 211
11776 3 66 211
11777 4 215 211
11778 5 192 211
11779 6 147 211
11780 7 71 211
11781 8 198 211
11782 9 150 211
11783 10 81 211
11784 11 161 211
11785 12 69 211
11786 13 174 211
11787 14 228 211
11788 15 25 211
11789 16 241 211
11790 83 200 217
11791 80 143 218
11792 77 238 217
11793 74 73 217
11794 70 214 216
11795 68 208 215
11796 65 104 215
11797 62 155 215
11798 59 240 214
11799 56 160 214
11800 53 198 213
11801 50 139 213
11802 47 66 212
11803 44 44 212
11804 41 93 211
11805 38 62 211
11806 35 31 211
11807 17 165 211
11808 18 32 211
11809 19 243 211
11810 20 219 211
11811 21 87 211
11812 22 41 211
11813 23 226 211
11814 24 23 211
11815 25 254 211
11816 26 51 211
11817 27 156 211
11818 28 219 211
11819 29 256 211
11820 30 144 211
11821 31 171 211
11822 32 115 211
11823 33 153 211
11824 85 112 218
11825 81 119 218
11826 78 165 217
11827 75 211 217
11828 73 28 216
11829 69 52 216
11830 66 206 216
11831 63 120 215
11832 60 13 215
11833 57 40 214
11834 54 198 214
11835 51 33 213
11836 48 22 213
11837 45 11 213
11838 42 132 212
11839 39 144 212
11840 36 96 211
11841 34 222 211
11842 37 211 211
11843 0 68 212
11844 1 153 212
11845 2 148 212
11846 3 93 212
11847 4 147 212
11848 5 187 212
11849 6 96 212
11850 7 150 212
11851 8 163 212
11852 9 177 212
11853 10 81 212
11854 11 46 212
11855 12 40 212
11856 13 74 212
11857 84 194 219
11858 82 188 218
11859 79 117 217
11860 76 78 217
11861 72 2 217
11862 71 228 216
11863 67 90 216
11864 64 60 215
11865 61 66 215
11866 58 178 214
11867 55 89 214
11868 52 145 214
11869 49 67 213
11870 46 216 213
11871 43 2 212
11872 40 72 212
11873 14 174 212
11874 15 231 212
11875 16 152 212
11876 17 232 212
11877 18 240 212
11878 19 22 212
11879 20 91 212
11880 21 27 212
11881 22 77 212
11882 23 109 212
11883 24 11 212
11884 25 98 212
11885 26 248 212
11886 27 122 212
11887 28 181 212
11888 29 5 212
11889 86 94 219
11890 83 187 218
11891 80 117 219
11892 77 148 218
11893 74 13 218
11894 70 191 217
11895 68 30 216
11896 65 15 216
11897 62 10 216
11898 59 173 215
11899 56 201 215
11900 53 162 214
11901 50 67 214
11902 47 54 213
11903 44 36 213
11904 41 6 212
11905 38 4 212
11906 35 2 212
11907 30 203 212
11908 31 176 212
11909 32 196 212
11910 33 242 212
11911 34 3 212
11912 36 234 212
11913 37 224 212
11914 0 138 213
11915 1 217 213
11916 2 126 213
11917 3 153 213
11918 4 23 213
11919 5 131 213
11920 87 152 220
11921 85 197 219
11922 81 74 219
11923 78 135 218
11924 75 196 218
11925 73 2 217
11926 69 136 217
11927 66 5 217
11928 63 215 216
11929 60 128 216
11930 57 243 215
11931 54 162 215
11932 51 27 214
11933 48 18 214
11934 45 9 214
11935 42 113 213
11936 39 1 213
11937 6 10 213
11938 7 222 213
11939 8 42 213
11940 9 67 213
11941 10 244 213
11942 11 242 213
11943 12 118 213
11944 13 51 213
11945 14 20 213
11946 15 18 213
11947 16 59 213
11948 17 178 213
11949 18 125 213
11950 88 111 220
11951 84 128 220
11952 82 37 219
11953 79 49 218
11954 76 204 218
11955 72 6 218
11956 71 222 217
11957 67 97 217
11958 64 236 216
11959 61 183 216
11960 58 169 215
11961 55 213 215
11962 52 142 215
11963 49 195 214
11964 46 130 214
11965 43 174 213
11966 40 129 213
11967 19 86 213
11968 20 69 213
11969 21 203 213
11970 22 1 213
11971 23 44 213
11972 24 115 213
11973 25 58 213
11974 26 239 213
11975 27 52 213
11976 28 222 213
11977 29 126 213
11978 30 92 213
11979 89 92 220
11980 86 147 220
11981 83 153 219
11982 80 49 220
11983 77 51 219
11984 74 34 219
11985 70 175 218
11986 68 118 217
11987 65 59 217
11988 62 125 217
11989 59 235 216
11990 56 71 216
11991 53 226 215
11992 50 195 215
11993 47 161 214
11994 44 193 214
11995 41 75 213
11996 38 50 213
11997 35 25 213
11998 31 17 213
11999 32 220 213
12000 33 187 213
12001 34 77 213
12002 36 200 213
12003 37 72 213
12004 0 167 214
12005 1 181 214
12006 2 125 214
12007 91 242 221
12008 87 101 221
12009 85 18 220
12010 81 154 220
12011 78 17 219
12012 75 137 219
12013 73 44 218
12014 69 158 218
12015 66 191 218
12016 63 246 217
12017 60 205 217
12018 57 82 216
12019 54 226 216
12020 51 209 215
12021 48 225 215
12022 45 241 215
12023 42 190 214
12024 39 141 214
12025 3 27 214
12026 4 14 214
12027 5 20 214
12028 6 92 214
12029 7 240 214
12030 8 241 214
12031 9 231 214
12032 10 30 214
12033 11 3 214
12034 90 172 222
12035 88 231 221
12036 84 239 221
12037 82 77 220
12038 79 227 219
12039 76 237 219
12040 72 212 219
12041 71 251 218
12042 67 56 218
12043 64 123 217
12044 61 152 217
12045 58 185 216
12046 55 221 216
12047 52 233 216
12048 49 253 215
12049 46 83 215
12050 43 90 214
12051 40 199 214
12052 12 17 214
12053 13 45 214
12054 14 33 214
12055 15 93 214
12056 16 179 214
12057 17 36 214
12058 18 52 214
12059 19 256 214
12060 92 218 222
12061 89 122 221
12062 86 167 221
12063 83 242 220
12064 80 227 221
12065 77 252 220
12066 74 168 220
12067 70 26 219
12068 68 190 218
12069 65 95 218
12070 62 149 218
12071 59 239 217
12072 56 245 217
12073 53 255 216
12074 50 253 216
12075 47 85 215
12076 44 228 215
12077 41 38 214
12078 38 111 214
12079 35 184 214
12080 20 83 214
12081 21 228 214
12082 22 201 214
12083 23 100 214
12084 24 211 214
12085 93 61 222
12086 91 214 222
12087 87 106 222
12088 85 59 221
12089 81 126 221
12090 78 84 220
12091 75 42 220
12092 73 145 219
12093 69 176 219
12094 66 203 219
12095 63 248 218
12096 60 31 218
12097 57 254 217
12098 54 255 217
12099 51 171 216
12100 48 114 216
12101 45 57 216
12102 42 8 215
12103 39 92 215
12104 36 147 214
12105 32 139 214
12106 25 147 214
12107 26 181 214
12108 27 159 214
12109 94 159 223
12110 90 123 223
12111 88 189 222
12112 84 244 222
12113 82 63 221
12114 79 139 220
12115 76 7 220
12116 72 11 220
12117 71 243 219
12118 67 186 219
12119 64 124 218
12120 61 245 218
12121 58 128 217
12122 55 64 217
12123 52 214 217
12124 49 207 216
12125 46 138 216
12126 43 45 215
12127 40 46 215
12128 37 179 214
12129 34 205 214
12130 30 17 214
12131 28 224 214
12132 95 104 224
12133 92 155 223
12134 89 240 222
12135 86 160 222
12136 83 198 221
12137 80 139 222
12138 77 66 221
12139 74 44 221
12140 70 144 220
12141 68 62 219
12142 65 31 219
12143 62 192 219
12144 59 32 218
12145 56 107 218
12146 53 232 217
12147 50 207 217
12148 47 163 216
12149 44 23 216
12150 41 218 215
12151 38 231 215
12152 35 244 215
12153 33 120 214
12154 96 206 224
12155 93 120 223
12156 91 48 223
12157 87 40 223
12158 85 76 222
12159 81 33 222
12160 78 22 221
12161 75 11 221
12162 73 91 220
12163 69 144 220
12164 66 96 220
12165 63 16 219
12166 60 162 219
12167 57 91 218
12168 54 232 218
12169 51 210 217
12170 48 140 217
12171 45 70 217
12172 42 196 216
12173 39 122 216
12174 36 167 215
12175 97 90 224
12176 94 60 224
12177 90 207 224
12178 88 178 223
12179 84 86 223
12180 82 145 222
12181 79 67 221
12182 76 216 221
12183 72 79 221
12184 71 202 220
12185 67 12 220
12186 64 8 219
12187 61 179 219
12188 58 58 218
12189 55 29 218
12190 52 105 218
12191 49 146 217
12192 46 183 217
12193 43 148 216
12194 40 61 216
12195 98 30 225
12196 95 15 225
12197 92 10 224
12198 89 173 223
12199 86 201 223
12200 83 162 222
12201 80 67 223
12202 77 54 222
12203 74 36 222
12204 70 120 221
12205 68 4 220
12206 65 2 220
12207 62 87 220
12208 59 143 219
12209 56 181 219
12210 53 73 218
12211 50 146 218
12212 47 110 217
12213 44 159 217
12214 99 136 225
12215 96 5 225
12216 93 215 224
12217 91 16 224
12218 87 243 224
12219 85 70 223
12220 81 27 223
12221 78 18 222
12222 75 9 222
12223 73 243 221
12224 69 1 221
12225 66 172 221
12226 63 200 220
12227 60 170 220
12228 57 238 219
12229 54 73 219
12230 51 55 218
12231 48 208 218
12232 100 68 226
12233 97 97 225
12234 94 236 225
12235 90 78 225
12236 88 169 224
12237 84 234 224
12238 82 142 223
12239 79 195 222
12240 76 130 222
12241 72 46 222
12242 71 170 221
12243 67 150 221
12244 64 100 220
12245 61 140 220
12246 58 211 219
12247 55 234 219
12248 52 156 219
12249 101 177 226
12250 98 118 226
12251 95 59 226
12252 92 125 225
12253 89 235 224
12254 86 71 224
12255 83 226 223
12256 80 195 224
12257 77 161 223
12258 74 193 223
12259 70 253 222
12260 68 50 221
12261 65 25 221
12262 62 188 221
12263 59 117 220
12264 56 78 220
12265 102 93 227
12266 99 158 226
12267 96 191 226
12268 93 246 225
12269 91 96 225
12270 87 82 225
12271 85 155 224
12272 81 209 224
12273 78 225 223
12274 75 241 223
12275 73 16 222
12276 69 141 222
12277 66 94 222
12278 63 187 221
12279 60 140 221
12280 103 13 227
12281 100 79 227
12282 97 56 226
12283 94 123 226
12284 90 168 226
12285 88 185 225
12286 84 147 225
12287 82 233 224
12288 79 253 223
12289 76 83 223
12290 72 152 223
12291 71 58 222
12292 67 76 222
12293 64 222 221
12294 104 168 228
12295 101 28 227
12296 98 190 227
12297 95 95 227
12298 92 149 226
12299 89 239 225
12300 86 245 225
12301 83 255 224
12302 80 253 225
12303 77 85 224
12304 74 228 224
12305 70 38 223
12306 68 111 222
12307 106 136 228
12308 102 41 228
12309 99 176 227
12310 96 203 227
12311 93 248 226
12312 91 157 226
12313 87 254 226
12314 85 5 225
12315 81 171 225
12316 78 114 224
12317 75 57 224
12318 73 146 223
12319 105 115 229
12320 103 99 228
12321 100 88 228
12322 97 186 227
12323 94 124 227
12324 90 243 227
12325 88 128 226
12326 84 77 226
12327 82 214 225
12328 79 207 224
12329 76 138 224
12330 107 66 229
12331 104 44 229
12332 101 93 228
12333 98 62 228
12334 95 31 228
12335 92 192 227
12336 89 32 226
12337 86 107 226
12338 83 232 225
12339 80 207 226
12340 108 22 230
12341 106 109 229
12342 102 179 229
12343 99 144 228
12344 96 96 228
12345 93 16 227
12346 91 233 227
12347 87 91 227
12348 84 232 227
12349 109 67 230
12350 105 23 230
12351 103 135 229
12352 100 72 229
12353 97 12 228
12354 94 8 228
12355 90 116 228
12356 88 58 227
12357 110 67 231
12358 107 54 230
12359 104 36 230
12360 101 6 229
12361 98 4 229
12362 95 2 229
12363 92 87 228
12364 111 27 231
12365 108 18 231
12366 106 236 230
12367 102 189 230
12368 99 1 229
12369 96 172 229
12370 113 230 231
12371 109 195 231
12372 105 19 231
12373 103 51 230
12374 100 129 230
12375 112 113 232
12376 110 195 232
12377 107 161 231
12378 104 193 231
12379 114 226 233
12380 111 209 232
12381 108 225 232
12382 115 221 233
12383 113 8 232
12384 116 245 234
12385 29 6 214
12386 31 222 214
12387 0 177 215
12388 1 55 215
12389 2 8 215
12390 3 239 215
12391 4 168 215
12392 5 51 215
12393 6 169 215
12394 7 66 215
12395 8 141 215
12396 0 183 216
12397 0 183 217
12398 0 183 218
12399 0 183 219
12400 0 183 220
12401 9 111 215
12402 10 159 215
12403 11 135 215
12404 12 254 215
12405 13 79 215
12406 14 187 215
12407 15 174 215
12408 16 177 215
12409 17 12 215
12410 18 244 215
12411 19 78 215
12412 20 140 215
12413 21 54 215
12414 22 176 215
12415 1 175 216
12416 23 176 215
12417 24 232 215
12418 25 91 215
12419 26 124 215
12420 27 38 215
12421 28 251 215
12422 29 42 215
12423 30 8 215
12424 31 133 215
12425 32 131 215
12426 33 197 215
12427 34 251 215
12428 37 239 215
12429 2 246 216
12430 3 194 216
12431 4 134 216
12432 5 248 216
12433 6 16 216
12434 7 199 216
12435 8 224 216
12436 9 137 216
12437 10 119 216
12438 11 101 216
12439 12 94 216
12440 13 27 216
12441 14 229 216
12442 15 139 216
12443 16 20 216
12444 17 116 216
12445 18 239 216
12446 19 103 216
12447 20 89 216
12448 21 118 216
12449 22 85 216
12450 23 64 216
12451 24 45 216
12452 25 191 216
12453 26 172 216
12454 27 120 216
12455 28 38 216
12456 29 220 216
12457 30 191 216
12458 31 153 216
12459 32 161 216
12460 33 86 216
12461 34 213 216
12462 35 58 216
12463 36 96 216
12464 37 201 216
12465 38 14 216
12466 41 212 216
12467 1 116 217
12468 2 39 217
12469 3 14 217
12470 4 40 217
12471 5 114 217
12472 6 196 217
12473 7 120 217
12474 8 57 217
12475 9 23 217
12476 10 222 217
12477 11 43 217
12478 12 76 217
12479 13 164 217
12480 14 63 217
12481 15 2 217
12482 16 178 217
12483 17 122 217
12484 18 196 217
12485 19 66 217
12486 20 126 217
12487 21 113 217
12488 22 213 217
12489 23 249 217
12490 24 106 217
12491 25 186 217
12492 26 161 217
12493 27 70 217
12494 28 58 217
12495 29 2 217
12496 30 170 217
12497 31 171 217
12498 32 211 217
12499 33 35 217
12500 34 49 217
12501 35 173 217
12502 36 8 217
12503 37 150 217
12504 38 142 217
12505 39 51 217
12506 40 140 217
12507 41 140 217
12508 42 241 217
12509 43 194 217
12510 1 214 218
12511 2 1 218
12512 3 179 218
12513 4 21 218
12514 5 37 218
12515 6 217 218
12516 7 91 218
12517 8 182 218
12518 9 95 218
12519 10 139 218
12520 11 125 218
12521 12 223 218
12522 13 148 218
12523 14 129 218
12524 15 196 218
12525 16 175 218
12526 17 27 218
12527 18 216 218
12528 19 247 218
12529 20 146 218
12530 21 155 218
12531 22 29 218
12532 23 4 218
12533 24 175 218
12534 25 115 218
12535 26 240 218
12536 27 141 218
12537 28 161 218
12538 29 78 218
12539 30 83 218
12540 31 194 218
12541 32 3 218
12542 33 245 218
12543 34 114 218
12544 35 60 218
12545 36 139 218
12546 37 56 218
12547 38 251 218
12548 39 175 218
12549 40 10 218
12550 41 62 218
12551 42 220 218
12552 43 113 218
12553 44 168 218
12554 45 203 218
12555 46 178 218
12556 47 144 218
12557 49 55 218
12558 1 185 219
12559 2 237 219
12560 3 141 219
12561 4 57 219
12562 5 24 219
12563 6 21 219
12564 7 192 219
12565 8 81 219
12566 9 74 219
12567 10 75 219
12568 11 230 219
12569 12 198 219
12570 13 135 219
12571 14 176 219
12572 15 81 219
12573 16 255 219
12574 17 62 219
12575 18 242 219
12576 19 59 219
12577 20 73 219
12578 21 107 219
12579 22 229 219
12580 23 120 219
12581 24 16 219
12582 25 36 219
12583 26 144 219
12584 27 104 219
12585 28 213 219
12586 29 47 219
12587 30 10 219
12588 31 30 219
12589 32 17 219
12590 33 63 219
12591 34 233 219
12592 35 84 219
12593 36 142 219
12594 37 27 219
12595 38 135 219
12596 39 75 219
12597 40 148 219
12598 42 185 219
12599 41 164 219
12600 43 112 219
12601 44 119 219
12602 45 163 219
12603 46 160 219
12604 47 34 219
12605 48 218 219
12606 49 93 219
12607 50 54 219
12608 51 37 219
12609 53 146 219
12610 1 92 220
12611 2 6 220
12612 3 2 220
12613 4 34 220
12614 5 206 220
12615 6 59 220
12616 7 69 220
12617 8 185 220
12618 9 187 220
12619 10 253 220
12620 11 119 220
12621 12 59 220
12622 13 54 220
12623 14 56 220
12624 15 221 220
12625 16 140 220
12626 17 16 220
12627 18 156 220
12628 19 8 220
12629 20 244 220
12630 21 122 220
12631 22 31 220
12632 23 236 220
12633 24 125 220
12634 25 252 220
12635 26 209 220
12636 27 171 220
12637 28 161 220
12638 29 4 220
12639 30 231 220
12640 31 57 220
12641 32 229 220
12642 33 23 220
12643 34 172 220
12644 35 155 220
12645 36 212 220
12646 37 63 220
12647 38 23 220
12648 39 234 220
12649 40 81 220
12650 41 129 220
12651 42 120 220
12652 43 17 220
12653 44 29 220
12654 45 100 220
12655 46 66 220
12656 47 250 220
12657 48 235 220
12658 49 5 220
12659 50 108 220
12660 51 165 220
12661 52 60 220
12662 53 47 220
12663 54 36 220
12664 55 98 220
12665 57 222 220
12666 58 12 220
12667 0 154 221
12668 1 237 221
12669 2 78 221
12670 3 14 221
12671 4 118 221
12672 5 78 221
12673 6 158 221
12674 7 228 221
12675 8 137 221
12676 9 146 221
12677 10 44 221
12678 11 233 221
12679 12 234 221
12680 13 54 221
12681 14 217 221
12682 15 89 221
12683 16 245 221
12684 17 125 221
12685 18 213 221
12686 19 20 221
12687 20 252 221
12688 21 187 221
12689 22 113 221
12690 23 4 221
12691 24 124 221
12692 25 126 221
12693 26 107 221
12694 27 29 221
12695 28 70 221
12696 29 101 221
12697 30 172 221
12698 31 254 221
12699 32 197 221
12700 33 65 221
12701 34 86 221
12702 35 134 221
12703 36 85 221
12704 37 68 221
12705 38 27 221
12706 39 148 221
12707 40 161 221
12708 41 107 221
12709 42 124 221
12710 43 144 221
12711 44 60 221
12712 45 162 221
12713 46 34 221
12714 47 64 221
12715 48 246 221
12716 49 152 221
12717 50 157 221
12718 51 22 221
12719 52 192 221
12720 53 62 221
12721 54 152 221
12722 55 75 221
12723 56 137 221
12724 57 17 221
12725 58 255 221
12726 59 217 221
12727 61 105 221
12728 0 227 222
12729 1 191 222
12730 2 89 222
12731 3 205 222
12732 4 76 222
12733 5 178 222
12734 6 45 222
12735 7 109 222
12736 8 10 222
12737 9 14 222
12738 10 121 222
12739 11 111 222
12740 12 206 222
12741 13 80 222
12742 14 252 222
12743 15 135 222
12744 16 110 222
12745 17 78 222
12746 18 139 222
12747 19 222 222
12748 20 186 222
12749 21 144 222
12750 22 125 222
12751 23 63 222
12752 24 90 222
12753 25 252 222
12754 26 165 222
12755 27 99 222
12756 28 91 222
12757 29 48 222
12758 30 173 222
12759 31 34 222
12760 32 193 222
12761 33 5 222
12762 34 256 222
12763 35 185 222
12764 36 119 222
12765 37 18 222
12766 38 239 222
12767 39 192 222
12768 40 15 222
12769 41 175 222
12770 42 68 222
12771 43 16 222
12772 44 131 222
12773 45 215 222
12774 46 211 222
12775 47 91 222
12776 48 90 222
12777 49 62 222
12778 50 131 222
12779 51 253 222
12780 52 4 222
12781 53 203 222
12782 54 16 222
12783 55 99 222
12784 56 93 222
12785 57 78 222
12786 58 188 222
12787 59 70 222
12788 60 89 222
12789 61 190 222
12790 62 226 222
12791 63 7 222
12792 64 236 222
12793 65 170 222
12794 0 46 223
12795 1 242 223
12796 2 11 223
12797 3 20 223
12798 4 111 223
12799 5 45 223
12800 6 197 223
12801 7 50 223
12802 8 178 223
12803 9 153 223
12804 10 91 223
12805 11 155 223
12806 12 112 223
12807 13 39 223
12808 14 220 223
12809 15 41 223
12810 16 124 223
12811 17 88 223
12812 18 41 223
12813 19 74 223
12814 20 16 223
12815 21 111 223
12816 22 189 223
12817 23 157 223
12818 24 91 223
12819 25 219 223
12820 26 28 223
12821 27 78 223
12822 28 248 223
12823 29 45 223
12824 30 128 223
12825 31 79 223
12826 32 50 223
12827 33 195 223
12828 34 233 223
12829 35 119 223
12830 36 206 223
12831 37 135 223
12832 38 140 223
12833 39 179 223
12834 40 226 223
12835 41 129 223
12836 42 147 223
12837 43 202 223
12838 44 82 223
12839 45 66 223
12840 46 220 223
12841 47 140 223
12842 48 184 223
12843 49 92 223
12844 50 25 223
12845 51 189 223
12846 52 212 223
12847 53 66 223
12848 54 113 223
12849 55 154 223
12850 56 182 223
12851 57 9 223
12852 58 238 223
12853 59 187 223
12854 60 4 223
12855 61 161 223
12856 62 103 223
12857 63 194 223
12858 64 92 223
12859 65 37 223
12860 66 189 223
12861 67 15 223
12862 68 88 223
12863 69 65 223
12864 71 55 223
12865 0 156 224
12866 1 53 224
12867 2 15 224
12868 3 88 224
12869 4 70 224
12870 5 194 224
12871 6 52 224
12872 7 40 224
12873 8 19 224
12874 9 64 224
12875 10 133 224
12876 11 167 224
12877 12 50 224
12878 13 243 224
12879 14 33 224
12880 15 102 224
12881 16 51 224
12882 17 165 224
12883 18 65 224
12884 19 16 224
12885 20 210 224
12886 21 224 224
12887 22 225 224
12888 23 4 224
12889 24 229 224
12890 25 74 224
12891 26 177 224
12892 27 137 224
12893 28 184 224
12894 29 183 224
12895 30 196 224
12896 31 242 224
12897 32 165 224
12898 33 22 224
12899 34 49 224
12900 35 113 224
12901 36 74 224
12902 37 144 224
12903 38 93 224
12904 39 27 224
12905 40 189 224
12906 41 2 224
12907 42 138 224
12908 43 55 224
12909 44 237 224
12910 45 94 224
12911 46 223 224
12912 47 211 224
12913 48 90 224
12914 49 121 224
12915 50 231 224
12916 51 147 224
12917 52 15 224
12918 53 36 224
12919 54 8 224
12920 55 1 224
12921 56 42 224
12922 57 209 224
12923 58 118 224
12924 59 40 224
12925 60 101 224
12926 61 138 224
12927 62 40 224
12928 63 206 224
12929 64 218 224
12930 65 75 224
12931 66 172 224
12932 67 4 224
12933 68 159 224
12934 69 232 224
12935 70 28 224
12936 71 91 224
12937 72 121 224
12938 73 185 224
12939 0 3 225
12940 1 238 225
12941 2 67 225
12942 3 9 225
12943 4 34 225
12944 5 214 225
12945 6 36 225
12946 7 57 225
12947 8 111 225
12948 9 63 225
12949 10 224 225
12950 11 8 225
12951 12 226 225
12952 13 221 225
12953 14 31 225
12954 15 255 225
12955 16 149 225
12956 17 213 225
12957 18 184 225
12958 19 61 225
12959 20 230 225
12960 21 184 225
12961 22 223 225
12962 23 176 225
12963 24 232 225
12964 25 252 225
12965 26 227 225
12966 27 84 225
12967 28 246 225
12968 29 29 225
12969 30 9 225
12970 31 170 225
12971 32 134 225
12972 33 209 225
12973 34 21 225
12974 35 229 225
12975 36 18 225
12976 37 123 225
12977 38 186 225
12978 39 206 225
12979 40 177 225
12980 41 22 225
12981 42 59 225
12982 43 210 225
12983 44 138 225
12984 45 90 225
12985 46 70 225
12986 47 188 225
12987 48 104 225
12988 49 176 225
12989 50 249 225
12990 51 131 225
12991 52 162 225
12992 53 205 225
12993 54 34 225
12994 55 120 225
12995 56 188 225
12996 57 27 225
12997 58 56 225
12998 59 11 225
12999 60 116 225
13000 61 23 225
13001 62 118 225
13002 63 121 225
13003 64 27 225
13004 65 60 225
13005 66 101 225
13006 67 112 225
13007 68 125 225
13008 69 64 225
13009 70 250 225
13010 71 112 225
13011 72 66 225
13012 73 249 225
13013 74 142 225
13014 75 100 225
13015 76 134 225
13016 77 194 225
13017 78 242 225
13018 79 4 225
13019 0 54 226
13020 1 36 226
13021 2 18 226
13022 3 101 226
13023 4 107 226
13024 5 139 226
13025 6 157 226
13026 7 29 226
13027 8 237 226
13028 9 12 226
13029 10 238 226
13030 11 38 226
13031 12 167 226
13032 13 176 226
13033 14 255 226
13034 15 218 226
13035 16 38 226
13036 17 64 226
13037 18 171 226
13038 19 14 226
13039 20 219 226
13040 21 26 226
13041 22 247 226
13042 23 117 226
13043 24 127 226
13044 25 200 226
13045 26 79 226
13046 27 52 226
13047 28 154 226
13048 29 113 226
13049 30 134 226
13050 31 55 226
13051 32 251 226
13052 33 6 226
13053 34 217 226
13054 35 186 226
13055 36 9 226
13056 37 194 226
13057 38 5 226
13058 39 38 226
13059 40 127 226
13060 41 29 226
13061 42 187 226
13062 43 19 226
13063 44 231 226
13064 45 175 226
13065 46 181 226
13066 47 151 226
13067 48 128 226
13068 49 35 226
13069 50 12 226
13070 51 121 226
13071 52 252 226
13072 53 13 226
13073 54 13 226
13074 55 49 226
13075 56 73 226
13076 57 57 226
13077 58 242 226
13078 59 23 226
13079 60 5 226
13080 61 55 226
13081 62 76 226
13082 63 99 226
13083 64 144 226
13084 65 117 226
13085 66 152 226
13086 67 124 226
13087 68 253 226
13088 69 132 226
13089 70 83 226
13090 71 194 226
13091 72 229 226
13092 73 160 226
13093 74 64 226
13094 75 81 226
13095 76 99 226
13096 77 186 226
13097 78 125 226
13098 79 3 226
13099 81 53 226
13100 82 233 226
13101 83 188 226
13102 85 101 226
13103 0 250 227
13104 1 192 227
13105 2 85 227
13106 3 8 227
13107 4 72 227
13108 5 251 227
13109 6 218 227
13110 7 65 227
13111 8 113 227
13112 9 187 227
13113 10 232 227
13114 11 100 227
13115 12 227 227
13116 13 210 227
13117 14 130 227
13118 15 207 227
13119 16 204 227
13120 17 36 227
13121 18 133 227
13122 19 253 227
13123 20 204 227
13124 21 202 227
13125 22 114 227
13126 23 248 227
13127 24 163 227
13128 25 113 227
13129 26 158 227
13130 27 2 227
13131 28 124 227
13132 29 171 227
13133 30 127 227
13134 31 7 227
13135 32 145 227
13136 33 41 227
13137 34 69 227
13138 35 186 227
13139 36 34 227
13140 37 11 227
13141 38 23 227
13142 39 37 227
13143 40 194 227
13144 41 246 227
13145 42 146 227
13146 43 180 227
13147 44 129 227
13148 45 82 227
13149 46 109 227
13150 47 159 227
13151 48 98 227
13152 49 10 227
13153 50 182 227
13154 51 105 227
13155 52 139 227
13156 53 17 227
13157 54 6 227
13158 55 166 227
13159 56 59 227
13160 57 224 227
13161 58 27 227
13162 59 202 227
13163 60 15 227
13164 61 250 227
13165 62 178 227
13166 63 90 227
13167 64 205 227
13168 65 6 227
13169 66 191 227
13170 67 222 227
13171 68 142 227
13172 69 85 227
13173 70 198 227
13174 71 144 227
13175 72 36 227
13176 73 118 227
13177 74 141 227
13178 75 27 227
13179 76 12 227
13180 77 22 227
13181 78 156 227
13182 79 10 227
13183 80 71 227
13184 81 186 227
13185 82 35 227
13186 83 135 227
13187 85 244 227
13188 86 256 227
13189 89 5 227
13190 0 218 228
13191 1 251 228
13192 2 139 228
13193 3 43 228
13194 4 205 228
13195 5 13 228
13196 6 13 228
13197 7 24 228
13198 8 196 228
13199 9 199 228
13200 10 223 228
13201 11 58 228
13202 12 56 228
13203 13 121 228
13204 14 112 228
13205 15 61 228
13206 16 141 228
13207 17 146 228
13208 18 238 228
13209 19 146 228
13210 20 250 228
13211 21 70 228
13212 22 55 228
13213 23 132 228
13214 24 77 228
13215 26 111 228
13216 25 29 228
13217 27 166 228
13218 28 33 228
13219 29 112 228
13220 30 204 228
13221 31 30 228
13222 32 233 228
13223 33 152 228
13224 34 80 228
13225 35 207 228
13226 36 3 228
13227 37 228 228
13228 38 73 228
13229 39 67 228
13230 40 172 228
13231 41 47 228
13232 42 125 228
13233 43 20 228
13234 44 12 228
13235 45 4 228
13236 46 116 228
13237 47 153 228
13238 48 69 228
13239 49 226 228
13240 50 116 228
13241 51 248 228
13242 52 54 228
13243 53 67 228
13244 54 29 228
13245 55 166 228
13246 56 35 228
13247 57 88 228
13248 58 203 228
13249 59 196 228
13250 60 256 228
13251 61 7 228
13252 62 205 228
13253 63 122 228
13254 64 53 228
13255 65 89 228
13256 66 114 228
13257 67 95 228
13258 68 154 228
13259 69 128 228
13260 70 141 228
13261 71 256 228
13262 72 71 228
13263 73 218 228
13264 74 239 228
13265 75 150 228
13266 76 212 228
13267 77 48 228
13268 78 230 228
13269 79 84 228
13270 80 235 228
13271 81 119 228
13272 82 13 228
13273 83 72 228
13274 84 158 228
13275 85 18 228
13276 86 99 228
13277 87 130 228
13278 88 34 228
13279 89 2 228
13280 91 253 228
13281 93 235 228
13282 0 62 229
13283 1 157 229
13284 2 112 229
13285 3 82 229
13286 4 76 229
13287 5 160 229
13288 6 124 229
13289 7 18 229
13290 8 251 229
13291 9 125 229
13292 10 145 229
13293 11 162 229
13294 12 34 229
13295 13 60 229
13296 14 48 229
13297 15 7 229
13298 16 44 229
13299 17 246 229
13300 18 134 229
13301 19 202 229
13302 20 31 229
13303 21 173 229
13304 22 95 229
13305 23 244 229
13306 24 102 229
13307 25 221 229
13308 26 248 229
13309 27 251 229
13310 28 43 229
13311 29 199 229
13312 30 230 229
13313 31 239 229
13314 32 200 229
13315 33 32 229
13316 34 54 229
13317 35 53 229
13318 36 225 229
13319 37 205 229
13320 38 156 229
13321 39 185 229
13322 40 179 229
13323 41 19 229
13324 42 189 229
13325 43 198 229
13326 44 29 229
13327 45 8 229
13328 46 208 229
13329 47 45 229
13330 48 144 229
13331 49 166 229
13332 50 16 229
13333 51 107 229
13334 52 111 229
13335 53 147 229
13336 54 247 229
13337 55 48 229
13338 56 11 229
13339 57 32 229
13340 58 181 229
13341 59 250 229
13342 60 127 229
13343 61 234 229
13344 62 195 229
13345 63 172 229
13346 64 53 229
13347 65 119 229
13348 66 203 229
13349 67 69 229
13350 68 50 229
13351 69 105 229
13352 70 75 229
13353 71 172 229
13354 72 207 229
13355 73 25 229
13356 74 133 229
13357 75 81 229
13358 76 66 229
13359 77 148 229
13360 78 234 229
13361 79 75 229
13362 80 11 229
13363 81 248 229
13364 82 195 229
13365 83 49 229
13366 84 23 229
13367 85 131 229
13368 86 42 229
13369 87 217 229
13370 88 4 229
13371 89 101 229
13372 90 77 229
13373 91 78 229
13374 92 236 229
13375 93 176 229
13376 94 23 229
13377 97 192 229
13378 0 11 230
13379 1 96 230
13380 2 66 230
13381 3 147 230
13382 4 162 230
13383 5 12 230
13384 6 92 230
13385 7 217 230
13386 8 98 230
13387 9 1 230
13388 10 72 230
13389 11 206 230
13390 12 54 230
13391 13 196 230
13392 14 122 230
13393 15 50 230
13394 16 17 230
13395 17 256 230
13396 18 81 230
13397 19 6 230
13398 20 46 230
13399 21 256 230
13400 22 173 230
13401 23 126 230
13402 24 86 230
13403 25 207 230
13404 26 135 230
13405 27 187 230
13406 28 94 230
13407 29 141 230
13408 30 235 230
13409 31 145 230
13410 32 127 230
13411 33 3 230
13412 34 165 230
13413 35 30 230
13414 36 147 230
13415 37 32 230
13416 38 221 230
13417 39 123 230
13418 40 250 230
13419 41 93 230
13420 42 19 230
13421 43 22 230
13422 44 247 230
13423 45 255 230
13424 46 103 230
13425 47 256 230
13426 48 256 230
13427 49 254 230
13428 50 93 230
13429 51 16 230
13430 52 176 230
13431 53 172 230
13432 54 166 230
13433 55 34 230
13434 56 250 230
13435 57 55 230
13436 58 53 230
13437 59 86 230
13438 60 87 230
13439 61 173 230
13440 62 9 230
13441 63 210 230
13442 64 89 230
13443 65 175 230
13444 66 140 230
13445 67 194 230
13446 68 223 230
13447 69 27 230
13448 70 114 230
13449 71 76 230
13450 72 19 230
13451 73 179 230
13452 74 70 230
13453 75 245 230
13454 76 23 230
13455 77 167 230
13456 78 135 230
13457 79 87 230
13458 80 32 230
13459 81 169 230
13460 82 20 230
13461 83 217 230
13462 84 200 230
13463 85 22 230
13464 86 160 230
13465 87 183 230
13466 89 225 230
13467 88 106 230
13468 90 31 230
13469 91 43 230
13470 0 202 231
13471 92 39 230
13472 93 213 230
13473 0 153 232
13474 94 41 230
13475 0 51 233
13476 95 20 230
13477 96 213 230
13478 97 194 230
13479 98 106 230
13480 99 253 230
13481 101 122 230
13482 1 136 231
13483 2 247 231
13484 3 89 231
13485 4 194 231
13486 5 22 231
13487 6 219 231
13488 7 103 231
13489 8 97 231
13490 9 142 231
13491 10 78 231
13492 11 177 231
13493 12 154 231
13494 13 208 231
13495 14 176 231
13496 15 34 231
13497 16 168 231
13498 17 117 231
13499 18 131 231
13500 19 162 231
13501 20 146 231
13502 21 63 231
13503 22 112 231
13504 23 239 231
13505 24 111 231
13506 25 102 231
13507 26 162 231
13508 27 92 231
13509 28 172 231
13510 29 205 231
13511 30 41 231
13512 31 129 231
13513 32 120 231
13514 33 100 231
13515 34 3 231
13516 35 165 231
13517 36 161 231
13518 37 110 231
13519 38 206 231
13520 39 192 231
13521 40 29 231
13522 41 50 231
13523 42 181 231
13524 43 238 231
13525 44 145 231
13526 45 172 231
13527 46 56 231
13528 47 16 231
13529 48 200 231
13530 49 234 231
13531 50 177 231
13532 51 81 231
13533 52 34 231
13534 53 33 231
13535 54 43 231
13536 55 189 231
13537 56 166 231
13538 57 229 231
13539 58 141 231
13540 59 176 231
13541 60 53 231
13542 61 229 231
13543 62 239 231
13544 63 204 231
13545 64 82 231
13546 65 79 231
13547 66 123 231
13548 67 69 231
13549 68 45 231
13550 69 182 231
13551 70 11 231
13552 71 45 231
13553 72 71 231
13554 73 32 231
13555 74 109 231
13556 75 149 231
13557 76 113 231
13558 77 62 231
13559 78 7 231
13560 79 43 231
13561 80 159 231
13562 81 197 231
13563 82 119 231
13564 83 217 231
13565 84 106 231
13566 85 61 231
13567 86 208 231
13568 87 18 231
13569 88 174 231
13570 89 242 231
13571 90 132 231
13572 91 236 231
13573 92 3 231
13574 93 74 231
13575 94 119 231
13576 95 204 231
13577 96 155 231
13578 97 201 231
13579 98 177 231
13580 99 6 231
13581 100 70 231
13582 101 32 231
13583 102 71 231
13584 103 103 231
13585 106 52 231
13586 1 123 232
13587 2 176 232
13588 3 105 232
13589 4 81 232
13590 5 51 232
13591 6 203 232
13592 7 33 232
13593 8 55 232
13594 9 14 232
13595 10 18 232
13596 11 243 232
13597 12 1 232
13598 13 36 232
13599 14 82 232
13600 15 153 232
13601 16 55 232
13602 17 196 232
13603 18 250 232
13604 19 172 232
13605 20 152 232
13606 21 206 232
13607 22 243 232
13608 23 205 232
13609 24 206 232
13610 25 147 232
13611 26 229 232
13612 27 112 232
13613 28 244 232
13614 29 143 232
13615 30 217 232
13616 31 180 232
13617 32 25 232
13618 33 102 232
13619 34 228 232
13620 35 134 232
13621 36 109 232
13622 37 112 232
13623 38 212 232
13624 39 152 232
13625 40 180 232
13626 41 51 232
13627 42 180 232
13628 43 94 232
13629 44 129 232
13630 45 187 232
13631 46 101 232
13632 47 255 232
13633 48 239 232
13634 49 156 232
13635 50 255 232
13636 51 83 232
13637 52 212 232
13638 53 86 232
13639 54 14 232
13640 55 13 232
13641 56 203 232
13642 57 203 232
13643 58 55 232
13644 59 151 232
13645 60 217 232
13646 61 106 232
13647 62 242 232
13648 63 235 232
13649 64 166 232
13650 65 18 232
13651 66 223 232
13652 67 42 232
13653 68 117 232
13654 69 123 232
13655 70 103 232
13656 71 239 232
13657 72 214 232
13658 73 175 232
13659 74 32 232
13660 75 92 232
13661 76 178 232
13662 77 132 232
13663 78 171 232
13664 79 175 232
13665 80 67 232
13666 81 44 232
13667 82 34 232
13668 83 132 232
13669 84 149 232
13670 85 191 232
13671 86 156 232
13672 87 74 232
13673 88 34 232
13674 89 245 232
13675 90 112 232
13676 91 42 232
13677 92 55 232
13678 93 68 232
13679 94 175 232
13680 95 144 232
13681 96 150 232
13682 97 34 232
13683 98 160 232
13684 99 9 232
13685 100 173 232
13686 101 7 232
13687 102 31 232
13688 103 136 232
13689 104 18 232
13690 105 79 232
13691 106 209 232
13692 107 133 232
13693 109 109 232
13694 1 142 233
13695 2 17 233
13696 3 246 233
13697 4 1 233
13698 5 97 233
13699 6 253 233
13700 7 229 233
13701 8 244 233
13702 9 193 233
13703 10 96 233
13704 11 109 233
13705 12 143 233
13706 13 174 233
13707 14 146 233
13708 15 251 233
13709 16 12 233
13710 17 229 233
13711 18 88 233
13712 19 113 233
13713 20 82 233
13714 21 249 233
13715 22 223 233
13716 23 154 233
13717 24 151 233
13718 25 169 233
13719 26 104 233
13720 27 166 233
13721 28 25 233
13722 29 137 233
13723 30 21 233
13724 31 4 233
13725 32 74 233
13726 33 108 233
13727 34 248 233
13728 35 219 233
13729 36 84 233
13730 37 209 233
13731 38 3 233
13732 39 111 233
13733 40 251 233
13734 41 255 233
13735 42 210 233
13736 43 249 233
13737 44 43 233
13738 45 222 233
13739 46 59 233
13740 47 123 233
13741 48 190 233
13742 49 224 233
13743 50 166 233
13744 51 105 233
13745 52 207 233
13746 53 84 233
13747 54 256 233
13748 55 157 233
13749 56 105 233
13750 57 57 233
13751 58 6 233
13752 59 214 233
13753 60 114 233
13754 61 165 233
13755 62 30 233
13756 63 212 233
13757 64 120 233
13758 66 220 233
13759 65 185 233
13760 67 250 233
13761 69 27 233
13762 68 41 233
13763 70 109 233
13764 71 38 233
13765 72 58 233
13766 73 212 233
13767 74 241 233
13768 75 214 233
13769 76 244 233
13770 77 1 233
13771 78 137 233
13772 79 239 233
13773 80 229 233
13774 81 62 233
13775 82 68 233
13776 83 177 233
13777 84 9 233
13778 85 18 233
13779 86 88 233
13780 87 228 233
13781 88 127 233
13782 89 39 233
13783 90 109 233
13784 91 82 233
13785 92 222 233
13786 93 161 233
13787 94 169 233
13788 95 136 233
13789 96 190 233
13790 97 47 233
13791 98 28 233
13792 99 52 233
13793 100 128 233
13794 101 5 233
13795 102 97 233
13796 103 46 233
13797 104 4 233
13798 105 172 233
13799 106 128 233
13800 107 221 233
13801 108 209 233
13802 109 99 233
13803 110 25 233
13804 111 210 233
13805 112 20 233
13806 113 244 233
13807 0 227 234
13808 1 255 234
13809 2 95 234
13810 3 128 234
13811 4 82 234
13812 5 216 234
13813 6 143 234
13814 7 110 234
13815 8 67 234
13816 9 30 234
13817 10 150 234
13818 11 100 234
13819 12 121 234
13820 13 216 234
13821 14 155 234
13822 15 231 234
13823 16 133 234
13824 17 29 234
13825 18 59 234
13826 19 145 234
13827 20 187 234
13828 21 180 234
13829 22 211 234
13830 23 236 234
13831 24 143 234
13832 25 57 234
13833 26 178 234
13834 27 14 234
13835 28 190 234
13836 29 199 234
13837 30 57 234
13838 31 245 234
13839 32 1 234
13840 33 190 234
13841 34 104 234
13842 35 144 234
13843 36 231 234
13844 37 146 234
13845 38 123 234
13846 39 111 234
13847 40 238 234
13848 41 171 234
13849 42 86 234
13850 43 136 234
13851 44 34 234
13852 45 103 234
13853 46 115 234
13854 47 194 234
13855 48 227 234
13856 49 49 234
13857 50 57 234
13858 51 182 234
13859 52 226 234
13860 53 44 234
13861 54 167 234
13862 55 81 234
13863 56 88 234
13864 57 203 234
13865 58 246 234
13866 59 149 234
13867 60 57 234
13868 61 144 234
13869 62 25 234
13870 63 180 234
13871 64 250 234
13872 65 213 234
13873 66 240 234
13874 67 43 234
13875 68 96 234
13876 69 145 234
13877 70 198 234
13878 71 137 234
13879 72 32 234
13880 73 91 234
13881 74 94 234
13882 75 72 234
13883 76 187 234
13884 77 253 234
13885 78 108 234
13886 79 237 234
13887 80 211 234
13888 81 248 234
13889 82 49 234
13890 83 19 234
13891 84 92 234
13892 85 214 234
13893 86 79 234
13894 87 239 234
13895 88 69 234
13896 89 248 234
13897 90 84 234
13898 91 152 234
13899 92 202 234
13900 93 103 234
13901 94 68 234
13902 95 138 234
13903 96 206 234
13904 97 250 234
13905 98 10 234
13906 99 67 234
13907 100 202 234
13908 101 53 234
13909 102 86 234
13910 103 58 234
13911 104 32 234
13912 105 183 234
13913 106 194 234
13914 107 115 234
13915 108 189 234
13916 109 115 234
13917 110 86 234
13918 111 23 234
13919 112 159 234
13920 113 83 234
13921 114 109 234
13922 115 162 234
13923 117 56 234
13924 0 173 235
13925 1 255 235
13926 2 40 235
13927 3 157 235
13928 4 103 235
13929 5 185 235
13930 6 244 235
13931 7 193 235
13932 8 16 235
13933 9 223 235
13934 10 65 235
13935 11 242 235
13936 12 129 235
13937 13 155 235
13938 14 27 235
13939 15 46 235
13940 16 18 235
13941 17 226 235
13942 18 33 235
13943 19 72 235
13944 20 132 235
13945 21 204 235
13946 22 19 235
13947 23 216 235
13948 24 117 235
13949 25 174 235
13950 26 102 235
13951 27 40 235
13952 28 177 235
13953 29 61 235
13954 30 131 235
13955 31 139 235
13956 32 26 235
13957 33 84 235
13958 34 113 235
13959 35 71 235
13960 36 57 235
13961 37 87 235
13962 38 41 235
13963 39 172 235
13964 40 200 235
13965 41 247 235
13966 42 160 235
13967 43 205 235
13968 44 3 235
13969 45 2 235
13970 46 110 235
13971 47 116 235
13972 48 53 235
13973 49 215 235
13974 50 230 235
13975 51 233 235
13976 52 25 235
13977 53 152 235
13978 54 73 235
13979 55 169 235
13980 56 101 235
13981 57 59 235
weights 236 236 236 236 236 236 236 236 236 236 236 236 236 236 236 236 236 236 236 236 236 236 236 236 236 236 236 236 236 236 236 236 236 236 236 236 236 236 236 236 236 236 236 236 236 236 236 236 236 236 236 236 236 236 236 236 236 236 235 235 235 235 235 235 235 235 235 235 235 235 235 235 235 235 235 235 235 235 235 235 235 235 235 235 235 235 235 235 235 235 235 235 235 235 235 235 235 235 235 235 235 235 235 235 235 235 235 235 235 235 235 235 235 235 235 235 235 235
