2026-09-10T18:36:59.3000143Z Current runner version: '2.337.0'
2026-09-10T18:36:59.3033731Z ##[group]Runner Image Provisioner
2026-09-10T18:36:59.3035119Z Hosted Compute Agent
2026-09-10T18:36:59.3036320Z Version: 20260828.587
2026-09-10T18:36:59.3037411Z Commit: abac92662cab4cc7352de4f9f9d2e2419aad9c29
2026-09-10T18:36:59.3038644Z Build Date: 2026-08-28T16:44:25Z
2026-09-10T18:36:59.3039704Z Worker ID: {b45a34ad-6eb5-4edb-b343-5fec7e5aacb1}
2026-09-10T18:36:59.3040923Z Azure Region: westus2
2026-09-10T18:36:59.3041817Z ##[endgroup]
2026-09-10T18:36:59.3044044Z ##[group]Operating System
2026-09-10T18:36:59.3045254Z Ubuntu
2026-09-10T18:36:59.3046321Z 24.04.5
2026-09-10T18:36:59.3047707Z LTS
2026-09-10T18:36:59.3048504Z ##[endgroup]
2026-09-10T18:36:59.3049307Z ##[group]Runner Image
2026-09-10T18:36:59.3050381Z Image: ubuntu-24.04
2026-09-10T18:36:59.3051257Z Version: 20260907.300.1
2026-09-10T18:36:59.3053319Z Included Software: https://github.com/actions/runner-images/blob/ubuntu24/20260907.300/images/ubuntu/Ubuntu2404-Readme.md
2026-09-10T18:36:59.3055837Z Image Release: https://github.com/actions/runner-images/releases/tag/ubuntu24%2F20260907.300
2026-09-10T18:36:59.3057979Z ##[endgroup]
2026-09-10T18:36:59.3059645Z ##[group]GITHUB_TOKEN Permissions
2026-09-10T18:36:59.3062346Z Contents: read
2026-09-10T18:36:59.3063258Z Metadata: read
2026-09-10T18:36:59.3064264Z ##[endgroup]
2026-09-10T18:36:59.3067486Z Secret source: Actions
2026-09-10T18:36:59.3069032Z Cache mode: write
2026-09-10T18:36:59.3070092Z Prepare workflow directory
2026-09-10T18:36:59.3649422Z Prepare all required actions
2026-09-10T18:36:59.3696900Z Getting action download info
2026-09-10T18:36:59.7543065Z Download action repository 'actions/checkout@3d3c42e5aac5ba805825da76410c181273ba90b1' (SHA:3d3c42e5aac5ba805825da76410c181273ba90b1)
2026-09-10T18:36:59.8567035Z Download action repository 'leanprover/lean-action@50fcf42d2e460296f1a34b402e990d1b24f8b596' (SHA:50fcf42d2e460296f1a34b402e990d1b24f8b596)
2026-09-10T18:37:00.0397734Z Download action repository 'actions/download-artifact@d3f86a106a0bac45b974a628896c90dbdf5c8093' (SHA:d3f86a106a0bac45b974a628896c90dbdf5c8093)
2026-09-10T18:37:00.3126842Z Download action repository 'actions/upload-artifact@ea165f8d65b6e75b540449e92b4886f43607fa02' (SHA:ea165f8d65b6e75b540449e92b4886f43607fa02)
2026-09-10T18:37:00.5706308Z Getting action download info
2026-09-10T18:37:00.7181422Z Download action repository 'actions/cache@v5' (SHA:caa296126883cff596d87d8935842f9db880ef25)
2026-09-10T18:37:00.9533072Z Complete job name: row (35)
2026-09-10T18:37:01.0476840Z ##[group]Run actions/checkout@3d3c42e5aac5ba805825da76410c181273ba90b1
2026-09-10T18:37:01.0478657Z with:
2026-09-10T18:37:01.0479561Z   repository: HuanHuanHuanFFF/lean-math-lab
2026-09-10T18:37:01.0488133Z   token: ***
2026-09-10T18:37:01.0488986Z   ssh-strict: true
2026-09-10T18:37:01.0489842Z   ssh-user: git
2026-09-10T18:37:01.0490716Z   persist-credentials: true
2026-09-10T18:37:01.0491672Z   clean: true
2026-09-10T18:37:01.0492550Z   sparse-checkout-cone-mode: true
2026-09-10T18:37:01.0493608Z   fetch-depth: 1
2026-09-10T18:37:01.0494467Z   fetch-tags: false
2026-09-10T18:37:01.0495350Z   show-progress: true
2026-09-10T18:37:01.0496363Z   lfs: false
2026-09-10T18:37:01.0497189Z   submodules: false
2026-09-10T18:37:01.0498069Z   set-safe-directory: true
2026-09-10T18:37:01.0499061Z   allow-unsafe-pr-checkout: false
2026-09-10T18:37:01.0500349Z env:
2026-09-10T18:37:01.0501531Z   B699_RUN: research/tasks/B699-Binomial/runs/20260911-low-index-lean-513dc7cc
2026-09-10T18:37:01.0503162Z   B699_RAW: .tools/20260911-low-index-lean-513dc7cc
2026-09-10T18:37:01.0504320Z ##[endgroup]
2026-09-10T18:37:01.1653811Z Syncing repository: HuanHuanHuanFFF/lean-math-lab
2026-09-10T18:37:01.1661313Z ##[group]Getting Git version info
2026-09-10T18:37:01.1665096Z Working directory is '/home/runner/work/lean-math-lab/lean-math-lab'
2026-09-10T18:37:01.1672986Z [command]/usr/bin/git version
2026-09-10T18:37:01.1842848Z git version 2.55.0
2026-09-10T18:37:01.1939751Z ##[endgroup]
2026-09-10T18:37:01.1967191Z Temporarily overriding HOME='/home/runner/work/_temp/37097e27-e334-4e9b-be4c-80f4fd53664d' before making global git config changes
2026-09-10T18:37:01.1971793Z Adding repository directory to the temporary git global config as a safe directory
2026-09-10T18:37:01.1998426Z [command]/usr/bin/git config --global --add safe.directory /home/runner/work/lean-math-lab/lean-math-lab
2026-09-10T18:37:01.2011318Z Deleting the contents of '/home/runner/work/lean-math-lab/lean-math-lab'
2026-09-10T18:37:01.2038420Z ##[group]Determining repository object format
2026-09-10T18:37:01.2041327Z ##[endgroup]
2026-09-10T18:37:01.2058398Z ##[group]Initializing the repository
2026-09-10T18:37:01.2072207Z [command]/usr/bin/git init /home/runner/work/lean-math-lab/lean-math-lab
2026-09-10T18:37:01.2142140Z hint: Using 'master' as the name for the initial branch. This default branch name
2026-09-10T18:37:01.2151219Z hint: will change to "main" in Git 3.0. To configure the initial branch name
2026-09-10T18:37:01.2154474Z hint: to use in all of your new repositories, which will suppress this warning,
2026-09-10T18:37:01.2159707Z hint: call:
2026-09-10T18:37:01.2161097Z hint:
2026-09-10T18:37:01.2162714Z hint: 	git config --global init.defaultBranch <name>
2026-09-10T18:37:01.2164793Z hint:
2026-09-10T18:37:01.2167008Z hint: Names commonly chosen instead of 'master' are 'main', 'trunk' and
2026-09-10T18:37:01.2170038Z hint: 'development'. The just-created branch can be renamed via this command:
2026-09-10T18:37:01.2172554Z hint:
2026-09-10T18:37:01.2173978Z hint: 	git branch -m <name>
2026-09-10T18:37:01.2175543Z hint:
2026-09-10T18:37:01.2177757Z hint: Disable this message with "git config set advice.defaultBranchName false"
2026-09-10T18:37:01.2182259Z Initialized empty Git repository in /home/runner/work/lean-math-lab/lean-math-lab/.git/
2026-09-10T18:37:01.2188130Z [command]/usr/bin/git remote add origin https://github.com/HuanHuanHuanFFF/lean-math-lab
2026-09-10T18:37:01.2259145Z ##[endgroup]
2026-09-10T18:37:01.2280994Z ##[group]Disabling automatic garbage collection
2026-09-10T18:37:01.2299944Z [command]/usr/bin/git config --local gc.auto 0
2026-09-10T18:37:01.2368357Z ##[endgroup]
2026-09-10T18:37:01.2371207Z ##[group]Setting up auth
2026-09-10T18:37:01.2377746Z Removing SSH command configuration
2026-09-10T18:37:01.2388397Z [command]/usr/bin/git config --local --name-only --get-regexp core\.sshCommand
2026-09-10T18:37:01.2395540Z [command]/usr/bin/git submodule foreach --recursive sh -c "git config --local --name-only --get-regexp 'core\.sshCommand' && git config --local --unset-all 'core.sshCommand' || :"
2026-09-10T18:37:01.2939098Z Removing HTTP extra header
2026-09-10T18:37:01.2942263Z [command]/usr/bin/git config --local --name-only --get-regexp http\.https\:\/\/github\.com\/\.extraheader
2026-09-10T18:37:01.3013176Z [command]/usr/bin/git submodule foreach --recursive sh -c "git config --local --name-only --get-regexp 'http\.https\:\/\/github\.com\/\.extraheader' && git config --local --unset-all 'http.https://github.com/.extraheader' || :"
2026-09-10T18:37:01.3314576Z Removing includeIf entries pointing to credentials config files
2026-09-10T18:37:01.3318140Z [command]/usr/bin/git config --local --name-only --get-regexp ^includeIf\.gitdir:
2026-09-10T18:37:01.3361222Z [command]/usr/bin/git submodule foreach --recursive git config --local --show-origin --name-only --get-regexp remote.origin.url
2026-09-10T18:37:01.3679923Z [command]/usr/bin/git config --file /home/runner/work/_temp/git-credentials-fb515f56-787e-4718-8fe2-d2b85dcdad5a.config http.https://github.com/.extraheader AUTHORIZATION: basic ***
2026-09-10T18:37:01.3800060Z [command]/usr/bin/git config --local includeIf.gitdir:/home/runner/work/lean-math-lab/lean-math-lab/.git.path /home/runner/work/_temp/git-credentials-fb515f56-787e-4718-8fe2-d2b85dcdad5a.config
2026-09-10T18:37:01.3836817Z [command]/usr/bin/git config --local includeIf.gitdir:/home/runner/work/lean-math-lab/lean-math-lab/.git/worktrees/*.path /home/runner/work/_temp/git-credentials-fb515f56-787e-4718-8fe2-d2b85dcdad5a.config
2026-09-10T18:37:01.3876907Z [command]/usr/bin/git config --local includeIf.gitdir:/github/workspace/.git.path /github/runner_temp/git-credentials-fb515f56-787e-4718-8fe2-d2b85dcdad5a.config
2026-09-10T18:37:01.3999969Z [command]/usr/bin/git config --local includeIf.gitdir:/github/workspace/.git/worktrees/*.path /github/runner_temp/git-credentials-fb515f56-787e-4718-8fe2-d2b85dcdad5a.config
2026-09-10T18:37:01.4040404Z ##[endgroup]
2026-09-10T18:37:01.4058213Z ##[group]Fetching the repository
2026-09-10T18:37:01.4081361Z [command]/usr/bin/git -c protocol.version=2 fetch --no-tags --prune --no-recurse-submodules --depth=1 origin +14aab81e99dd8498e4fdac8ac0e8012d4885544d:refs/remotes/origin/GPT-work/b699-low-index-lean-20260911-513dc7cc
2026-09-10T18:37:06.9398846Z From https://github.com/HuanHuanHuanFFF/lean-math-lab
2026-09-10T18:37:06.9407837Z  * [new ref]         14aab81e99dd8498e4fdac8ac0e8012d4885544d -> origin/GPT-work/b699-low-index-lean-20260911-513dc7cc
2026-09-10T18:37:06.9411038Z [command]/usr/bin/git branch --list --remote origin/GPT-work/b699-low-index-lean-20260911-513dc7cc
2026-09-10T18:37:06.9442382Z   origin/GPT-work/b699-low-index-lean-20260911-513dc7cc
2026-09-10T18:37:06.9452412Z [command]/usr/bin/git rev-parse refs/remotes/origin/GPT-work/b699-low-index-lean-20260911-513dc7cc
2026-09-10T18:37:06.9483188Z 14aab81e99dd8498e4fdac8ac0e8012d4885544d
2026-09-10T18:37:06.9488788Z ##[endgroup]
2026-09-10T18:37:06.9489675Z ##[group]Determining the checkout info
2026-09-10T18:37:06.9490655Z ##[endgroup]
2026-09-10T18:37:06.9492605Z [command]/usr/bin/git sparse-checkout disable
2026-09-10T18:37:06.9549577Z [command]/usr/bin/git config --local --unset-all extensions.worktreeConfig
2026-09-10T18:37:06.9587163Z ##[group]Checking out the ref
2026-09-10T18:37:06.9592420Z [command]/usr/bin/git checkout --progress --force -B GPT-work/b699-low-index-lean-20260911-513dc7cc refs/remotes/origin/GPT-work/b699-low-index-lean-20260911-513dc7cc
2026-09-10T18:37:07.9871544Z Updating files:  17% (1803/10158)
2026-09-10T18:37:07.9945712Z Updating files:  18% (1829/10158)
2026-09-10T18:37:08.0009697Z Updating files:  19% (1931/10158)
2026-09-10T18:37:08.0053296Z Updating files:  20% (2032/10158)
2026-09-10T18:37:08.0090830Z Updating files:  21% (2134/10158)
2026-09-10T18:37:08.0129154Z Updating files:  22% (2235/10158)
2026-09-10T18:37:08.0177119Z Updating files:  23% (2337/10158)
2026-09-10T18:37:08.0233546Z Updating files:  24% (2438/10158)
2026-09-10T18:37:08.0297094Z Updating files:  25% (2540/10158)
2026-09-10T18:37:08.0324466Z Updating files:  26% (2642/10158)
2026-09-10T18:37:08.0456507Z Updating files:  27% (2743/10158)
2026-09-10T18:37:08.0516502Z Updating files:  28% (2845/10158)
2026-09-10T18:37:08.0561564Z Updating files:  29% (2946/10158)
2026-09-10T18:37:08.0687714Z Updating files:  30% (3048/10158)
2026-09-10T18:37:08.0725891Z Updating files:  31% (3149/10158)
2026-09-10T18:37:08.0835091Z Updating files:  32% (3251/10158)
2026-09-10T18:37:08.1035779Z Updating files:  33% (3353/10158)
2026-09-10T18:37:08.1079956Z Updating files:  34% (3454/10158)
2026-09-10T18:37:08.1435205Z Updating files:  35% (3556/10158)
2026-09-10T18:37:08.1586449Z Updating files:  36% (3657/10158)
2026-09-10T18:37:08.1676629Z Updating files:  37% (3759/10158)
2026-09-10T18:37:08.1726921Z Updating files:  38% (3861/10158)
2026-09-10T18:37:08.1800748Z Updating files:  39% (3962/10158)
2026-09-10T18:37:08.1896966Z Updating files:  40% (4064/10158)
2026-09-10T18:37:08.1972004Z Updating files:  41% (4165/10158)
2026-09-10T18:37:08.2064714Z Updating files:  42% (4267/10158)
2026-09-10T18:37:08.2130324Z Updating files:  43% (4368/10158)
2026-09-10T18:37:08.2177115Z Updating files:  44% (4470/10158)
2026-09-10T18:37:08.2251355Z Updating files:  45% (4572/10158)
2026-09-10T18:37:08.2366756Z Updating files:  46% (4673/10158)
2026-09-10T18:37:08.2436535Z Updating files:  47% (4775/10158)
2026-09-10T18:37:08.2532233Z Updating files:  48% (4876/10158)
2026-09-10T18:37:08.2560487Z Updating files:  49% (4978/10158)
2026-09-10T18:37:08.2609759Z Updating files:  50% (5079/10158)
2026-09-10T18:37:08.2675930Z Updating files:  51% (5181/10158)
2026-09-10T18:37:08.2921743Z Updating files:  52% (5283/10158)
2026-09-10T18:37:08.2984202Z Updating files:  53% (5384/10158)
2026-09-10T18:37:08.3038421Z Updating files:  54% (5486/10158)
2026-09-10T18:37:08.3111056Z Updating files:  55% (5587/10158)
2026-09-10T18:37:08.3165137Z Updating files:  56% (5689/10158)
2026-09-10T18:37:08.3254027Z Updating files:  57% (5791/10158)
2026-09-10T18:37:08.3370289Z Updating files:  58% (5892/10158)
2026-09-10T18:37:08.3917434Z Updating files:  59% (5994/10158)
2026-09-10T18:37:08.3963142Z Updating files:  60% (6095/10158)
2026-09-10T18:37:08.4011185Z Updating files:  61% (6197/10158)
2026-09-10T18:37:08.4049284Z Updating files:  62% (6298/10158)
2026-09-10T18:37:08.4096774Z Updating files:  63% (6400/10158)
2026-09-10T18:37:08.4239909Z Updating files:  64% (6502/10158)
2026-09-10T18:37:08.4322635Z Updating files:  65% (6603/10158)
2026-09-10T18:37:08.4404432Z Updating files:  66% (6705/10158)
2026-09-10T18:37:08.4528799Z Updating files:  67% (6806/10158)
2026-09-10T18:37:08.4619779Z Updating files:  68% (6908/10158)
2026-09-10T18:37:08.4726233Z Updating files:  69% (7010/10158)
2026-09-10T18:37:08.4790103Z Updating files:  70% (7111/10158)
2026-09-10T18:37:08.4855096Z Updating files:  71% (7213/10158)
2026-09-10T18:37:08.4893678Z Updating files:  72% (7314/10158)
2026-09-10T18:37:08.4957093Z Updating files:  73% (7416/10158)
2026-09-10T18:37:08.4996977Z Updating files:  74% (7517/10158)
2026-09-10T18:37:08.5051624Z Updating files:  75% (7619/10158)
2026-09-10T18:37:08.5101358Z Updating files:  76% (7721/10158)
2026-09-10T18:37:08.5168280Z Updating files:  77% (7822/10158)
2026-09-10T18:37:08.5203334Z Updating files:  78% (7924/10158)
2026-09-10T18:37:08.5258840Z Updating files:  79% (8025/10158)
2026-09-10T18:37:08.5342344Z Updating files:  80% (8127/10158)
2026-09-10T18:37:08.5430284Z Updating files:  81% (8228/10158)
2026-09-10T18:37:08.5615016Z Updating files:  82% (8330/10158)
2026-09-10T18:37:08.5686261Z Updating files:  83% (8432/10158)
2026-09-10T18:37:08.5797252Z Updating files:  84% (8533/10158)
2026-09-10T18:37:08.5883089Z Updating files:  85% (8635/10158)
2026-09-10T18:37:08.5957004Z Updating files:  86% (8736/10158)
2026-09-10T18:37:08.6010043Z Updating files:  87% (8838/10158)
2026-09-10T18:37:08.6109016Z Updating files:  88% (8940/10158)
2026-09-10T18:37:08.6160223Z Updating files:  89% (9041/10158)
2026-09-10T18:37:08.6212718Z Updating files:  90% (9143/10158)
2026-09-10T18:37:08.6280111Z Updating files:  91% (9244/10158)
2026-09-10T18:37:08.6354611Z Updating files:  92% (9346/10158)
2026-09-10T18:37:08.6429821Z Updating files:  93% (9447/10158)
2026-09-10T18:37:08.6580620Z Updating files:  94% (9549/10158)
2026-09-10T18:37:08.6736849Z Updating files:  95% (9651/10158)
2026-09-10T18:37:08.6893303Z Updating files:  96% (9752/10158)
2026-09-10T18:37:08.7098485Z Updating files:  97% (9854/10158)
2026-09-10T18:37:08.7159559Z Updating files:  98% (9955/10158)
2026-09-10T18:37:08.7228796Z Updating files:  99% (10057/10158)
2026-09-10T18:37:08.7230285Z Updating files: 100% (10158/10158)
2026-09-10T18:37:08.7231094Z Updating files: 100% (10158/10158), done.
2026-09-10T18:37:08.7382938Z Switched to a new branch 'GPT-work/b699-low-index-lean-20260911-513dc7cc'
2026-09-10T18:37:08.7389799Z branch 'GPT-work/b699-low-index-lean-20260911-513dc7cc' set up to track 'origin/GPT-work/b699-low-index-lean-20260911-513dc7cc'.
2026-09-10T18:37:08.7457806Z ##[endgroup]
2026-09-10T18:37:08.7528730Z [command]/usr/bin/git log -1 --format=%H
2026-09-10T18:37:08.7546870Z 14aab81e99dd8498e4fdac8ac0e8012d4885544d
2026-09-10T18:37:08.7788134Z ##[group]Run python3 "$B699_RUN/verification/runner/generate_row.py" --i "35" --plan "$B699_RUN/verification/row-plan.json"
2026-09-10T18:37:08.7789081Z [36;1mpython3 "$B699_RUN/verification/runner/generate_row.py" --i "35" --plan "$B699_RUN/verification/row-plan.json"[0m
2026-09-10T18:37:08.7789633Z [36;1mpython3 - <<'PY'[0m
2026-09-10T18:37:08.7789897Z [36;1mimport json, os, runpy[0m
2026-09-10T18:37:08.7790372Z [36;1mfrom pathlib import Path[0m
2026-09-10T18:37:08.7790671Z [36;1mrun = Path(os.environ['B699_RUN'])[0m
2026-09-10T18:37:08.7791190Z [36;1mprint(json.dumps(runpy.run_path(str(run/'verification/runner/compile_probes.py'))['resources']()))[0m
2026-09-10T18:37:08.7791668Z [36;1mPY[0m
2026-09-10T18:37:08.7836261Z shell: /usr/bin/bash -e {0}
2026-09-10T18:37:08.7836536Z env:
2026-09-10T18:37:08.7836885Z   B699_RUN: research/tasks/B699-Binomial/runs/20260911-low-index-lean-513dc7cc
2026-09-10T18:37:08.7837376Z   B699_RAW: .tools/20260911-low-index-lean-513dc7cc
2026-09-10T18:37:08.7837681Z ##[endgroup]
2026-09-10T18:37:08.8351630Z B699_PLAN {"kind": "uncompiled_candidates", "i": 35, "frozen_source": "research/tasks/B699-Binomial/runs/20260909-low-index-structure-b41a5a63/lean/coverage/rows/Row035.lean", "frozen_source_sha256": "88c93bc20fa7c47e76fda7752f54b87b790bf4c4d03a378fb30398685eb1b167", "height": [35, 11, 23, 49], "goods": 247, "layers": 153, "root": "research/tasks/B699-Binomial/runs/20260911-low-index-lean-513dc7cc/lean/rows/Row035/Original.lean"}
2026-09-10T18:37:08.9074660Z {"disk": [76887154688, 63060643840, 13809733632], "cpu_count": 2, "meminfo": ["MemTotal:        8128880 kB", "MemAvailable:    6939452 kB"], "memory.max": null, "memory.current": null, "cpu.max": null, "processes": "    PID    PPID   RSS COMMAND\n   1840    1836 150060 provjobd1542972\n   1894    1872 128568 Runner.Worker\n   1872    1807 93896 Runner.Listener\n   1097       1 71968 dockerd\n    783       1 52080 php-fpm8.3\n    887       1 44036 containerd\n    204       1 43844 multipathd\n   1201     813 38100 python3\n    813       1 31392 python3\n   1129     783 21552 php-fpm8.3\n   1136     783 21552 php-fpm8.3\n    780       1 21268 networkd-dispat\n    140       1 17768 systemd-journal\n   1807       1 17160 hosted-compute-\n      1       0 14432 systemd\n   2047    2045 14200 python3\n    812       1 13796 udisksd\n    474       1 13304 systemd-resolve\n    957       1 12840 ModemManager\n    953       1 11372 systemd\n    716       1  9820 systemd-network\n    807       1  9416 systemd-logind\n    788       1  8180 polkitd\n    209       1  7996 systemd-udevd\n   1240       1  7532 systemd-timedat\n   1836    1807  7116 sudo\n    967       1  6088 rsyslogd\n    776       1  5592 dbus-daemon\n    577       1  5032 haveged\n   2048    2047  4220 ps\n    901       1  3640 chronyd\n    970     953  3572 (sd-pam)\n   2045    1894  3516 bash\n    317       1  2908 hv_kvp_daemon\n    829       1  2756 cron\n    874       1  2160 agetty\n    885       1  2040 agetty\n    902     901  1220 chronyd\n      2       0     0 kthreadd\n      3       2     0 pool_workqueue_release\n      4       2     0 kworker/R-rcu_gp\n      5       2     0 kworker/R-sync_wq\n      6       2     0 kworker/R-kvfree_rcu_reclaim\n      7       2     0 kworker/R-slub_flushwq\n      8       2     0 kworker/R-netns\n      9       2     0 kworker/0:0-cgroup_release\n     10       2     0 kworker/0:0H-events_highpri\n     11       2     0 kworker/0:1-events\n     12       2     0 kworker/u8:0-flush-8:0\n     13       2     0 kworker/R-mm_percpu_wq\n     14   "}
2026-09-10T18:37:08.9439347Z ##[group]Run leanprover/lean-action@50fcf42d2e460296f1a34b402e990d1b24f8b596
2026-09-10T18:37:08.9439765Z with:
2026-09-10T18:37:08.9439982Z   auto-config: false
2026-09-10T18:37:08.9440210Z   build: false
2026-09-10T18:37:08.9440417Z   test: false
2026-09-10T18:37:08.9440619Z   lint: false
2026-09-10T18:37:08.9440842Z   use-mathlib-cache: false
2026-09-10T18:37:08.9441100Z   use-github-cache: false
2026-09-10T18:37:08.9441350Z   mk_all-check: false
2026-09-10T18:37:08.9441604Z   check-reservoir-eligibility: false
2026-09-10T18:37:08.9441882Z   leanchecker: false
2026-09-10T18:37:08.9442113Z   lean4checker: false
2026-09-10T18:37:08.9442333Z   nanoda: false
2026-09-10T18:37:08.9442560Z   nanoda-allow-sorry: true
2026-09-10T18:37:08.9442799Z   axiom-audit: false
2026-09-10T18:37:08.9443093Z   axiom-audit-allow: propext,Classical.choice,Quot.sound
2026-09-10T18:37:08.9443634Z   lake-package-directory: .
2026-09-10T18:37:08.9443914Z   reinstall-transient-toolchain: false
2026-09-10T18:37:08.9444241Z env:
2026-09-10T18:37:08.9444565Z   B699_RUN: research/tasks/B699-Binomial/runs/20260911-low-index-lean-513dc7cc
2026-09-10T18:37:08.9444992Z   B699_RAW: .tools/20260911-low-index-lean-513dc7cc
2026-09-10T18:37:08.9445288Z ##[endgroup]
2026-09-10T18:37:08.9510304Z ##[start-action display=install elan;id=__leanprover_lean-action.__run]
2026-09-10T18:37:08.9536808Z ##[group]Run : Install Elan
2026-09-10T18:37:08.9537104Z [36;1m: Install Elan[0m
2026-09-10T18:37:08.9537416Z [36;1m${GITHUB_ACTION_PATH}/scripts/install_elan.sh[0m
2026-09-10T18:37:08.9582549Z shell: /usr/bin/bash --noprofile --norc -e -o pipefail {0}
2026-09-10T18:37:08.9583019Z env:
2026-09-10T18:37:08.9583512Z   B699_RUN: research/tasks/B699-Binomial/runs/20260911-low-index-lean-513dc7cc
2026-09-10T18:37:08.9584195Z   B699_RAW: .tools/20260911-low-index-lean-513dc7cc
2026-09-10T18:37:08.9584627Z ##[endgroup]
2026-09-10T18:37:08.9688052Z ##[group]Elan Installation Output
2026-09-10T18:37:09.0946829Z info: downloading installer
2026-09-10T18:37:11.0110470Z info: downloading https://releases.lean-lang.org/lean4/v4.33.1/lean-4.33.1-linux.tar.zst
2026-09-10T18:37:16.0283808Z info: installing /home/runner/.elan/toolchains/leanprover--lean4---v4.33.1
2026-09-10T18:37:27.0620098Z Lean (version 4.33.1, x86_64-unknown-linux-gnu, commit 819816b2e0a3bf405af45ae5c7af2491d8f5bee6, Release)
2026-09-10T18:37:27.1378636Z Lake version 5.0.0-src+819816b (Lean version 4.33.1)
2026-09-10T18:37:27.1424360Z ##[endgroup]
2026-09-10T18:37:27.1424769Z 
2026-09-10T18:37:27.1444760Z ##[end-action id=__leanprover_lean-action.__run;outcome=success;conclusion=success;duration_ms=18193]
2026-09-10T18:37:27.1449796Z ##[start-action display=configure `lean-action`;id=__leanprover_lean-action.config]
2026-09-10T18:37:27.1468301Z ##[group]Run : Configure Lean Action
2026-09-10T18:37:27.1468636Z [36;1m: Configure Lean Action[0m
2026-09-10T18:37:27.1468950Z [36;1m${GITHUB_ACTION_PATH}/scripts/config.sh[0m
2026-09-10T18:37:27.1510929Z shell: /usr/bin/bash --noprofile --norc -e -o pipefail {0}
2026-09-10T18:37:27.1511299Z env:
2026-09-10T18:37:27.1511648Z   B699_RUN: research/tasks/B699-Binomial/runs/20260911-low-index-lean-513dc7cc
2026-09-10T18:37:27.1512091Z   B699_RAW: .tools/20260911-low-index-lean-513dc7cc
2026-09-10T18:37:27.1512400Z   AUTO_CONFIG: false
2026-09-10T18:37:27.1512634Z   BUILD: false
2026-09-10T18:37:27.1512849Z   TEST: false
2026-09-10T18:37:27.1513050Z   LINT: false
2026-09-10T18:37:27.1513250Z ##[endgroup]
2026-09-10T18:37:27.1817006Z ##[group]Configure lean-action
2026-09-10T18:37:27.1873117Z ##[end-action id=__leanprover_lean-action.config;outcome=success;conclusion=success;duration_ms=42]
2026-09-10T18:37:27.1878429Z ##[start-action display=reinstall transient toolchain;id=__leanprover_lean-action.__run_2]
2026-09-10T18:37:27.1895790Z ##[end-action id=__leanprover_lean-action.__run_2;outcome=skipped;conclusion=skipped;duration_ms=0]
2026-09-10T18:37:27.1899369Z ##[start-action display=ensure all files are imported;id=__leanprover_lean-action.mk_all]
2026-09-10T18:37:27.1903145Z ##[end-action id=__leanprover_lean-action.mk_all;outcome=skipped;conclusion=skipped;duration_ms=0]
2026-09-10T18:37:27.1905074Z ##[start-action display=Run actions/cache/restore@v5;id=__leanprover_lean-action.__actions_cache]
2026-09-10T18:37:27.1909208Z ##[end-action id=__leanprover_lean-action.__actions_cache;outcome=skipped;conclusion=skipped;duration_ms=0]
2026-09-10T18:37:27.1911167Z ##[start-action display=detect mathlib;id=__leanprover_lean-action.detect-mathlib]
2026-09-10T18:37:27.1914588Z ##[end-action id=__leanprover_lean-action.detect-mathlib;outcome=skipped;conclusion=skipped;duration_ms=0]
2026-09-10T18:37:27.1916800Z ##[start-action display=get mathlib cache;id=__leanprover_lean-action.__run_3]
2026-09-10T18:37:27.1939430Z ##[end-action id=__leanprover_lean-action.__run_3;outcome=skipped;conclusion=skipped;duration_ms=0]
2026-09-10T18:37:27.1949369Z ##[start-action display=build HuanHuanHuanFFF/lean-math-lab;id=__leanprover_lean-action.build]
2026-09-10T18:37:27.1953828Z ##[end-action id=__leanprover_lean-action.build;outcome=skipped;conclusion=skipped;duration_ms=0]
2026-09-10T18:37:27.1955789Z ##[start-action display=Run actions/cache/save@v5;id=__leanprover_lean-action.__actions_cache_2]
2026-09-10T18:37:27.1959702Z ##[end-action id=__leanprover_lean-action.__actions_cache_2;outcome=skipped;conclusion=skipped;duration_ms=0]
2026-09-10T18:37:27.1962550Z ##[start-action display=test HuanHuanHuanFFF/lean-math-lab;id=__leanprover_lean-action.test]
2026-09-10T18:37:27.1967113Z ##[end-action id=__leanprover_lean-action.test;outcome=skipped;conclusion=skipped;duration_ms=0]
2026-09-10T18:37:27.1969741Z ##[start-action display=lint HuanHuanHuanFFF/lean-math-lab;id=__leanprover_lean-action.lint]
2026-09-10T18:37:27.1974070Z ##[end-action id=__leanprover_lean-action.lint;outcome=skipped;conclusion=skipped;duration_ms=0]
2026-09-10T18:37:27.1976268Z ##[start-action display=check reservoir eligibility;id=__leanprover_lean-action.__run_4]
2026-09-10T18:37:27.1979858Z ##[end-action id=__leanprover_lean-action.__run_4;outcome=skipped;conclusion=skipped;duration_ms=0]
2026-09-10T18:37:27.1982363Z ##[start-action display=check environment with leanchecker;id=__leanprover_lean-action.__run_5]
2026-09-10T18:37:27.1987354Z ##[end-action id=__leanprover_lean-action.__run_5;outcome=skipped;conclusion=skipped;duration_ms=0]
2026-09-10T18:37:27.1989627Z ##[start-action display=check environment with nanoda;id=__leanprover_lean-action.nanoda]
2026-09-10T18:37:27.1992944Z ##[end-action id=__leanprover_lean-action.nanoda;outcome=skipped;conclusion=skipped;duration_ms=0]
2026-09-10T18:37:27.1995183Z ##[start-action display=audit axioms with axiom-audit;id=__leanprover_lean-action.axiom-audit]
2026-09-10T18:37:27.1998848Z ##[end-action id=__leanprover_lean-action.axiom-audit;outcome=skipped;conclusion=skipped;duration_ms=0]
2026-09-10T18:37:27.2051471Z ##[group]Run python3 "$B699_RUN/verification/runner/verify_environment.py" --repo . --mode cache
2026-09-10T18:37:27.2052158Z [36;1mpython3 "$B699_RUN/verification/runner/verify_environment.py" --repo . --mode cache[0m
2026-09-10T18:37:27.2089817Z shell: /usr/bin/bash -e {0}
2026-09-10T18:37:27.2090089Z env:
2026-09-10T18:37:27.2090432Z   B699_RUN: research/tasks/B699-Binomial/runs/20260911-low-index-lean-513dc7cc
2026-09-10T18:37:27.2090883Z   B699_RAW: .tools/20260911-low-index-lean-513dc7cc
2026-09-10T18:37:27.2091189Z ##[endgroup]
2026-09-10T18:37:27.3233667Z info: mathlib: cloning https://github.com/leanprover-community/mathlib4
2026-09-10T18:39:43.8942681Z info: mathlib: checking out revision '0df444a360eaa60ab8c11dca51a86af692955474'
2026-09-10T18:39:46.0356889Z info: plausible: cloning https://github.com/leanprover-community/plausible
2026-09-10T18:39:46.5605192Z info: plausible: checking out revision 'b7eb3304aeae834b12dda98993a37f6a41f6f0bb'
2026-09-10T18:39:46.5737267Z info: LeanSearchClient: cloning https://github.com/leanprover-community/LeanSearchClient
2026-09-10T18:39:47.0788705Z info: LeanSearchClient: checking out revision '5f4d51b81cbd3f6b32b156bfad9056621a040404'
2026-09-10T18:39:47.0914277Z info: importGraph: cloning https://github.com/leanprover-community/import-graph
2026-09-10T18:39:47.6330176Z info: importGraph: checking out revision '16f02aa7642864af59f1ff0e384a015994db9118'
2026-09-10T18:39:47.6485307Z info: proofwidgets: cloning https://github.com/leanprover-community/ProofWidgets4
2026-09-10T18:39:48.4951070Z info: proofwidgets: checking out revision '4be2e3d5087eeb272cf5a8853b8f9dd025ef5957'
2026-09-10T18:39:49.1277337Z info: aesop: cloning https://github.com/leanprover-community/aesop
2026-09-10T18:39:49.9497205Z info: aesop: checking out revision '3448c0bcc5ce01b2d1546e483ec3620e32df3d0e'
2026-09-10T18:39:49.9681668Z info: Qq: cloning https://github.com/leanprover-community/quote4
2026-09-10T18:39:50.4531435Z info: Qq: checking out revision '92c15be17b7caf78c2ad767ec40f89052d908d81'
2026-09-10T18:39:50.4663887Z info: batteries: cloning https://github.com/leanprover-community/batteries
2026-09-10T18:39:54.0542744Z info: batteries: checking out revision '4488d40d070b9700d4d5a6aa342f0d40c31b2a2d'
2026-09-10T18:39:54.0817450Z info: Cli: cloning https://github.com/leanprover/lean4-cli
2026-09-10T18:39:54.7447354Z info: Cli: checking out revision '6130a47896ce867c6a4a55373441e59e565bad0f'
2026-09-10T18:39:56.0608531Z ✔ [2/11] Built Cache.Cli (338ms)
2026-09-10T18:39:56.5616521Z ✔ [5/12] Built Cache.Lean (540ms)
2026-09-10T18:39:57.1639720Z ✔ [7/27] Built Cache.Infra (635ms)
2026-09-10T18:39:57.3667601Z ✔ [8/27] Built Cache.Cli:c.o (215ms)
2026-09-10T18:39:57.4687453Z ✔ [9/27] Built Batteries.Tactic.OpenPrivate (1.4s)
2026-09-10T18:39:57.6667664Z ✔ [10/27] Built Cache.Lean:c.o (209ms)
2026-09-10T18:39:57.7669719Z ✔ [11/27] Built Cache.Infra:c.o (327ms)
2026-09-10T18:39:59.4708162Z ✔ [12/27] Built Batteries.Tactic.OpenPrivate:c.o (1.9s)
2026-09-10T18:39:59.8740968Z ✔ [13/27] Built Cache.IO (2.1s)
2026-09-10T18:40:01.1816359Z ✔ [14/27] Built Cache.Hashing (1.3s)
2026-09-10T18:40:01.7821573Z ✔ [15/27] Built Cache.Hashing:c.o (641ms)
2026-09-10T18:40:02.2827282Z ✔ [16/27] Built Cache.IO:c.o (2.3s)
2026-09-10T18:40:04.0908383Z ✔ [17/27] Built Cache.Requests (2.3s)
2026-09-10T18:40:04.9923412Z ✔ [18/27] Built Cache.Marker (919ms)
2026-09-10T18:40:05.1927206Z ✔ [19/27] Built Cache.Marker:c.o (189ms)
2026-09-10T18:40:06.3936903Z ✔ [20/27] Built Cache.Query (1.2s)
2026-09-10T18:40:06.8937401Z ✔ [21/27] Built Cache.Query:c.o (459ms)
2026-09-10T18:40:07.9943460Z ✔ [22/27] Built Cache.Warning (1.1s)
2026-09-10T18:40:08.3948388Z ✔ [23/27] Built Cache.Requests:c.o (4.3s)
2026-09-10T18:40:08.3949986Z ✔ [24/27] Built Cache.Warning:c.o (392ms)
2026-09-10T18:40:09.4962768Z ✔ [25/27] Built Cache.Main (1.2s)
2026-09-10T18:40:10.3995780Z ✔ [26/27] Built Cache.Main:c.o (907ms)
2026-09-10T18:40:11.4017542Z ✔ [27/27] Built cache:exe (930ms)
2026-09-10T18:40:14.5973951Z Current branch: HEAD
2026-09-10T18:40:14.5974828Z Using cache from origin: (some leanprover-community/mathlib4)
2026-09-10T18:40:14.5976417Z Attempting to download 1169 file(s) from leanprover-community/mathlib4 cache at https://lakecache.blob.core.windows.net/mathlib4-master
2026-09-10T18:40:15.8712369Z 
2026-09-10T18:40:15.9729023Z Downloaded: 1 file(s) [attempted 1/1169 = 0%, 30 KB/s], Decompressed: 0
2026-09-10T18:40:16.0798637Z Downloaded: 57 file(s) [attempted 57/1169 = 4%, 115 KB/s], Decompressed: 9
2026-09-10T18:40:16.1877214Z Downloaded: 131 file(s) [attempted 131/1169 = 11%, 1556 KB/s], Decompressed: 9
2026-09-10T18:40:16.2848800Z Downloaded: 210 file(s) [attempted 210/1169 = 17%, 1119 KB/s], Decompressed: 36
2026-09-10T18:40:16.3881348Z Downloaded: 297 file(s) [attempted 297/1169 = 25%, 1578 KB/s], Decompressed: 36
2026-09-10T18:40:16.4887444Z Downloaded: 376 file(s) [attempted 376/1169 = 32%, 307 KB/s], Decompressed: 36
2026-09-10T18:40:16.5978614Z Downloaded: 459 file(s) [attempted 459/1169 = 39%, 715 KB/s], Decompressed: 36
2026-09-10T18:40:16.7187188Z Downloaded: 534 file(s) [attempted 534/1169 = 45%, 301 KB/s], Decompressed: 36
2026-09-10T18:40:16.8269572Z Downloaded: 632 file(s) [attempted 632/1169 = 54%, 1332 KB/s], Decompressed: 36
2026-09-10T18:40:16.9297328Z Downloaded: 728 file(s) [attempted 728/1169 = 62%, 437 KB/s], Decompressed: 36
2026-09-10T18:40:17.0407059Z Downloaded: 795 file(s) [attempted 795/1169 = 68%, 3482 KB/s], Decompressed: 36
2026-09-10T18:40:17.1444860Z Downloaded: 891 file(s) [attempted 891/1169 = 76%, 143 KB/s], Decompressed: 36
2026-09-10T18:40:17.2617317Z Downloaded: 942 file(s) [attempted 942/1169 = 80%, 3083 KB/s], Decompressed: 36
2026-09-10T18:40:17.3671297Z Downloaded: 1005 file(s) [attempted 1005/1169 = 85%, 1982 KB/s], Decompressed: 36
2026-09-10T18:40:17.4737138Z Downloaded: 1103 file(s) [attempted 1103/1169 = 94%, 752 KB/s], Decompressed: 152
2026-09-10T18:40:17.6087045Z Downloaded: 1159 file(s) [attempted 1159/1169 = 99%, 1288 KB/s], Decompressed: 152
2026-09-10T18:40:17.6206818Z Downloaded: 1168 file(s) [attempted 1168/1169 = 99%, 836 KB/s], Decompressed: 152
2026-09-10T18:40:17.6226823Z Downloaded: 1169 file(s) [attempted 1169/1169 = 100%, 836 KB/s], Decompressed: 152
2026-09-10T18:40:25.4508879Z Decompressed 1169 file(s)
2026-09-10T18:40:25.4546819Z Already decompressed 1169 file(s)
2026-09-10T18:40:25.5104994Z {"source_files_matched": 21, "manifest_matched": true, "lean_compiled": false}
2026-09-10T18:40:25.5105876Z memory.max unavailable
2026-09-10T18:40:25.5106804Z memory.current unavailable
2026-09-10T18:40:25.5107368Z cpu.max unavailable
2026-09-10T18:40:25.5107990Z disk usage(total=76887154688, used=66156933120, free=10713444352)
2026-09-10T18:40:25.5108680Z     PID    PPID   RSS COMMAND
2026-09-10T18:40:25.5109222Z    1840    1836 145844 provjobd1542972
2026-09-10T18:40:25.5109789Z    1894    1872 134232 Runner.Worker
2026-09-10T18:40:25.5110341Z    1872    1807 94116 Runner.Listener
2026-09-10T18:40:25.5110870Z    1097       1 71968 dockerd
2026-09-10T18:40:25.5111405Z     783       1 52080 php-fpm8.3
2026-09-10T18:40:25.5111933Z     887       1 44040 containerd
2026-09-10T18:40:25.5112435Z     204       1 43844 multipathd
2026-09-10T18:40:25.5112927Z    1201     813 38104 python3
2026-09-10T18:40:25.5113422Z     813       1 31392 python3
2026-09-10T18:40:25.5113914Z    1129     783 21552 php-fpm8.3
2026-09-10T18:40:25.5114433Z    1136     783 21552 php-fpm8.3
2026-09-10T18:40:25.5114944Z     780       1 21268 networkd-dispat
2026-09-10T18:40:25.5115493Z     140       1 17776 systemd-journal
2026-09-10T18:40:25.5116166Z    2099    2098 17652 python3
2026-09-10T18:40:25.5116704Z    1807       1 17160 hosted-compute-
2026-09-10T18:40:25.5117292Z       1       0 14432 systemd
2026-09-10T18:40:25.5117830Z     812       1 13796 udisksd
2026-09-10T18:40:25.5118393Z     474       1 13324 systemd-resolve
2026-09-10T18:40:25.5118996Z     957       1 12840 ModemManager
2026-09-10T18:40:25.5119568Z     953       1 11372 systemd
2026-09-10T18:40:25.5120613Z     716       1  9820 systemd-network
2026-09-10T18:40:25.5121261Z     807       1  9416 systemd-logind
2026-09-10T18:40:25.5121855Z     788       1  8180 polkitd
2026-09-10T18:40:25.5122423Z     209       1  7996 systemd-udevd
2026-09-10T18:40:25.5123000Z    1836    1807  7116 sudo
2026-09-10T18:40:25.5123528Z     967       1  6088 rsyslogd
2026-09-10T18:40:25.5124040Z     776       1  5592 dbus-daemon
2026-09-10T18:40:25.5124567Z     577       1  5032 haveged
2026-09-10T18:40:25.5125109Z    2100    2099  4228 ps
2026-09-10T18:40:25.5125625Z     901       1  3640 chronyd
2026-09-10T18:40:25.5126568Z    2098    1894  3576 bash
2026-09-10T18:40:25.5127170Z     970     953  3572 (sd-pam)
2026-09-10T18:40:25.5127771Z     317       1  2908 hv_kvp_daemon
2026-09-10T18:40:25.5128620Z     829       1  2756 cron
2026-09-10T18:40:25.5132030Z     874       1  2160 agetty
2026-09-10T18:40:25.5143305Z     885       1  2040 agetty
2026-09-10T18:40:25.5144226Z     902     901  1220 chronyd
2026-09-10T18:40:25.5144990Z       2       0     0 kthreadd
2026-09-10T18:40:25.5145770Z       3       2     0 pool_workqueue_release
2026-09-10T18:40:25.5171552Z       4       2     0 kworker/R-rcu_gp
2026-09-10T18:40:25.5172258Z       5       2     0 kworker/R-sync_wq
2026-09-10T18:40:25.5173092Z       6       2     0 kworker/R-kvfree_rcu_reclaim
2026-09-10T18:40:25.5173869Z       7       2     0 kworker/R-slub_flushwq
2026-09-10T18:40:25.5174568Z       8       2 
2026-09-10T18:40:25.5278418Z Node 20 is being deprecated. This workflow is running with Node 24 by default. If you need to temporarily use Node 20, you can set the ACTIONS_ALLOW_USE_UNSECURE_NODE_VERSION=true environment variable. For more information see: https://github.blog/changelog/2025-09-19-deprecation-of-node-20-on-github-actions-runners/
2026-09-10T18:40:25.5280476Z ##[group]Run actions/download-artifact@d3f86a106a0bac45b974a628896c90dbdf5c8093
2026-09-10T18:40:25.5280886Z with:
2026-09-10T18:40:25.5281109Z   name: b699-shared-acceptance
2026-09-10T18:40:25.5281423Z   path: .tools/20260911-low-index-lean-513dc7cc/download
2026-09-10T18:40:25.5281972Z   merge-multiple: false
2026-09-10T18:40:25.5282239Z   repository: HuanHuanHuanFFF/lean-math-lab
2026-09-10T18:40:25.5282531Z   run-id: 34514758444
2026-09-10T18:40:25.5282748Z env:
2026-09-10T18:40:25.5283072Z   B699_RUN: research/tasks/B699-Binomial/runs/20260911-low-index-lean-513dc7cc
2026-09-10T18:40:25.5283531Z   B699_RAW: .tools/20260911-low-index-lean-513dc7cc
2026-09-10T18:40:25.5283835Z ##[endgroup]
2026-09-10T18:40:25.8038814Z Downloading single artifact
2026-09-10T18:40:25.8236339Z (node:2538) [DEP0040] DeprecationWarning: The `punycode` module is deprecated. Please use a userland alternative instead.
2026-09-10T18:40:25.8243469Z (Use `node --trace-deprecation ...` to show where the warning was created)
2026-09-10T18:40:26.1150353Z Preparing to download the following artifacts:
2026-09-10T18:40:26.1151878Z - b699-shared-acceptance (ID: 10167450708, Size: 3204003, Expected Digest: sha256:9c669e44088ce2cc20e68876932aececdbc68b76ca3f61c28724b8f155335a68)
2026-09-10T18:40:26.3992104Z Redirecting to blob download url: https://productionresultssa17.blob.core.windows.net/actions-results/abacbb30-654a-40d2-ac88-9ac9550b2d9a/workflow-job-run-f1e45eca-4fb5-573e-b94c-4e9d3af5ed6e/artifacts/1af9c6cbb3ba709936f163a1f87adff2262c76af2b534c48e1ae8492468f8c87.zip
2026-09-10T18:40:26.3995053Z Starting download of artifact to: /home/runner/work/lean-math-lab/lean-math-lab/.tools/20260911-low-index-lean-513dc7cc/download
2026-09-10T18:40:26.7348618Z (node:2538) [DEP0005] DeprecationWarning: Buffer() is deprecated due to security and usability issues. Please use the Buffer.alloc(), Buffer.allocUnsafe(), or Buffer.from() methods instead.
2026-09-10T18:40:27.5463741Z SHA256 digest of downloaded artifact is 9c669e44088ce2cc20e68876932aececdbc68b76ca3f61c28724b8f155335a68
2026-09-10T18:40:27.5465035Z Artifact download completed successfully.
2026-09-10T18:40:27.5466300Z Total of 1 artifact(s) downloaded
2026-09-10T18:40:27.5479985Z Download artifact has finished successfully
2026-09-10T18:40:27.5605284Z ##[group]Run python3 "$B699_RUN/verification/runner/cache_bundle.py" import --archive "$B699_RAW/download/shared.zip"
2026-09-10T18:40:27.5606400Z [36;1mpython3 "$B699_RUN/verification/runner/cache_bundle.py" import --archive "$B699_RAW/download/shared.zip"[0m
2026-09-10T18:40:27.5607144Z [36;1mpython3 "$B699_RUN/verification/runner/compile_row.py" --plan "$B699_RUN/verification/row-plan.json"[0m
2026-09-10T18:40:27.5651567Z shell: /usr/bin/bash -e {0}
2026-09-10T18:40:27.5651844Z env:
2026-09-10T18:40:27.5652197Z   B699_RUN: research/tasks/B699-Binomial/runs/20260911-low-index-lean-513dc7cc
2026-09-10T18:40:27.5652658Z   B699_RAW: .tools/20260911-low-index-lean-513dc7cc
2026-09-10T18:40:27.5652969Z ##[endgroup]
2026-09-10T18:40:27.6897429Z B699_CACHE_READY research/tasks/B699-Binomial/runs/20260911-low-index-lean-513dc7cc/verification/20260910T183230016817Z/evidence.json
2026-09-10T18:40:27.7509364Z B699_ROW_START {"i": 35, "resources": {"disk": [76887154688, 68206534656, 8663842816], "cpu_count": 2, "meminfo": ["MemTotal:        8128880 kB", "MemAvailable:    7115536 kB"], "memory.max": null, "memory.current": null, "cpu.max": null, "processes": "    PID    PPID   RSS COMMAND\n   1840    1836 151224 provjobd1542972\n   1894    1872 142640 Runner.Worker\n   1872    1807 97024 Runner.Listener\n   1097       1 70728 dockerd\n    783       1 52080 php-fpm8.3\n    887       1 44052 containerd\n    204       1 43844 multipathd\n   1201     813 38136 python3\n    813       1 31392 python3\n   1129     783 21552 php-fpm8.3\n   1136     783 21552 php-fpm8.3\n    780       1 21268 networkd-dispat\n   2553    2551 18936 python3\n    140       1 17784 systemd-journal\n   1807       1 16040 hosted-compute-\n      1       0 14416 systemd\n    812       1 13792 udisksd\n    474       1 13328 systemd-resolve\n    957       1 12820 ModemManager\n    953       1 11356 systemd\n    716       1  9820 systemd-network\n    807       1  9416 systemd-logind\n    788       1  8168 polkitd\n    209       1  7996 systemd-udevd\n   1836    1807  7116 sudo\n    967       1  6072 rsyslogd\n    776       1  5592 dbus-daemon\n    577       1  5032 haveged\n   2554    2553  4224 ps\n    901       1  3640 chronyd\n    970     953  3572 (sd-pam)\n   2551    1894  3516 bash\n    317       1  2908 hv_kvp_daemon\n    829       1  2756 cron\n    874       1  2160 agetty\n    885       1  2040 agetty\n    902     901  1220 chronyd\n      2       0     0 kthreadd\n      3       2     0 pool_workqueue_release\n      4       2     0 kworker/R-rcu_gp\n      5       2     0 kworker/R-sync_wq\n      6       2     0 kworker/R-kvfree_rcu_reclaim\n      7       2     0 kworker/R-slub_flushwq\n      8       2     0 kworker/R-netns\n      9       2     0 kworker/0:0-cgroup_release\n     10       2     0 kworker/0:0H-events_highpri\n     11       2     0 kworker/0:1-events\n     12       2     0 kworker/u8:0-events_power_efficient\n     13       2     0 kworker/R-mm_percpu_wq\n     14       2     0 ksoftirqd/0\n "}, "command": ["/usr/bin/python3", "research/tasks/B699-Binomial/runs/20260911-low-index-lean-513dc7cc/verification/runner/verify_incremental.py", "--repo", ".", "--root", "research/tasks/B699-Binomial/runs/20260911-low-index-lean-513dc7cc/lean/rows/Row035/Original.lean", "--reuse", "research/tasks/B699-Binomial/runs/20260911-low-index-lean-513dc7cc/verification/20260910T183230016817Z/evidence.json", "--memory-mb", "3072", "--timeout", "900"]}
2026-09-10T18:41:28.5271231Z 699LowIndex.LowIndexLean513dc7cc.row035_good219_checked", "axioms": ["propext", "Classical.choice", "Quot.sound"]}, {"declared_name": "B699LowIndex.LowIndexLean513dc7cc.row035_good220_checked", "axioms": ["propext", "Classical.choice", "Quot.sound"]}, {"declared_name": "B699LowIndex.LowIndexLean513dc7cc.row035_good221_checked", "axioms": ["propext", "Classical.choice", "Quot.sound"]}, {"declared_name": "B699LowIndex.LowIndexLean513dc7cc.row035_good222_checked", "axioms": ["propext", "Classical.choice", "Quot.sound"]}, {"declared_name": "B699LowIndex.LowIndexLean513dc7cc.row035_good223_checked", "axioms": ["propext", "Classical.choice", "Quot.sound"]}], "unexpected_axioms": [], "guarded_output_inferred": false}}
2026-09-10T18:41:28.5277165Z RESOURCE {"source": "research/tasks/B699-Binomial/runs/20260911-low-index-lean-513dc7cc/lean/rows/Row035/Goods224.lean", "cpu_count": 2, "disk": [76887154688, 68218781696, 8651595776], "meminfo": ["MemTotal:        8128880 kB", "MemAvailable:    7134140 kB"], "memory.max": null, "memory.current": null, "cpu.max": null}
2026-09-10T18:41:28.5305060Z COMPILE {"source": "research/tasks/B699-Binomial/runs/20260911-low-index-lean-513dc7cc/lean/rows/Row035/Goods224.lean", "seconds": 1.649, "exit_code": 0, "failure": null, "axiom_audit": {"declared_print_axioms": 16, "declared_names": ["B699LowIndex.LowIndexLean513dc7cc.row035_good224_checked", "B699LowIndex.LowIndexLean513dc7cc.row035_good225_checked", "B699LowIndex.LowIndexLean513dc7cc.row035_good226_checked", "B699LowIndex.LowIndexLean513dc7cc.row035_good227_checked", "B699LowIndex.LowIndexLean513dc7cc.row035_good228_checked", "B699LowIndex.LowIndexLean513dc7cc.row035_good229_checked", "B699LowIndex.LowIndexLean513dc7cc.row035_good230_checked", "B699LowIndex.LowIndexLean513dc7cc.row035_good231_checked", "B699LowIndex.LowIndexLean513dc7cc.row035_good232_checked", "B699LowIndex.LowIndexLean513dc7cc.row035_good233_checked", "B699LowIndex.LowIndexLean513dc7cc.row035_good234_checked", "B699LowIndex.LowIndexLean513dc7cc.row035_good235_checked", "B699LowIndex.LowIndexLean513dc7cc.row035_good236_checked", "B699LowIndex.LowIndexLean513dc7cc.row035_good237_checked", "B699LowIndex.LowIndexLean513dc7cc.row035_good238_checked", "B699LowIndex.LowIndexLean513dc7cc.row035_good239_checked"], "guarded_print_axioms": 0, "guarded_names": [], "actual_printed": 16, "guard_msgs_in_source": 0, "printed": [{"declared_name": "B699LowIndex.LowIndexLean513dc7cc.row035_good224_checked", "axioms": ["propext", "Classical.choice", "Quot.sound"]}, {"declared_name": "B699LowIndex.LowIndexLean513dc7cc.row035_good225_checked", "axioms": ["propext", "Classical.choice", "Quot.sound"]}, {"declared_name": "B699LowIndex.LowIndexLean513dc7cc.row035_good226_checked", "axioms": ["propext", "Classical.choice", "Quot.sound"]}, {"declared_name": "B699LowIndex.LowIndexLean513dc7cc.row035_good227_checked", "axioms": ["propext", "Classical.choice", "Quot.sound"]}, {"declared_name": "B699LowIndex.LowIndexLean513dc7cc.row035_good228_checked", "axioms": ["propext", "Classical.choice", "Quot.sound"]}, {"declared_name": "B699LowIndex.LowIndexLean513dc7cc.row035_good229_checked", "axioms": ["propext", "Classical.choice", "Quot.sound"]}, {"declared_name": "B699LowIndex.LowIndexLean513dc7cc.row035_good230_checked", "axioms": ["propext", "Classical.choice", "Quot.sound"]}, {"declared_name": "B699LowIndex.LowIndexLean513dc7cc.row035_good231_checked", "axioms": ["propext", "Classical.choice", "Quot.sound"]}, {"declared_name": "B699LowIndex.LowIndexLean513dc7cc.row035_good232_checked", "axioms": ["propext", "Classical.choice", "Quot.sound"]}, {"declared_name": "B699LowIndex.LowIndexLean513dc7cc.row035_good233_checked", "axioms": ["propext", "Classical.choice", "Quot.sound"]}, {"declared_name": "B699LowIndex.LowIndexLean513dc7cc.row035_good234_checked", "axioms": ["propext", "Classical.choice", "Quot.sound"]}, {"declared_name": "B699LowIndex.LowIndexLean513dc7cc.row035_good235_checked", "axioms": ["propext", "Classical.choice", "Quot.sound"]}, {"declared_name": "B699LowIndex.LowIndexLean513dc7cc.row035_good236_checked", "axioms": ["propext", "Classical.choice", "Quot.sound"]}, {"declared_name": "B699LowIndex.LowIndexLean513dc7cc.row035_good237_checked", "axioms": ["propext", "Classical.choice", "Quot.sound"]}, {"declared_name": "B699LowIndex.LowIndexLean513dc7cc.row035_good238_checked", "axioms": ["propext", "Classical.choice", "Quot.sound"]}, {"declared_name": "B699LowIndex.LowIndexLean513dc7cc.row035_good239_checked", "axioms": ["propext", "Classical.choice", "Quot.sound"]}], "unexpected_axioms": [], "guarded_output_inferred": false}}
2026-09-10T18:41:28.5332832Z RESOURCE {"source": "research/tasks/B699-Binomial/runs/20260911-low-index-lean-513dc7cc/lean/rows/Row035/Goods240.lean", "cpu_count": 2, "disk": [76887154688, 68218855424, 8651522048], "meminfo": ["MemTotal:        8128880 kB", "MemAvailable:    7128408 kB"], "memory.max": null, "memory.current": null, "cpu.max": null}
2026-09-10T18:41:28.5344605Z COMPILE {"source": "research/tasks/B699-Binomial/runs/20260911-low-index-lean-513dc7cc/lean/rows/Row035/Goods240.lean", "seconds": 1.548, "exit_code": 0, "failure": null, "axiom_audit": {"declared_print_axioms": 7, "declared_names": ["B699LowIndex.LowIndexLean513dc7cc.row035_good240_checked", "B699LowIndex.LowIndexLean513dc7cc.row035_good241_checked", "B699LowIndex.LowIndexLean513dc7cc.row035_good242_checked", "B699LowIndex.LowIndexLean513dc7cc.row035_good243_checked", "B699LowIndex.LowIndexLean513dc7cc.row035_good244_checked", "B699LowIndex.LowIndexLean513dc7cc.row035_good245_checked", "B699LowIndex.LowIndexLean513dc7cc.row035_good246_checked"], "guarded_print_axioms": 0, "guarded_names": [], "actual_printed": 7, "guard_msgs_in_source": 0, "printed": [{"declared_name": "B699LowIndex.LowIndexLean513dc7cc.row035_good240_checked", "axioms": ["propext", "Classical.choice", "Quot.sound"]}, {"declared_name": "B699LowIndex.LowIndexLean513dc7cc.row035_good241_checked", "axioms": ["propext", "Classical.choice", "Quot.sound"]}, {"declared_name": "B699LowIndex.LowIndexLean513dc7cc.row035_good242_checked", "axioms": ["propext", "Classical.choice", "Quot.sound"]}, {"declared_name": "B699LowIndex.LowIndexLean513dc7cc.row035_good243_checked", "axioms": ["propext", "Classical.choice", "Quot.sound"]}, {"declared_name": "B699LowIndex.LowIndexLean513dc7cc.row035_good244_checked", "axioms": ["propext", "Classical.choice", "Quot.sound"]}, {"declared_name": "B699LowIndex.LowIndexLean513dc7cc.row035_good245_checked", "axioms": ["propext", "Classical.choice", "Quot.sound"]}, {"declared_name": "B699LowIndex.LowIndexLean513dc7cc.row035_good246_checked", "axioms": ["propext", "Classical.choice", "Quot.sound"]}], "unexpected_axioms": [], "guarded_output_inferred": false}}
2026-09-10T18:41:28.5356088Z RESOURCE {"source": "research/tasks/B699-Binomial/runs/20260911-low-index-lean-513dc7cc/lean/rows/Row035/GoodsChecked.lean", "cpu_count": 2, "disk": [76887154688, 68218900480, 8651476992], "meminfo": ["MemTotal:        8128880 kB", "MemAvailable:    7071832 kB"], "memory.max": null, "memory.current": null, "cpu.max": null}
2026-09-10T18:41:28.5361052Z COMPILE {"source": "research/tasks/B699-Binomial/runs/20260911-low-index-lean-513dc7cc/lean/rows/Row035/GoodsChecked.lean", "seconds": 1.4, "exit_code": 0, "failure": null, "axiom_audit": {"declared_print_axioms": 1, "declared_names": ["B699LowIndex.LowIndexLean513dc7cc.row035_goods_checked"], "guarded_print_axioms": 0, "guarded_names": [], "actual_printed": 1, "guard_msgs_in_source": 0, "printed": [{"declared_name": "B699LowIndex.LowIndexLean513dc7cc.row035_goods_checked", "axioms": ["propext", "Classical.choice", "Quot.sound"]}], "unexpected_axioms": [], "guarded_output_inferred": false}}
2026-09-10T18:41:28.5365895Z RESOURCE {"source": "research/tasks/B699-Binomial/runs/20260911-low-index-lean-513dc7cc/lean/rows/Row035/Layers000.lean", "cpu_count": 2, "disk": [76887154688, 68219277312, 8651100160], "meminfo": ["MemTotal:        8128880 kB", "MemAvailable:    7078268 kB"], "memory.max": null, "memory.current": null, "cpu.max": null}
2026-09-10T18:41:28.5375137Z COMPILE {"source": "research/tasks/B699-Binomial/runs/20260911-low-index-lean-513dc7cc/lean/rows/Row035/Layers000.lean", "seconds": 29.372, "exit_code": 1, "failure": "Lean exit 1; unexpected axioms: sorryAx", "axiom_audit": {"declared_print_axioms": 4, "declared_names": ["B699LowIndex.LowIndexLean513dc7cc.row035_layer000_checked", "B699LowIndex.LowIndexLean513dc7cc.row035_layer001_checked", "B699LowIndex.LowIndexLean513dc7cc.row035_layer002_checked", "B699LowIndex.LowIndexLean513dc7cc.row035_layer003_checked"], "guarded_print_axioms": 0, "guarded_names": [], "actual_printed": 4, "guard_msgs_in_source": 0, "printed": [{"declared_name": "B699LowIndex.LowIndexLean513dc7cc.row035_layer000_checked", "axioms": ["propext", "Classical.choice", "Quot.sound"]}, {"declared_name": "B699LowIndex.LowIndexLean513dc7cc.row035_layer001_checked", "axioms": ["propext", "sorryAx", "Classical.choice", "Quot.sound"]}, {"declared_name": "B699LowIndex.LowIndexLean513dc7cc.row035_layer002_checked", "axioms": ["propext", "sorryAx", "Classical.choice", "Quot.sound"]}, {"declared_name": "B699LowIndex.LowIndexLean513dc7cc.row035_layer003_checked", "axioms": ["propext", "Classical.choice", "Quot.sound"]}], "unexpected_axioms": ["sorryAx"], "guarded_output_inferred": false, "error": "unexpected axioms: sorryAx"}}
2026-09-10T18:41:28.5384908Z # command: LEAN -j1 -M3072 -DautoImplicit=false -DrelaxedAutoImplicit=false --root=PROJECT_ROOT -o .tools/20260911-low-index-lean-513dc7cc/20260910T184027823775Z/olean/research/tasks/B699-Binomial/runs/20260911-low-index-lean-513dc7cc/lean/rows/Row035/Layers000.olean research/tasks/B699-Binomial/runs/20260911-low-index-lean-513dc7cc/lean/rows/Row035/Layers000.lean
2026-09-10T18:41:28.5387395Z # cwd: PROJECT_ROOT
2026-09-10T18:41:28.5387792Z # started_utc: 2026-09-10T18:40:59.121941Z
2026-09-10T18:41:28.5388267Z # finished_utc: 2026-09-10T18:41:28.494116Z
2026-09-10T18:41:28.5388715Z # exit_code: 1
2026-09-10T18:41:28.5389046Z # timed_out: False
2026-09-10T18:41:28.5390127Z PROJECT_ROOT/research/tasks/B699-Binomial/runs/20260911-low-index-lean-513dc7cc/lean/rows/Row035/Layers000.lean:14:2: error: Tactic `decide` failed for proposition
2026-09-10T18:41:28.5391574Z   coverLayerCheck row035.height row035.goods { lower := 2380, upper := 4760, M := 37 } = true
2026-09-10T18:41:28.5392354Z because its `Decidable` instance
2026-09-10T18:41:28.5393253Z   instDecidableEqBool (coverLayerCheck row035.height row035.goods { lower := 2380, upper := 4760, M := 37 }) true
2026-09-10T18:41:28.5394141Z did not reduce to `isTrue` or `isFalse`.
2026-09-10T18:41:28.5394454Z 
2026-09-10T18:41:28.5394671Z Reduction got stuck at the `Decidable` instance
2026-09-10T18:41:28.5395725Z   match coverLayerCheck row035.height row035.goods { lower := 2380, upper := 4760, M := 37 }, true with
2026-09-10T18:41:28.5396917Z   | false, false => isTrue ⋯
2026-09-10T18:41:28.5397355Z   | false, true => isFalse ⋯
2026-09-10T18:41:28.5397775Z   | true, false => isFalse ⋯
2026-09-10T18:41:28.5398190Z   | true, true => isTrue ⋯
2026-09-10T18:41:28.5399273Z PROJECT_ROOT/research/tasks/B699-Binomial/runs/20260911-low-index-lean-513dc7cc/lean/rows/Row035/Layers000.lean:18:2: error: Tactic `decide` failed for proposition
2026-09-10T18:41:28.5400629Z   coverLayerCheck row035.height row035.goods { lower := 4760, upper := 9520, M := 36 } = true
2026-09-10T18:41:28.5401382Z because its `Decidable` instance
2026-09-10T18:41:28.5402609Z   instDecidableEqBool (coverLayerCheck row035.height row035.goods { lower := 4760, upper := 9520, M := 36 }) true
2026-09-10T18:41:28.5403657Z did not reduce to `isTrue` or `isFalse`.
2026-09-10T18:41:28.5404117Z 
2026-09-10T18:41:28.5404354Z Reduction got stuck at the `Decidable` instance
2026-09-10T18:41:28.5405305Z   match coverLayerCheck row035.height row035.goods { lower := 4760, upper := 9520, M := 36 }, true with
2026-09-10T18:41:28.5406215Z   | false, false => isTrue ⋯
2026-09-10T18:41:28.5406633Z   | false, true => isFalse ⋯
2026-09-10T18:41:28.5407014Z   | true, false => isFalse ⋯
2026-09-10T18:41:28.5407413Z   | true, true => isTrue ⋯
2026-09-10T18:41:28.5408429Z 'B699LowIndex.LowIndexLean513dc7cc.row035_layer000_checked' depends on axioms: [propext, Classical.choice, Quot.sound]
2026-09-10T18:41:28.5409641Z 'B699LowIndex.LowIndexLean513dc7cc.row035_layer001_checked' depends on axioms: [propext,
2026-09-10T18:41:28.5410590Z  sorryAx,
2026-09-10T18:41:28.5410907Z  Classical.choice,
2026-09-10T18:41:28.5411250Z  Quot.sound]
2026-09-10T18:41:28.5412079Z 'B699LowIndex.LowIndexLean513dc7cc.row035_layer002_checked' depends on axioms: [propext,
2026-09-10T18:41:28.5412786Z  sorryAx,
2026-09-10T18:41:28.5413321Z  Classical.choice,
2026-09-10T18:41:28.5413887Z  Quot.sound]
2026-09-10T18:41:28.5414673Z 'B699LowIndex.LowIndexLean513dc7cc.row035_layer003_checked' depends on axioms: [propext, Classical.choice, Quot.sound]
2026-09-10T18:41:28.5415662Z 
2026-09-10T18:41:28.5416448Z EVIDENCE research/tasks/B699-Binomial/runs/20260911-low-index-lean-513dc7cc/verification/20260910T184027823775Z/evidence.json
2026-09-10T18:41:28.5418560Z RESULT {"success": false, "exit_code": 1, "compiled_count": 20, "reused_count": 23, "failure": "Compile failed: research.tasks.B699-Binomial.runs.20260911-low-index-lean-513dc7cc.lean.rows.Row035.Layers000"}
2026-09-10T18:41:28.5419985Z 
2026-09-10T18:41:28.5422946Z B699_ROW_RESULT {"i": 35, "success": false, "root": "research/tasks/B699-Binomial/runs/20260911-low-index-lean-513dc7cc/lean/rows/Row035/Original.lean", "evidence": "research/tasks/B699-Binomial/runs/20260911-low-index-lean-513dc7cc/verification/20260910T184027823775Z/evidence.json", "source_commit": "14aab81e99dd8498e4fdac8ac0e8012d4885544d", "failure": "Compile failed: research.tasks.B699-Binomial.runs.20260911-low-index-lean-513dc7cc.lean.rows.Row035.Layers000", "axioms": []}
2026-09-10T18:41:28.9112135Z Traceback (most recent call last):
2026-09-10T18:41:28.9112884Z   File "/home/runner/work/lean-math-lab/lean-math-lab/research/tasks/B699-Binomial/runs/20260911-low-index-lean-513dc7cc/verification/runner/compile_row.py", line 100, in <module>
2026-09-10T18:41:28.9113763Z     raise SystemExit(main())
2026-09-10T18:41:28.9114021Z                      ^^^^^^
2026-09-10T18:41:28.9114699Z   File "/home/runner/work/lean-math-lab/lean-math-lab/research/tasks/B699-Binomial/runs/20260911-low-index-lean-513dc7cc/verification/runner/compile_row.py", line 95, in main
2026-09-10T18:41:28.9115488Z     emit_file(file, "source" if file.suffix == ".lean" else "evidence")
2026-09-10T18:41:28.9116400Z   File "/home/runner/work/lean-math-lab/lean-math-lab/research/tasks/B699-Binomial/runs/20260911-low-index-lean-513dc7cc/verification/runner/compile_row.py", line 21, in emit_file
2026-09-10T18:41:28.9117135Z     content = path.read_text()
2026-09-10T18:41:28.9117390Z               ^^^^^^^^^^^^^^^^
2026-09-10T18:41:28.9117700Z   File "/usr/lib/python3.12/pathlib.py", line 1029, in read_text
2026-09-10T18:41:28.9118123Z     with self.open(mode='r', encoding=encoding, errors=errors) as f:
2026-09-10T18:41:28.9118513Z          ^^^^^^^^^^^^^^^^^^^^^^^^^^^^^^^^^^^^^^^^^^^^^^^^^^^^^
2026-09-10T18:41:28.9118865Z   File "/usr/lib/python3.12/pathlib.py", line 1015, in open
2026-09-10T18:41:28.9119263Z     return io.open(self, mode, buffering, encoding, errors, newline)
2026-09-10T18:41:28.9119629Z            ^^^^^^^^^^^^^^^^^^^^^^^^^^^^^^^^^^^^^^^^^^^^^^^^^^^^^^^^^
2026-09-10T18:41:28.9120409Z FileNotFoundError: [Errno 2] No such file or directory: 'research/tasks/B699-Binomial/runs/20260911-low-index-lean-513dc7cc/verification/20260910T183230016817Z/logs/lean-version.log'
2026-09-10T18:41:28.9131246Z ##[error]Process completed with exit code 1.
2026-09-10T18:41:28.9183193Z ##[group]Run python3 "$B699_RUN/verification/runner/summarize_evidence.py"
2026-09-10T18:41:28.9183733Z [36;1mpython3 "$B699_RUN/verification/runner/summarize_evidence.py"[0m
2026-09-10T18:41:28.9236115Z shell: /usr/bin/bash -e {0}
2026-09-10T18:41:28.9236399Z env:
2026-09-10T18:41:28.9236741Z   B699_RUN: research/tasks/B699-Binomial/runs/20260911-low-index-lean-513dc7cc
2026-09-10T18:41:28.9237205Z   B699_RAW: .tools/20260911-low-index-lean-513dc7cc
2026-09-10T18:41:28.9237533Z ##[endgroup]
2026-09-10T18:41:28.9597493Z B699_EVIDENCE {"success": true, "exit_code": 0, "root_sources": ["research/tasks/B699-Binomial/runs/20260911-low-index-lean-513dc7cc/lean/SharedEnvironment.lean"], "manifest_sha256": "fdbefe6c9b737713c8b9c602643afa154f49dda4f48bfc4d2f64183fdea728a0", "toolchain": {"declared": "leanprover/lean4:v4.33.1", "observed": "Lean (version 4.33.1, x86_64-unknown-linux-gnu, commit 819816b2e0a3bf405af45ae5c7af2491d8f5bee6, Release)", "exit_code": 0}, "compiled_count": 24, "reused_count": 0, "failure": null, "evidence": "research/tasks/B699-Binomial/runs/20260911-low-index-lean-513dc7cc/verification/20260910T183230016817Z/evidence.json", "evidence_sha256": "56b0788a444f98d8c2b1cf203f8a064a4c5bbfa1210675ec67ddbdf0e138a9da", "pins": [{"name": "mathlib", "manifest_rev": "0df444a360eaa60ab8c11dca51a86af692955474", "observed_head": "0df444a360eaa60ab8c11dca51a86af692955474", "head_matches": true, "clean": true}, {"name": "plausible", "manifest_rev": "b7eb3304aeae834b12dda98993a37f6a41f6f0bb", "observed_head": "b7eb3304aeae834b12dda98993a37f6a41f6f0bb", "head_matches": true, "clean": true}, {"name": "LeanSearchClient", "manifest_rev": "5f4d51b81cbd3f6b32b156bfad9056621a040404", "observed_head": "5f4d51b81cbd3f6b32b156bfad9056621a040404", "head_matches": true, "clean": true}, {"name": "importGraph", "manifest_rev": "16f02aa7642864af59f1ff0e384a015994db9118", "observed_head": "16f02aa7642864af59f1ff0e384a015994db9118", "head_matches": true, "clean": true}, {"name": "proofwidgets", "manifest_rev": "4be2e3d5087eeb272cf5a8853b8f9dd025ef5957", "observed_head": "4be2e3d5087eeb272cf5a8853b8f9dd025ef5957", "head_matches": true, "clean": true}, {"name": "aesop", "manifest_rev": "3448c0bcc5ce01b2d1546e483ec3620e32df3d0e", "observed_head": "3448c0bcc5ce01b2d1546e483ec3620e32df3d0e", "head_matches": true, "clean": true}, {"name": "Qq", "manifest_rev": "92c15be17b7caf78c2ad767ec40f89052d908d81", "observed_head": "92c15be17b7caf78c2ad767ec40f89052d908d81", "head_matches": true, "clean": true}, {"name": "batteries", "manifest_rev": "4488d40d070b9700d4d5a6aa342f0d40c31b2a2d", "observed_head": "4488d40d070b9700d4d5a6aa342f0d40c31b2a2d", "head_matches": true, "clean": true}, {"name": "Cli", "manifest_rev": "6130a47896ce867c6a4a55373441e59e565bad0f", "observed_head": "6130a47896ce867c6a4a55373441e59e565bad0f", "head_matches": true, "clean": true}]}
2026-09-10T18:41:28.9616246Z B699_COMPILE {"source": "Math/B699/CofactorCriterion.lean", "source_sha256_before": "341180b428b6927e72bd7de10c0ca03b3f8d4eb4f778c1aa4a3aeea4f33b9d79", "source_sha256_after": "341180b428b6927e72bd7de10c0ca03b3f8d4eb4f778c1aa4a3aeea4f33b9d79", "output_sha256": "fabd97ac3a10c3da4b22c5279e6368e1489e22850e046a9d5626d5b35887125d", "seconds": 2.024, "exit_code": 0, "failure": null, "log": "research/tasks/B699-Binomial/runs/20260911-low-index-lean-513dc7cc/verification/20260910T183230016817Z/logs/compile-0001-Math_B699_CofactorCriterion.lean.log", "log_sha256": "dc0aeadd4b4d6c07e9345795a694674d83f42e9b30772ff877a819bdd2971754", "axiom_audit": {"declared_print_axioms": 0, "declared_names": [], "guarded_print_axioms": 0, "guarded_names": [], "actual_printed": 0, "guard_msgs_in_source": 0, "printed": [], "unexpected_axioms": [], "guarded_output_inferred": false}}
2026-09-10T18:41:28.9632821Z B699_COMPILE {"source": "research/tasks/B699-Binomial/runs/20260909-large-prime-structure-cb4764f0/lean/GapBridge.lean", "source_sha256_before": "0005d90a062359af36b95c0420440e4ff7c9b4187a6fc319884a286ae6209697", "source_sha256_after": "0005d90a062359af36b95c0420440e4ff7c9b4187a6fc319884a286ae6209697", "output_sha256": "b577c6c4bb96627e654decd78e138334a2b0366f121f0fed6c4e0c3ac66842a0", "seconds": 2.161, "exit_code": 0, "failure": null, "log": "research/tasks/B699-Binomial/runs/20260911-low-index-lean-513dc7cc/verification/20260910T183230016817Z/logs/compile-0002-research_tasks_B699-Binomial_runs_20260909-large-prime-structure-cb4764f0_lean_GapBridge.lean.log", "log_sha256": "72ce1e4a47c8b74fa03144334c4ac0313db337413a0bd507906f6dd27b3b4b58", "axiom_audit": {"declared_print_axioms": 6, "declared_names": ["B699LargePrimeStructure.common_of_mod_certificate", "B699LargePrimeStructure.gap_remainder_eq", "B699LargePrimeStructure.common_of_gap_power", "B699LargePrimeStructure.common_of_gap_prime", "B699LargePrimeStructure.common_of_top_prime", "B699LargePrimeStructure.common_small_index"], "guarded_print_axioms": 0, "guarded_names": [], "actual_printed": 6, "guard_msgs_in_source": 0, "printed": [{"declared_name": "B699LargePrimeStructure.common_of_mod_certificate", "axioms": ["propext", "Classical.choice", "Quot.sound"]}, {"declared_name": "B699LargePrimeStructure.gap_remainder_eq", "axioms": ["propext", "Quot.sound"]}, {"declared_name": "B699LargePrimeStructure.common_of_gap_power", "axioms": ["propext", "Classical.choice", "Quot.sound"]}, {"declared_name": "B699LargePrimeStructure.common_of_gap_prime", "axioms": ["propext", "Classical.choice", "Quot.sound"]}, {"declared_name": "B699LargePrimeStructure.common_of_top_prime", "axioms": ["propext", "Classical.choice", "Quot.sound"]}, {"declared_name": "B699LargePrimeStructure.common_small_index", "axioms": ["propext", "Classical.choice", "Quot.sound"]}], "unexpected_axioms": [], "guarded_output_inferred": false}}
2026-09-10T18:41:28.9649524Z B699_COMPILE {"source": "research/tasks/B699-Binomial/runs/20260908-external-reductions-b3c1b7/lean/DivisorTransfer.lean", "source_sha256_before": "0299face333237445eddd2c11acbf16c554d225028de7b509c8cfe603fc9996e", "source_sha256_after": "0299face333237445eddd2c11acbf16c554d225028de7b509c8cfe603fc9996e", "output_sha256": "59407e31a9b87dba994ce2cf9e9d01bad86bc34da6f5356caee0a6a3ca844388", "seconds": 1.186, "exit_code": 0, "failure": null, "log": "research/tasks/B699-Binomial/runs/20260911-low-index-lean-513dc7cc/verification/20260910T183230016817Z/logs/compile-0003-research_tasks_B699-Binomial_runs_20260908-external-reductions-b3c1b7_lean_DivisorTransfer.lean.log", "log_sha256": "83a3ea9d3a67cce7abdf5402d15bf9ad7245fe83579308a387e91cbce4d9abd8", "axiom_audit": {"declared_print_axioms": 4, "declared_names": ["divisor_transfer", "prime_part_dvd", "prime_part_coprime_of_no_common", "actual_prime_part_transfer"], "guarded_print_axioms": 0, "guarded_names": [], "actual_printed": 4, "guard_msgs_in_source": 0, "printed": [{"declared_name": "divisor_transfer", "axioms": ["propext", "Classical.choice", "Quot.sound"]}, {"declared_name": "prime_part_dvd", "axioms": ["propext", "Classical.choice", "Quot.sound"]}, {"declared_name": "prime_part_coprime_of_no_common", "axioms": ["propext", "Classical.choice", "Quot.sound"]}, {"declared_name": "actual_prime_part_transfer", "axioms": ["propext", "Classical.choice", "Quot.sound"]}], "unexpected_axioms": [], "guarded_output_inferred": false}}
2026-09-10T18:41:28.9662126Z B699_COMPILE {"source": "research/tasks/B699-Binomial/runs/20260909-large-prime-structure-cb4764f0/lean/PrimePowerTransfer.lean", "source_sha256_before": "3b0529e66f438bbd6d8c19f08f4a5b5ad132d2cd86e09e8bd1a1601fc49eecf4", "source_sha256_after": "3b0529e66f438bbd6d8c19f08f4a5b5ad132d2cd86e09e8bd1a1601fc49eecf4", "output_sha256": "ba9be75f7662cb5112816e68013530a77c24840ea1d7c0a7022c473351ccb182", "seconds": 2.351, "exit_code": 0, "failure": null, "log": "research/tasks/B699-Binomial/runs/20260911-low-index-lean-513dc7cc/verification/20260910T183230016817Z/logs/compile-0004-research_tasks_B699-Binomial_runs_20260909-large-prime-structure-cb4764f0_lean_PrimePowerTransfer.lean.log", "log_sha256": "019de0a5ccb42f5a3a5f92754c7d320a116361940b87bf873d8db9c5ceb33804", "axiom_audit": {"declared_print_axioms": 6, "declared_names": ["B699LargePrimeStructure.prime_power_numerator_mod_lt", "B699LargePrimeStructure.prime_power_gap_dvd", "B699LargePrimeStructure.actual_avoiding_part_gap_transfer", "B699LargePrimeStructure.avoidingPart_eq_primePart_of_noCommon", "B699LargePrimeStructure.actual_prime_part_gap_transfer", "B699LargePrimeStructure.common_of_gap_product_not_dvd"], "guarded_print_axioms": 0, "guarded_names": [], "actual_printed": 6, "guard_msgs_in_source": 0, "printed": [{"declared_name": "B699LargePrimeStructure.prime_power_numerator_mod_lt", "axioms": ["propext", "Classical.choice", "Quot.sound"]}, {"declared_name": "B699LargePrimeStructure.prime_power_gap_dvd", "axioms": ["propext", "Classical.choice", "Quot.sound"]}, {"declared_name": "B699LargePrimeStructure.actual_avoiding_part_gap_transfer", "axioms": ["propext", "Classical.choice", "Quot.sound"]}, {"declared_name": "B699LargePrimeStructure.avoidingPart_eq_primePart_of_noCommon", "axioms": ["propext", "Classical.choice", "Quot.sound"]}, {"declared_name": "B699LargePrimeStructure.actual_prime_part_gap_transfer", "axioms": ["propext", "Classical.choice", "Quot.sound"]}, {"declared_name": "B699LargePrimeStructure.common_of_gap_product_not_dvd", "axioms": ["propext", "Classical.choice", "Quot.sound"]}], "unexpected_axioms": [], "guarded_output_inferred": false}}
2026-09-10T18:41:28.9676278Z B699_COMPILE {"source": "research/tasks/B699-Binomial/runs/20260909-large-prime-structure-cb4764f0/lean/SmallPartBound.lean", "source_sha256_before": "b49f7d6f9a83e534e546b65bb73e3a6d5afb60f77d7679366ff575d6615cbbb7", "source_sha256_after": "b49f7d6f9a83e534e546b65bb73e3a6d5afb60f77d7679366ff575d6615cbbb7", "output_sha256": "d0fb014b44d1ff863fe2a2c49b311a6bc3e06a4e079349acc2edf051a9b340ad", "seconds": 1.327, "exit_code": 0, "failure": null, "log": "research/tasks/B699-Binomial/runs/20260911-low-index-lean-513dc7cc/verification/20260910T183230016817Z/logs/compile-0005-research_tasks_B699-Binomial_runs_20260909-large-prime-structure-cb4764f0_lean_SmallPartBound.lean.log", "log_sha256": "e02fdd92f6a868ac1b4011becec787e8dc95e2b21b4220558bd0c8c1efc6cd67", "axiom_audit": {"declared_print_axioms": 4, "declared_names": ["B699LargePrimeStructure.smallPrimePart_mul_primePart", "B699LargePrimeStructure.smallPrimePart_le_pow_smallPrimeCount", "B699LargePrimeStructure.noCommon_choose_le_smallPrime_gap_bound", "B699LargePrimeStructure.common_of_elementary_gap_comparison"], "guarded_print_axioms": 0, "guarded_names": [], "actual_printed": 4, "guard_msgs_in_source": 0, "printed": [{"declared_name": "B699LargePrimeStructure.smallPrimePart_mul_primePart", "axioms": ["propext", "Classical.choice", "Quot.sound"]}, {"declared_name": "B699LargePrimeStructure.smallPrimePart_le_pow_smallPrimeCount", "axioms": ["propext", "Classical.choice", "Quot.sound"]}, {"declared_name": "B699LargePrimeStructure.noCommon_choose_le_smallPrime_gap_bound", "axioms": ["propext", "Classical.choice", "Quot.sound"]}, {"declared_name": "B699LargePrimeStructure.common_of_elementary_gap_comparison", "axioms": ["propext", "Classical.choice", "Quot.sound"]}], "unexpected_axioms": [], "guarded_output_inferred": false}}
2026-09-10T18:41:28.9689848Z B699_COMPILE {"source": "research/tasks/B699-Binomial/runs/20260909-low-index-structure-b41a5a63/lean/ThreeWindowWeights.lean", "source_sha256_before": "17ee0024b94bcb5e1ba0b05f5a0a4229dd8a0e5816c3a83385ba8c45eced6c99", "source_sha256_after": "17ee0024b94bcb5e1ba0b05f5a0a4229dd8a0e5816c3a83385ba8c45eced6c99", "output_sha256": "827fd965c7ef8f4bf8ef43076104d4a22498da98fdf1792c0f42983160f6f9c8", "seconds": 2.598, "exit_code": 0, "failure": null, "log": "research/tasks/B699-Binomial/runs/20260911-low-index-lean-513dc7cc/verification/20260910T183230016817Z/logs/compile-0006-research_tasks_B699-Binomial_runs_20260909-low-index-structure-b41a5a63_lean_ThreeWindowWeights.lean.log", "log_sha256": "05c38b06277e49ffebd786653154cefa3d949ee232543de00119aa43919d587c", "axiom_audit": {"declared_print_axioms": 7, "declared_names": ["B699LowIndex.prime_power_three_positions", "B699LowIndex.prime_power_three_window_dvd", "B699LowIndex.actual_avoiding_part_three_window_transfer", "B699LowIndex.actual_prime_part_three_window_transfer", "B699LowIndex.common_of_three_window_not_dvd", "B699LowIndex.noCommon_three_window_size", "B699LowIndex.common_of_three_window_comparison"], "guarded_print_axioms": 0, "guarded_names": [], "actual_printed": 7, "guard_msgs_in_source": 0, "printed": [{"declared_name": "B699LowIndex.prime_power_three_positions", "axioms": ["propext", "Classical.choice", "Quot.sound"]}, {"declared_name": "B699LowIndex.prime_power_three_window_dvd", "axioms": ["propext", "Classical.choice", "Quot.sound"]}, {"declared_name": "B699LowIndex.actual_avoiding_part_three_window_transfer", "axioms": ["propext", "Classical.choice", "Quot.sound"]}, {"declared_name": "B699LowIndex.actual_prime_part_three_window_transfer", "axioms": ["propext", "Classical.choice", "Quot.sound"]}, {"declared_name": "B699LowIndex.common_of_three_window_not_dvd", "axioms": ["propext", "Classical.choice", "Quot.sound"]}, {"declared_name": "B699LowIndex.noCommon_three_window_size", "axioms": ["propext", "Classical.choice", "Quot.sound"]}, {"declared_name": "B699LowIndex.common_of_three_window_comparison", "axioms": ["propext", "Classical.choice", "Quot.sound"]}], "unexpected_axioms": [], "guarded_output_inferred": false}}
2026-09-10T18:41:28.9702297Z B699_COMPILE {"source": "research/tasks/B699-Binomial/runs/20260909-low-index-structure-b41a5a63/lean/ThreeWindowSize.lean", "source_sha256_before": "4da6cb312eca31e38fb39bc88ff3bbce771ef0a5bb9c9278d925e36d4002c047", "source_sha256_after": "4da6cb312eca31e38fb39bc88ff3bbce771ef0a5bb9c9278d925e36d4002c047", "output_sha256": "aa70e7edfa72cdf13e4e600ce23fedaef0be8c52e1f8b54d03e081f0956a4175", "seconds": 2.11, "exit_code": 0, "failure": null, "log": "research/tasks/B699-Binomial/runs/20260911-low-index-lean-513dc7cc/verification/20260910T183230016817Z/logs/compile-0007-research_tasks_B699-Binomial_runs_20260909-low-index-structure-b41a5a63_lean_ThreeWindowSize.lean.log", "log_sha256": "a055fbcc903ef958edef7ba788d6d08f4633b284d6a698d6c93d4cbef8d9cf3a", "axiom_audit": {"declared_print_axioms": 4, "declared_names": ["B699LowIndex.two_window_sum", "B699LowIndex.three_window_scaled_upper", "B699LowIndex.noCommon_scaled_prime_part", "B699LowIndex.common_of_scaled_prime_part"], "guarded_print_axioms": 0, "guarded_names": [], "actual_printed": 4, "guard_msgs_in_source": 0, "printed": [{"declared_name": "B699LowIndex.two_window_sum", "axioms": ["propext", "Classical.choice", "Quot.sound"]}, {"declared_name": "B699LowIndex.three_window_scaled_upper", "axioms": ["propext", "Classical.choice", "Quot.sound"]}, {"declared_name": "B699LowIndex.noCommon_scaled_prime_part", "axioms": ["propext", "Classical.choice", "Quot.sound"]}, {"declared_name": "B699LowIndex.common_of_scaled_prime_part", "axioms": ["propext", "Classical.choice", "Quot.sound"]}], "unexpected_axioms": [], "guarded_output_inferred": false}}
2026-09-10T18:41:28.9711224Z B699_COMPILE {"source": "research/tasks/B699-Binomial/runs/20260909-eees-chain-5a2e10/lean/PowerBounds.lean", "source_sha256_before": "3022f40997b3b9302343b99a8fa91a984228af348eb7b02f69fbd198016fee9a", "source_sha256_after": "3022f40997b3b9302343b99a8fa91a984228af348eb7b02f69fbd198016fee9a", "output_sha256": "c0f95334b064d0dbc044c7c3c2e1505f96dd11657cd0412ac8ce2e59ca5560be", "seconds": 1.465, "exit_code": 0, "failure": null, "log": "research/tasks/B699-Binomial/runs/20260911-low-index-lean-513dc7cc/verification/20260910T183230016817Z/logs/compile-0008-research_tasks_B699-Binomial_runs_20260909-eees-chain-5a2e10_lean_PowerBounds.lean.log", "log_sha256": "2cddc1af5565bfba9ec3d5ce25684bcec1716aba028f3d8920687ef0582d03ac", "axiom_audit": {"declared_print_axioms": 0, "declared_names": [], "guarded_print_axioms": 0, "guarded_names": [], "actual_printed": 0, "guard_msgs_in_source": 0, "printed": [], "unexpected_axioms": [], "guarded_output_inferred": false}}
2026-09-10T18:41:28.9719406Z B699_COMPILE {"source": "research/tasks/B699-Binomial/runs/20260909-low-index-structure-b41a5a63/lean/HeightCertificate.lean", "source_sha256_before": "256a2e13903b7b2b42e5bea2b32c20e2c5df1af4019b9f05931b117ae462bc4d", "source_sha256_after": "256a2e13903b7b2b42e5bea2b32c20e2c5df1af4019b9f05931b117ae462bc4d", "output_sha256": "304419a052b3874278c128a9d2b948af0e9144a84d055511f4324c90f2c13211", "seconds": 1.471, "exit_code": 0, "failure": null, "log": "research/tasks/B699-Binomial/runs/20260911-low-index-lean-513dc7cc/verification/20260910T183230016817Z/logs/compile-0009-research_tasks_B699-Binomial_runs_20260909-low-index-structure-b41a5a63_lean_HeightCertificate.lean.log", "log_sha256": "782e13748934f600681e70675c48509c75cb220ac77f74203cd6d8fff86e7468", "axiom_audit": {"declared_print_axioms": 3, "declared_names": ["B699LowIndex.noCommon_scaled_choose", "B699LowIndex.power_cross_mono", "B699LowIndex.common_of_height_certificate"], "guarded_print_axioms": 0, "guarded_names": [], "actual_printed": 3, "guard_msgs_in_source": 0, "printed": [{"declared_name": "B699LowIndex.noCommon_scaled_choose", "axioms": ["propext", "Classical.choice", "Quot.sound"]}, {"declared_name": "B699LowIndex.power_cross_mono", "axioms": ["propext"]}, {"declared_name": "B699LowIndex.common_of_height_certificate", "axioms": ["propext", "Classical.choice", "Quot.sound"]}], "unexpected_axioms": [], "guarded_output_inferred": false}}
2026-09-10T18:41:28.9727679Z B699_COMPILE {"source": "research/tasks/B699-Binomial/runs/20260909-low-index-structure-b41a5a63/lean/HeightCertificateData.lean", "source_sha256_before": "4028f101e9d3e21bb9a3abbcba49dab686260df2e1f303b253503be6f1dcf27a", "source_sha256_after": "4028f101e9d3e21bb9a3abbcba49dab686260df2e1f303b253503be6f1dcf27a", "output_sha256": "3c09335314be516bf22f4c6f17bed1d44e5797ba159d64d103909997e41c0ed4", "seconds": 0.902, "exit_code": 0, "failure": null, "log": "research/tasks/B699-Binomial/runs/20260911-low-index-lean-513dc7cc/verification/20260910T183230016817Z/logs/compile-0010-research_tasks_B699-Binomial_runs_20260909-low-index-structure-b41a5a63_lean_HeightCertificateData.lean.log", "log_sha256": "7c4a3faecfdb2e4921f51ce8bfee0852de216d810cd3a8fc49fd715640016bd5", "axiom_audit": {"declared_print_axioms": 0, "declared_names": [], "guarded_print_axioms": 0, "guarded_names": [], "actual_printed": 0, "guard_msgs_in_source": 0, "printed": [], "unexpected_axioms": [], "guarded_output_inferred": false}}
2026-09-10T18:41:28.9735927Z B699_COMPILE {"source": "research/tasks/B699-Binomial/runs/20260909-low-index-structure-b41a5a63/lean/RegisteredHeights.lean", "source_sha256_before": "9c1c887fa9c6b385ebf356fda79802701068d65111de29aedf82042bbe0f698c", "source_sha256_after": "9c1c887fa9c6b385ebf356fda79802701068d65111de29aedf82042bbe0f698c", "output_sha256": "1b9e45dcde24ecf66f972449e0231fc9cb519e2ccd815de8586d7e4c4bfdfa7e", "seconds": 220.796, "exit_code": 0, "failure": null, "log": "research/tasks/B699-Binomial/runs/20260911-low-index-lean-513dc7cc/verification/20260910T183230016817Z/logs/compile-0011-research_tasks_B699-Binomial_runs_20260909-low-index-structure-b41a5a63_lean_RegisteredHeights.lean.log", "log_sha256": "7478d895f29631f74dad974dcad7e57f3551fd727eb57b915e8c0e1152b4b3e6", "axiom_audit": {"declared_print_axioms": 3, "declared_names": ["B699LowIndex.heightCertificateData_valid", "B699LowIndex.heightCertificateData_indices", "B699LowIndex.common_of_registered_height"], "guarded_print_axioms": 0, "guarded_names": [], "actual_printed": 3, "guard_msgs_in_source": 0, "printed": [{"declared_name": "B699LowIndex.heightCertificateData_valid", "axioms": ["propext", "Classical.choice", "Quot.sound"]}, {"declared_name": "B699LowIndex.heightCertificateData_indices", "axioms": []}, {"declared_name": "B699LowIndex.common_of_registered_height", "axioms": ["propext", "Classical.choice", "Quot.sound"]}], "unexpected_axioms": [], "guarded_output_inferred": false}}
2026-09-10T18:41:28.9747347Z B699_COMPILE {"source": "research/tasks/B699-Binomial/runs/20260909-low-index-structure-b41a5a63/lean/LargeSmallPowers.lean", "source_sha256_before": "2ed55e4a8be53589ed8fc82d89cc877c8281a291b34c4c35bfd88e94badf7aa2", "source_sha256_after": "2ed55e4a8be53589ed8fc82d89cc877c8281a291b34c4c35bfd88e94badf7aa2", "output_sha256": "119d4bed88d1238d2b2b1c9c1505dfafd422673295301a65cf2cab6bafc84799", "seconds": 1.457, "exit_code": 0, "failure": null, "log": "research/tasks/B699-Binomial/runs/20260911-low-index-lean-513dc7cc/verification/20260910T183230016817Z/logs/compile-0012-research_tasks_B699-Binomial_runs_20260909-low-index-structure-b41a5a63_lean_LargeSmallPowers.lean.log", "log_sha256": "970bc92341fc1dcf07bf91dd891de00a108608a80a1f6ae25ba36e7a9964157e", "axiom_audit": {"declared_print_axioms": 5, "declared_names": ["B699LowIndex.nat_prod_lt_pow_of_pointwise_lt", "B699LowIndex.scaled_prod_lt_of_all_but_one_small", "B699LowIndex.exists_two_large_factors_of_scaled_prod", "B699LowIndex.small_prime_part_eq_prod_small_primes", "B699LowIndex.exists_two_large_small_prime_powers"], "guarded_print_axioms": 0, "guarded_names": [], "actual_printed": 5, "guard_msgs_in_source": 0, "printed": [{"declared_name": "B699LowIndex.nat_prod_lt_pow_of_pointwise_lt", "axioms": ["propext", "Classical.choice", "Quot.sound"]}, {"declared_name": "B699LowIndex.scaled_prod_lt_of_all_but_one_small", "axioms": ["propext", "Classical.choice", "Quot.sound"]}, {"declared_name": "B699LowIndex.exists_two_large_factors_of_scaled_prod", "axioms": ["propext", "Classical.choice", "Quot.sound"]}, {"declared_name": "B699LowIndex.small_prime_part_eq_prod_small_primes", "axioms": ["propext", "Classical.choice", "Quot.sound"]}, {"declared_name": "B699LowIndex.exists_two_large_small_prime_powers", "axioms": ["propext", "Classical.choice", "Quot.sound"]}], "unexpected_axioms": [], "guarded_output_inferred": false}}
2026-09-10T18:41:28.9759092Z B699_COMPILE {"source": "research/tasks/B699-Binomial/runs/20260909-low-index-structure-b41a5a63/lean/CofactorCover.lean", "source_sha256_before": "2805041e81314db94f7c7d7837f651a2d64b1c41bf231ca628514d2c18d101c3", "source_sha256_after": "2805041e81314db94f7c7d7837f651a2d64b1c41bf231ca628514d2c18d101c3", "output_sha256": "e813b1440c3c6821c7a030c4f7dcd05a10432827ff37693fe6bb99b2e3868d70", "seconds": 2.374, "exit_code": 0, "failure": null, "log": "research/tasks/B699-Binomial/runs/20260911-low-index-lean-513dc7cc/verification/20260910T183230016817Z/logs/compile-0013-research_tasks_B699-Binomial_runs_20260909-low-index-structure-b41a5a63_lean_CofactorCover.lean.log", "log_sha256": "45596d06935b4128b86435ac9735f347f2402b15a3f791aabad4a91aed8f6909", "axiom_audit": {"declared_print_axioms": 4, "declared_names": ["B699LowIndex.pow_le_two_descFactorial", "B699LowIndex.noCommon_bernoulli_size", "B699LowIndex.noCommon_small_part_lower_of_certificate", "B699LowIndex.noCommon_two_large_small_prime_powers"], "guarded_print_axioms": 0, "guarded_names": [], "actual_printed": 4, "guard_msgs_in_source": 0, "printed": [{"declared_name": "B699LowIndex.pow_le_two_descFactorial", "axioms": ["propext", "Classical.choice", "Quot.sound"]}, {"declared_name": "B699LowIndex.noCommon_bernoulli_size", "axioms": ["propext", "Classical.choice", "Quot.sound"]}, {"declared_name": "B699LowIndex.noCommon_small_part_lower_of_certificate", "axioms": ["propext", "Classical.choice", "Quot.sound"]}, {"declared_name": "B699LowIndex.noCommon_two_large_small_prime_powers", "axioms": ["propext", "Classical.choice", "Quot.sound"]}], "unexpected_axioms": [], "guarded_output_inferred": false}}
2026-09-10T18:41:28.9769318Z B699_COMPILE {"source": "research/tasks/B686-Four/round8/lean/BigPrimeSupport.lean", "source_sha256_before": "cd3b1e0fd5282723597acaa2d5f3290917d9756a9e2c1d682668ac77a6b98d2e", "source_sha256_after": "cd3b1e0fd5282723597acaa2d5f3290917d9756a9e2c1d682668ac77a6b98d2e", "output_sha256": "de9bd7dcc776329d2d3bb97c96f9b55e7e1e1a8b4ae50b189e6585c9d835d3e1", "seconds": 1.551, "exit_code": 0, "failure": null, "log": "research/tasks/B699-Binomial/runs/20260911-low-index-lean-513dc7cc/verification/20260910T183230016817Z/logs/compile-0014-research_tasks_B686-Four_round8_lean_BigPrimeSupport.lean.log", "log_sha256": "201e25f83828a1a44c6a524551cdf8c09adcd95d386fd6f78ea4d1601556d3c7", "axiom_audit": {"declared_print_axioms": 0, "declared_names": [], "guarded_print_axioms": 4, "guarded_names": ["large_prime_power_dvd_one_factor", "large_prime_power_divides_cross_difference", "common_prime_divides_cross_difference", "large_prime_hits_block_unique"], "actual_printed": 0, "guard_msgs_in_source": 4, "printed": [], "unexpected_axioms": [], "guarded_output_inferred": false}}
2026-09-10T18:41:28.9776684Z B699_COMPILE {"source": "research/tasks/B686-Four/formalization/UniformDistance/SmallPrime.lean", "source_sha256_before": "3d9140131479b10d35ccd87884381e225331b2b77c5c80ae211ab9fe19273a6f", "source_sha256_after": "3d9140131479b10d35ccd87884381e225331b2b77c5c80ae211ab9fe19273a6f", "output_sha256": "e000153c88f0f996ce79c4ed2a13b9d662c753d65e1ad4545de5002b2a62dcf4", "seconds": 1.79, "exit_code": 0, "failure": null, "log": "research/tasks/B699-Binomial/runs/20260911-low-index-lean-513dc7cc/verification/20260910T183230016817Z/logs/compile-0015-research_tasks_B686-Four_formalization_UniformDistance_SmallPrime.lean.log", "log_sha256": "2015e3c7a47a70446d30743013391747f79250b1df939f16829337518330fac6", "axiom_audit": {"declared_print_axioms": 0, "declared_names": [], "guarded_print_axioms": 2, "guarded_names": ["distance_product_eq_factorials", "small_prime_factorization_bound"], "actual_printed": 0, "guard_msgs_in_source": 2, "printed": [], "unexpected_axioms": [], "guarded_output_inferred": false}}
2026-09-10T18:41:28.9785109Z B699_COMPILE {"source": "research/tasks/B699-Binomial/runs/20260909-low-index-structure-b41a5a63/lean/SmallPrimeLocalization.lean", "source_sha256_before": "663b2129a3b18e1ad8003be7cfef6792caf8375e986284b228f098921a8b6477", "source_sha256_after": "663b2129a3b18e1ad8003be7cfef6792caf8375e986284b228f098921a8b6477", "output_sha256": "e06ac7377b66e06936845202422a9dab1384fd307b072e6e10de964d83a7a9bb", "seconds": 1.551, "exit_code": 0, "failure": null, "log": "research/tasks/B699-Binomial/runs/20260911-low-index-lean-513dc7cc/verification/20260910T183230016817Z/logs/compile-0016-research_tasks_B699-Binomial_runs_20260909-low-index-structure-b41a5a63_lean_SmallPrimeLocalization.lean.log", "log_sha256": "3742071c5cc107713fefced4f60818b25e785acacb86ee1253155c5f6907a402", "axiom_audit": {"declared_print_axioms": 3, "declared_names": ["B699LowIndex.binomial_factorization_add_index_le", "B699LowIndex.binomial_prime_power_localization", "B699LowIndex.binomial_prime_power_localization_of_le"], "guarded_print_axioms": 0, "guarded_names": [], "actual_printed": 3, "guard_msgs_in_source": 0, "printed": [{"declared_name": "B699LowIndex.binomial_factorization_add_index_le", "axioms": ["propext", "Classical.choice", "Quot.sound"]}, {"declared_name": "B699LowIndex.binomial_prime_power_localization", "axioms": ["propext", "Classical.choice", "Quot.sound"]}, {"declared_name": "B699LowIndex.binomial_prime_power_localization_of_le", "axioms": ["propext", "Classical.choice", "Quot.sound"]}], "unexpected_axioms": [], "guarded_output_inferred": false}}
2026-09-10T18:41:28.9798163Z B699_COMPILE {"source": "research/tasks/B699-Binomial/runs/20260909-low-index-structure-b41a5a63/lean/SmallPowerIntervals.lean", "source_sha256_before": "4ee5805b0a37e4ce4b370b6f91895312b75917170943a6970799d4fb4f011d02", "source_sha256_after": "4ee5805b0a37e4ce4b370b6f91895312b75917170943a6970799d4fb4f011d02", "output_sha256": "f723f2aeb8e37b2959144f7c76aa987b66323fe2add447d2971cac2d21546921", "seconds": 1.483, "exit_code": 0, "failure": null, "log": "research/tasks/B699-Binomial/runs/20260911-low-index-lean-513dc7cc/verification/20260910T183230016817Z/logs/compile-0017-research_tasks_B699-Binomial_runs_20260909-low-index-structure-b41a5a63_lean_SmallPowerIntervals.lean.log", "log_sha256": "3767ee8df5c3e172de8090549129bc315604019b712ea8ee97938bd071b5dbbc", "axiom_audit": {"declared_print_axioms": 6, "declared_names": ["B699LowIndex.exists_small_cofactor_of_localized_power", "B699LowIndex.exists_small_cofactor_div_of_localized_power", "B699LowIndex.interval_power_le_of_representation", "B699LowIndex.interval_power_lt_upper_of_representation", "B699LowIndex.binomial_power_interval_of_large_power", "B699LowIndex.exists_two_small_prime_power_intervals"], "guarded_print_axioms": 0, "guarded_names": [], "actual_printed": 6, "guard_msgs_in_source": 0, "printed": [{"declared_name": "B699LowIndex.exists_small_cofactor_of_localized_power", "axioms": ["propext", "Classical.choice", "Quot.sound"]}, {"declared_name": "B699LowIndex.exists_small_cofactor_div_of_localized_power", "axioms": ["propext", "Classical.choice", "Quot.sound"]}, {"declared_name": "B699LowIndex.interval_power_le_of_representation", "axioms": ["propext", "Quot.sound"]}, {"declared_name": "B699LowIndex.interval_power_lt_upper_of_representation", "axioms": ["propext", "Quot.sound"]}, {"declared_name": "B699LowIndex.binomial_power_interval_of_large_power", "axioms": ["propext", "Classical.choice", "Quot.sound"]}, {"declared_name": "B699LowIndex.exists_two_small_prime_power_intervals", "axioms": ["propext", "Classical.choice", "Quot.sound"]}], "unexpected_axioms": [], "guarded_output_inferred": false}}
2026-09-10T18:41:28.9810420Z B699_COMPILE {"source": "research/tasks/B699-Binomial/runs/20260909-low-index-structure-b41a5a63/lean/PrimePowerEnumeration.lean", "source_sha256_before": "00888c3d00cfdb722a48a9ef5b257e172dde26f5cdab9a241025078e0923da6e", "source_sha256_after": "00888c3d00cfdb722a48a9ef5b257e172dde26f5cdab9a241025078e0923da6e", "output_sha256": "5ec288cbf80db9d5a9d1819cae8671cf161e01966dab8d00f3d222d3aff49ef0", "seconds": 1.609, "exit_code": 0, "failure": null, "log": "research/tasks/B699-Binomial/runs/20260911-low-index-lean-513dc7cc/verification/20260910T183230016817Z/logs/compile-0018-research_tasks_B699-Binomial_runs_20260909-low-index-structure-b41a5a63_lean_PrimePowerEnumeration.lean.log", "log_sha256": "68138a42496d4a01d5795f38d4cdceed632c51552e83d4f719b57588db790e83", "axiom_audit": {"declared_print_axioms": 3, "declared_names": ["B699LowIndex.power_interval_mem_of_bounds", "B699LowIndex.power_interval_list_complete", "B699LowIndex.exists_two_colours_in_power_interval_list"], "guarded_print_axioms": 0, "guarded_names": [], "actual_printed": 3, "guard_msgs_in_source": 0, "printed": [{"declared_name": "B699LowIndex.power_interval_mem_of_bounds", "axioms": ["propext", "Classical.choice", "Quot.sound"]}, {"declared_name": "B699LowIndex.power_interval_list_complete", "axioms": ["propext", "Classical.choice", "Quot.sound"]}, {"declared_name": "B699LowIndex.exists_two_colours_in_power_interval_list", "axioms": ["propext", "Classical.choice", "Quot.sound"]}], "unexpected_axioms": [], "guarded_output_inferred": false}}
2026-09-10T18:41:28.9820712Z B699_COMPILE {"source": "research/tasks/B699-Binomial/runs/20260909-low-index-structure-b41a5a63/lean/LargeDivisorWitness.lean", "source_sha256_before": "8123d5ec2a766974bf9cad0753b0261405ef71548cd3dee625fead65ef0c39f0", "source_sha256_after": "8123d5ec2a766974bf9cad0753b0261405ef71548cd3dee625fead65ef0c39f0", "output_sha256": "fcfd4af3ae6dc302ec3b75286773399b0fbe2d752fbccdcbcf80590c67281ca5", "seconds": 1.553, "exit_code": 0, "failure": null, "log": "research/tasks/B699-Binomial/runs/20260911-low-index-lean-513dc7cc/verification/20260910T183230016817Z/logs/compile-0019-research_tasks_B699-Binomial_runs_20260909-low-index-structure-b41a5a63_lean_LargeDivisorWitness.lean.log", "log_sha256": "33ee08c6b8573744770f5bb87f5df6219cd1b741c9aaeadf1b2150e6c36b5641", "axiom_audit": {"declared_print_axioms": 3, "declared_names": ["B699LowIndex.large_divisor_dvd_prime_part", "B699LowIndex.common_of_large_divisor", "B699LowIndex.goodSegmentCheck_sound"], "guarded_print_axioms": 0, "guarded_names": [], "actual_printed": 3, "guard_msgs_in_source": 0, "printed": [{"declared_name": "B699LowIndex.large_divisor_dvd_prime_part", "axioms": ["propext", "Classical.choice", "Quot.sound"]}, {"declared_name": "B699LowIndex.common_of_large_divisor", "axioms": ["propext", "Classical.choice", "Quot.sound"]}, {"declared_name": "B699LowIndex.goodSegmentCheck_sound", "axioms": ["propext", "Classical.choice", "Quot.sound"]}], "unexpected_axioms": [], "guarded_output_inferred": false}}
2026-09-10T18:41:28.9830148Z B699_COMPILE {"source": "research/tasks/B699-Binomial/runs/20260909-low-index-structure-b41a5a63/lean/IntervalCover.lean", "source_sha256_before": "eb5b7d8b26101991cf31310739b0319bdc3d2d20f46656f63c48185ef97934b3", "source_sha256_after": "eb5b7d8b26101991cf31310739b0319bdc3d2d20f46656f63c48185ef97934b3", "output_sha256": "730718ddbd51c422eb346e17b6b8669ff0ad2047375dfb4830b9b898130dc050", "seconds": 1.142, "exit_code": 0, "failure": null, "log": "research/tasks/B699-Binomial/runs/20260911-low-index-lean-513dc7cc/verification/20260910T183230016817Z/logs/compile-0020-research_tasks_B699-Binomial_runs_20260909-low-index-structure-b41a5a63_lean_IntervalCover.lean.log", "log_sha256": "1ac1f341384bb23492cf9d51e7985a45904c91583616656443dd84bfb388aed5", "axiom_audit": {"declared_print_axioms": 2, "declared_names": ["B699LowIndex.coverCheck_sound", "B699LowIndex.pairCoverCheck_sound"], "guarded_print_axioms": 0, "guarded_names": [], "actual_printed": 2, "guard_msgs_in_source": 0, "printed": [{"declared_name": "B699LowIndex.coverCheck_sound", "axioms": ["propext", "Classical.choice", "Quot.sound"]}, {"declared_name": "B699LowIndex.pairCoverCheck_sound", "axioms": ["propext", "Classical.choice", "Quot.sound"]}], "unexpected_axioms": [], "guarded_output_inferred": false}}
2026-09-10T18:41:28.9838943Z B699_COMPILE {"source": "research/tasks/B699-Binomial/runs/20260909-low-index-structure-b41a5a63/lean/FiniteCover.lean", "source_sha256_before": "c5e4a998c58d8c5195fa326d4318915706b64da5c06129ddb47a90766c1e2e8d", "source_sha256_after": "c5e4a998c58d8c5195fa326d4318915706b64da5c06129ddb47a90766c1e2e8d", "output_sha256": "00a7b1bd99f07f4fc7f6fa4f19b9a3feb099a82f01a909db7b59aed84b30e7d7", "seconds": 1.722, "exit_code": 0, "failure": null, "log": "research/tasks/B699-Binomial/runs/20260911-low-index-lean-513dc7cc/verification/20260910T183230016817Z/logs/compile-0021-research_tasks_B699-Binomial_runs_20260909-low-index-structure-b41a5a63_lean_FiniteCover.lean.log", "log_sha256": "60d7cd78b523ca75d74b2726c42fd63c588595b96e96d67dfb12186e88a753be", "axiom_audit": {"declared_print_axioms": 2, "declared_names": ["B699LowIndex.coverLayerCheck_sound", "B699LowIndex.common_of_finite_cover_row_checked"], "guarded_print_axioms": 0, "guarded_names": [], "actual_printed": 2, "guard_msgs_in_source": 0, "printed": [{"declared_name": "B699LowIndex.coverLayerCheck_sound", "axioms": ["propext", "Classical.choice", "Quot.sound"]}, {"declared_name": "B699LowIndex.common_of_finite_cover_row_checked", "axioms": ["propext", "Classical.choice", "Quot.sound"]}], "unexpected_axioms": [], "guarded_output_inferred": false}}
2026-09-10T18:41:28.9847425Z B699_COMPILE {"source": "research/tasks/B699-Binomial/runs/20260909-low-index-structure-b41a5a63/lean/TrialPrimeCheck.lean", "source_sha256_before": "990a479d4a73d1032fcb7621e4eef098cec4430342c040e3c91581269dd3a23d", "source_sha256_after": "990a479d4a73d1032fcb7621e4eef098cec4430342c040e3c91581269dd3a23d", "output_sha256": "fab939e4f7ec44e4035679fa12fca8adbeecc57f3df93fa25841a9c14ae22ce8", "seconds": 0.984, "exit_code": 0, "failure": null, "log": "research/tasks/B699-Binomial/runs/20260911-low-index-lean-513dc7cc/verification/20260910T183230016817Z/logs/compile-0022-research_tasks_B699-Binomial_runs_20260909-low-index-structure-b41a5a63_lean_TrialPrimeCheck.lean.log", "log_sha256": "3a6f6d2c0af9f9d61b7485935e9d9bef9079d7890703331206260255dd2b021a", "axiom_audit": {"declared_print_axioms": 1, "declared_names": ["B699LowIndex.trialPrimeCheck_sound"], "guarded_print_axioms": 0, "guarded_names": [], "actual_printed": 1, "guard_msgs_in_source": 0, "printed": [{"declared_name": "B699LowIndex.trialPrimeCheck_sound", "axioms": ["propext", "Classical.choice", "Quot.sound"]}], "unexpected_axioms": [], "guarded_output_inferred": false}}
2026-09-10T18:41:28.9855461Z B699_COMPILE {"source": "research/tasks/B699-Binomial/runs/20260911-low-index-lean-513dc7cc/lean/WitnessBridge.lean", "source_sha256_before": "c12b5cdc8c4de62c28af28bae0f1027205dbf6b94266fb9f6383c05e1d7d51c3", "source_sha256_after": "c12b5cdc8c4de62c28af28bae0f1027205dbf6b94266fb9f6383c05e1d7d51c3", "output_sha256": "ca13c62a039e5bf9b2fdd1617314b24caab6e620a52a20d62563ef54f1253db0", "seconds": 1.156, "exit_code": 0, "failure": null, "log": "research/tasks/B699-Binomial/runs/20260911-low-index-lean-513dc7cc/verification/20260910T183230016817Z/logs/compile-0023-research_tasks_B699-Binomial_runs_20260911-low-index-lean-513dc7cc_lean_WitnessBridge.lean.log", "log_sha256": "788e6509423625ae6e445dd6013ffff29ee87989623c5873ef6ecefe18934d31", "axiom_audit": {"declared_print_axioms": 1, "declared_names": ["B699LowIndex.LowIndexLean513dc7cc.good_top_prime_checked"], "guarded_print_axioms": 0, "guarded_names": [], "actual_printed": 1, "guard_msgs_in_source": 0, "printed": [{"declared_name": "B699LowIndex.LowIndexLean513dc7cc.good_top_prime_checked", "axioms": ["propext", "Classical.choice", "Quot.sound"]}], "unexpected_axioms": [], "guarded_output_inferred": false}}
2026-09-10T18:41:28.9864075Z B699_COMPILE {"source": "research/tasks/B699-Binomial/runs/20260911-low-index-lean-513dc7cc/lean/SharedEnvironment.lean", "source_sha256_before": "79d055c14bc95d2f9f5a58d7b11fda7619c6c874c6b1c9ef7e050578b576b9b7", "source_sha256_after": "79d055c14bc95d2f9f5a58d7b11fda7619c6c874c6b1c9ef7e050578b576b9b7", "output_sha256": "52d957815fb48a5241a59c2d2b8e66cdbfd092831cc0c498241fe5e48fa07108", "seconds": 1.124, "exit_code": 0, "failure": null, "log": "research/tasks/B699-Binomial/runs/20260911-low-index-lean-513dc7cc/verification/20260910T183230016817Z/logs/compile-0024-research_tasks_B699-Binomial_runs_20260911-low-index-lean-513dc7cc_lean_SharedEnvironment.lean.log", "log_sha256": "12611f790abab680ea418523f7c6c8645e4c6640e88af0e15f488b423a919af2", "axiom_audit": {"declared_print_axioms": 2, "declared_names": ["B699LowIndex.common_of_finite_cover_row_checked", "B699LowIndex.LowIndexLean513dc7cc.good_top_prime_checked"], "guarded_print_axioms": 0, "guarded_names": [], "actual_printed": 2, "guard_msgs_in_source": 0, "printed": [{"declared_name": "B699LowIndex.common_of_finite_cover_row_checked", "axioms": ["propext", "Classical.choice", "Quot.sound"]}, {"declared_name": "B699LowIndex.LowIndexLean513dc7cc.good_top_prime_checked", "axioms": ["propext", "Classical.choice", "Quot.sound"]}], "unexpected_axioms": [], "guarded_output_inferred": false}}
2026-09-10T18:41:28.9877461Z B699_EVIDENCE {"success": false, "exit_code": 1, "root_sources": ["research/tasks/B699-Binomial/runs/20260911-low-index-lean-513dc7cc/lean/rows/Row035/Original.lean"], "manifest_sha256": "fdbefe6c9b737713c8b9c602643afa154f49dda4f48bfc4d2f64183fdea728a0", "toolchain": {"declared": "leanprover/lean4:v4.33.1", "observed": "Lean (version 4.33.1, x86_64-unknown-linux-gnu, commit 819816b2e0a3bf405af45ae5c7af2491d8f5bee6, Release)", "exit_code": 0}, "compiled_count": 20, "reused_count": 23, "failure": "Compile failed: research.tasks.B699-Binomial.runs.20260911-low-index-lean-513dc7cc.lean.rows.Row035.Layers000", "evidence": "research/tasks/B699-Binomial/runs/20260911-low-index-lean-513dc7cc/verification/20260910T184027823775Z/evidence.json", "evidence_sha256": "d8423e593d11a53c381a22e752b10c0357fc654b19988def420caca7a205aade", "pins": [{"name": "mathlib", "manifest_rev": "0df444a360eaa60ab8c11dca51a86af692955474", "observed_head": "0df444a360eaa60ab8c11dca51a86af692955474", "head_matches": true, "clean": true}, {"name": "plausible", "manifest_rev": "b7eb3304aeae834b12dda98993a37f6a41f6f0bb", "observed_head": "b7eb3304aeae834b12dda98993a37f6a41f6f0bb", "head_matches": true, "clean": true}, {"name": "LeanSearchClient", "manifest_rev": "5f4d51b81cbd3f6b32b156bfad9056621a040404", "observed_head": "5f4d51b81cbd3f6b32b156bfad9056621a040404", "head_matches": true, "clean": true}, {"name": "importGraph", "manifest_rev": "16f02aa7642864af59f1ff0e384a015994db9118", "observed_head": "16f02aa7642864af59f1ff0e384a015994db9118", "head_matches": true, "clean": true}, {"name": "proofwidgets", "manifest_rev": "4be2e3d5087eeb272cf5a8853b8f9dd025ef5957", "observed_head": "4be2e3d5087eeb272cf5a8853b8f9dd025ef5957", "head_matches": true, "clean": true}, {"name": "aesop", "manifest_rev": "3448c0bcc5ce01b2d1546e483ec3620e32df3d0e", "observed_head": "3448c0bcc5ce01b2d1546e483ec3620e32df3d0e", "head_matches": true, "clean": true}, {"name": "Qq", "manifest_rev": "92c15be17b7caf78c2ad767ec40f89052d908d81", "observed_head": "92c15be17b7caf78c2ad767ec40f89052d908d81", "head_matches": true, "clean": true}, {"name": "batteries", "manifest_rev": "4488d40d070b9700d4d5a6aa342f0d40c31b2a2d", "observed_head": "4488d40d070b9700d4d5a6aa342f0d40c31b2a2d", "head_matches": true, "clean": true}, {"name": "Cli", "manifest_rev": "6130a47896ce867c6a4a55373441e59e565bad0f", "observed_head": "6130a47896ce867c6a4a55373441e59e565bad0f", "head_matches": true, "clean": true}]}
2026-09-10T18:41:28.9889281Z B699_COMPILE {"source": "research/tasks/B699-Binomial/runs/20260911-low-index-lean-513dc7cc/lean/Row035Data.lean", "source_sha256_before": "caf532a3dd05c7fe649cb8859d1109460ef19824ddaefc32904edb0e6fe95eae", "source_sha256_after": "caf532a3dd05c7fe649cb8859d1109460ef19824ddaefc32904edb0e6fe95eae", "output_sha256": "7ed45aa1e323e841e90499b3ab47c971d4f787b9b51e193c72fef21234f729cb", "seconds": 2.06, "exit_code": 0, "failure": null, "log": "research/tasks/B699-Binomial/runs/20260911-low-index-lean-513dc7cc/verification/20260910T184027823775Z/logs/compile-0022-research_tasks_B699-Binomial_runs_20260911-low-index-lean-513dc7cc_lean_Row035Data.lean.log", "log_sha256": "5aea529c3bbf95532d696102b61c1dc8750c06dbf42b9b58edf1f98aecec746f", "axiom_audit": {"declared_print_axioms": 1, "declared_names": ["B699LowIndex.LowIndexLean513dc7cc.row035"], "guarded_print_axioms": 0, "guarded_names": [], "actual_printed": 1, "guard_msgs_in_source": 0, "printed": [{"declared_name": "B699LowIndex.LowIndexLean513dc7cc.row035", "axioms": []}], "unexpected_axioms": [], "guarded_output_inferred": false}}
2026-09-10T18:41:28.9898136Z B699_COMPILE {"source": "research/tasks/B699-Binomial/runs/20260911-low-index-lean-513dc7cc/lean/rows/Row035/Metadata.lean", "source_sha256_before": "985caac3b4e8e65132e02f8445a446479a28466f0a9ab30389e793292fc1fd07", "source_sha256_after": "985caac3b4e8e65132e02f8445a446479a28466f0a9ab30389e793292fc1fd07", "output_sha256": "80da860593ee10addb247d898461826cd9c1dcab951356861368606be69130ec", "seconds": 1.383, "exit_code": 0, "failure": null, "log": "research/tasks/B699-Binomial/runs/20260911-low-index-lean-513dc7cc/verification/20260910T184027823775Z/logs/compile-0023-research_tasks_B699-Binomial_runs_20260911-low-index-lean-513dc7cc_lean_rows_Row035_Metadata.lean.log", "log_sha256": "ccb002e0d2ddc8546f082fcdc055e1efbefc55a96683d3b48a33df4c813da3aa", "axiom_audit": {"declared_print_axioms": 3, "declared_names": ["B699LowIndex.LowIndexLean513dc7cc.row035_registered", "B699LowIndex.LowIndexLean513dc7cc.row035_small_checked", "B699LowIndex.LowIndexLean513dc7cc.row035_layerCover_checked"], "guarded_print_axioms": 0, "guarded_names": [], "actual_printed": 3, "guard_msgs_in_source": 0, "printed": [{"declared_name": "B699LowIndex.LowIndexLean513dc7cc.row035_registered", "axioms": ["propext"]}, {"declared_name": "B699LowIndex.LowIndexLean513dc7cc.row035_small_checked", "axioms": []}, {"declared_name": "B699LowIndex.LowIndexLean513dc7cc.row035_layerCover_checked", "axioms": []}], "unexpected_axioms": [], "guarded_output_inferred": false}}
2026-09-10T18:41:28.9917964Z B699_COMPILE {"source": "research/tasks/B699-Binomial/runs/20260911-low-index-lean-513dc7cc/lean/rows/Row035/Goods000.lean", "source_sha256_before": "c02c6d07cbbd414283f84d7e2bbfe882f7e6c61e6bce01d62a1034359b528a96", "source_sha256_after": "c02c6d07cbbd414283f84d7e2bbfe882f7e6c61e6bce01d62a1034359b528a96", "output_sha256": "3da73c3ad4214c2b7e5587f1a90b68379fac0944065b6378b0d14cc92b38fd17", "seconds": 1.464, "exit_code": 0, "failure": null, "log": "research/tasks/B699-Binomial/runs/20260911-low-index-lean-513dc7cc/verification/20260910T184027823775Z/logs/compile-0026-research_tasks_B699-Binomial_runs_20260911-low-index-lean-513dc7cc_lean_rows_Row035_Goods000.lean.log", "log_sha256": "63eea5d491e360d8a64a014013071ea712abab947aedb3d7d2e2db4bcf4de633", "axiom_audit": {"declared_print_axioms": 16, "declared_names": ["B699LowIndex.LowIndexLean513dc7cc.row035_good000_checked", "B699LowIndex.LowIndexLean513dc7cc.row035_good001_checked", "B699LowIndex.LowIndexLean513dc7cc.row035_good002_checked", "B699LowIndex.LowIndexLean513dc7cc.row035_good003_checked", "B699LowIndex.LowIndexLean513dc7cc.row035_good004_checked", "B699LowIndex.LowIndexLean513dc7cc.row035_good005_checked", "B699LowIndex.LowIndexLean513dc7cc.row035_good006_checked", "B699LowIndex.LowIndexLean513dc7cc.row035_good007_checked", "B699LowIndex.LowIndexLean513dc7cc.row035_good008_checked", "B699LowIndex.LowIndexLean513dc7cc.row035_good009_checked", "B699LowIndex.LowIndexLean513dc7cc.row035_good010_checked", "B699LowIndex.LowIndexLean513dc7cc.row035_good011_checked", "B699LowIndex.LowIndexLean513dc7cc.row035_good012_checked", "B699LowIndex.LowIndexLean513dc7cc.row035_good013_checked", "B699LowIndex.LowIndexLean513dc7cc.row035_good014_checked", "B699LowIndex.LowIndexLean513dc7cc.row035_good015_checked"], "guarded_print_axioms": 0, "guarded_names": [], "actual_printed": 16, "guard_msgs_in_source": 0, "printed": [{"declared_name": "B699LowIndex.LowIndexLean513dc7cc.row035_good000_checked", "axioms": ["propext", "Classical.choice", "Quot.sound"]}, {"declared_name": "B699LowIndex.LowIndexLean513dc7cc.row035_good001_checked", "axioms": ["propext", "Classical.choice", "Quot.sound"]}, {"declared_name": "B699LowIndex.LowIndexLean513dc7cc.row035_good002_checked", "axioms": ["propext", "Classical.choice", "Quot.sound"]}, {"declared_name": "B699LowIndex.LowIndexLean513dc7cc.row035_good003_checked", "axioms": ["propext", "Classical.choice", "Quot.sound"]}, {"declared_name": "B699LowIndex.LowIndexLean513dc7cc.row035_good004_checked", "axioms": ["propext", "Classical.choice", "Quot.sound"]}, {"declared_name": "B699LowIndex.LowIndexLean513dc7cc.row035_good005_checked", "axioms": ["propext", "Classical.choice", "Quot.sound"]}, {"declared_name": "B699LowIndex.LowIndexLean513dc7cc.row035_good006_checked", "axioms": ["propext", "Classical.choice", "Quot.sound"]}, {"declared_name": "B699LowIndex.LowIndexLean513dc7cc.row035_good007_checked", "axioms": ["propext", "Classical.choice", "Quot.sound"]}, {"declared_name": "B699LowIndex.LowIndexLean513dc7cc.row035_good008_checked", "axioms": ["propext", "Classical.choice", "Quot.sound"]}, {"declared_name": "B699LowIndex.LowIndexLean513dc7cc.row035_good009_checked", "axioms": ["propext", "Classical.choice", "Quot.sound"]}, {"declared_name": "B699LowIndex.LowIndexLean513dc7cc.row035_good010_checked", "axioms": ["propext", "Classical.choice", "Quot.sound"]}, {"declared_name": "B699LowIndex.LowIndexLean513dc7cc.row035_good011_checked", "axioms": ["propext", "Classical.choice", "Quot.sound"]}, {"declared_name": "B699LowIndex.LowIndexLean513dc7cc.row035_good012_checked", "axioms": ["propext", "Classical.choice", "Quot.sound"]}, {"declared_name": "B699LowIndex.LowIndexLean513dc7cc.row035_good013_checked", "axioms": ["propext", "Classical.choice", "Quot.sound"]}, {"declared_name": "B699LowIndex.LowIndexLean513dc7cc.row035_good014_checked", "axioms": ["propext", "Classical.choice", "Quot.sound"]}, {"declared_name": "B699LowIndex.LowIndexLean513dc7cc.row035_good015_checked", "axioms": ["propext", "Classical.choice", "Quot.sound"]}], "unexpected_axioms": [], "guarded_output_inferred": false}}
2026-09-10T18:41:28.9944474Z B699_COMPILE {"source": "research/tasks/B699-Binomial/runs/20260911-low-index-lean-513dc7cc/lean/rows/Row035/Goods016.lean", "source_sha256_before": "009370a52743181bbca726ca69b55b7842f78ef8510183b1acf9c04b4fc5d969", "source_sha256_after": "009370a52743181bbca726ca69b55b7842f78ef8510183b1acf9c04b4fc5d969", "output_sha256": "381113f94bb39a0d8d1f441406563ae3269dc86f9e266eb6555ae72e0cdb35c6", "seconds": 1.457, "exit_code": 0, "failure": null, "log": "research/tasks/B699-Binomial/runs/20260911-low-index-lean-513dc7cc/verification/20260910T184027823775Z/logs/compile-0027-research_tasks_B699-Binomial_runs_20260911-low-index-lean-513dc7cc_lean_rows_Row035_Goods016.lean.log", "log_sha256": "49cc0af608e77b7951e4443c4833686a3be252053aad522b3a4c206658682372", "axiom_audit": {"declared_print_axioms": 16, "declared_names": ["B699LowIndex.LowIndexLean513dc7cc.row035_good016_checked", "B699LowIndex.LowIndexLean513dc7cc.row035_good017_checked", "B699LowIndex.LowIndexLean513dc7cc.row035_good018_checked", "B699LowIndex.LowIndexLean513dc7cc.row035_good019_checked", "B699LowIndex.LowIndexLean513dc7cc.row035_good020_checked", "B699LowIndex.LowIndexLean513dc7cc.row035_good021_checked", "B699LowIndex.LowIndexLean513dc7cc.row035_good022_checked", "B699LowIndex.LowIndexLean513dc7cc.row035_good023_checked", "B699LowIndex.LowIndexLean513dc7cc.row035_good024_checked", "B699LowIndex.LowIndexLean513dc7cc.row035_good025_checked", "B699LowIndex.LowIndexLean513dc7cc.row035_good026_checked", "B699LowIndex.LowIndexLean513dc7cc.row035_good027_checked", "B699LowIndex.LowIndexLean513dc7cc.row035_good028_checked", "B699LowIndex.LowIndexLean513dc7cc.row035_good029_checked", "B699LowIndex.LowIndexLean513dc7cc.row035_good030_checked", "B699LowIndex.LowIndexLean513dc7cc.row035_good031_checked"], "guarded_print_axioms": 0, "guarded_names": [], "actual_printed": 16, "guard_msgs_in_source": 0, "printed": [{"declared_name": "B699LowIndex.LowIndexLean513dc7cc.row035_good016_checked", "axioms": ["propext", "Classical.choice", "Quot.sound"]}, {"declared_name": "B699LowIndex.LowIndexLean513dc7cc.row035_good017_checked", "axioms": ["propext", "Classical.choice", "Quot.sound"]}, {"declared_name": "B699LowIndex.LowIndexLean513dc7cc.row035_good018_checked", "axioms": ["propext", "Classical.choice", "Quot.sound"]}, {"declared_name": "B699LowIndex.LowIndexLean513dc7cc.row035_good019_checked", "axioms": ["propext", "Classical.choice", "Quot.sound"]}, {"declared_name": "B699LowIndex.LowIndexLean513dc7cc.row035_good020_checked", "axioms": ["propext", "Classical.choice", "Quot.sound"]}, {"declared_name": "B699LowIndex.LowIndexLean513dc7cc.row035_good021_checked", "axioms": ["propext", "Classical.choice", "Quot.sound"]}, {"declared_name": "B699LowIndex.LowIndexLean513dc7cc.row035_good022_checked", "axioms": ["propext", "Classical.choice", "Quot.sound"]}, {"declared_name": "B699LowIndex.LowIndexLean513dc7cc.row035_good023_checked", "axioms": ["propext", "Classical.choice", "Quot.sound"]}, {"declared_name": "B699LowIndex.LowIndexLean513dc7cc.row035_good024_checked", "axioms": ["propext", "Classical.choice", "Quot.sound"]}, {"declared_name": "B699LowIndex.LowIndexLean513dc7cc.row035_good025_checked", "axioms": ["propext", "Classical.choice", "Quot.sound"]}, {"declared_name": "B699LowIndex.LowIndexLean513dc7cc.row035_good026_checked", "axioms": ["propext", "Classical.choice", "Quot.sound"]}, {"declared_name": "B699LowIndex.LowIndexLean513dc7cc.row035_good027_checked", "axioms": ["propext", "Classical.choice", "Quot.sound"]}, {"declared_name": "B699LowIndex.LowIndexLean513dc7cc.row035_good028_checked", "axioms": ["propext", "Classical.choice", "Quot.sound"]}, {"declared_name": "B699LowIndex.LowIndexLean513dc7cc.row035_good029_checked", "axioms": ["propext", "Classical.choice", "Quot.sound"]}, {"declared_name": "B699LowIndex.LowIndexLean513dc7cc.row035_good030_checked", "axioms": ["propext", "Classical.choice", "Quot.sound"]}, {"declared_name": "B699LowIndex.LowIndexLean513dc7cc.row035_good031_checked", "axioms": ["propext", "Classical.choice", "Quot.sound"]}], "unexpected_axioms": [], "guarded_output_inferred": false}}
2026-09-10T18:41:28.9979983Z B699_COMPILE {"source": "research/tasks/B699-Binomial/runs/20260911-low-index-lean-513dc7cc/lean/rows/Row035/Goods032.lean", "source_sha256_before": "667cf7e655cfa1a6bc9a36607674f2b15fa833f82e5b65aa5f6a7f2bb2f8d54d", "source_sha256_after": "667cf7e655cfa1a6bc9a36607674f2b15fa833f82e5b65aa5f6a7f2bb2f8d54d", "output_sha256": "8778970cb7cddab52c0afe623d889d1439036384a8b08d84ac4cf3ffdbb9e74b", "seconds": 1.475, "exit_code": 0, "failure": null, "log": "research/tasks/B699-Binomial/runs/20260911-low-index-lean-513dc7cc/verification/20260910T184027823775Z/logs/compile-0028-research_tasks_B699-Binomial_runs_20260911-low-index-lean-513dc7cc_lean_rows_Row035_Goods032.lean.log", "log_sha256": "00c6414a180815ba80a2a16e9c9d3e7d6512d9759611aa8f24b62013234fe94d", "axiom_audit": {"declared_print_axioms": 16, "declared_names": ["B699LowIndex.LowIndexLean513dc7cc.row035_good032_checked", "B699LowIndex.LowIndexLean513dc7cc.row035_good033_checked", "B699LowIndex.LowIndexLean513dc7cc.row035_good034_checked", "B699LowIndex.LowIndexLean513dc7cc.row035_good035_checked", "B699LowIndex.LowIndexLean513dc7cc.row035_good036_checked", "B699LowIndex.LowIndexLean513dc7cc.row035_good037_checked", "B699LowIndex.LowIndexLean513dc7cc.row035_good038_checked", "B699LowIndex.LowIndexLean513dc7cc.row035_good039_checked", "B699LowIndex.LowIndexLean513dc7cc.row035_good040_checked", "B699LowIndex.LowIndexLean513dc7cc.row035_good041_checked", "B699LowIndex.LowIndexLean513dc7cc.row035_good042_checked", "B699LowIndex.LowIndexLean513dc7cc.row035_good043_checked", "B699LowIndex.LowIndexLean513dc7cc.row035_good044_checked", "B699LowIndex.LowIndexLean513dc7cc.row035_good045_checked", "B699LowIndex.LowIndexLean513dc7cc.row035_good046_checked", "B699LowIndex.LowIndexLean513dc7cc.row035_good047_checked"], "guarded_print_axioms": 0, "guarded_names": [], "actual_printed": 16, "guard_msgs_in_source": 0, "printed": [{"declared_name": "B699LowIndex.LowIndexLean513dc7cc.row035_good032_checked", "axioms": ["propext", "Classical.choice", "Quot.sound"]}, {"declared_name": "B699LowIndex.LowIndexLean513dc7cc.row035_good033_checked", "axioms": ["propext", "Classical.choice", "Quot.sound"]}, {"declared_name": "B699LowIndex.LowIndexLean513dc7cc.row035_good034_checked", "axioms": ["propext", "Classical.choice", "Quot.sound"]}, {"declared_name": "B699LowIndex.LowIndexLean513dc7cc.row035_good035_checked", "axioms": ["propext", "Classical.choice", "Quot.sound"]}, {"declared_name": "B699LowIndex.LowIndexLean513dc7cc.row035_good036_checked", "axioms": ["propext", "Classical.choice", "Quot.sound"]}, {"declared_name": "B699LowIndex.LowIndexLean513dc7cc.row035_good037_checked", "axioms": ["propext", "Classical.choice", "Quot.sound"]}, {"declared_name": "B699LowIndex.LowIndexLean513dc7cc.row035_good038_checked", "axioms": ["propext", "Classical.choice", "Quot.sound"]}, {"declared_name": "B699LowIndex.LowIndexLean513dc7cc.row035_good039_checked", "axioms": ["propext", "Classical.choice", "Quot.sound"]}, {"declared_name": "B699LowIndex.LowIndexLean513dc7cc.row035_good040_checked", "axioms": ["propext", "Classical.choice", "Quot.sound"]}, {"declared_name": "B699LowIndex.LowIndexLean513dc7cc.row035_good041_checked", "axioms": ["propext", "Classical.choice", "Quot.sound"]}, {"declared_name": "B699LowIndex.LowIndexLean513dc7cc.row035_good042_checked", "axioms": ["propext", "Classical.choice", "Quot.sound"]}, {"declared_name": "B699LowIndex.LowIndexLean513dc7cc.row035_good043_checked", "axioms": ["propext", "Classical.choice", "Quot.sound"]}, {"declared_name": "B699LowIndex.LowIndexLean513dc7cc.row035_good044_checked", "axioms": ["propext", "Classical.choice", "Quot.sound"]}, {"declared_name": "B699LowIndex.LowIndexLean513dc7cc.row035_good045_checked", "axioms": ["propext", "Classical.choice", "Quot.sound"]}, {"declared_name": "B699LowIndex.LowIndexLean513dc7cc.row035_good046_checked", "axioms": ["propext", "Classical.choice", "Quot.sound"]}, {"declared_name": "B699LowIndex.LowIndexLean513dc7cc.row035_good047_checked", "axioms": ["propext", "Classical.choice", "Quot.sound"]}], "unexpected_axioms": [], "guarded_output_inferred": false}}
2026-09-10T18:41:29.0034278Z B699_COMPILE {"source": "research/tasks/B699-Binomial/runs/20260911-low-index-lean-513dc7cc/lean/rows/Row035/Goods048.lean", "source_sha256_before": "50e7459f69aa8dac70ac1012241b9374742152ed1c8346c8cc0418387ebbaf98", "source_sha256_after": "50e7459f69aa8dac70ac1012241b9374742152ed1c8346c8cc0418387ebbaf98", "output_sha256": "ae25a7a90543601eb989e5c600df4c3f1b6aa8b1c1f377e7a7682683f9965e68", "seconds": 1.495, "exit_code": 0, "failure": null, "log": "research/tasks/B699-Binomial/runs/20260911-low-index-lean-513dc7cc/verification/20260910T184027823775Z/logs/compile-0029-research_tasks_B699-Binomial_runs_20260911-low-index-lean-513dc7cc_lean_rows_Row035_Goods048.lean.log", "log_sha256": "9919377cb3a65709b482a886548ae2381667957e988e252d3830551cef35da6d", "axiom_audit": {"declared_print_axioms": 16, "declared_names": ["B699LowIndex.LowIndexLean513dc7cc.row035_good048_checked", "B699LowIndex.LowIndexLean513dc7cc.row035_good049_checked", "B699LowIndex.LowIndexLean513dc7cc.row035_good050_checked", "B699LowIndex.LowIndexLean513dc7cc.row035_good051_checked", "B699LowIndex.LowIndexLean513dc7cc.row035_good052_checked", "B699LowIndex.LowIndexLean513dc7cc.row035_good053_checked", "B699LowIndex.LowIndexLean513dc7cc.row035_good054_checked", "B699LowIndex.LowIndexLean513dc7cc.row035_good055_checked", "B699LowIndex.LowIndexLean513dc7cc.row035_good056_checked", "B699LowIndex.LowIndexLean513dc7cc.row035_good057_checked", "B699LowIndex.LowIndexLean513dc7cc.row035_good058_checked", "B699LowIndex.LowIndexLean513dc7cc.row035_good059_checked", "B699LowIndex.LowIndexLean513dc7cc.row035_good060_checked", "B699LowIndex.LowIndexLean513dc7cc.row035_good061_checked", "B699LowIndex.LowIndexLean513dc7cc.row035_good062_checked", "B699LowIndex.LowIndexLean513dc7cc.row035_good063_checked"], "guarded_print_axioms": 0, "guarded_names": [], "actual_printed": 16, "guard_msgs_in_source": 0, "printed": [{"declared_name": "B699LowIndex.LowIndexLean513dc7cc.row035_good048_checked", "axioms": ["propext", "Classical.choice", "Quot.sound"]}, {"declared_name": "B699LowIndex.LowIndexLean513dc7cc.row035_good049_checked", "axioms": ["propext", "Classical.choice", "Quot.sound"]}, {"declared_name": "B699LowIndex.LowIndexLean513dc7cc.row035_good050_checked", "axioms": ["propext", "Classical.choice", "Quot.sound"]}, {"declared_name": "B699LowIndex.LowIndexLean513dc7cc.row035_good051_checked", "axioms": ["propext", "Classical.choice", "Quot.sound"]}, {"declared_name": "B699LowIndex.LowIndexLean513dc7cc.row035_good052_checked", "axioms": ["propext", "Classical.choice", "Quot.sound"]}, {"declared_name": "B699LowIndex.LowIndexLean513dc7cc.row035_good053_checked", "axioms": ["propext", "Classical.choice", "Quot.sound"]}, {"declared_name": "B699LowIndex.LowIndexLean513dc7cc.row035_good054_checked", "axioms": ["propext", "Classical.choice", "Quot.sound"]}, {"declared_name": "B699LowIndex.LowIndexLean513dc7cc.row035_good055_checked", "axioms": ["propext", "Classical.choice", "Quot.sound"]}, {"declared_name": "B699LowIndex.LowIndexLean513dc7cc.row035_good056_checked", "axioms": ["propext", "Classical.choice", "Quot.sound"]}, {"declared_name": "B699LowIndex.LowIndexLean513dc7cc.row035_good057_checked", "axioms": ["propext", "Classical.choice", "Quot.sound"]}, {"declared_name": "B699LowIndex.LowIndexLean513dc7cc.row035_good058_checked", "axioms": ["propext", "Classical.choice", "Quot.sound"]}, {"declared_name": "B699LowIndex.LowIndexLean513dc7cc.row035_good059_checked", "axioms": ["propext", "Classical.choice", "Quot.sound"]}, {"declared_name": "B699LowIndex.LowIndexLean513dc7cc.row035_good060_checked", "axioms": ["propext", "Classical.choice", "Quot.sound"]}, {"declared_name": "B699LowIndex.LowIndexLean513dc7cc.row035_good061_checked", "axioms": ["propext", "Classical.choice", "Quot.sound"]}, {"declared_name": "B699LowIndex.LowIndexLean513dc7cc.row035_good062_checked", "axioms": ["propext", "Classical.choice", "Quot.sound"]}, {"declared_name": "B699LowIndex.LowIndexLean513dc7cc.row035_good063_checked", "axioms": ["propext", "Classical.choice", "Quot.sound"]}], "unexpected_axioms": [], "guarded_output_inferred": false}}
2026-09-10T18:41:29.0068718Z B699_COMPILE {"source": "research/tasks/B699-Binomial/runs/20260911-low-index-lean-513dc7cc/lean/rows/Row035/Goods064.lean", "source_sha256_before": "d6bd1972c8edd7804365f680dd02f1364051573fb6bad1b08743b741572dfcc8", "source_sha256_after": "d6bd1972c8edd7804365f680dd02f1364051573fb6bad1b08743b741572dfcc8", "output_sha256": "7d26ac2d377b9c81c3d1dbf3e94f0a2840db10ed206471699cc44141833231e3", "seconds": 1.5, "exit_code": 0, "failure": null, "log": "research/tasks/B699-Binomial/runs/20260911-low-index-lean-513dc7cc/verification/20260910T184027823775Z/logs/compile-0030-research_tasks_B699-Binomial_runs_20260911-low-index-lean-513dc7cc_lean_rows_Row035_Goods064.lean.log", "log_sha256": "7b3d4878feaba2d4d842cdc0311443e28d11852615aa1f9851b987fa205ba235", "axiom_audit": {"declared_print_axioms": 16, "declared_names": ["B699LowIndex.LowIndexLean513dc7cc.row035_good064_checked", "B699LowIndex.LowIndexLean513dc7cc.row035_good065_checked", "B699LowIndex.LowIndexLean513dc7cc.row035_good066_checked", "B699LowIndex.LowIndexLean513dc7cc.row035_good067_checked", "B699LowIndex.LowIndexLean513dc7cc.row035_good068_checked", "B699LowIndex.LowIndexLean513dc7cc.row035_good069_checked", "B699LowIndex.LowIndexLean513dc7cc.row035_good070_checked", "B699LowIndex.LowIndexLean513dc7cc.row035_good071_checked", "B699LowIndex.LowIndexLean513dc7cc.row035_good072_checked", "B699LowIndex.LowIndexLean513dc7cc.row035_good073_checked", "B699LowIndex.LowIndexLean513dc7cc.row035_good074_checked", "B699LowIndex.LowIndexLean513dc7cc.row035_good075_checked", "B699LowIndex.LowIndexLean513dc7cc.row035_good076_checked", "B699LowIndex.LowIndexLean513dc7cc.row035_good077_checked", "B699LowIndex.LowIndexLean513dc7cc.row035_good078_checked", "B699LowIndex.LowIndexLean513dc7cc.row035_good079_checked"], "guarded_print_axioms": 0, "guarded_names": [], "actual_printed": 16, "guard_msgs_in_source": 0, "printed": [{"declared_name": "B699LowIndex.LowIndexLean513dc7cc.row035_good064_checked", "axioms": ["propext", "Classical.choice", "Quot.sound"]}, {"declared_name": "B699LowIndex.LowIndexLean513dc7cc.row035_good065_checked", "axioms": ["propext", "Classical.choice", "Quot.sound"]}, {"declared_name": "B699LowIndex.LowIndexLean513dc7cc.row035_good066_checked", "axioms": ["propext", "Classical.choice", "Quot.sound"]}, {"declared_name": "B699LowIndex.LowIndexLean513dc7cc.row035_good067_checked", "axioms": ["propext", "Classical.choice", "Quot.sound"]}, {"declared_name": "B699LowIndex.LowIndexLean513dc7cc.row035_good068_checked", "axioms": ["propext", "Classical.choice", "Quot.sound"]}, {"declared_name": "B699LowIndex.LowIndexLean513dc7cc.row035_good069_checked", "axioms": ["propext", "Classical.choice", "Quot.sound"]}, {"declared_name": "B699LowIndex.LowIndexLean513dc7cc.row035_good070_checked", "axioms": ["propext", "Classical.choice", "Quot.sound"]}, {"declared_name": "B699LowIndex.LowIndexLean513dc7cc.row035_good071_checked", "axioms": ["propext", "Classical.choice", "Quot.sound"]}, {"declared_name": "B699LowIndex.LowIndexLean513dc7cc.row035_good072_checked", "axioms": ["propext", "Classical.choice", "Quot.sound"]}, {"declared_name": "B699LowIndex.LowIndexLean513dc7cc.row035_good073_checked", "axioms": ["propext", "Classical.choice", "Quot.sound"]}, {"declared_name": "B699LowIndex.LowIndexLean513dc7cc.row035_good074_checked", "axioms": ["propext", "Classical.choice", "Quot.sound"]}, {"declared_name": "B699LowIndex.LowIndexLean513dc7cc.row035_good075_checked", "axioms": ["propext", "Classical.choice", "Quot.sound"]}, {"declared_name": "B699LowIndex.LowIndexLean513dc7cc.row035_good076_checked", "axioms": ["propext", "Classical.choice", "Quot.sound"]}, {"declared_name": "B699LowIndex.LowIndexLean513dc7cc.row035_good077_checked", "axioms": ["propext", "Classical.choice", "Quot.sound"]}, {"declared_name": "B699LowIndex.LowIndexLean513dc7cc.row035_good078_checked", "axioms": ["propext", "Classical.choice", "Quot.sound"]}, {"declared_name": "B699LowIndex.LowIndexLean513dc7cc.row035_good079_checked", "axioms": ["propext", "Classical.choice", "Quot.sound"]}], "unexpected_axioms": [], "guarded_output_inferred": false}}
2026-09-10T18:41:29.0094676Z B699_COMPILE {"source": "research/tasks/B699-Binomial/runs/20260911-low-index-lean-513dc7cc/lean/rows/Row035/Goods080.lean", "source_sha256_before": "7f6e0d1dff2ffc531116390c13869140d7c75c58fe63bc654bfa5c8c410a0336", "source_sha256_after": "7f6e0d1dff2ffc531116390c13869140d7c75c58fe63bc654bfa5c8c410a0336", "output_sha256": "0c6435248279d72ee315a6a133f57edd1d6c802633d3b2637f5dfb06b39b8f7b", "seconds": 1.509, "exit_code": 0, "failure": null, "log": "research/tasks/B699-Binomial/runs/20260911-low-index-lean-513dc7cc/verification/20260910T184027823775Z/logs/compile-0031-research_tasks_B699-Binomial_runs_20260911-low-index-lean-513dc7cc_lean_rows_Row035_Goods080.lean.log", "log_sha256": "50629656ae9652efcfcca9c031a3f41698cc44c0720fff8755f8ae2f60eb8337", "axiom_audit": {"declared_print_axioms": 16, "declared_names": ["B699LowIndex.LowIndexLean513dc7cc.row035_good080_checked", "B699LowIndex.LowIndexLean513dc7cc.row035_good081_checked", "B699LowIndex.LowIndexLean513dc7cc.row035_good082_checked", "B699LowIndex.LowIndexLean513dc7cc.row035_good083_checked", "B699LowIndex.LowIndexLean513dc7cc.row035_good084_checked", "B699LowIndex.LowIndexLean513dc7cc.row035_good085_checked", "B699LowIndex.LowIndexLean513dc7cc.row035_good086_checked", "B699LowIndex.LowIndexLean513dc7cc.row035_good087_checked", "B699LowIndex.LowIndexLean513dc7cc.row035_good088_checked", "B699LowIndex.LowIndexLean513dc7cc.row035_good089_checked", "B699LowIndex.LowIndexLean513dc7cc.row035_good090_checked", "B699LowIndex.LowIndexLean513dc7cc.row035_good091_checked", "B699LowIndex.LowIndexLean513dc7cc.row035_good092_checked", "B699LowIndex.LowIndexLean513dc7cc.row035_good093_checked", "B699LowIndex.LowIndexLean513dc7cc.row035_good094_checked", "B699LowIndex.LowIndexLean513dc7cc.row035_good095_checked"], "guarded_print_axioms": 0, "guarded_names": [], "actual_printed": 16, "guard_msgs_in_source": 0, "printed": [{"declared_name": "B699LowIndex.LowIndexLean513dc7cc.row035_good080_checked", "axioms": ["propext", "Classical.choice", "Quot.sound"]}, {"declared_name": "B699LowIndex.LowIndexLean513dc7cc.row035_good081_checked", "axioms": ["propext", "Classical.choice", "Quot.sound"]}, {"declared_name": "B699LowIndex.LowIndexLean513dc7cc.row035_good082_checked", "axioms": ["propext", "Classical.choice", "Quot.sound"]}, {"declared_name": "B699LowIndex.LowIndexLean513dc7cc.row035_good083_checked", "axioms": ["propext", "Classical.choice", "Quot.sound"]}, {"declared_name": "B699LowIndex.LowIndexLean513dc7cc.row035_good084_checked", "axioms": ["propext", "Classical.choice", "Quot.sound"]}, {"declared_name": "B699LowIndex.LowIndexLean513dc7cc.row035_good085_checked", "axioms": ["propext", "Classical.choice", "Quot.sound"]}, {"declared_name": "B699LowIndex.LowIndexLean513dc7cc.row035_good086_checked", "axioms": ["propext", "Classical.choice", "Quot.sound"]}, {"declared_name": "B699LowIndex.LowIndexLean513dc7cc.row035_good087_checked", "axioms": ["propext", "Classical.choice", "Quot.sound"]}, {"declared_name": "B699LowIndex.LowIndexLean513dc7cc.row035_good088_checked", "axioms": ["propext", "Classical.choice", "Quot.sound"]}, {"declared_name": "B699LowIndex.LowIndexLean513dc7cc.row035_good089_checked", "axioms": ["propext", "Classical.choice", "Quot.sound"]}, {"declared_name": "B699LowIndex.LowIndexLean513dc7cc.row035_good090_checked", "axioms": ["propext", "Classical.choice", "Quot.sound"]}, {"declared_name": "B699LowIndex.LowIndexLean513dc7cc.row035_good091_checked", "axioms": ["propext", "Classical.choice", "Quot.sound"]}, {"declared_name": "B699LowIndex.LowIndexLean513dc7cc.row035_good092_checked", "axioms": ["propext", "Classical.choice", "Quot.sound"]}, {"declared_name": "B699LowIndex.LowIndexLean513dc7cc.row035_good093_checked", "axioms": ["propext", "Classical.choice", "Quot.sound"]}, {"declared_name": "B699LowIndex.LowIndexLean513dc7cc.row035_good094_checked", "axioms": ["propext", "Classical.choice", "Quot.sound"]}, {"declared_name": "B699LowIndex.LowIndexLean513dc7cc.row035_good095_checked", "axioms": ["propext", "Classical.choice", "Quot.sound"]}], "unexpected_axioms": [], "guarded_output_inferred": false}}
2026-09-10T18:41:29.0120876Z B699_COMPILE {"source": "research/tasks/B699-Binomial/runs/20260911-low-index-lean-513dc7cc/lean/rows/Row035/Goods096.lean", "source_sha256_before": "68a35a05c74a1752b18430ca51052d355b5102a6f3e9e6c6a3ab9865afefe16b", "source_sha256_after": "68a35a05c74a1752b18430ca51052d355b5102a6f3e9e6c6a3ab9865afefe16b", "output_sha256": "dfd86911e1c4461c82a45d2c9b9ee20cd6b02ddee00af5e8e9efc2c77f76ad9e", "seconds": 1.519, "exit_code": 0, "failure": null, "log": "research/tasks/B699-Binomial/runs/20260911-low-index-lean-513dc7cc/verification/20260910T184027823775Z/logs/compile-0032-research_tasks_B699-Binomial_runs_20260911-low-index-lean-513dc7cc_lean_rows_Row035_Goods096.lean.log", "log_sha256": "85a373d9d80d786075007658dfd5ebe09606386bcc1534ad13088a72846725e9", "axiom_audit": {"declared_print_axioms": 16, "declared_names": ["B699LowIndex.LowIndexLean513dc7cc.row035_good096_checked", "B699LowIndex.LowIndexLean513dc7cc.row035_good097_checked", "B699LowIndex.LowIndexLean513dc7cc.row035_good098_checked", "B699LowIndex.LowIndexLean513dc7cc.row035_good099_checked", "B699LowIndex.LowIndexLean513dc7cc.row035_good100_checked", "B699LowIndex.LowIndexLean513dc7cc.row035_good101_checked", "B699LowIndex.LowIndexLean513dc7cc.row035_good102_checked", "B699LowIndex.LowIndexLean513dc7cc.row035_good103_checked", "B699LowIndex.LowIndexLean513dc7cc.row035_good104_checked", "B699LowIndex.LowIndexLean513dc7cc.row035_good105_checked", "B699LowIndex.LowIndexLean513dc7cc.row035_good106_checked", "B699LowIndex.LowIndexLean513dc7cc.row035_good107_checked", "B699LowIndex.LowIndexLean513dc7cc.row035_good108_checked", "B699LowIndex.LowIndexLean513dc7cc.row035_good109_checked", "B699LowIndex.LowIndexLean513dc7cc.row035_good110_checked", "B699LowIndex.LowIndexLean513dc7cc.row035_good111_checked"], "guarded_print_axioms": 0, "guarded_names": [], "actual_printed": 16, "guard_msgs_in_source": 0, "printed": [{"declared_name": "B699LowIndex.LowIndexLean513dc7cc.row035_good096_checked", "axioms": ["propext", "Classical.choice", "Quot.sound"]}, {"declared_name": "B699LowIndex.LowIndexLean513dc7cc.row035_good097_checked", "axioms": ["propext", "Classical.choice", "Quot.sound"]}, {"declared_name": "B699LowIndex.LowIndexLean513dc7cc.row035_good098_checked", "axioms": ["propext", "Classical.choice", "Quot.sound"]}, {"declared_name": "B699LowIndex.LowIndexLean513dc7cc.row035_good099_checked", "axioms": ["propext", "Classical.choice", "Quot.sound"]}, {"declared_name": "B699LowIndex.LowIndexLean513dc7cc.row035_good100_checked", "axioms": ["propext", "Classical.choice", "Quot.sound"]}, {"declared_name": "B699LowIndex.LowIndexLean513dc7cc.row035_good101_checked", "axioms": ["propext", "Classical.choice", "Quot.sound"]}, {"declared_name": "B699LowIndex.LowIndexLean513dc7cc.row035_good102_checked", "axioms": ["propext", "Classical.choice", "Quot.sound"]}, {"declared_name": "B699LowIndex.LowIndexLean513dc7cc.row035_good103_checked", "axioms": ["propext", "Classical.choice", "Quot.sound"]}, {"declared_name": "B699LowIndex.LowIndexLean513dc7cc.row035_good104_checked", "axioms": ["propext", "Classical.choice", "Quot.sound"]}, {"declared_name": "B699LowIndex.LowIndexLean513dc7cc.row035_good105_checked", "axioms": ["propext", "Classical.choice", "Quot.sound"]}, {"declared_name": "B699LowIndex.LowIndexLean513dc7cc.row035_good106_checked", "axioms": ["propext", "Classical.choice", "Quot.sound"]}, {"declared_name": "B699LowIndex.LowIndexLean513dc7cc.row035_good107_checked", "axioms": ["propext", "Classical.choice", "Quot.sound"]}, {"declared_name": "B699LowIndex.LowIndexLean513dc7cc.row035_good108_checked", "axioms": ["propext", "Classical.choice", "Quot.sound"]}, {"declared_name": "B699LowIndex.LowIndexLean513dc7cc.row035_good109_checked", "axioms": ["propext", "Classical.choice", "Quot.sound"]}, {"declared_name": "B699LowIndex.LowIndexLean513dc7cc.row035_good110_checked", "axioms": ["propext", "Classical.choice", "Quot.sound"]}, {"declared_name": "B699LowIndex.LowIndexLean513dc7cc.row035_good111_checked", "axioms": ["propext", "Classical.choice", "Quot.sound"]}], "unexpected_axioms": [], "guarded_output_inferred": false}}
2026-09-10T18:41:29.0149318Z B699_COMPILE {"source": "research/tasks/B699-Binomial/runs/20260911-low-index-lean-513dc7cc/lean/rows/Row035/Goods112.lean", "source_sha256_before": "e836a51e3ebd7c15868dc5b456441cc80105f90b8ec084a53f4388d6f6aa3e5a", "source_sha256_after": "e836a51e3ebd7c15868dc5b456441cc80105f90b8ec084a53f4388d6f6aa3e5a", "output_sha256": "643c15f226e8d1b4994b5e8e831c81c8cb62e0bf7c7b063d24758e233358d162", "seconds": 1.54, "exit_code": 0, "failure": null, "log": "research/tasks/B699-Binomial/runs/20260911-low-index-lean-513dc7cc/verification/20260910T184027823775Z/logs/compile-0033-research_tasks_B699-Binomial_runs_20260911-low-index-lean-513dc7cc_lean_rows_Row035_Goods112.lean.log", "log_sha256": "cbbd336e8889ffc8a1bd537d5ed40e2d2bae509936520394684e8ad4355e8135", "axiom_audit": {"declared_print_axioms": 16, "declared_names": ["B699LowIndex.LowIndexLean513dc7cc.row035_good112_checked", "B699LowIndex.LowIndexLean513dc7cc.row035_good113_checked", "B699LowIndex.LowIndexLean513dc7cc.row035_good114_checked", "B699LowIndex.LowIndexLean513dc7cc.row035_good115_checked", "B699LowIndex.LowIndexLean513dc7cc.row035_good116_checked", "B699LowIndex.LowIndexLean513dc7cc.row035_good117_checked", "B699LowIndex.LowIndexLean513dc7cc.row035_good118_checked", "B699LowIndex.LowIndexLean513dc7cc.row035_good119_checked", "B699LowIndex.LowIndexLean513dc7cc.row035_good120_checked", "B699LowIndex.LowIndexLean513dc7cc.row035_good121_checked", "B699LowIndex.LowIndexLean513dc7cc.row035_good122_checked", "B699LowIndex.LowIndexLean513dc7cc.row035_good123_checked", "B699LowIndex.LowIndexLean513dc7cc.row035_good124_checked", "B699LowIndex.LowIndexLean513dc7cc.row035_good125_checked", "B699LowIndex.LowIndexLean513dc7cc.row035_good126_checked", "B699LowIndex.LowIndexLean513dc7cc.row035_good127_checked"], "guarded_print_axioms": 0, "guarded_names": [], "actual_printed": 16, "guard_msgs_in_source": 0, "printed": [{"declared_name": "B699LowIndex.LowIndexLean513dc7cc.row035_good112_checked", "axioms": ["propext", "Classical.choice", "Quot.sound"]}, {"declared_name": "B699LowIndex.LowIndexLean513dc7cc.row035_good113_checked", "axioms": ["propext", "Classical.choice", "Quot.sound"]}, {"declared_name": "B699LowIndex.LowIndexLean513dc7cc.row035_good114_checked", "axioms": ["propext", "Classical.choice", "Quot.sound"]}, {"declared_name": "B699LowIndex.LowIndexLean513dc7cc.row035_good115_checked", "axioms": ["propext", "Classical.choice", "Quot.sound"]}, {"declared_name": "B699LowIndex.LowIndexLean513dc7cc.row035_good116_checked", "axioms": ["propext", "Classical.choice", "Quot.sound"]}, {"declared_name": "B699LowIndex.LowIndexLean513dc7cc.row035_good117_checked", "axioms": ["propext", "Classical.choice", "Quot.sound"]}, {"declared_name": "B699LowIndex.LowIndexLean513dc7cc.row035_good118_checked", "axioms": ["propext", "Classical.choice", "Quot.sound"]}, {"declared_name": "B699LowIndex.LowIndexLean513dc7cc.row035_good119_checked", "axioms": ["propext", "Classical.choice", "Quot.sound"]}, {"declared_name": "B699LowIndex.LowIndexLean513dc7cc.row035_good120_checked", "axioms": ["propext", "Classical.choice", "Quot.sound"]}, {"declared_name": "B699LowIndex.LowIndexLean513dc7cc.row035_good121_checked", "axioms": ["propext", "Classical.choice", "Quot.sound"]}, {"declared_name": "B699LowIndex.LowIndexLean513dc7cc.row035_good122_checked", "axioms": ["propext", "Classical.choice", "Quot.sound"]}, {"declared_name": "B699LowIndex.LowIndexLean513dc7cc.row035_good123_checked", "axioms": ["propext", "Classical.choice", "Quot.sound"]}, {"declared_name": "B699LowIndex.LowIndexLean513dc7cc.row035_good124_checked", "axioms": ["propext", "Classical.choice", "Quot.sound"]}, {"declared_name": "B699LowIndex.LowIndexLean513dc7cc.row035_good125_checked", "axioms": ["propext", "Classical.choice", "Quot.sound"]}, {"declared_name": "B699LowIndex.LowIndexLean513dc7cc.row035_good126_checked", "axioms": ["propext", "Classical.choice", "Quot.sound"]}, {"declared_name": "B699LowIndex.LowIndexLean513dc7cc.row035_good127_checked", "axioms": ["propext", "Classical.choice", "Quot.sound"]}], "unexpected_axioms": [], "guarded_output_inferred": false}}
2026-09-10T18:41:29.0175234Z B699_COMPILE {"source": "research/tasks/B699-Binomial/runs/20260911-low-index-lean-513dc7cc/lean/rows/Row035/Goods128.lean", "source_sha256_before": "1fb5008001a2681e4632e8248ce6d0f72f57d712c7af171be25e82b4d6e442eb", "source_sha256_after": "1fb5008001a2681e4632e8248ce6d0f72f57d712c7af171be25e82b4d6e442eb", "output_sha256": "6fc054c62d9f35a4c27910ab3235306b60b68cf021b65660d3bbba687fba1608", "seconds": 1.54, "exit_code": 0, "failure": null, "log": "research/tasks/B699-Binomial/runs/20260911-low-index-lean-513dc7cc/verification/20260910T184027823775Z/logs/compile-0034-research_tasks_B699-Binomial_runs_20260911-low-index-lean-513dc7cc_lean_rows_Row035_Goods128.lean.log", "log_sha256": "2af784fcc3dd0f8cfbe1dc36354751aff11922763dfab3db0e066e08b6e8ac88", "axiom_audit": {"declared_print_axioms": 16, "declared_names": ["B699LowIndex.LowIndexLean513dc7cc.row035_good128_checked", "B699LowIndex.LowIndexLean513dc7cc.row035_good129_checked", "B699LowIndex.LowIndexLean513dc7cc.row035_good130_checked", "B699LowIndex.LowIndexLean513dc7cc.row035_good131_checked", "B699LowIndex.LowIndexLean513dc7cc.row035_good132_checked", "B699LowIndex.LowIndexLean513dc7cc.row035_good133_checked", "B699LowIndex.LowIndexLean513dc7cc.row035_good134_checked", "B699LowIndex.LowIndexLean513dc7cc.row035_good135_checked", "B699LowIndex.LowIndexLean513dc7cc.row035_good136_checked", "B699LowIndex.LowIndexLean513dc7cc.row035_good137_checked", "B699LowIndex.LowIndexLean513dc7cc.row035_good138_checked", "B699LowIndex.LowIndexLean513dc7cc.row035_good139_checked", "B699LowIndex.LowIndexLean513dc7cc.row035_good140_checked", "B699LowIndex.LowIndexLean513dc7cc.row035_good141_checked", "B699LowIndex.LowIndexLean513dc7cc.row035_good142_checked", "B699LowIndex.LowIndexLean513dc7cc.row035_good143_checked"], "guarded_print_axioms": 0, "guarded_names": [], "actual_printed": 16, "guard_msgs_in_source": 0, "printed": [{"declared_name": "B699LowIndex.LowIndexLean513dc7cc.row035_good128_checked", "axioms": ["propext", "Classical.choice", "Quot.sound"]}, {"declared_name": "B699LowIndex.LowIndexLean513dc7cc.row035_good129_checked", "axioms": ["propext", "Classical.choice", "Quot.sound"]}, {"declared_name": "B699LowIndex.LowIndexLean513dc7cc.row035_good130_checked", "axioms": ["propext", "Classical.choice", "Quot.sound"]}, {"declared_name": "B699LowIndex.LowIndexLean513dc7cc.row035_good131_checked", "axioms": ["propext", "Classical.choice", "Quot.sound"]}, {"declared_name": "B699LowIndex.LowIndexLean513dc7cc.row035_good132_checked", "axioms": ["propext", "Classical.choice", "Quot.sound"]}, {"declared_name": "B699LowIndex.LowIndexLean513dc7cc.row035_good133_checked", "axioms": ["propext", "Classical.choice", "Quot.sound"]}, {"declared_name": "B699LowIndex.LowIndexLean513dc7cc.row035_good134_checked", "axioms": ["propext", "Classical.choice", "Quot.sound"]}, {"declared_name": "B699LowIndex.LowIndexLean513dc7cc.row035_good135_checked", "axioms": ["propext", "Classical.choice", "Quot.sound"]}, {"declared_name": "B699LowIndex.LowIndexLean513dc7cc.row035_good136_checked", "axioms": ["propext", "Classical.choice", "Quot.sound"]}, {"declared_name": "B699LowIndex.LowIndexLean513dc7cc.row035_good137_checked", "axioms": ["propext", "Classical.choice", "Quot.sound"]}, {"declared_name": "B699LowIndex.LowIndexLean513dc7cc.row035_good138_checked", "axioms": ["propext", "Classical.choice", "Quot.sound"]}, {"declared_name": "B699LowIndex.LowIndexLean513dc7cc.row035_good139_checked", "axioms": ["propext", "Classical.choice", "Quot.sound"]}, {"declared_name": "B699LowIndex.LowIndexLean513dc7cc.row035_good140_checked", "axioms": ["propext", "Classical.choice", "Quot.sound"]}, {"declared_name": "B699LowIndex.LowIndexLean513dc7cc.row035_good141_checked", "axioms": ["propext", "Classical.choice", "Quot.sound"]}, {"declared_name": "B699LowIndex.LowIndexLean513dc7cc.row035_good142_checked", "axioms": ["propext", "Classical.choice", "Quot.sound"]}, {"declared_name": "B699LowIndex.LowIndexLean513dc7cc.row035_good143_checked", "axioms": ["propext", "Classical.choice", "Quot.sound"]}], "unexpected_axioms": [], "guarded_output_inferred": false}}
2026-09-10T18:41:29.0201067Z B699_COMPILE {"source": "research/tasks/B699-Binomial/runs/20260911-low-index-lean-513dc7cc/lean/rows/Row035/Goods144.lean", "source_sha256_before": "5e06fa7e0b8fe249f87424d13369bf94f17ef4251bad74b5df7e295dfc8fac5b", "source_sha256_after": "5e06fa7e0b8fe249f87424d13369bf94f17ef4251bad74b5df7e295dfc8fac5b", "output_sha256": "7d82900bf9f8fcb46f578a80988f0f2d4900a83e449b080c79508c979bdbd12b", "seconds": 1.548, "exit_code": 0, "failure": null, "log": "research/tasks/B699-Binomial/runs/20260911-low-index-lean-513dc7cc/verification/20260910T184027823775Z/logs/compile-0035-research_tasks_B699-Binomial_runs_20260911-low-index-lean-513dc7cc_lean_rows_Row035_Goods144.lean.log", "log_sha256": "dbf0fac8ce978c3140335a7ec37b196596de7742c980adaf821d803da8181c09", "axiom_audit": {"declared_print_axioms": 16, "declared_names": ["B699LowIndex.LowIndexLean513dc7cc.row035_good144_checked", "B699LowIndex.LowIndexLean513dc7cc.row035_good145_checked", "B699LowIndex.LowIndexLean513dc7cc.row035_good146_checked", "B699LowIndex.LowIndexLean513dc7cc.row035_good147_checked", "B699LowIndex.LowIndexLean513dc7cc.row035_good148_checked", "B699LowIndex.LowIndexLean513dc7cc.row035_good149_checked", "B699LowIndex.LowIndexLean513dc7cc.row035_good150_checked", "B699LowIndex.LowIndexLean513dc7cc.row035_good151_checked", "B699LowIndex.LowIndexLean513dc7cc.row035_good152_checked", "B699LowIndex.LowIndexLean513dc7cc.row035_good153_checked", "B699LowIndex.LowIndexLean513dc7cc.row035_good154_checked", "B699LowIndex.LowIndexLean513dc7cc.row035_good155_checked", "B699LowIndex.LowIndexLean513dc7cc.row035_good156_checked", "B699LowIndex.LowIndexLean513dc7cc.row035_good157_checked", "B699LowIndex.LowIndexLean513dc7cc.row035_good158_checked", "B699LowIndex.LowIndexLean513dc7cc.row035_good159_checked"], "guarded_print_axioms": 0, "guarded_names": [], "actual_printed": 16, "guard_msgs_in_source": 0, "printed": [{"declared_name": "B699LowIndex.LowIndexLean513dc7cc.row035_good144_checked", "axioms": ["propext", "Classical.choice", "Quot.sound"]}, {"declared_name": "B699LowIndex.LowIndexLean513dc7cc.row035_good145_checked", "axioms": ["propext", "Classical.choice", "Quot.sound"]}, {"declared_name": "B699LowIndex.LowIndexLean513dc7cc.row035_good146_checked", "axioms": ["propext", "Classical.choice", "Quot.sound"]}, {"declared_name": "B699LowIndex.LowIndexLean513dc7cc.row035_good147_checked", "axioms": ["propext", "Classical.choice", "Quot.sound"]}, {"declared_name": "B699LowIndex.LowIndexLean513dc7cc.row035_good148_checked", "axioms": ["propext", "Classical.choice", "Quot.sound"]}, {"declared_name": "B699LowIndex.LowIndexLean513dc7cc.row035_good149_checked", "axioms": ["propext", "Classical.choice", "Quot.sound"]}, {"declared_name": "B699LowIndex.LowIndexLean513dc7cc.row035_good150_checked", "axioms": ["propext", "Classical.choice", "Quot.sound"]}, {"declared_name": "B699LowIndex.LowIndexLean513dc7cc.row035_good151_checked", "axioms": ["propext", "Classical.choice", "Quot.sound"]}, {"declared_name": "B699LowIndex.LowIndexLean513dc7cc.row035_good152_checked", "axioms": ["propext", "Classical.choice", "Quot.sound"]}, {"declared_name": "B699LowIndex.LowIndexLean513dc7cc.row035_good153_checked", "axioms": ["propext", "Classical.choice", "Quot.sound"]}, {"declared_name": "B699LowIndex.LowIndexLean513dc7cc.row035_good154_checked", "axioms": ["propext", "Classical.choice", "Quot.sound"]}, {"declared_name": "B699LowIndex.LowIndexLean513dc7cc.row035_good155_checked", "axioms": ["propext", "Classical.choice", "Quot.sound"]}, {"declared_name": "B699LowIndex.LowIndexLean513dc7cc.row035_good156_checked", "axioms": ["propext", "Classical.choice", "Quot.sound"]}, {"declared_name": "B699LowIndex.LowIndexLean513dc7cc.row035_good157_checked", "axioms": ["propext", "Classical.choice", "Quot.sound"]}, {"declared_name": "B699LowIndex.LowIndexLean513dc7cc.row035_good158_checked", "axioms": ["propext", "Classical.choice", "Quot.sound"]}, {"declared_name": "B699LowIndex.LowIndexLean513dc7cc.row035_good159_checked", "axioms": ["propext", "Classical.choice", "Quot.sound"]}], "unexpected_axioms": [], "guarded_output_inferred": false}}
2026-09-10T18:41:29.0226950Z B699_COMPILE {"source": "research/tasks/B699-Binomial/runs/20260911-low-index-lean-513dc7cc/lean/rows/Row035/Goods160.lean", "source_sha256_before": "3c05d6824342f0f70a38dd07056fee47b79171d3bbc7c18521a589c0cf31cfff", "source_sha256_after": "3c05d6824342f0f70a38dd07056fee47b79171d3bbc7c18521a589c0cf31cfff", "output_sha256": "7fc9b949bfcea8915d1eb1aa1e7db550e4857bd484973daa225ef48f69cd911e", "seconds": 1.56, "exit_code": 0, "failure": null, "log": "research/tasks/B699-Binomial/runs/20260911-low-index-lean-513dc7cc/verification/20260910T184027823775Z/logs/compile-0036-research_tasks_B699-Binomial_runs_20260911-low-index-lean-513dc7cc_lean_rows_Row035_Goods160.lean.log", "log_sha256": "c54ca5ea07ee0ae2a73bbab1f402c1e8fca9b7a3f51913a979e19a57a65c81cb", "axiom_audit": {"declared_print_axioms": 16, "declared_names": ["B699LowIndex.LowIndexLean513dc7cc.row035_good160_checked", "B699LowIndex.LowIndexLean513dc7cc.row035_good161_checked", "B699LowIndex.LowIndexLean513dc7cc.row035_good162_checked", "B699LowIndex.LowIndexLean513dc7cc.row035_good163_checked", "B699LowIndex.LowIndexLean513dc7cc.row035_good164_checked", "B699LowIndex.LowIndexLean513dc7cc.row035_good165_checked", "B699LowIndex.LowIndexLean513dc7cc.row035_good166_checked", "B699LowIndex.LowIndexLean513dc7cc.row035_good167_checked", "B699LowIndex.LowIndexLean513dc7cc.row035_good168_checked", "B699LowIndex.LowIndexLean513dc7cc.row035_good169_checked", "B699LowIndex.LowIndexLean513dc7cc.row035_good170_checked", "B699LowIndex.LowIndexLean513dc7cc.row035_good171_checked", "B699LowIndex.LowIndexLean513dc7cc.row035_good172_checked", "B699LowIndex.LowIndexLean513dc7cc.row035_good173_checked", "B699LowIndex.LowIndexLean513dc7cc.row035_good174_checked", "B699LowIndex.LowIndexLean513dc7cc.row035_good175_checked"], "guarded_print_axioms": 0, "guarded_names": [], "actual_printed": 16, "guard_msgs_in_source": 0, "printed": [{"declared_name": "B699LowIndex.LowIndexLean513dc7cc.row035_good160_checked", "axioms": ["propext", "Classical.choice", "Quot.sound"]}, {"declared_name": "B699LowIndex.LowIndexLean513dc7cc.row035_good161_checked", "axioms": ["propext", "Classical.choice", "Quot.sound"]}, {"declared_name": "B699LowIndex.LowIndexLean513dc7cc.row035_good162_checked", "axioms": ["propext", "Classical.choice", "Quot.sound"]}, {"declared_name": "B699LowIndex.LowIndexLean513dc7cc.row035_good163_checked", "axioms": ["propext", "Classical.choice", "Quot.sound"]}, {"declared_name": "B699LowIndex.LowIndexLean513dc7cc.row035_good164_checked", "axioms": ["propext", "Classical.choice", "Quot.sound"]}, {"declared_name": "B699LowIndex.LowIndexLean513dc7cc.row035_good165_checked", "axioms": ["propext", "Classical.choice", "Quot.sound"]}, {"declared_name": "B699LowIndex.LowIndexLean513dc7cc.row035_good166_checked", "axioms": ["propext", "Classical.choice", "Quot.sound"]}, {"declared_name": "B699LowIndex.LowIndexLean513dc7cc.row035_good167_checked", "axioms": ["propext", "Classical.choice", "Quot.sound"]}, {"declared_name": "B699LowIndex.LowIndexLean513dc7cc.row035_good168_checked", "axioms": ["propext", "Classical.choice", "Quot.sound"]}, {"declared_name": "B699LowIndex.LowIndexLean513dc7cc.row035_good169_checked", "axioms": ["propext", "Classical.choice", "Quot.sound"]}, {"declared_name": "B699LowIndex.LowIndexLean513dc7cc.row035_good170_checked", "axioms": ["propext", "Classical.choice", "Quot.sound"]}, {"declared_name": "B699LowIndex.LowIndexLean513dc7cc.row035_good171_checked", "axioms": ["propext", "Classical.choice", "Quot.sound"]}, {"declared_name": "B699LowIndex.LowIndexLean513dc7cc.row035_good172_checked", "axioms": ["propext", "Classical.choice", "Quot.sound"]}, {"declared_name": "B699LowIndex.LowIndexLean513dc7cc.row035_good173_checked", "axioms": ["propext", "Classical.choice", "Quot.sound"]}, {"declared_name": "B699LowIndex.LowIndexLean513dc7cc.row035_good174_checked", "axioms": ["propext", "Classical.choice", "Quot.sound"]}, {"declared_name": "B699LowIndex.LowIndexLean513dc7cc.row035_good175_checked", "axioms": ["propext", "Classical.choice", "Quot.sound"]}], "unexpected_axioms": [], "guarded_output_inferred": false}}
2026-09-10T18:41:29.0252695Z B699_COMPILE {"source": "research/tasks/B699-Binomial/runs/20260911-low-index-lean-513dc7cc/lean/rows/Row035/Goods176.lean", "source_sha256_before": "3cdc60da8ec62f3a90b2ddd26d0238b06441cef51a395aadf068b81f7a68572c", "source_sha256_after": "3cdc60da8ec62f3a90b2ddd26d0238b06441cef51a395aadf068b81f7a68572c", "output_sha256": "58a0a69ef36f9e46ef6aaf9322111c454b4d47f657812a1c65898c3cfaafb626", "seconds": 1.573, "exit_code": 0, "failure": null, "log": "research/tasks/B699-Binomial/runs/20260911-low-index-lean-513dc7cc/verification/20260910T184027823775Z/logs/compile-0037-research_tasks_B699-Binomial_runs_20260911-low-index-lean-513dc7cc_lean_rows_Row035_Goods176.lean.log", "log_sha256": "a6fcc34e3f460feee3d56e89d627a9145861e732dd5d65b53de8d23edc77ecf2", "axiom_audit": {"declared_print_axioms": 16, "declared_names": ["B699LowIndex.LowIndexLean513dc7cc.row035_good176_checked", "B699LowIndex.LowIndexLean513dc7cc.row035_good177_checked", "B699LowIndex.LowIndexLean513dc7cc.row035_good178_checked", "B699LowIndex.LowIndexLean513dc7cc.row035_good179_checked", "B699LowIndex.LowIndexLean513dc7cc.row035_good180_checked", "B699LowIndex.LowIndexLean513dc7cc.row035_good181_checked", "B699LowIndex.LowIndexLean513dc7cc.row035_good182_checked", "B699LowIndex.LowIndexLean513dc7cc.row035_good183_checked", "B699LowIndex.LowIndexLean513dc7cc.row035_good184_checked", "B699LowIndex.LowIndexLean513dc7cc.row035_good185_checked", "B699LowIndex.LowIndexLean513dc7cc.row035_good186_checked", "B699LowIndex.LowIndexLean513dc7cc.row035_good187_checked", "B699LowIndex.LowIndexLean513dc7cc.row035_good188_checked", "B699LowIndex.LowIndexLean513dc7cc.row035_good189_checked", "B699LowIndex.LowIndexLean513dc7cc.row035_good190_checked", "B699LowIndex.LowIndexLean513dc7cc.row035_good191_checked"], "guarded_print_axioms": 0, "guarded_names": [], "actual_printed": 16, "guard_msgs_in_source": 0, "printed": [{"declared_name": "B699LowIndex.LowIndexLean513dc7cc.row035_good176_checked", "axioms": ["propext", "Classical.choice", "Quot.sound"]}, {"declared_name": "B699LowIndex.LowIndexLean513dc7cc.row035_good177_checked", "axioms": ["propext", "Classical.choice", "Quot.sound"]}, {"declared_name": "B699LowIndex.LowIndexLean513dc7cc.row035_good178_checked", "axioms": ["propext", "Classical.choice", "Quot.sound"]}, {"declared_name": "B699LowIndex.LowIndexLean513dc7cc.row035_good179_checked", "axioms": ["propext", "Classical.choice", "Quot.sound"]}, {"declared_name": "B699LowIndex.LowIndexLean513dc7cc.row035_good180_checked", "axioms": ["propext", "Classical.choice", "Quot.sound"]}, {"declared_name": "B699LowIndex.LowIndexLean513dc7cc.row035_good181_checked", "axioms": ["propext", "Classical.choice", "Quot.sound"]}, {"declared_name": "B699LowIndex.LowIndexLean513dc7cc.row035_good182_checked", "axioms": ["propext", "Classical.choice", "Quot.sound"]}, {"declared_name": "B699LowIndex.LowIndexLean513dc7cc.row035_good183_checked", "axioms": ["propext", "Classical.choice", "Quot.sound"]}, {"declared_name": "B699LowIndex.LowIndexLean513dc7cc.row035_good184_checked", "axioms": ["propext", "Classical.choice", "Quot.sound"]}, {"declared_name": "B699LowIndex.LowIndexLean513dc7cc.row035_good185_checked", "axioms": ["propext", "Classical.choice", "Quot.sound"]}, {"declared_name": "B699LowIndex.LowIndexLean513dc7cc.row035_good186_checked", "axioms": ["propext", "Classical.choice", "Quot.sound"]}, {"declared_name": "B699LowIndex.LowIndexLean513dc7cc.row035_good187_checked", "axioms": ["propext", "Classical.choice", "Quot.sound"]}, {"declared_name": "B699LowIndex.LowIndexLean513dc7cc.row035_good188_checked", "axioms": ["propext", "Classical.choice", "Quot.sound"]}, {"declared_name": "B699LowIndex.LowIndexLean513dc7cc.row035_good189_checked", "axioms": ["propext", "Classical.choice", "Quot.sound"]}, {"declared_name": "B699LowIndex.LowIndexLean513dc7cc.row035_good190_checked", "axioms": ["propext", "Classical.choice", "Quot.sound"]}, {"declared_name": "B699LowIndex.LowIndexLean513dc7cc.row035_good191_checked", "axioms": ["propext", "Classical.choice", "Quot.sound"]}], "unexpected_axioms": [], "guarded_output_inferred": false}}
2026-09-10T18:41:29.0278678Z B699_COMPILE {"source": "research/tasks/B699-Binomial/runs/20260911-low-index-lean-513dc7cc/lean/rows/Row035/Goods192.lean", "source_sha256_before": "3cdf97afcd8cd2670c375ec4466fc6207f15dddd9dd2815638f5326e40aca1dd", "source_sha256_after": "3cdf97afcd8cd2670c375ec4466fc6207f15dddd9dd2815638f5326e40aca1dd", "output_sha256": "e93faaa04d97f75d1f6988498026803b966441bd7c568367bbc7397844bfe131", "seconds": 1.597, "exit_code": 0, "failure": null, "log": "research/tasks/B699-Binomial/runs/20260911-low-index-lean-513dc7cc/verification/20260910T184027823775Z/logs/compile-0038-research_tasks_B699-Binomial_runs_20260911-low-index-lean-513dc7cc_lean_rows_Row035_Goods192.lean.log", "log_sha256": "24c233c5fd5de8f2bcc198c76c2b954f290a94a2d5fb066172cfc663a3c38e6b", "axiom_audit": {"declared_print_axioms": 16, "declared_names": ["B699LowIndex.LowIndexLean513dc7cc.row035_good192_checked", "B699LowIndex.LowIndexLean513dc7cc.row035_good193_checked", "B699LowIndex.LowIndexLean513dc7cc.row035_good194_checked", "B699LowIndex.LowIndexLean513dc7cc.row035_good195_checked", "B699LowIndex.LowIndexLean513dc7cc.row035_good196_checked", "B699LowIndex.LowIndexLean513dc7cc.row035_good197_checked", "B699LowIndex.LowIndexLean513dc7cc.row035_good198_checked", "B699LowIndex.LowIndexLean513dc7cc.row035_good199_checked", "B699LowIndex.LowIndexLean513dc7cc.row035_good200_checked", "B699LowIndex.LowIndexLean513dc7cc.row035_good201_checked", "B699LowIndex.LowIndexLean513dc7cc.row035_good202_checked", "B699LowIndex.LowIndexLean513dc7cc.row035_good203_checked", "B699LowIndex.LowIndexLean513dc7cc.row035_good204_checked", "B699LowIndex.LowIndexLean513dc7cc.row035_good205_checked", "B699LowIndex.LowIndexLean513dc7cc.row035_good206_checked", "B699LowIndex.LowIndexLean513dc7cc.row035_good207_checked"], "guarded_print_axioms": 0, "guarded_names": [], "actual_printed": 16, "guard_msgs_in_source": 0, "printed": [{"declared_name": "B699LowIndex.LowIndexLean513dc7cc.row035_good192_checked", "axioms": ["propext", "Classical.choice", "Quot.sound"]}, {"declared_name": "B699LowIndex.LowIndexLean513dc7cc.row035_good193_checked", "axioms": ["propext", "Classical.choice", "Quot.sound"]}, {"declared_name": "B699LowIndex.LowIndexLean513dc7cc.row035_good194_checked", "axioms": ["propext", "Classical.choice", "Quot.sound"]}, {"declared_name": "B699LowIndex.LowIndexLean513dc7cc.row035_good195_checked", "axioms": ["propext", "Classical.choice", "Quot.sound"]}, {"declared_name": "B699LowIndex.LowIndexLean513dc7cc.row035_good196_checked", "axioms": ["propext", "Classical.choice", "Quot.sound"]}, {"declared_name": "B699LowIndex.LowIndexLean513dc7cc.row035_good197_checked", "axioms": ["propext", "Classical.choice", "Quot.sound"]}, {"declared_name": "B699LowIndex.LowIndexLean513dc7cc.row035_good198_checked", "axioms": ["propext", "Classical.choice", "Quot.sound"]}, {"declared_name": "B699LowIndex.LowIndexLean513dc7cc.row035_good199_checked", "axioms": ["propext", "Classical.choice", "Quot.sound"]}, {"declared_name": "B699LowIndex.LowIndexLean513dc7cc.row035_good200_checked", "axioms": ["propext", "Classical.choice", "Quot.sound"]}, {"declared_name": "B699LowIndex.LowIndexLean513dc7cc.row035_good201_checked", "axioms": ["propext", "Classical.choice", "Quot.sound"]}, {"declared_name": "B699LowIndex.LowIndexLean513dc7cc.row035_good202_checked", "axioms": ["propext", "Classical.choice", "Quot.sound"]}, {"declared_name": "B699LowIndex.LowIndexLean513dc7cc.row035_good203_checked", "axioms": ["propext", "Classical.choice", "Quot.sound"]}, {"declared_name": "B699LowIndex.LowIndexLean513dc7cc.row035_good204_checked", "axioms": ["propext", "Classical.choice", "Quot.sound"]}, {"declared_name": "B699LowIndex.LowIndexLean513dc7cc.row035_good205_checked", "axioms": ["propext", "Classical.choice", "Quot.sound"]}, {"declared_name": "B699LowIndex.LowIndexLean513dc7cc.row035_good206_checked", "axioms": ["propext", "Classical.choice", "Quot.sound"]}, {"declared_name": "B699LowIndex.LowIndexLean513dc7cc.row035_good207_checked", "axioms": ["propext", "Classical.choice", "Quot.sound"]}], "unexpected_axioms": [], "guarded_output_inferred": false}}
2026-09-10T18:41:29.0304397Z B699_COMPILE {"source": "research/tasks/B699-Binomial/runs/20260911-low-index-lean-513dc7cc/lean/rows/Row035/Goods208.lean", "source_sha256_before": "5e79cc4f4eaa3a16cdf051e88f12da461a5e7fd36950b487515dd73c1e925ace", "source_sha256_after": "5e79cc4f4eaa3a16cdf051e88f12da461a5e7fd36950b487515dd73c1e925ace", "output_sha256": "0bff58587f737a09f58af56397d8cd6e45346eaaac898b2c24367c85bc387e19", "seconds": 1.639, "exit_code": 0, "failure": null, "log": "research/tasks/B699-Binomial/runs/20260911-low-index-lean-513dc7cc/verification/20260910T184027823775Z/logs/compile-0039-research_tasks_B699-Binomial_runs_20260911-low-index-lean-513dc7cc_lean_rows_Row035_Goods208.lean.log", "log_sha256": "7320bac0d780ea80b72d49a35042b4a95c393a56275ec029302338b6b25325ad", "axiom_audit": {"declared_print_axioms": 16, "declared_names": ["B699LowIndex.LowIndexLean513dc7cc.row035_good208_checked", "B699LowIndex.LowIndexLean513dc7cc.row035_good209_checked", "B699LowIndex.LowIndexLean513dc7cc.row035_good210_checked", "B699LowIndex.LowIndexLean513dc7cc.row035_good211_checked", "B699LowIndex.LowIndexLean513dc7cc.row035_good212_checked", "B699LowIndex.LowIndexLean513dc7cc.row035_good213_checked", "B699LowIndex.LowIndexLean513dc7cc.row035_good214_checked", "B699LowIndex.LowIndexLean513dc7cc.row035_good215_checked", "B699LowIndex.LowIndexLean513dc7cc.row035_good216_checked", "B699LowIndex.LowIndexLean513dc7cc.row035_good217_checked", "B699LowIndex.LowIndexLean513dc7cc.row035_good218_checked", "B699LowIndex.LowIndexLean513dc7cc.row035_good219_checked", "B699LowIndex.LowIndexLean513dc7cc.row035_good220_checked", "B699LowIndex.LowIndexLean513dc7cc.row035_good221_checked", "B699LowIndex.LowIndexLean513dc7cc.row035_good222_checked", "B699LowIndex.LowIndexLean513dc7cc.row035_good223_checked"], "guarded_print_axioms": 0, "guarded_names": [], "actual_printed": 16, "guard_msgs_in_source": 0, "printed": [{"declared_name": "B699LowIndex.LowIndexLean513dc7cc.row035_good208_checked", "axioms": ["propext", "Classical.choice", "Quot.sound"]}, {"declared_name": "B699LowIndex.LowIndexLean513dc7cc.row035_good209_checked", "axioms": ["propext", "Classical.choice", "Quot.sound"]}, {"declared_name": "B699LowIndex.LowIndexLean513dc7cc.row035_good210_checked", "axioms": ["propext", "Classical.choice", "Quot.sound"]}, {"declared_name": "B699LowIndex.LowIndexLean513dc7cc.row035_good211_checked", "axioms": ["propext", "Classical.choice", "Quot.sound"]}, {"declared_name": "B699LowIndex.LowIndexLean513dc7cc.row035_good212_checked", "axioms": ["propext", "Classical.choice", "Quot.sound"]}, {"declared_name": "B699LowIndex.LowIndexLean513dc7cc.row035_good213_checked", "axioms": ["propext", "Classical.choice", "Quot.sound"]}, {"declared_name": "B699LowIndex.LowIndexLean513dc7cc.row035_good214_checked", "axioms": ["propext", "Classical.choice", "Quot.sound"]}, {"declared_name": "B699LowIndex.LowIndexLean513dc7cc.row035_good215_checked", "axioms": ["propext", "Classical.choice", "Quot.sound"]}, {"declared_name": "B699LowIndex.LowIndexLean513dc7cc.row035_good216_checked", "axioms": ["propext", "Classical.choice", "Quot.sound"]}, {"declared_name": "B699LowIndex.LowIndexLean513dc7cc.row035_good217_checked", "axioms": ["propext", "Classical.choice", "Quot.sound"]}, {"declared_name": "B699LowIndex.LowIndexLean513dc7cc.row035_good218_checked", "axioms": ["propext", "Classical.choice", "Quot.sound"]}, {"declared_name": "B699LowIndex.LowIndexLean513dc7cc.row035_good219_checked", "axioms": ["propext", "Classical.choice", "Quot.sound"]}, {"declared_name": "B699LowIndex.LowIndexLean513dc7cc.row035_good220_checked", "axioms": ["propext", "Classical.choice", "Quot.sound"]}, {"declared_name": "B699LowIndex.LowIndexLean513dc7cc.row035_good221_checked", "axioms": ["propext", "Classical.choice", "Quot.sound"]}, {"declared_name": "B699LowIndex.LowIndexLean513dc7cc.row035_good222_checked", "axioms": ["propext", "Classical.choice", "Quot.sound"]}, {"declared_name": "B699LowIndex.LowIndexLean513dc7cc.row035_good223_checked", "axioms": ["propext", "Classical.choice", "Quot.sound"]}], "unexpected_axioms": [], "guarded_output_inferred": false}}
2026-09-10T18:41:29.0330442Z B699_COMPILE {"source": "research/tasks/B699-Binomial/runs/20260911-low-index-lean-513dc7cc/lean/rows/Row035/Goods224.lean", "source_sha256_before": "7b04ba876a171d50b11940236f2cf96d822d14e627e7c713d04da70d9ef03702", "source_sha256_after": "7b04ba876a171d50b11940236f2cf96d822d14e627e7c713d04da70d9ef03702", "output_sha256": "f706b8041484f77607282c8cd17cc617b22959b7cd6da941a624c1ca5d9132c7", "seconds": 1.649, "exit_code": 0, "failure": null, "log": "research/tasks/B699-Binomial/runs/20260911-low-index-lean-513dc7cc/verification/20260910T184027823775Z/logs/compile-0040-research_tasks_B699-Binomial_runs_20260911-low-index-lean-513dc7cc_lean_rows_Row035_Goods224.lean.log", "log_sha256": "e0b4e57898431e2517514a3702dd4b05d8394b869d22e50e320e710d8b06547b", "axiom_audit": {"declared_print_axioms": 16, "declared_names": ["B699LowIndex.LowIndexLean513dc7cc.row035_good224_checked", "B699LowIndex.LowIndexLean513dc7cc.row035_good225_checked", "B699LowIndex.LowIndexLean513dc7cc.row035_good226_checked", "B699LowIndex.LowIndexLean513dc7cc.row035_good227_checked", "B699LowIndex.LowIndexLean513dc7cc.row035_good228_checked", "B699LowIndex.LowIndexLean513dc7cc.row035_good229_checked", "B699LowIndex.LowIndexLean513dc7cc.row035_good230_checked", "B699LowIndex.LowIndexLean513dc7cc.row035_good231_checked", "B699LowIndex.LowIndexLean513dc7cc.row035_good232_checked", "B699LowIndex.LowIndexLean513dc7cc.row035_good233_checked", "B699LowIndex.LowIndexLean513dc7cc.row035_good234_checked", "B699LowIndex.LowIndexLean513dc7cc.row035_good235_checked", "B699LowIndex.LowIndexLean513dc7cc.row035_good236_checked", "B699LowIndex.LowIndexLean513dc7cc.row035_good237_checked", "B699LowIndex.LowIndexLean513dc7cc.row035_good238_checked", "B699LowIndex.LowIndexLean513dc7cc.row035_good239_checked"], "guarded_print_axioms": 0, "guarded_names": [], "actual_printed": 16, "guard_msgs_in_source": 0, "printed": [{"declared_name": "B699LowIndex.LowIndexLean513dc7cc.row035_good224_checked", "axioms": ["propext", "Classical.choice", "Quot.sound"]}, {"declared_name": "B699LowIndex.LowIndexLean513dc7cc.row035_good225_checked", "axioms": ["propext", "Classical.choice", "Quot.sound"]}, {"declared_name": "B699LowIndex.LowIndexLean513dc7cc.row035_good226_checked", "axioms": ["propext", "Classical.choice", "Quot.sound"]}, {"declared_name": "B699LowIndex.LowIndexLean513dc7cc.row035_good227_checked", "axioms": ["propext", "Classical.choice", "Quot.sound"]}, {"declared_name": "B699LowIndex.LowIndexLean513dc7cc.row035_good228_checked", "axioms": ["propext", "Classical.choice", "Quot.sound"]}, {"declared_name": "B699LowIndex.LowIndexLean513dc7cc.row035_good229_checked", "axioms": ["propext", "Classical.choice", "Quot.sound"]}, {"declared_name": "B699LowIndex.LowIndexLean513dc7cc.row035_good230_checked", "axioms": ["propext", "Classical.choice", "Quot.sound"]}, {"declared_name": "B699LowIndex.LowIndexLean513dc7cc.row035_good231_checked", "axioms": ["propext", "Classical.choice", "Quot.sound"]}, {"declared_name": "B699LowIndex.LowIndexLean513dc7cc.row035_good232_checked", "axioms": ["propext", "Classical.choice", "Quot.sound"]}, {"declared_name": "B699LowIndex.LowIndexLean513dc7cc.row035_good233_checked", "axioms": ["propext", "Classical.choice", "Quot.sound"]}, {"declared_name": "B699LowIndex.LowIndexLean513dc7cc.row035_good234_checked", "axioms": ["propext", "Classical.choice", "Quot.sound"]}, {"declared_name": "B699LowIndex.LowIndexLean513dc7cc.row035_good235_checked", "axioms": ["propext", "Classical.choice", "Quot.sound"]}, {"declared_name": "B699LowIndex.LowIndexLean513dc7cc.row035_good236_checked", "axioms": ["propext", "Classical.choice", "Quot.sound"]}, {"declared_name": "B699LowIndex.LowIndexLean513dc7cc.row035_good237_checked", "axioms": ["propext", "Classical.choice", "Quot.sound"]}, {"declared_name": "B699LowIndex.LowIndexLean513dc7cc.row035_good238_checked", "axioms": ["propext", "Classical.choice", "Quot.sound"]}, {"declared_name": "B699LowIndex.LowIndexLean513dc7cc.row035_good239_checked", "axioms": ["propext", "Classical.choice", "Quot.sound"]}], "unexpected_axioms": [], "guarded_output_inferred": false}}
2026-09-10T18:41:29.0350632Z B699_COMPILE {"source": "research/tasks/B699-Binomial/runs/20260911-low-index-lean-513dc7cc/lean/rows/Row035/Goods240.lean", "source_sha256_before": "876fb3c789a1747269fcc0aafe8f97ddb620508479830db0b3d705dc7d608f92", "source_sha256_after": "876fb3c789a1747269fcc0aafe8f97ddb620508479830db0b3d705dc7d608f92", "output_sha256": "9bd3f7982a5a5de9f476b3b887af95578052593583430d98429f36f4c3612b4e", "seconds": 1.548, "exit_code": 0, "failure": null, "log": "research/tasks/B699-Binomial/runs/20260911-low-index-lean-513dc7cc/verification/20260910T184027823775Z/logs/compile-0041-research_tasks_B699-Binomial_runs_20260911-low-index-lean-513dc7cc_lean_rows_Row035_Goods240.lean.log", "log_sha256": "be6ec2c5eb6e72ce0cf7bade53e84f6873f29d17ba743d9839c838fbcceeee97", "axiom_audit": {"declared_print_axioms": 7, "declared_names": ["B699LowIndex.LowIndexLean513dc7cc.row035_good240_checked", "B699LowIndex.LowIndexLean513dc7cc.row035_good241_checked", "B699LowIndex.LowIndexLean513dc7cc.row035_good242_checked", "B699LowIndex.LowIndexLean513dc7cc.row035_good243_checked", "B699LowIndex.LowIndexLean513dc7cc.row035_good244_checked", "B699LowIndex.LowIndexLean513dc7cc.row035_good245_checked", "B699LowIndex.LowIndexLean513dc7cc.row035_good246_checked"], "guarded_print_axioms": 0, "guarded_names": [], "actual_printed": 7, "guard_msgs_in_source": 0, "printed": [{"declared_name": "B699LowIndex.LowIndexLean513dc7cc.row035_good240_checked", "axioms": ["propext", "Classical.choice", "Quot.sound"]}, {"declared_name": "B699LowIndex.LowIndexLean513dc7cc.row035_good241_checked", "axioms": ["propext", "Classical.choice", "Quot.sound"]}, {"declared_name": "B699LowIndex.LowIndexLean513dc7cc.row035_good242_checked", "axioms": ["propext", "Classical.choice", "Quot.sound"]}, {"declared_name": "B699LowIndex.LowIndexLean513dc7cc.row035_good243_checked", "axioms": ["propext", "Classical.choice", "Quot.sound"]}, {"declared_name": "B699LowIndex.LowIndexLean513dc7cc.row035_good244_checked", "axioms": ["propext", "Classical.choice", "Quot.sound"]}, {"declared_name": "B699LowIndex.LowIndexLean513dc7cc.row035_good245_checked", "axioms": ["propext", "Classical.choice", "Quot.sound"]}, {"declared_name": "B699LowIndex.LowIndexLean513dc7cc.row035_good246_checked", "axioms": ["propext", "Classical.choice", "Quot.sound"]}], "unexpected_axioms": [], "guarded_output_inferred": false}}
2026-09-10T18:41:29.0362164Z B699_COMPILE {"source": "research/tasks/B699-Binomial/runs/20260911-low-index-lean-513dc7cc/lean/rows/Row035/GoodsChecked.lean", "source_sha256_before": "2150211d2f6e7e65a0bff533b37326c853aedc0966bcaf4671a877eb8782fa9a", "source_sha256_after": "2150211d2f6e7e65a0bff533b37326c853aedc0966bcaf4671a877eb8782fa9a", "output_sha256": "acb10428c863954fac78db05065ed4d9a9184815d26340d2292cb974e983723c", "seconds": 1.4, "exit_code": 0, "failure": null, "log": "research/tasks/B699-Binomial/runs/20260911-low-index-lean-513dc7cc/verification/20260910T184027823775Z/logs/compile-0042-research_tasks_B699-Binomial_runs_20260911-low-index-lean-513dc7cc_lean_rows_Row035_GoodsChecked.lean.log", "log_sha256": "838c30024d2857578d3d60985038936f273b2685d26e736bc6ac0db2209d12cc", "axiom_audit": {"declared_print_axioms": 1, "declared_names": ["B699LowIndex.LowIndexLean513dc7cc.row035_goods_checked"], "guarded_print_axioms": 0, "guarded_names": [], "actual_printed": 1, "guard_msgs_in_source": 0, "printed": [{"declared_name": "B699LowIndex.LowIndexLean513dc7cc.row035_goods_checked", "axioms": ["propext", "Classical.choice", "Quot.sound"]}], "unexpected_axioms": [], "guarded_output_inferred": false}}
2026-09-10T18:41:29.0371870Z B699_COMPILE {"source": "research/tasks/B699-Binomial/runs/20260911-low-index-lean-513dc7cc/lean/rows/Row035/Layers000.lean", "source_sha256_before": "065cf98ac49e5d3769f2f75eb9b79ba25a55dd2b2d74470a0fab70e941fefbe7", "source_sha256_after": "065cf98ac49e5d3769f2f75eb9b79ba25a55dd2b2d74470a0fab70e941fefbe7", "output_sha256": null, "seconds": 29.372, "exit_code": 1, "failure": "Lean exit 1; unexpected axioms: sorryAx", "log": "research/tasks/B699-Binomial/runs/20260911-low-index-lean-513dc7cc/verification/20260910T184027823775Z/logs/compile-0043-research_tasks_B699-Binomial_runs_20260911-low-index-lean-513dc7cc_lean_rows_Row035_Layers000.lean.log", "log_sha256": "65060c4d1b07fa17a3b4c4ca068d90b5963cc44ab5d869b280dd01b71208bb36", "axiom_audit": {"declared_print_axioms": 4, "declared_names": ["B699LowIndex.LowIndexLean513dc7cc.row035_layer000_checked", "B699LowIndex.LowIndexLean513dc7cc.row035_layer001_checked", "B699LowIndex.LowIndexLean513dc7cc.row035_layer002_checked", "B699LowIndex.LowIndexLean513dc7cc.row035_layer003_checked"], "guarded_print_axioms": 0, "guarded_names": [], "actual_printed": 4, "guard_msgs_in_source": 0, "printed": [{"declared_name": "B699LowIndex.LowIndexLean513dc7cc.row035_layer000_checked", "axioms": ["propext", "Classical.choice", "Quot.sound"]}, {"declared_name": "B699LowIndex.LowIndexLean513dc7cc.row035_layer001_checked", "axioms": ["propext", "sorryAx", "Classical.choice", "Quot.sound"]}, {"declared_name": "B699LowIndex.LowIndexLean513dc7cc.row035_layer002_checked", "axioms": ["propext", "sorryAx", "Classical.choice", "Quot.sound"]}, {"declared_name": "B699LowIndex.LowIndexLean513dc7cc.row035_layer003_checked", "axioms": ["propext", "Classical.choice", "Quot.sound"]}], "unexpected_axioms": ["sorryAx"], "guarded_output_inferred": false, "error": "unexpected axioms: sorryAx"}}
2026-09-10T18:41:29.0378981Z # command: LEAN -j1 -M3072 -DautoImplicit=false -DrelaxedAutoImplicit=false --root=PROJECT_ROOT -o .tools/20260911-low-index-lean-513dc7cc/20260910T184027823775Z/olean/research/tasks/B699-Binomial/runs/20260911-low-index-lean-513dc7cc/lean/rows/Row035/Layers000.olean research/tasks/B699-Binomial/runs/20260911-low-index-lean-513dc7cc/lean/rows/Row035/Layers000.lean
2026-09-10T18:41:29.0380305Z # cwd: PROJECT_ROOT
2026-09-10T18:41:29.0380552Z # started_utc: 2026-09-10T18:40:59.121941Z
2026-09-10T18:41:29.0380859Z # finished_utc: 2026-09-10T18:41:28.494116Z
2026-09-10T18:41:29.0381141Z # exit_code: 1
2026-09-10T18:41:29.0381353Z # timed_out: False
2026-09-10T18:41:29.0381986Z PROJECT_ROOT/research/tasks/B699-Binomial/runs/20260911-low-index-lean-513dc7cc/lean/rows/Row035/Layers000.lean:14:2: error: Tactic `decide` failed for proposition
2026-09-10T18:41:29.0382835Z   coverLayerCheck row035.height row035.goods { lower := 2380, upper := 4760, M := 37 } = true
2026-09-10T18:41:29.0383426Z because its `Decidable` instance
2026-09-10T18:41:29.0383925Z   instDecidableEqBool (coverLayerCheck row035.height row035.goods { lower := 2380, upper := 4760, M := 37 }) true
2026-09-10T18:41:29.0384451Z did not reduce to `isTrue` or `isFalse`.
2026-09-10T18:41:29.0384646Z 
2026-09-10T18:41:29.0384779Z Reduction got stuck at the `Decidable` instance
2026-09-10T18:41:29.0385272Z   match coverLayerCheck row035.height row035.goods { lower := 2380, upper := 4760, M := 37 }, true with
2026-09-10T18:41:29.0386088Z   | false, false => isTrue ⋯
2026-09-10T18:41:29.0386374Z   | false, true => isFalse ⋯
2026-09-10T18:41:29.0386641Z   | true, false => isFalse ⋯
2026-09-10T18:41:29.0386897Z   | true, true => isTrue ⋯
2026-09-10T18:41:29.0387544Z PROJECT_ROOT/research/tasks/B699-Binomial/runs/20260911-low-index-lean-513dc7cc/lean/rows/Row035/Layers000.lean:18:2: error: Tactic `decide` failed for proposition
2026-09-10T18:41:29.0388361Z   coverLayerCheck row035.height row035.goods { lower := 4760, upper := 9520, M := 36 } = true
2026-09-10T18:41:29.0388821Z because its `Decidable` instance
2026-09-10T18:41:29.0389302Z   instDecidableEqBool (coverLayerCheck row035.height row035.goods { lower := 4760, upper := 9520, M := 36 }) true
2026-09-10T18:41:29.0389813Z did not reduce to `isTrue` or `isFalse`.
2026-09-10T18:41:29.0390002Z 
2026-09-10T18:41:29.0390129Z Reduction got stuck at the `Decidable` instance
2026-09-10T18:41:29.0390613Z   match coverLayerCheck row035.height row035.goods { lower := 4760, upper := 9520, M := 36 }, true with
2026-09-10T18:41:29.0391221Z   | false, false => isTrue ⋯
2026-09-10T18:41:29.0391492Z   | false, true => isFalse ⋯
2026-09-10T18:41:29.0391749Z   | true, false => isFalse ⋯
2026-09-10T18:41:29.0392009Z   | true, true => isTrue ⋯
2026-09-10T18:41:29.0392524Z 'B699LowIndex.LowIndexLean513dc7cc.row035_layer000_checked' depends on axioms: [propext, Classical.choice, Quot.sound]
2026-09-10T18:41:29.0393224Z 'B699LowIndex.LowIndexLean513dc7cc.row035_layer001_checked' depends on axioms: [propext,
2026-09-10T18:41:29.0393661Z  sorryAx,
2026-09-10T18:41:29.0393869Z  Classical.choice,
2026-09-10T18:41:29.0394089Z  Quot.sound]
2026-09-10T18:41:29.0394460Z 'B699LowIndex.LowIndexLean513dc7cc.row035_layer002_checked' depends on axioms: [propext,
2026-09-10T18:41:29.0394890Z  sorryAx,
2026-09-10T18:41:29.0395095Z  Classical.choice,
2026-09-10T18:41:29.0395305Z  Quot.sound]
2026-09-10T18:41:29.0395767Z 'B699LowIndex.LowIndexLean513dc7cc.row035_layer003_checked' depends on axioms: [propext, Classical.choice, Quot.sound]
2026-09-10T18:41:29.0396333Z 
2026-09-10T18:41:29.0443613Z Node 20 is being deprecated. This workflow is running with Node 24 by default. If you need to temporarily use Node 20, you can set the ACTIONS_ALLOW_USE_UNSECURE_NODE_VERSION=true environment variable. For more information see: https://github.blog/changelog/2025-09-19-deprecation-of-node-20-on-github-actions-runners/
2026-09-10T18:41:29.0444950Z ##[group]Run actions/upload-artifact@ea165f8d65b6e75b540449e92b4886f43607fa02
2026-09-10T18:41:29.0445355Z with:
2026-09-10T18:41:29.0445578Z   name: b699-row-35-evidence
2026-09-10T18:41:29.0446398Z   path: research/tasks/B699-Binomial/runs/20260911-low-index-lean-513dc7cc/verification
research/tasks/B699-Binomial/runs/20260911-low-index-lean-513dc7cc/lean

2026-09-10T18:41:29.0447078Z   if-no-files-found: error
2026-09-10T18:41:29.0447338Z   compression-level: 6
2026-09-10T18:41:29.0447579Z   overwrite: false
2026-09-10T18:41:29.0447816Z   include-hidden-files: false
2026-09-10T18:41:29.0448066Z env:
2026-09-10T18:41:29.0448442Z   B699_RUN: research/tasks/B699-Binomial/runs/20260911-low-index-lean-513dc7cc
2026-09-10T18:41:29.0448872Z   B699_RAW: .tools/20260911-low-index-lean-513dc7cc
2026-09-10T18:41:29.0449178Z ##[endgroup]
2026-09-10T18:41:29.2339279Z (node:2997) [DEP0040] DeprecationWarning: The `punycode` module is deprecated. Please use a userland alternative instead.
2026-09-10T18:41:29.2377497Z (Use `node --trace-deprecation ...` to show where the warning was created)
2026-09-10T18:41:29.3249713Z Multiple search paths detected. Calculating the least common ancestor of all paths
2026-09-10T18:41:29.3251714Z The least common ancestor is /home/runner/work/lean-math-lab/lean-math-lab/research/tasks/B699-Binomial/runs/20260911-low-index-lean-513dc7cc. This will be the root directory of the artifact
2026-09-10T18:41:29.3253133Z With the provided path, there will be 215 files uploaded
2026-09-10T18:41:29.3253905Z Artifact name is valid!
2026-09-10T18:41:29.3254305Z Root directory input is valid!
2026-09-10T18:41:29.6976339Z Beginning upload of artifact content to blob storage
2026-09-10T18:41:30.0382159Z (node:2997) [DEP0169] DeprecationWarning: `url.parse()` behavior is not standardized and prone to errors that have security implications. Use the WHATWG URL API instead. CVEs are not issued for `url.parse()` vulnerabilities.
2026-09-10T18:41:30.5941334Z Uploaded bytes 325737
2026-09-10T18:41:30.6733522Z Finished uploading artifact content to blob storage!
2026-09-10T18:41:30.6734905Z SHA256 digest of uploaded artifact zip is 1734675e1f7d0435e18798a3b27c85e1bbd16896c97e221ff2e3d9a275cdfb24
2026-09-10T18:41:30.6736568Z Finalizing artifact upload
2026-09-10T18:41:30.9623588Z Artifact b699-row-35-evidence.zip successfully finalized. Artifact ID 10167629988
2026-09-10T18:41:30.9624915Z Artifact b699-row-35-evidence has been successfully uploaded! Final size is 325737 bytes. Artifact ID is 10167629988
2026-09-10T18:41:30.9632086Z Artifact download URL: https://github.com/HuanHuanHuanFFF/lean-math-lab/actions/runs/34514758444/artifacts/10167629988
2026-09-10T18:41:30.9853955Z Post job cleanup.
2026-09-10T18:41:31.0846866Z [command]/usr/bin/git version
2026-09-10T18:41:31.0911926Z git version 2.55.0
2026-09-10T18:41:31.0982164Z Temporarily overriding HOME='/home/runner/work/_temp/2e50a38b-ac39-4a55-aee1-4d93a6724f32' before making global git config changes
2026-09-10T18:41:31.0985195Z Adding repository directory to the temporary git global config as a safe directory
2026-09-10T18:41:31.0986870Z [command]/usr/bin/git config --global --add safe.directory /home/runner/work/lean-math-lab/lean-math-lab
2026-09-10T18:41:31.1046658Z Removing SSH command configuration
2026-09-10T18:41:31.1058676Z [command]/usr/bin/git config --local --name-only --get-regexp core\.sshCommand
2026-09-10T18:41:31.1128667Z [command]/usr/bin/git submodule foreach --recursive sh -c "git config --local --name-only --get-regexp 'core\.sshCommand' && git config --local --unset-all 'core.sshCommand' || :"
2026-09-10T18:41:31.1592015Z Removing HTTP extra header
2026-09-10T18:41:31.1593126Z [command]/usr/bin/git config --local --name-only --get-regexp http\.https\:\/\/github\.com\/\.extraheader
2026-09-10T18:41:31.1683186Z [command]/usr/bin/git submodule foreach --recursive sh -c "git config --local --name-only --get-regexp 'http\.https\:\/\/github\.com\/\.extraheader' && git config --local --unset-all 'http.https://github.com/.extraheader' || :"
2026-09-10T18:41:31.2280815Z Removing includeIf entries pointing to credentials config files
2026-09-10T18:41:31.2281926Z [command]/usr/bin/git config --local --name-only --get-regexp ^includeIf\.gitdir:
2026-09-10T18:41:31.2327644Z includeif.gitdir:/home/runner/work/lean-math-lab/lean-math-lab/.git.path
2026-09-10T18:41:31.2349087Z includeif.gitdir:/home/runner/work/lean-math-lab/lean-math-lab/.git/worktrees/*.path
2026-09-10T18:41:31.2354215Z includeif.gitdir:/github/workspace/.git.path
2026-09-10T18:41:31.2355099Z includeif.gitdir:/github/workspace/.git/worktrees/*.path
2026-09-10T18:41:31.2357446Z [command]/usr/bin/git config --local --get-all includeif.gitdir:/home/runner/work/lean-math-lab/lean-math-lab/.git.path
2026-09-10T18:41:31.2379813Z /home/runner/work/_temp/git-credentials-fb515f56-787e-4718-8fe2-d2b85dcdad5a.config
2026-09-10T18:41:31.2391540Z [command]/usr/bin/git config --local --unset includeif.gitdir:/home/runner/work/lean-math-lab/lean-math-lab/.git.path \/home\/runner\/work\/_temp\/git\-credentials\-fb515f56\-787e\-4718\-8fe2\-d2b85dcdad5a\.config
2026-09-10T18:41:31.2444493Z [command]/usr/bin/git config --local --get-all includeif.gitdir:/home/runner/work/lean-math-lab/lean-math-lab/.git/worktrees/*.path
2026-09-10T18:41:31.2476671Z /home/runner/work/_temp/git-credentials-fb515f56-787e-4718-8fe2-d2b85dcdad5a.config
2026-09-10T18:41:31.2498136Z [command]/usr/bin/git config --local --unset includeif.gitdir:/home/runner/work/lean-math-lab/lean-math-lab/.git/worktrees/*.path \/home\/runner\/work\/_temp\/git\-credentials\-fb515f56\-787e\-4718\-8fe2\-d2b85dcdad5a\.config
2026-09-10T18:41:31.2536387Z [command]/usr/bin/git config --local --get-all includeif.gitdir:/github/workspace/.git.path
2026-09-10T18:41:31.2567111Z /github/runner_temp/git-credentials-fb515f56-787e-4718-8fe2-d2b85dcdad5a.config
2026-09-10T18:41:31.2576643Z [command]/usr/bin/git config --local --unset includeif.gitdir:/github/workspace/.git.path \/github\/runner_temp\/git\-credentials\-fb515f56\-787e\-4718\-8fe2\-d2b85dcdad5a\.config
2026-09-10T18:41:31.2615809Z [command]/usr/bin/git config --local --get-all includeif.gitdir:/github/workspace/.git/worktrees/*.path
2026-09-10T18:41:31.2645696Z /github/runner_temp/git-credentials-fb515f56-787e-4718-8fe2-d2b85dcdad5a.config
2026-09-10T18:41:31.2653405Z [command]/usr/bin/git config --local --unset includeif.gitdir:/github/workspace/.git/worktrees/*.path \/github\/runner_temp\/git\-credentials\-fb515f56\-787e\-4718\-8fe2\-d2b85dcdad5a\.config
2026-09-10T18:41:31.2719443Z [command]/usr/bin/git submodule foreach --recursive git config --local --show-origin --name-only --get-regexp remote.origin.url
2026-09-10T18:41:31.2987773Z Removing credentials config '/home/runner/work/_temp/git-credentials-fb515f56-787e-4718-8fe2-d2b85dcdad5a.config'
2026-09-10T18:41:31.3139601Z Cleaning up orphan processes
2026-09-10T18:41:31.3467088Z ##[warning]Node.js 20 is deprecated. The following actions target Node.js 20 but are being forced to run on Node.js 24: actions/download-artifact@d3f86a106a0bac45b974a628896c90dbdf5c8093, actions/upload-artifact@ea165f8d65b6e75b540449e92b4886f43607fa02. For more information see: https://github.blog/changelog/2025-09-19-deprecation-of-node-20-on-github-actions-runners/

