p 257 h 126 constraints 16172
0 0 1 0
1 0 1 1
2 0 1 2
3 0 1 3
4 0 1 4
5 0 1 5
6 0 1 6
7 0 1 7
8 0 1 8
9 0 1 9
10 0 1 10
11 0 1 11
12 0 1 12
13 0 1 13
14 0 1 14
15 0 1 15
16 0 1 16
17 0 1 17
18 0 1 18
19 0 1 19
20 0 1 20
21 0 1 21
22 0 1 22
23 0 1 23
24 0 1 24
25 0 1 25
26 0 1 26
27 0 1 27
28 0 1 28
29 0 1 29
30 0 1 30
31 0 1 31
32 0 1 32
33 0 1 33
34 0 1 34
35 0 1 35
36 0 1 36
37 0 1 37
38 0 1 38
39 0 1 39
40 0 1 40
41 0 1 41
42 0 1 42
43 0 1 43
44 0 1 44
45 0 1 45
46 0 1 46
47 0 1 47
48 0 1 48
49 0 1 49
50 0 1 50
51 0 1 51
52 0 1 52
53 0 1 53
54 0 1 54
55 0 1 55
56 0 1 56
57 0 1 57
58 0 1 58
59 0 1 59
60 0 1 60
61 0 1 61
62 0 1 62
63 0 1 63
64 1 1 2
65 1 1 3
66 1 1 4
67 1 1 5
68 1 1 6
69 1 1 7
70 1 1 8
71 1 1 9
72 1 1 10
73 1 1 11
74 1 1 12
75 1 1 13
76 1 1 14
77 1 1 15
78 1 1 16
79 1 1 17
80 1 1 18
81 1 1 19
82 1 1 20
83 1 1 21
84 1 1 22
85 1 1 23
86 1 1 24
87 1 1 25
88 1 1 26
89 1 1 27
90 1 1 28
91 1 1 29
92 1 1 30
93 1 1 31
94 1 1 32
95 1 1 33
96 1 1 34
97 1 1 35
98 1 1 36
99 1 1 37
100 1 1 38
101 1 1 39
102 1 1 40
103 1 1 41
104 1 1 42
105 1 1 43
106 1 1 44
107 1 1 45
108 1 1 46
109 1 1 47
110 1 1 48
111 1 1 49
112 1 1 50
113 1 1 51
114 1 1 52
115 1 1 53
116 1 1 54
117 1 1 55
118 1 1 56
119 1 1 57
120 1 1 58
121 1 1 59
122 1 1 60
123 1 1 61
124 1 1 62
125 1 1 63
126 1 1 64
127 2 1 4
128 2 1 5
129 2 1 6
130 2 1 7
131 2 1 8
132 2 1 9
133 2 1 10
134 2 1 11
135 2 1 12
136 2 1 13
137 2 1 14
138 2 1 15
139 2 1 16
140 2 1 17
141 2 1 18
142 2 1 19
143 2 1 20
144 2 1 21
145 2 1 22
146 2 1 23
147 2 1 24
148 2 1 25
149 2 1 26
150 2 1 27
151 2 1 28
152 2 1 29
153 2 1 30
154 2 1 31
155 2 1 32
156 2 1 33
157 2 1 34
158 2 1 35
159 2 1 36
160 2 1 37
161 2 1 38
162 2 1 39
163 2 1 40
164 2 1 41
165 2 1 42
166 2 1 43
167 2 1 44
168 2 1 45
169 2 1 46
170 2 1 47
171 2 1 48
172 2 1 49
173 2 1 50
174 2 1 51
175 2 1 52
176 2 1 53
177 2 1 54
178 2 1 55
179 2 1 56
180 2 1 57
181 2 1 58
182 2 1 59
183 2 1 60
184 2 1 61
185 2 1 62
186 2 1 63
187 2 1 64
188 2 1 65
189 3 1 6
190 3 1 7
191 3 1 8
192 3 1 9
193 3 1 10
194 3 1 11
195 3 1 12
196 3 1 13
197 3 1 14
198 3 1 15
199 3 1 16
200 3 1 17
201 3 1 18
202 3 1 19
203 3 1 20
204 3 1 21
205 3 1 22
206 3 1 23
207 3 1 24
208 3 1 25
209 3 1 26
210 3 1 27
211 3 1 28
212 3 1 29
213 3 1 30
214 3 1 31
215 3 1 32
216 3 1 33
217 3 1 34
218 3 1 35
219 3 1 36
220 3 1 37
221 3 1 38
222 3 1 39
223 3 1 40
224 3 1 41
225 3 1 42
226 3 1 43
227 3 1 44
228 3 1 45
229 3 1 46
230 3 1 47
231 3 1 48
232 3 1 49
233 3 1 50
234 3 1 51
235 3 1 52
236 3 1 53
237 3 1 54
238 3 1 55
239 3 1 56
240 3 1 57
241 3 1 58
242 3 1 59
243 3 1 60
244 3 1 61
245 3 1 62
246 3 1 63
247 3 1 64
248 3 1 65
249 3 1 66
250 4 1 8
251 4 1 9
252 4 1 10
253 4 1 11
254 4 1 12
255 4 1 13
256 4 1 14
257 4 1 15
258 4 1 16
259 4 1 17
260 4 1 18
261 4 1 19
262 4 1 20
263 4 1 21
264 4 1 22
265 4 1 23
266 4 1 24
267 4 1 25
268 4 1 26
269 4 1 27
270 4 1 28
271 4 1 29
272 4 1 30
273 4 1 31
274 4 1 32
275 4 1 33
276 4 1 34
277 4 1 35
278 4 1 36
279 4 1 37
280 4 1 38
281 4 1 39
282 4 1 40
283 4 1 41
284 4 1 42
285 4 1 43
286 4 1 44
287 4 1 45
288 4 1 46
289 4 1 47
290 4 1 48
291 4 1 49
292 4 1 50
293 4 1 51
294 4 1 52
295 4 1 53
296 4 1 54
297 4 1 55
298 4 1 56
299 4 1 57
300 4 1 58
301 4 1 59
302 4 1 60
303 4 1 61
304 4 1 62
305 4 1 63
306 4 1 64
307 4 1 65
308 4 1 66
309 4 1 67
310 5 1 10
311 5 1 11
312 5 1 12
313 5 1 13
314 5 1 14
315 5 1 15
316 5 1 16
317 5 1 17
318 5 1 18
319 5 1 19
320 5 1 20
321 5 1 21
322 5 1 22
323 5 1 23
324 5 1 24
325 5 1 25
326 5 1 26
327 5 1 27
328 5 1 28
329 5 1 29
330 5 1 30
331 5 1 31
332 5 1 32
333 5 1 33
334 5 1 34
335 5 1 35
336 5 1 36
337 5 1 37
338 5 1 38
339 5 1 39
340 5 1 40
341 5 1 41
342 5 1 42
343 5 1 43
344 5 1 44
345 5 1 45
346 5 1 46
347 5 1 47
348 5 1 48
349 5 1 49
350 5 1 50
351 5 1 51
352 5 1 52
353 5 1 53
354 5 1 54
355 5 1 55
356 5 1 56
357 5 1 57
358 5 1 58
359 5 1 59
360 5 1 60
361 5 1 61
362 5 1 62
363 5 1 63
364 5 1 64
365 5 1 65
366 5 1 66
367 5 1 67
368 5 1 68
369 6 1 12
370 6 1 13
371 6 1 14
372 6 1 15
373 6 1 16
374 6 1 17
375 6 1 18
376 6 1 19
377 6 1 20
378 6 1 21
379 6 1 22
380 6 1 23
381 6 1 24
382 6 1 25
383 6 1 26
384 6 1 27
385 6 1 28
386 6 1 29
387 6 1 30
388 6 1 31
389 6 1 32
390 6 1 33
391 6 1 34
392 6 1 35
393 6 1 36
394 6 1 37
395 6 1 38
396 6 1 39
397 6 1 40
398 6 1 41
399 6 1 42
400 6 1 43
401 6 1 44
402 6 1 45
403 6 1 46
404 6 1 47
405 6 1 48
406 6 1 49
407 6 1 50
408 6 1 51
409 6 1 52
410 6 1 53
411 6 1 54
412 6 1 55
413 6 1 56
414 6 1 57
415 6 1 58
416 6 1 59
417 6 1 60
418 6 1 61
419 6 1 62
420 6 1 63
421 6 1 64
422 6 1 65
423 6 1 66
424 6 1 67
425 6 1 68
426 6 1 69
427 7 1 14
428 7 1 15
429 7 1 16
430 7 1 17
431 7 1 18
432 7 1 19
433 7 1 20
434 7 1 21
435 7 1 22
436 7 1 23
437 7 1 24
438 7 1 25
439 7 1 26
440 7 1 27
441 7 1 28
442 7 1 29
443 7 1 30
444 7 1 31
445 7 1 32
446 7 1 33
447 7 1 34
448 7 1 35
449 7 1 36
450 7 1 37
451 7 1 38
452 7 1 39
453 7 1 40
454 7 1 41
455 7 1 42
456 7 1 43
457 7 1 44
458 7 1 45
459 7 1 46
460 7 1 47
461 7 1 48
462 7 1 49
463 7 1 50
464 7 1 51
465 7 1 52
466 7 1 53
467 7 1 54
468 7 1 55
469 7 1 56
470 7 1 57
471 7 1 58
472 7 1 59
473 7 1 60
474 7 1 61
475 7 1 62
476 7 1 63
477 7 1 64
478 7 1 65
479 7 1 66
480 7 1 67
481 7 1 68
482 7 1 69
483 7 1 70
484 8 1 16
485 8 1 17
486 8 1 18
487 8 1 19
488 8 1 20
489 8 1 21
490 8 1 22
491 8 1 23
492 8 1 24
493 8 1 25
494 8 1 26
495 8 1 27
496 8 1 28
497 8 1 29
498 8 1 30
499 8 1 31
500 8 1 32
501 8 1 33
502 8 1 34
503 8 1 35
504 8 1 36
505 8 1 37
506 8 1 38
507 8 1 39
508 8 1 40
509 8 1 41
510 8 1 42
511 8 1 43
512 8 1 44
513 8 1 45
514 8 1 46
515 8 1 47
516 8 1 48
517 8 1 49
518 8 1 50
519 8 1 51
520 8 1 52
521 8 1 53
522 8 1 54
523 8 1 55
524 8 1 56
525 8 1 57
526 8 1 58
527 8 1 59
528 8 1 60
529 8 1 61
530 8 1 62
531 8 1 63
532 8 1 64
533 8 1 65
534 8 1 66
535 8 1 67
536 8 1 68
537 8 1 69
538 8 1 70
539 8 1 71
540 9 1 18
541 9 1 19
542 9 1 20
543 9 1 21
544 9 1 22
545 9 1 23
546 9 1 24
547 9 1 25
548 9 1 26
549 9 1 27
550 9 1 28
551 9 1 29
552 9 1 30
553 9 1 31
554 9 1 32
555 9 1 33
556 9 1 34
557 9 1 35
558 9 1 36
559 9 1 37
560 9 1 38
561 9 1 39
562 9 1 40
563 9 1 41
564 9 1 42
565 9 1 43
566 9 1 44
567 9 1 45
568 9 1 46
569 9 1 47
570 9 1 48
571 9 1 49
572 9 1 50
573 9 1 51
574 9 1 52
575 9 1 53
576 9 1 54
577 9 1 55
578 9 1 56
579 9 1 57
580 9 1 58
581 9 1 59
582 9 1 60
583 9 1 61
584 9 1 62
585 9 1 63
586 9 1 64
587 9 1 65
588 9 1 66
589 9 1 67
590 9 1 68
591 9 1 69
592 9 1 70
593 9 1 71
594 9 1 72
595 10 1 20
596 10 1 21
597 10 1 22
598 10 1 23
599 10 1 24
600 10 1 25
601 10 1 26
602 10 1 27
603 10 1 28
604 10 1 29
605 10 1 30
606 10 1 31
607 10 1 32
608 10 1 33
609 10 1 34
610 10 1 35
611 10 1 36
612 10 1 37
613 10 1 38
614 10 1 39
615 10 1 40
616 10 1 41
617 10 1 42
618 10 1 43
619 10 1 44
620 10 1 45
621 10 1 46
622 10 1 47
623 10 1 48
624 10 1 49
625 10 1 50
626 10 1 51
627 10 1 52
628 10 1 53
629 10 1 54
630 10 1 55
631 10 1 56
632 10 1 57
633 10 1 58
634 10 1 59
635 10 1 60
636 10 1 61
637 10 1 62
638 10 1 63
639 10 1 64
640 10 1 65
641 10 1 66
642 10 1 67
643 10 1 68
644 10 1 69
645 10 1 70
646 10 1 71
647 10 1 72
648 10 1 73
649 11 1 22
650 11 1 23
651 11 1 24
652 11 1 25
653 11 1 26
654 11 1 27
655 11 1 28
656 11 1 29
657 11 1 30
658 11 1 31
659 11 1 32
660 11 1 33
661 11 1 34
662 11 1 35
663 11 1 36
664 11 1 37
665 11 1 38
666 11 1 39
667 11 1 40
668 11 1 41
669 11 1 42
670 11 1 43
671 11 1 44
672 11 1 45
673 11 1 46
674 11 1 47
675 11 1 48
676 11 1 49
677 11 1 50
678 11 1 51
679 11 1 52
680 11 1 53
681 11 1 54
682 11 1 55
683 11 1 56
684 11 1 57
685 11 1 58
686 11 1 59
687 11 1 60
688 11 1 61
689 11 1 62
690 11 1 63
691 11 1 64
692 11 1 65
693 11 1 66
694 11 1 67
695 11 1 68
696 11 1 69
697 11 1 70
698 11 1 71
699 11 1 72
700 11 1 73
701 11 1 74
702 12 1 24
703 12 1 25
704 12 1 26
705 12 1 27
706 12 1 28
707 12 1 29
708 12 1 30
709 12 1 31
710 12 1 32
711 12 1 33
712 12 1 34
713 12 1 35
714 12 1 36
715 12 1 37
716 12 1 38
717 12 1 39
718 12 1 40
719 12 1 41
720 12 1 42
721 12 1 43
722 12 1 44
723 12 1 45
724 12 1 46
725 12 1 47
726 12 1 48
727 12 1 49
728 12 1 50
729 12 1 51
730 12 1 52
731 12 1 53
732 12 1 54
733 12 1 55
734 12 1 56
735 12 1 57
736 12 1 58
737 12 1 59
738 12 1 60
739 12 1 61
740 12 1 62
741 12 1 63
742 12 1 64
743 12 1 65
744 12 1 66
745 12 1 67
746 12 1 68
747 12 1 69
748 12 1 70
749 12 1 71
750 12 1 72
751 12 1 73
752 12 1 74
753 12 1 75
754 13 1 26
755 13 1 27
756 13 1 28
757 13 1 29
758 13 1 30
759 13 1 31
760 13 1 32
761 13 1 33
762 13 1 34
763 13 1 35
764 13 1 36
765 13 1 37
766 13 1 38
767 13 1 39
768 13 1 40
769 13 1 41
770 13 1 42
771 13 1 43
772 13 1 44
773 13 1 45
774 13 1 46
775 13 1 47
776 13 1 48
777 13 1 49
778 13 1 50
779 13 1 51
780 13 1 52
781 13 1 53
782 13 1 54
783 13 1 55
784 13 1 56
785 13 1 57
786 13 1 58
787 13 1 59
788 13 1 60
789 13 1 61
790 13 1 62
791 13 1 63
792 13 1 64
793 13 1 65
794 13 1 66
795 13 1 67
796 13 1 68
797 13 1 69
798 13 1 70
799 13 1 71
800 13 1 72
801 13 1 73
802 13 1 74
803 13 1 75
804 13 1 76
805 14 1 28
806 14 1 29
807 14 1 30
808 14 1 31
809 14 1 32
810 14 1 33
811 14 1 34
812 14 1 35
813 14 1 36
814 14 1 37
815 14 1 38
816 14 1 39
817 14 1 40
818 14 1 41
819 14 1 42
820 14 1 43
821 14 1 44
822 14 1 45
823 14 1 46
824 14 1 47
825 14 1 48
826 14 1 49
827 14 1 50
828 14 1 51
829 14 1 52
830 14 1 53
831 14 1 54
832 14 1 55
833 14 1 56
834 14 1 57
835 14 1 58
836 14 1 59
837 14 1 60
838 14 1 61
839 14 1 62
840 14 1 63
841 14 1 64
842 14 1 65
843 14 1 66
844 14 1 67
845 14 1 68
846 14 1 69
847 14 1 70
848 14 1 71
849 14 1 72
850 14 1 73
851 14 1 74
852 14 1 75
853 14 1 76
854 14 1 77
855 15 1 30
856 15 1 31
857 15 1 32
858 15 1 33
859 15 1 34
860 15 1 35
861 15 1 36
862 15 1 37
863 15 1 38
864 15 1 39
865 15 1 40
866 15 1 41
867 15 1 42
868 15 1 43
869 15 1 44
870 15 1 45
871 15 1 46
872 15 1 47
873 15 1 48
874 15 1 49
875 15 1 50
876 15 1 51
877 15 1 52
878 15 1 53
879 15 1 54
880 15 1 55
881 15 1 56
882 15 1 57
883 15 1 58
884 15 1 59
885 15 1 60
886 15 1 61
887 15 1 62
888 15 1 63
889 15 1 64
890 15 1 65
891 15 1 66
892 15 1 67
893 15 1 68
894 15 1 69
895 15 1 70
896 15 1 71
897 15 1 72
898 15 1 73
899 15 1 74
900 15 1 75
901 15 1 76
902 15 1 77
903 15 1 78
904 16 1 32
905 16 1 33
906 16 1 34
907 16 1 35
908 16 1 36
909 16 1 37
910 16 1 38
911 16 1 39
912 16 1 40
913 16 1 41
914 16 1 42
915 16 1 43
916 16 1 44
917 16 1 45
918 16 1 46
919 16 1 47
920 16 1 48
921 16 1 49
922 16 1 50
923 16 1 51
924 16 1 52
925 16 1 53
926 16 1 54
927 16 1 55
928 16 1 56
929 16 1 57
930 16 1 58
931 16 1 59
932 16 1 60
933 16 1 61
934 16 1 62
935 16 1 63
936 16 1 64
937 16 1 65
938 16 1 66
939 16 1 67
940 16 1 68
941 16 1 69
942 16 1 70
943 16 1 71
944 16 1 72
945 16 1 73
946 16 1 74
947 16 1 75
948 16 1 76
949 16 1 77
950 16 1 78
951 16 1 79
952 17 1 34
953 17 1 35
954 17 1 36
955 17 1 37
956 17 1 38
957 17 1 39
958 17 1 40
959 17 1 41
960 17 1 42
961 17 1 43
962 17 1 44
963 17 1 45
964 17 1 46
965 17 1 47
966 17 1 48
967 17 1 49
968 17 1 50
969 17 1 51
970 17 1 52
971 17 1 53
972 17 1 54
973 17 1 55
974 17 1 56
975 17 1 57
976 17 1 58
977 17 1 59
978 17 1 60
979 17 1 61
980 17 1 62
981 17 1 63
982 17 1 64
983 17 1 65
984 17 1 66
985 17 1 67
986 17 1 68
987 17 1 69
988 17 1 70
989 17 1 71
990 17 1 72
991 17 1 73
992 17 1 74
993 17 1 75
994 17 1 76
995 17 1 77
996 17 1 78
997 17 1 79
998 17 1 80
999 18 1 36
1000 18 1 37
1001 18 1 38
1002 18 1 39
1003 18 1 40
1004 18 1 41
1005 18 1 42
1006 18 1 43
1007 18 1 44
1008 18 1 45
1009 18 1 46
1010 18 1 47
1011 18 1 48
1012 18 1 49
1013 18 1 50
1014 18 1 51
1015 18 1 52
1016 18 1 53
1017 18 1 54
1018 18 1 55
1019 18 1 56
1020 18 1 57
1021 18 1 58
1022 18 1 59
1023 18 1 60
1024 18 1 61
1025 18 1 62
1026 18 1 63
1027 18 1 64
1028 18 1 65
1029 18 1 66
1030 18 1 67
1031 18 1 68
1032 18 1 69
1033 18 1 70
1034 18 1 71
1035 18 1 72
1036 18 1 73
1037 18 1 74
1038 18 1 75
1039 18 1 76
1040 18 1 77
1041 18 1 78
1042 18 1 79
1043 18 1 80
1044 18 1 81
1045 19 1 38
1046 19 1 39
1047 19 1 40
1048 19 1 41
1049 19 1 42
1050 19 1 43
1051 19 1 44
1052 19 1 45
1053 19 1 46
1054 19 1 47
1055 19 1 48
1056 19 1 49
1057 19 1 50
1058 19 1 51
1059 19 1 52
1060 19 1 53
1061 19 1 54
1062 19 1 55
1063 19 1 56
1064 19 1 57
1065 19 1 58
1066 19 1 59
1067 19 1 60
1068 19 1 61
1069 19 1 62
1070 19 1 63
1071 19 1 64
1072 19 1 65
1073 19 1 66
1074 19 1 67
1075 19 1 68
1076 19 1 69
1077 19 1 70
1078 19 1 71
1079 19 1 72
1080 19 1 73
1081 19 1 74
1082 19 1 75
1083 19 1 76
1084 19 1 77
1085 19 1 78
1086 19 1 79
1087 19 1 80
1088 19 1 81
1089 19 1 82
1090 20 1 40
1091 20 1 41
1092 20 1 42
1093 20 1 43
1094 20 1 44
1095 20 1 45
1096 20 1 46
1097 20 1 47
1098 20 1 48
1099 20 1 49
1100 20 1 50
1101 20 1 51
1102 20 1 52
1103 20 1 53
1104 20 1 54
1105 20 1 55
1106 20 1 56
1107 20 1 57
1108 20 1 58
1109 20 1 59
1110 20 1 60
1111 20 1 61
1112 20 1 62
1113 20 1 63
1114 20 1 64
1115 20 1 65
1116 20 1 66
1117 20 1 67
1118 20 1 68
1119 20 1 69
1120 20 1 70
1121 20 1 71
1122 20 1 72
1123 20 1 73
1124 20 1 74
1125 20 1 75
1126 20 1 76
1127 20 1 77
1128 20 1 78
1129 20 1 79
1130 20 1 80
1131 20 1 81
1132 20 1 82
1133 20 1 83
1134 21 1 42
1135 21 1 43
1136 21 1 44
1137 21 1 45
1138 21 1 46
1139 21 1 47
1140 21 1 48
1141 21 1 49
1142 21 1 50
1143 21 1 51
1144 21 1 52
1145 21 1 53
1146 21 1 54
1147 21 1 55
1148 21 1 56
1149 21 1 57
1150 21 1 58
1151 21 1 59
1152 21 1 60
1153 21 1 61
1154 21 1 62
1155 21 1 63
1156 21 1 64
1157 21 1 65
1158 21 1 66
1159 21 1 67
1160 21 1 68
1161 21 1 69
1162 21 1 70
1163 21 1 71
1164 21 1 72
1165 21 1 73
1166 21 1 74
1167 21 1 75
1168 21 1 76
1169 21 1 77
1170 21 1 78
1171 21 1 79
1172 21 1 80
1173 21 1 81
1174 21 1 82
1175 21 1 83
1176 21 1 84
1177 22 1 44
1178 22 1 45
1179 22 1 46
1180 22 1 47
1181 22 1 48
1182 22 1 49
1183 22 1 50
1184 22 1 51
1185 22 1 52
1186 22 1 53
1187 22 1 54
1188 22 1 55
1189 22 1 56
1190 22 1 57
1191 22 1 58
1192 22 1 59
1193 22 1 60
1194 22 1 61
1195 22 1 62
1196 22 1 63
1197 22 1 64
1198 22 1 65
1199 22 1 66
1200 22 1 67
1201 22 1 68
1202 22 1 69
1203 22 1 70
1204 22 1 71
1205 22 1 72
1206 22 1 73
1207 22 1 74
1208 22 1 75
1209 22 1 76
1210 22 1 77
1211 22 1 78
1212 22 1 79
1213 22 1 80
1214 22 1 81
1215 22 1 82
1216 22 1 83
1217 22 1 84
1218 22 1 85
1219 23 1 46
1220 23 1 47
1221 23 1 48
1222 23 1 49
1223 23 1 50
1224 23 1 51
1225 23 1 52
1226 23 1 53
1227 23 1 54
1228 23 1 55
1229 23 1 56
1230 23 1 57
1231 23 1 58
1232 23 1 59
1233 23 1 60
1234 23 1 61
1235 23 1 62
1236 23 1 63
1237 23 1 64
1238 23 1 65
1239 23 1 66
1240 23 1 67
1241 23 1 68
1242 23 1 69
1243 23 1 70
1244 23 1 71
1245 23 1 72
1246 23 1 73
1247 23 1 74
1248 23 1 75
1249 23 1 76
1250 23 1 77
1251 23 1 78
1252 23 1 79
1253 23 1 80
1254 23 1 81
1255 23 1 82
1256 23 1 83
1257 23 1 84
1258 23 1 85
1259 23 1 86
1260 24 1 48
1261 24 1 49
1262 24 1 50
1263 24 1 51
1264 24 1 52
1265 24 1 53
1266 24 1 54
1267 24 1 55
1268 24 1 56
1269 24 1 57
1270 24 1 58
1271 24 1 59
1272 24 1 60
1273 24 1 61
1274 24 1 62
1275 24 1 63
1276 24 1 64
1277 24 1 65
1278 24 1 66
1279 24 1 67
1280 24 1 68
1281 24 1 69
1282 24 1 70
1283 24 1 71
1284 24 1 72
1285 24 1 73
1286 24 1 74
1287 24 1 75
1288 24 1 76
1289 24 1 77
1290 24 1 78
1291 24 1 79
1292 24 1 80
1293 24 1 81
1294 24 1 82
1295 24 1 83
1296 24 1 84
1297 24 1 85
1298 24 1 86
1299 24 1 87
1300 25 1 50
1301 25 1 51
1302 25 1 52
1303 25 1 53
1304 25 1 54
1305 25 1 55
1306 25 1 56
1307 25 1 57
1308 25 1 58
1309 25 1 59
1310 25 1 60
1311 25 1 61
1312 25 1 62
1313 25 1 63
1314 25 1 64
1315 25 1 65
1316 25 1 66
1317 25 1 67
1318 25 1 68
1319 25 1 69
1320 25 1 70
1321 25 1 71
1322 25 1 72
1323 25 1 73
1324 25 1 74
1325 25 1 75
1326 25 1 76
1327 25 1 77
1328 25 1 78
1329 25 1 79
1330 25 1 80
1331 25 1 81
1332 25 1 82
1333 25 1 83
1334 25 1 84
1335 25 1 85
1336 25 1 86
1337 25 1 87
1338 25 1 88
1339 26 1 52
1340 26 1 53
1341 26 1 54
1342 26 1 55
1343 26 1 56
1344 26 1 57
1345 26 1 58
1346 26 1 59
1347 26 1 60
1348 26 1 61
1349 26 1 62
1350 26 1 63
1351 26 1 64
1352 26 1 65
1353 26 1 66
1354 26 1 67
1355 26 1 68
1356 26 1 69
1357 26 1 70
1358 26 1 71
1359 26 1 72
1360 26 1 73
1361 26 1 74
1362 26 1 75
1363 26 1 76
1364 26 1 77
1365 26 1 78
1366 26 1 79
1367 26 1 80
1368 26 1 81
1369 26 1 82
1370 26 1 83
1371 26 1 84
1372 26 1 85
1373 26 1 86
1374 26 1 87
1375 26 1 88
1376 26 1 89
1377 27 1 54
1378 27 1 55
1379 27 1 56
1380 27 1 57
1381 27 1 58
1382 27 1 59
1383 27 1 60
1384 27 1 61
1385 27 1 62
1386 27 1 63
1387 27 1 64
1388 27 1 65
1389 27 1 66
1390 27 1 67
1391 27 1 68
1392 27 1 69
1393 27 1 70
1394 27 1 71
1395 27 1 72
1396 27 1 73
1397 27 1 74
1398 27 1 75
1399 27 1 76
1400 27 1 77
1401 27 1 78
1402 27 1 79
1403 27 1 80
1404 27 1 81
1405 27 1 82
1406 27 1 83
1407 27 1 84
1408 27 1 85
1409 27 1 86
1410 27 1 87
1411 27 1 88
1412 27 1 89
1413 27 1 90
1414 28 1 56
1415 28 1 57
1416 28 1 58
1417 28 1 59
1418 28 1 60
1419 28 1 61
1420 28 1 62
1421 28 1 63
1422 28 1 64
1423 28 1 65
1424 28 1 66
1425 28 1 67
1426 28 1 68
1427 28 1 69
1428 28 1 70
1429 28 1 71
1430 28 1 72
1431 28 1 73
1432 28 1 74
1433 28 1 75
1434 28 1 76
1435 28 1 77
1436 28 1 78
1437 28 1 79
1438 28 1 80
1439 28 1 81
1440 28 1 82
1441 28 1 83
1442 28 1 84
1443 28 1 85
1444 28 1 86
1445 28 1 87
1446 28 1 88
1447 28 1 89
1448 28 1 90
1449 28 1 91
1450 29 1 58
1451 29 1 59
1452 29 1 60
1453 29 1 61
1454 29 1 62
1455 29 1 63
1456 29 1 64
1457 29 1 65
1458 29 1 66
1459 29 1 67
1460 29 1 68
1461 29 1 69
1462 29 1 70
1463 29 1 71
1464 29 1 72
1465 29 1 73
1466 29 1 74
1467 29 1 75
1468 29 1 76
1469 29 1 77
1470 29 1 78
1471 29 1 79
1472 29 1 80
1473 29 1 81
1474 29 1 82
1475 29 1 83
1476 29 1 84
1477 29 1 85
1478 29 1 86
1479 29 1 87
1480 29 1 88
1481 29 1 89
1482 29 1 90
1483 29 1 91
1484 29 1 92
1485 30 1 60
1486 30 1 61
1487 30 1 62
1488 30 1 63
1489 30 1 64
1490 30 1 65
1491 30 1 66
1492 30 1 67
1493 30 1 68
1494 30 1 69
1495 30 1 70
1496 30 1 71
1497 30 1 72
1498 30 1 73
1499 30 1 74
1500 30 1 75
1501 30 1 76
1502 30 1 77
1503 30 1 78
1504 30 1 79
1505 30 1 80
1506 30 1 81
1507 30 1 82
1508 30 1 83
1509 30 1 84
1510 30 1 85
1511 30 1 86
1512 30 1 87
1513 30 1 88
1514 30 1 89
1515 30 1 90
1516 30 1 91
1517 30 1 92
1518 30 1 93
1519 31 1 62
1520 31 1 63
1521 31 1 64
1522 31 1 65
1523 31 1 66
1524 31 1 67
1525 31 1 68
1526 31 1 69
1527 31 1 70
1528 31 1 71
1529 31 1 72
1530 31 1 73
1531 31 1 74
1532 31 1 75
1533 31 1 76
1534 31 1 77
1535 31 1 78
1536 31 1 79
1537 31 1 80
1538 31 1 81
1539 31 1 82
1540 31 1 83
1541 31 1 84
1542 31 1 85
1543 31 1 86
1544 31 1 87
1545 31 1 88
1546 31 1 89
1547 31 1 90
1548 31 1 91
1549 31 1 92
1550 31 1 93
1551 31 1 94
1552 32 1 64
1553 32 1 65
1554 32 1 66
1555 32 1 67
1556 32 1 68
1557 32 1 69
1558 32 1 70
1559 32 1 71
1560 32 1 72
1561 32 1 73
1562 32 1 74
1563 32 1 75
1564 32 1 76
1565 32 1 77
1566 32 1 78
1567 32 1 79
1568 32 1 80
1569 32 1 81
1570 32 1 82
1571 32 1 83
1572 32 1 84
1573 32 1 85
1574 32 1 86
1575 32 1 87
1576 32 1 88
1577 32 1 89
1578 32 1 90
1579 32 1 91
1580 32 1 92
1581 32 1 93
1582 32 1 94
1583 32 1 95
1584 33 1 66
1585 33 1 67
1586 33 1 68
1587 33 1 69
1588 33 1 70
1589 33 1 71
1590 33 1 72
1591 33 1 73
1592 33 1 74
1593 33 1 75
1594 33 1 76
1595 33 1 77
1596 33 1 78
1597 33 1 79
1598 33 1 80
1599 33 1 81
1600 33 1 82
1601 33 1 83
1602 33 1 84
1603 33 1 85
1604 33 1 86
1605 33 1 87
1606 33 1 88
1607 33 1 89
1608 33 1 90
1609 33 1 91
1610 33 1 92
1611 33 1 93
1612 33 1 94
1613 33 1 95
1614 33 1 96
1615 34 1 68
1616 34 1 69
1617 34 1 70
1618 34 1 71
1619 34 1 72
1620 34 1 73
1621 34 1 74
1622 34 1 75
1623 34 1 76
1624 34 1 77
1625 34 1 78
1626 34 1 79
1627 34 1 80
1628 34 1 81
1629 34 1 82
1630 34 1 83
1631 34 1 84
1632 34 1 85
1633 34 1 86
1634 34 1 87
1635 34 1 88
1636 34 1 89
1637 34 1 90
1638 34 1 91
1639 34 1 92
1640 34 1 93
1641 34 1 94
1642 34 1 95
1643 34 1 96
1644 34 1 97
1645 35 1 70
1646 35 1 71
1647 35 1 72
1648 35 1 73
1649 35 1 74
1650 35 1 75
1651 35 1 76
1652 35 1 77
1653 35 1 78
1654 35 1 79
1655 35 1 80
1656 35 1 81
1657 35 1 82
1658 35 1 83
1659 35 1 84
1660 35 1 85
1661 35 1 86
1662 35 1 87
1663 35 1 88
1664 35 1 89
1665 35 1 90
1666 35 1 91
1667 35 1 92
1668 35 1 93
1669 35 1 94
1670 35 1 95
1671 35 1 96
1672 35 1 97
1673 35 1 98
1674 36 1 72
1675 36 1 73
1676 36 1 74
1677 36 1 75
1678 36 1 76
1679 36 1 77
1680 36 1 78
1681 36 1 79
1682 36 1 80
1683 36 1 81
1684 36 1 82
1685 36 1 83
1686 36 1 84
1687 36 1 85
1688 36 1 86
1689 36 1 87
1690 36 1 88
1691 36 1 89
1692 36 1 90
1693 36 1 91
1694 36 1 92
1695 36 1 93
1696 36 1 94
1697 36 1 95
1698 36 1 96
1699 36 1 97
1700 36 1 98
1701 36 1 99
1702 37 1 74
1703 37 1 75
1704 37 1 76
1705 37 1 77
1706 37 1 78
1707 37 1 79
1708 37 1 80
1709 37 1 81
1710 37 1 82
1711 37 1 83
1712 37 1 84
1713 37 1 85
1714 37 1 86
1715 37 1 87
1716 37 1 88
1717 37 1 89
1718 37 1 90
1719 37 1 91
1720 37 1 92
1721 37 1 93
1722 37 1 94
1723 37 1 95
1724 37 1 96
1725 37 1 97
1726 37 1 98
1727 37 1 99
1728 37 1 100
1729 38 1 76
1730 38 1 77
1731 38 1 78
1732 38 1 79
1733 38 1 80
1734 38 1 81
1735 38 1 82
1736 38 1 83
1737 38 1 84
1738 38 1 85
1739 38 1 86
1740 38 1 87
1741 38 1 88
1742 38 1 89
1743 38 1 90
1744 38 1 91
1745 38 1 92
1746 38 1 93
1747 38 1 94
1748 38 1 95
1749 38 1 96
1750 38 1 97
1751 38 1 98
1752 38 1 99
1753 38 1 100
1754 38 1 101
1755 39 1 78
1756 39 1 79
1757 39 1 80
1758 39 1 81
1759 39 1 82
1760 39 1 83
1761 39 1 84
1762 39 1 85
1763 39 1 86
1764 39 1 87
1765 39 1 88
1766 39 1 89
1767 39 1 90
1768 39 1 91
1769 39 1 92
1770 39 1 93
1771 39 1 94
1772 39 1 95
1773 39 1 96
1774 39 1 97
1775 39 1 98
1776 39 1 99
1777 39 1 100
1778 39 1 101
1779 39 1 102
1780 40 1 80
1781 40 1 81
1782 40 1 82
1783 40 1 83
1784 40 1 84
1785 40 1 85
1786 40 1 86
1787 40 1 87
1788 40 1 88
1789 40 1 89
1790 40 1 90
1791 40 1 91
1792 40 1 92
1793 40 1 93
1794 40 1 94
1795 40 1 95
1796 40 1 96
1797 40 1 97
1798 40 1 98
1799 40 1 99
1800 40 1 100
1801 40 1 101
1802 40 1 102
1803 40 1 103
1804 41 1 82
1805 41 1 83
1806 41 1 84
1807 41 1 85
1808 41 1 86
1809 41 1 87
1810 41 1 88
1811 41 1 89
1812 41 1 90
1813 41 1 91
1814 41 1 92
1815 41 1 93
1816 41 1 94
1817 41 1 95
1818 41 1 96
1819 41 1 97
1820 41 1 98
1821 41 1 99
1822 41 1 100
1823 41 1 101
1824 41 1 102
1825 41 1 103
1826 41 1 104
1827 42 1 84
1828 42 1 85
1829 42 1 86
1830 42 1 87
1831 42 1 88
1832 42 1 89
1833 42 1 90
1834 42 1 91
1835 42 1 92
1836 42 1 93
1837 42 1 94
1838 42 1 95
1839 42 1 96
1840 42 1 97
1841 42 1 98
1842 42 1 99
1843 42 1 100
1844 42 1 101
1845 42 1 102
1846 42 1 103
1847 42 1 104
1848 42 1 105
1849 43 1 86
1850 43 1 87
1851 43 1 88
1852 43 1 89
1853 43 1 90
1854 43 1 91
1855 43 1 92
1856 43 1 93
1857 43 1 94
1858 43 1 95
1859 43 1 96
1860 43 1 97
1861 43 1 98
1862 43 1 99
1863 43 1 100
1864 43 1 101
1865 43 1 102
1866 43 1 103
1867 43 1 104
1868 43 1 105
1869 43 1 106
1870 44 1 88
1871 44 1 89
1872 44 1 90
1873 44 1 91
1874 44 1 92
1875 44 1 93
1876 44 1 94
1877 44 1 95
1878 44 1 96
1879 44 1 97
1880 44 1 98
1881 44 1 99
1882 44 1 100
1883 44 1 101
1884 44 1 102
1885 44 1 103
1886 44 1 104
1887 44 1 105
1888 44 1 106
1889 44 1 107
1890 45 1 90
1891 45 1 91
1892 45 1 92
1893 45 1 93
1894 45 1 94
1895 45 1 95
1896 45 1 96
1897 45 1 97
1898 45 1 98
1899 45 1 99
1900 45 1 100
1901 45 1 101
1902 45 1 102
1903 45 1 103
1904 45 1 104
1905 45 1 105
1906 45 1 106
1907 45 1 107
1908 45 1 108
1909 46 1 92
1910 46 1 93
1911 46 1 94
1912 46 1 95
1913 46 1 96
1914 46 1 97
1915 46 1 98
1916 46 1 99
1917 46 1 100
1918 46 1 101
1919 46 1 102
1920 46 1 103
1921 46 1 104
1922 46 1 105
1923 46 1 106
1924 46 1 107
1925 46 1 108
1926 46 1 109
1927 47 1 94
1928 47 1 95
1929 47 1 96
1930 47 1 97
1931 47 1 98
1932 47 1 99
1933 47 1 100
1934 47 1 101
1935 47 1 102
1936 47 1 103
1937 47 1 104
1938 47 1 105
1939 47 1 106
1940 47 1 107
1941 47 1 108
1942 47 1 109
1943 47 1 110
1944 48 1 96
1945 48 1 97
1946 48 1 98
1947 48 1 99
1948 48 1 100
1949 48 1 101
1950 48 1 102
1951 48 1 103
1952 48 1 104
1953 48 1 105
1954 48 1 106
1955 48 1 107
1956 48 1 108
1957 48 1 109
1958 48 1 110
1959 48 1 111
1960 49 1 98
1961 49 1 99
1962 49 1 100
1963 49 1 101
1964 49 1 102
1965 49 1 103
1966 49 1 104
1967 49 1 105
1968 49 1 106
1969 49 1 107
1970 49 1 108
1971 49 1 109
1972 49 1 110
1973 49 1 111
1974 49 1 112
1975 50 1 100
1976 50 1 101
1977 50 1 102
1978 50 1 103
1979 50 1 104
1980 50 1 105
1981 50 1 106
1982 50 1 107
1983 50 1 108
1984 50 1 109
1985 50 1 110
1986 50 1 111
1987 50 1 112
1988 50 1 113
1989 51 1 102
1990 51 1 103
1991 51 1 104
1992 51 1 105
1993 51 1 106
1994 51 1 107
1995 51 1 108
1996 51 1 109
1997 51 1 110
1998 51 1 111
1999 51 1 112
2000 51 1 113
2001 51 1 114
2002 52 1 104
2003 52 1 105
2004 52 1 106
2005 52 1 107
2006 52 1 108
2007 52 1 109
2008 52 1 110
2009 52 1 111
2010 52 1 112
2011 52 1 113
2012 52 1 114
2013 52 1 115
2014 53 1 106
2015 53 1 107
2016 53 1 108
2017 53 1 109
2018 53 1 110
2019 53 1 111
2020 53 1 112
2021 53 1 113
2022 53 1 114
2023 53 1 115
2024 53 1 116
2025 54 1 108
2026 54 1 109
2027 54 1 110
2028 54 1 111
2029 54 1 112
2030 54 1 113
2031 54 1 114
2032 54 1 115
2033 54 1 116
2034 54 1 117
2035 55 1 110
2036 55 1 111
2037 55 1 112
2038 55 1 113
2039 55 1 114
2040 55 1 115
2041 55 1 116
2042 55 1 117
2043 55 1 118
2044 56 1 112
2045 56 1 113
2046 56 1 114
2047 56 1 115
2048 56 1 116
2049 56 1 117
2050 56 1 118
2051 56 1 119
2052 57 1 114
2053 57 1 115
2054 57 1 116
2055 57 1 117
2056 57 1 118
2057 57 1 119
2058 57 1 120
2059 58 1 116
2060 58 1 117
2061 58 1 118
2062 58 1 119
2063 58 1 120
2064 58 1 121
2065 59 1 118
2066 59 1 119
2067 59 1 120
2068 59 1 121
2069 59 1 122
2070 60 1 120
2071 60 1 121
2072 60 1 122
2073 60 1 123
2074 61 1 122
2075 61 1 123
2076 61 1 124
2077 62 1 124
2078 62 1 125
2079 63 1 126
2080 64 1 128
2081 63 129 127
2082 62 193 126
2083 61 225 125
2084 60 241 124
2085 59 249 123
2086 58 253 122
2087 57 255 121
2088 56 256 120
2089 55 128 119
2090 54 64 118
2091 53 32 117
2092 52 16 116
2093 51 8 115
2094 50 4 114
2095 49 2 113
2096 48 1 112
2097 47 129 111
2098 46 193 110
2099 45 225 109
2100 44 241 108
2101 43 249 107
2102 42 253 106
2103 41 255 105
2104 40 256 104
2105 39 128 103
2106 38 64 102
2107 37 32 101
2108 36 16 100
2109 35 8 99
2110 34 4 98
2111 33 2 97
2112 32 1 96
2113 31 129 95
2114 30 193 94
2115 29 225 93
2116 28 241 92
2117 27 249 91
2118 26 253 90
2119 25 255 89
2120 24 256 88
2121 23 128 87
2122 22 64 86
2123 21 32 85
2124 20 16 84
2125 19 8 83
2126 18 4 82
2127 17 2 81
2128 16 1 80
2129 15 129 79
2130 14 193 78
2131 13 225 77
2132 12 241 76
2133 11 249 75
2134 10 253 74
2135 9 255 73
2136 8 256 72
2137 7 128 71
2138 6 64 70
2139 5 32 69
2140 4 16 68
2141 65 1 130
2142 64 129 129
2143 63 193 128
2144 62 225 127
2145 61 241 126
2146 60 249 125
2147 59 253 124
2148 58 255 123
2149 57 256 122
2150 56 128 121
2151 55 64 120
2152 54 32 119
2153 53 16 118
2154 52 8 117
2155 51 4 116
2156 50 2 115
2157 49 1 114
2158 48 129 113
2159 47 193 112
2160 46 225 111
2161 45 241 110
2162 44 249 109
2163 43 253 108
2164 42 255 107
2165 41 256 106
2166 40 128 105
2167 39 64 104
2168 38 32 103
2169 37 16 102
2170 36 8 101
2171 35 4 100
2172 34 2 99
2173 33 1 98
2174 32 129 97
2175 31 193 96
2176 30 225 95
2177 29 241 94
2178 28 249 93
2179 27 253 92
2180 26 255 91
2181 25 256 90
2182 24 128 89
2183 23 64 88
2184 22 32 87
2185 21 16 86
2186 20 8 85
2187 19 4 84
2188 18 2 83
2189 17 1 82
2190 16 129 81
2191 15 193 80
2192 14 225 79
2193 13 241 78
2194 12 249 77
2195 11 253 76
2196 10 255 75
2197 9 256 74
2198 8 128 73
2199 7 64 72
2200 6 32 71
2201 66 1 132
2202 65 129 131
2203 64 193 130
2204 63 225 129
2205 62 241 128
2206 61 249 127
2207 60 253 126
2208 59 255 125
2209 58 256 124
2210 57 128 123
2211 56 64 122
2212 55 32 121
2213 54 16 120
2214 53 8 119
2215 52 4 118
2216 51 2 117
2217 50 1 116
2218 49 129 115
2219 48 193 114
2220 47 225 113
2221 46 241 112
2222 45 249 111
2223 44 253 110
2224 43 255 109
2225 42 256 108
2226 41 128 107
2227 40 64 106
2228 39 32 105
2229 38 16 104
2230 37 8 103
2231 36 4 102
2232 35 2 101
2233 34 1 100
2234 33 129 99
2235 32 193 98
2236 31 225 97
2237 30 241 96
2238 29 249 95
2239 28 253 94
2240 27 255 93
2241 26 256 92
2242 25 128 91
2243 24 64 90
2244 23 32 89
2245 22 16 88
2246 21 8 87
2247 20 4 86
2248 19 2 85
2249 18 1 84
2250 17 129 83
2251 16 193 82
2252 15 225 81
2253 14 241 80
2254 13 249 79
2255 12 253 78
2256 11 255 77
2257 10 256 76
2258 9 128 75
2259 8 64 74
2260 67 1 134
2261 66 129 133
2262 65 193 132
2263 64 225 131
2264 63 241 130
2265 62 249 129
2266 61 253 128
2267 60 255 127
2268 59 256 126
2269 58 128 125
2270 57 64 124
2271 56 32 123
2272 55 16 122
2273 54 8 121
2274 53 4 120
2275 52 2 119
2276 51 1 118
2277 50 129 117
2278 49 193 116
2279 48 225 115
2280 47 241 114
2281 46 249 113
2282 45 253 112
2283 44 255 111
2284 43 256 110
2285 42 128 109
2286 41 64 108
2287 40 32 107
2288 39 16 106
2289 38 8 105
2290 37 4 104
2291 36 2 103
2292 35 1 102
2293 34 129 101
2294 33 193 100
2295 32 225 99
2296 31 241 98
2297 30 249 97
2298 29 253 96
2299 28 255 95
2300 27 256 94
2301 26 128 93
2302 25 64 92
2303 24 32 91
2304 23 16 90
2305 22 8 89
2306 21 4 88
2307 20 2 87
2308 19 1 86
2309 18 129 85
2310 17 193 84
2311 16 225 83
2312 15 241 82
2313 14 249 81
2314 13 253 80
2315 12 255 79
2316 11 256 78
2317 10 128 77
2318 68 1 136
2319 67 129 135
2320 66 193 134
2321 65 225 133
2322 64 241 132
2323 63 249 131
2324 62 253 130
2325 61 255 129
2326 60 256 128
2327 59 128 127
2328 58 64 126
2329 57 32 125
2330 56 16 124
2331 55 8 123
2332 54 4 122
2333 53 2 121
2334 52 1 120
2335 51 129 119
2336 50 193 118
2337 49 225 117
2338 48 241 116
2339 47 249 115
2340 46 253 114
2341 45 255 113
2342 44 256 112
2343 43 128 111
2344 42 64 110
2345 41 32 109
2346 40 16 108
2347 39 8 107
2348 38 4 106
2349 37 2 105
2350 36 1 104
2351 35 129 103
2352 34 193 102
2353 33 225 101
2354 32 241 100
2355 31 249 99
2356 30 253 98
2357 29 255 97
2358 28 256 96
2359 27 128 95
2360 26 64 94
2361 25 32 93
2362 24 16 92
2363 23 8 91
2364 22 4 90
2365 21 2 89
2366 20 1 88
2367 19 129 87
2368 18 193 86
2369 17 225 85
2370 16 241 84
2371 15 249 83
2372 14 253 82
2373 13 255 81
2374 12 256 80
2375 69 1 138
2376 68 129 137
2377 67 193 136
2378 66 225 135
2379 65 241 134
2380 64 249 133
2381 63 253 132
2382 62 255 131
2383 61 256 130
2384 60 128 129
2385 59 64 128
2386 58 32 127
2387 57 16 126
2388 56 8 125
2389 55 4 124
2390 54 2 123
2391 53 1 122
2392 52 129 121
2393 51 193 120
2394 50 225 119
2395 49 241 118
2396 48 249 117
2397 47 253 116
2398 46 255 115
2399 45 256 114
2400 44 128 113
2401 43 64 112
2402 42 32 111
2403 41 16 110
2404 40 8 109
2405 39 4 108
2406 38 2 107
2407 37 1 106
2408 36 129 105
2409 35 193 104
2410 34 225 103
2411 33 241 102
2412 32 249 101
2413 31 253 100
2414 30 255 99
2415 29 256 98
2416 28 128 97
2417 27 64 96
2418 26 32 95
2419 25 16 94
2420 24 8 93
2421 23 4 92
2422 22 2 91
2423 21 1 90
2424 20 129 89
2425 19 193 88
2426 18 225 87
2427 17 241 86
2428 16 249 85
2429 15 253 84
2430 14 255 83
2431 70 1 140
2432 69 129 139
2433 68 193 138
2434 67 225 137
2435 66 241 136
2436 65 249 135
2437 64 253 134
2438 63 255 133
2439 62 256 132
2440 61 128 131
2441 60 64 130
2442 59 32 129
2443 58 16 128
2444 57 8 127
2445 56 4 126
2446 55 2 125
2447 54 1 124
2448 53 129 123
2449 52 193 122
2450 51 225 121
2451 50 241 120
2452 49 249 119
2453 48 253 118
2454 47 255 117
2455 46 256 116
2456 45 128 115
2457 44 64 114
2458 43 32 113
2459 42 16 112
2460 41 8 111
2461 40 4 110
2462 39 2 109
2463 38 1 108
2464 37 129 107
2465 36 193 106
2466 35 225 105
2467 34 241 104
2468 33 249 103
2469 32 253 102
2470 31 255 101
2471 30 256 100
2472 29 128 99
2473 28 64 98
2474 27 32 97
2475 26 16 96
2476 25 8 95
2477 24 4 94
2478 23 2 93
2479 22 1 92
2480 21 129 91
2481 20 193 90
2482 19 225 89
2483 18 241 88
2484 17 249 87
2485 16 253 86
2486 71 1 142
2487 70 129 141
2488 69 193 140
2489 68 225 139
2490 67 241 138
2491 66 249 137
2492 65 253 136
2493 64 255 135
2494 63 256 134
2495 62 128 133
2496 61 64 132
2497 60 32 131
2498 59 16 130
2499 58 8 129
2500 57 4 128
2501 56 2 127
2502 55 1 126
2503 54 129 125
2504 53 193 124
2505 52 225 123
2506 51 241 122
2507 50 249 121
2508 49 253 120
2509 48 255 119
2510 47 256 118
2511 46 128 117
2512 45 64 116
2513 44 32 115
2514 43 16 114
2515 42 8 113
2516 41 4 112
2517 40 2 111
2518 39 1 110
2519 38 129 109
2520 37 193 108
2521 36 225 107
2522 35 241 106
2523 34 249 105
2524 33 253 104
2525 32 255 103
2526 31 256 102
2527 30 128 101
2528 29 64 100
2529 28 32 99
2530 27 16 98
2531 26 8 97
2532 25 4 96
2533 24 2 95
2534 23 1 94
2535 22 129 93
2536 21 193 92
2537 20 225 91
2538 19 241 90
2539 18 249 89
2540 72 1 144
2541 71 129 143
2542 70 193 142
2543 69 225 141
2544 68 241 140
2545 67 249 139
2546 66 253 138
2547 65 255 137
2548 64 256 136
2549 63 128 135
2550 62 64 134
2551 61 32 133
2552 60 16 132
2553 59 8 131
2554 58 4 130
2555 57 2 129
2556 56 1 128
2557 55 129 127
2558 54 193 126
2559 53 225 125
2560 52 241 124
2561 51 249 123
2562 50 253 122
2563 49 255 121
2564 48 256 120
2565 47 128 119
2566 46 64 118
2567 45 32 117
2568 44 16 116
2569 43 8 115
2570 42 4 114
2571 41 2 113
2572 40 1 112
2573 39 129 111
2574 38 193 110
2575 37 225 109
2576 36 241 108
2577 35 249 107
2578 34 253 106
2579 33 255 105
2580 32 256 104
2581 31 128 103
2582 30 64 102
2583 29 32 101
2584 28 16 100
2585 27 8 99
2586 26 4 98
2587 25 2 97
2588 24 1 96
2589 23 129 95
2590 22 193 94
2591 21 225 93
2592 20 241 92
2593 73 1 146
2594 72 129 145
2595 71 193 144
2596 70 225 143
2597 69 241 142
2598 68 249 141
2599 67 253 140
2600 66 255 139
2601 65 256 138
2602 64 128 137
2603 63 64 136
2604 62 32 135
2605 61 16 134
2606 60 8 133
2607 59 4 132
2608 58 2 131
2609 57 1 130
2610 56 129 129
2611 55 193 128
2612 54 225 127
2613 53 241 126
2614 52 249 125
2615 51 253 124
2616 50 255 123
2617 49 256 122
2618 48 128 121
2619 47 64 120
2620 46 32 119
2621 45 16 118
2622 44 8 117
2623 43 4 116
2624 42 2 115
2625 41 1 114
2626 40 129 113
2627 39 193 112
2628 38 225 111
2629 37 241 110
2630 36 249 109
2631 35 253 108
2632 34 255 107
2633 33 256 106
2634 32 128 105
2635 31 64 104
2636 30 32 103
2637 29 16 102
2638 28 8 101
2639 27 4 100
2640 26 2 99
2641 25 1 98
2642 24 129 97
2643 23 193 96
2644 22 225 95
2645 74 1 148
2646 73 129 147
2647 72 193 146
2648 71 225 145
2649 70 241 144
2650 69 249 143
2651 68 253 142
2652 67 255 141
2653 66 256 140
2654 65 128 139
2655 64 64 138
2656 63 32 137
2657 62 16 136
2658 61 8 135
2659 60 4 134
2660 59 2 133
2661 58 1 132
2662 57 129 131
2663 56 193 130
2664 55 225 129
2665 54 241 128
2666 53 249 127
2667 52 253 126
2668 51 255 125
2669 50 256 124
2670 49 128 123
2671 48 64 122
2672 47 32 121
2673 46 16 120
2674 45 8 119
2675 44 4 118
2676 43 2 117
2677 42 1 116
2678 41 129 115
2679 40 193 114
2680 39 225 113
2681 38 241 112
2682 37 249 111
2683 36 253 110
2684 35 255 109
2685 34 256 108
2686 33 128 107
2687 32 64 106
2688 31 32 105
2689 30 16 104
2690 29 8 103
2691 28 4 102
2692 27 2 101
2693 26 1 100
2694 25 129 99
2695 24 193 98
2696 75 1 150
2697 74 129 149
2698 73 193 148
2699 72 225 147
2700 71 241 146
2701 70 249 145
2702 69 253 144
2703 68 255 143
2704 67 256 142
2705 66 128 141
2706 65 64 140
2707 64 32 139
2708 63 16 138
2709 62 8 137
2710 61 4 136
2711 60 2 135
2712 59 1 134
2713 58 129 133
2714 57 193 132
2715 56 225 131
2716 55 241 130
2717 54 249 129
2718 53 253 128
2719 52 255 127
2720 51 256 126
2721 50 128 125
2722 49 64 124
2723 48 32 123
2724 47 16 122
2725 46 8 121
2726 45 4 120
2727 44 2 119
2728 43 1 118
2729 42 129 117
2730 41 193 116
2731 40 225 115
2732 39 241 114
2733 38 249 113
2734 37 253 112
2735 36 255 111
2736 35 256 110
2737 34 128 109
2738 33 64 108
2739 32 32 107
2740 31 16 106
2741 30 8 105
2742 29 4 104
2743 28 2 103
2744 27 1 102
2745 26 129 101
2746 76 1 152
2747 75 129 151
2748 74 193 150
2749 73 225 149
2750 72 241 148
2751 71 249 147
2752 70 253 146
2753 69 255 145
2754 68 256 144
2755 67 128 143
2756 66 64 142
2757 65 32 141
2758 64 16 140
2759 63 8 139
2760 62 4 138
2761 61 2 137
2762 60 1 136
2763 59 129 135
2764 58 193 134
2765 57 225 133
2766 56 241 132
2767 55 249 131
2768 54 253 130
2769 53 255 129
2770 52 256 128
2771 51 128 127
2772 50 64 126
2773 49 32 125
2774 48 16 124
2775 47 8 123
2776 46 4 122
2777 45 2 121
2778 44 1 120
2779 43 129 119
2780 42 193 118
2781 41 225 117
2782 40 241 116
2783 39 249 115
2784 38 253 114
2785 37 255 113
2786 36 256 112
2787 35 128 111
2788 34 64 110
2789 33 32 109
2790 32 16 108
2791 31 8 107
2792 30 4 106
2793 29 2 105
2794 28 1 104
2795 77 1 154
2796 76 129 153
2797 75 193 152
2798 74 225 151
2799 73 241 150
2800 72 249 149
2801 71 253 148
2802 70 255 147
2803 69 256 146
2804 68 128 145
2805 67 64 144
2806 66 32 143
2807 65 16 142
2808 64 8 141
2809 63 4 140
2810 62 2 139
2811 61 1 138
2812 60 129 137
2813 59 193 136
2814 58 225 135
2815 57 241 134
2816 56 249 133
2817 55 253 132
2818 54 255 131
2819 53 256 130
2820 52 128 129
2821 51 64 128
2822 50 32 127
2823 49 16 126
2824 48 8 125
2825 47 4 124
2826 46 2 123
2827 45 1 122
2828 44 129 121
2829 43 193 120
2830 42 225 119
2831 41 241 118
2832 40 249 117
2833 39 253 116
2834 38 255 115
2835 37 256 114
2836 36 128 113
2837 35 64 112
2838 34 32 111
2839 33 16 110
2840 32 8 109
2841 31 4 108
2842 30 2 107
2843 78 1 156
2844 77 129 155
2845 76 193 154
2846 75 225 153
2847 74 241 152
2848 73 249 151
2849 72 253 150
2850 71 255 149
2851 70 256 148
2852 69 128 147
2853 68 64 146
2854 67 32 145
2855 66 16 144
2856 65 8 143
2857 64 4 142
2858 63 2 141
2859 62 1 140
2860 61 129 139
2861 60 193 138
2862 59 225 137
2863 58 241 136
2864 57 249 135
2865 56 253 134
2866 55 255 133
2867 54 256 132
2868 53 128 131
2869 52 64 130
2870 51 32 129
2871 50 16 128
2872 49 8 127
2873 48 4 126
2874 47 2 125
2875 46 1 124
2876 45 129 123
2877 44 193 122
2878 43 225 121
2879 42 241 120
2880 41 249 119
2881 40 253 118
2882 39 255 117
2883 38 256 116
2884 37 128 115
2885 36 64 114
2886 35 32 113
2887 34 16 112
2888 33 8 111
2889 32 4 110
2890 79 1 158
2891 78 129 157
2892 77 193 156
2893 76 225 155
2894 75 241 154
2895 74 249 153
2896 73 253 152
2897 72 255 151
2898 71 256 150
2899 70 128 149
2900 69 64 148
2901 68 32 147
2902 67 16 146
2903 66 8 145
2904 65 4 144
2905 64 2 143
2906 63 1 142
2907 62 129 141
2908 61 193 140
2909 60 225 139
2910 59 241 138
2911 58 249 137
2912 57 253 136
2913 56 255 135
2914 55 256 134
2915 54 128 133
2916 53 64 132
2917 52 32 131
2918 51 16 130
2919 50 8 129
2920 49 4 128
2921 48 2 127
2922 47 1 126
2923 46 129 125
2924 45 193 124
2925 44 225 123
2926 43 241 122
2927 42 249 121
2928 41 253 120
2929 40 255 119
2930 39 256 118
2931 38 128 117
2932 37 64 116
2933 36 32 115
2934 35 16 114
2935 34 8 113
2936 80 1 160
2937 79 129 159
2938 78 193 158
2939 77 225 157
2940 76 241 156
2941 75 249 155
2942 74 253 154
2943 73 255 153
2944 72 256 152
2945 71 128 151
2946 70 64 150
2947 69 32 149
2948 68 16 148
2949 67 8 147
2950 66 4 146
2951 65 2 145
2952 64 1 144
2953 63 129 143
2954 62 193 142
2955 61 225 141
2956 60 241 140
2957 59 249 139
2958 58 253 138
2959 57 255 137
2960 56 256 136
2961 55 128 135
2962 54 64 134
2963 53 32 133
2964 52 16 132
2965 51 8 131
2966 50 4 130
2967 49 2 129
2968 48 1 128
2969 47 129 127
2970 46 193 126
2971 45 225 125
2972 44 241 124
2973 43 249 123
2974 42 253 122
2975 41 255 121
2976 40 256 120
2977 39 128 119
2978 38 64 118
2979 37 32 117
2980 36 16 116
2981 81 1 162
2982 80 129 161
2983 79 193 160
2984 78 225 159
2985 77 241 158
2986 76 249 157
2987 75 253 156
2988 74 255 155
2989 73 256 154
2990 72 128 153
2991 71 64 152
2992 70 32 151
2993 69 16 150
2994 68 8 149
2995 67 4 148
2996 66 2 147
2997 65 1 146
2998 64 129 145
2999 63 193 144
3000 62 225 143
3001 61 241 142
3002 60 249 141
3003 59 253 140
3004 58 255 139
3005 57 256 138
3006 56 128 137
3007 55 64 136
3008 54 32 135
3009 53 16 134
3010 52 8 133
3011 51 4 132
3012 50 2 131
3013 49 1 130
3014 48 129 129
3015 47 193 128
3016 46 225 127
3017 45 241 126
3018 44 249 125
3019 43 253 124
3020 42 255 123
3021 41 256 122
3022 40 128 121
3023 39 64 120
3024 38 32 119
3025 82 1 164
3026 81 129 163
3027 80 193 162
3028 79 225 161
3029 78 241 160
3030 77 249 159
3031 76 253 158
3032 75 255 157
3033 74 256 156
3034 73 128 155
3035 72 64 154
3036 71 32 153
3037 70 16 152
3038 69 8 151
3039 68 4 150
3040 67 2 149
3041 66 1 148
3042 65 129 147
3043 64 193 146
3044 63 225 145
3045 62 241 144
3046 61 249 143
3047 60 253 142
3048 59 255 141
3049 58 256 140
3050 57 128 139
3051 56 64 138
3052 55 32 137
3053 54 16 136
3054 53 8 135
3055 52 4 134
3056 51 2 133
3057 50 1 132
3058 49 129 131
3059 48 193 130
3060 47 225 129
3061 46 241 128
3062 45 249 127
3063 44 253 126
3064 43 255 125
3065 42 256 124
3066 41 128 123
3067 40 64 122
3068 83 1 166
3069 82 129 165
3070 81 193 164
3071 80 225 163
3072 79 241 162
3073 78 249 161
3074 77 253 160
3075 76 255 159
3076 75 256 158
3077 74 128 157
3078 73 64 156
3079 72 32 155
3080 71 16 154
3081 70 8 153
3082 69 4 152
3083 68 2 151
3084 67 1 150
3085 66 129 149
3086 65 193 148
3087 64 225 147
3088 63 241 146
3089 62 249 145
3090 61 253 144
3091 60 255 143
3092 59 256 142
3093 58 128 141
3094 57 64 140
3095 56 32 139
3096 55 16 138
3097 54 8 137
3098 53 4 136
3099 52 2 135
3100 51 1 134
3101 50 129 133
3102 49 193 132
3103 48 225 131
3104 47 241 130
3105 46 249 129
3106 45 253 128
3107 44 255 127
3108 43 256 126
3109 42 128 125
3110 84 1 168
3111 83 129 167
3112 82 193 166
3113 81 225 165
3114 80 241 164
3115 79 249 163
3116 78 253 162
3117 77 255 161
3118 76 256 160
3119 75 128 159
3120 74 64 158
3121 73 32 157
3122 72 16 156
3123 71 8 155
3124 70 4 154
3125 69 2 153
3126 68 1 152
3127 67 129 151
3128 66 193 150
3129 65 225 149
3130 64 241 148
3131 63 249 147
3132 62 253 146
3133 61 255 145
3134 60 256 144
3135 59 128 143
3136 58 64 142
3137 57 32 141
3138 56 16 140
3139 55 8 139
3140 54 4 138
3141 53 2 137
3142 52 1 136
3143 51 129 135
3144 50 193 134
3145 49 225 133
3146 48 241 132
3147 47 249 131
3148 46 253 130
3149 45 255 129
3150 44 256 128
3151 85 1 170
3152 84 129 169
3153 83 193 168
3154 82 225 167
3155 81 241 166
3156 80 249 165
3157 79 253 164
3158 78 255 163
3159 77 256 162
3160 76 128 161
3161 75 64 160
3162 74 32 159
3163 73 16 158
3164 72 8 157
3165 71 4 156
3166 70 2 155
3167 69 1 154
3168 68 129 153
3169 67 193 152
3170 66 225 151
3171 65 241 150
3172 64 249 149
3173 63 253 148
3174 62 255 147
3175 61 256 146
3176 60 128 145
3177 59 64 144
3178 58 32 143
3179 57 16 142
3180 56 8 141
3181 55 4 140
3182 54 2 139
3183 53 1 138
3184 52 129 137
3185 51 193 136
3186 50 225 135
3187 49 241 134
3188 48 249 133
3189 47 253 132
3190 46 255 131
3191 86 1 172
3192 85 129 171
3193 84 193 170
3194 83 225 169
3195 82 241 168
3196 81 249 167
3197 80 253 166
3198 79 255 165
3199 78 256 164
3200 77 128 163
3201 76 64 162
3202 75 32 161
3203 74 16 160
3204 73 8 159
3205 72 4 158
3206 71 2 157
3207 70 1 156
3208 69 129 155
3209 68 193 154
3210 67 225 153
3211 66 241 152
3212 65 249 151
3213 64 253 150
3214 63 255 149
3215 62 256 148
3216 61 128 147
3217 60 64 146
3218 59 32 145
3219 58 16 144
3220 57 8 143
3221 56 4 142
3222 55 2 141
3223 54 1 140
3224 53 129 139
3225 52 193 138
3226 51 225 137
3227 50 241 136
3228 49 249 135
3229 48 253 134
3230 87 1 174
3231 86 129 173
3232 85 193 172
3233 84 225 171
3234 83 241 170
3235 82 249 169
3236 81 253 168
3237 80 255 167
3238 79 256 166
3239 78 128 165
3240 77 64 164
3241 76 32 163
3242 75 16 162
3243 74 8 161
3244 73 4 160
3245 72 2 159
3246 71 1 158
3247 70 129 157
3248 69 193 156
3249 68 225 155
3250 67 241 154
3251 66 249 153
3252 65 253 152
3253 64 255 151
3254 63 256 150
3255 62 128 149
3256 61 64 148
3257 60 32 147
3258 59 16 146
3259 58 8 145
3260 57 4 144
3261 56 2 143
3262 55 1 142
3263 54 129 141
3264 53 193 140
3265 52 225 139
3266 51 241 138
3267 50 249 137
3268 88 1 176
3269 87 129 175
3270 86 193 174
3271 85 225 173
3272 84 241 172
3273 83 249 171
3274 82 253 170
3275 81 255 169
3276 80 256 168
3277 79 128 167
3278 78 64 166
3279 77 32 165
3280 76 16 164
3281 75 8 163
3282 74 4 162
3283 73 2 161
3284 72 1 160
3285 71 129 159
3286 70 193 158
3287 69 225 157
3288 68 241 156
3289 67 249 155
3290 66 253 154
3291 65 255 153
3292 64 256 152
3293 63 128 151
3294 62 64 150
3295 61 32 149
3296 60 16 148
3297 59 8 147
3298 58 4 146
3299 57 2 145
3300 56 1 144
3301 55 129 143
3302 54 193 142
3303 53 225 141
3304 52 241 140
3305 89 1 178
3306 88 129 177
3307 87 193 176
3308 86 225 175
3309 85 241 174
3310 84 249 173
3311 83 253 172
3312 82 255 171
3313 81 256 170
3314 80 128 169
3315 79 64 168
3316 78 32 167
3317 77 16 166
3318 76 8 165
3319 75 4 164
3320 74 2 163
3321 73 1 162
3322 72 129 161
3323 71 193 160
3324 70 225 159
3325 69 241 158
3326 68 249 157
3327 67 253 156
3328 66 255 155
3329 65 256 154
3330 64 128 153
3331 63 64 152
3332 62 32 151
3333 61 16 150
3334 60 8 149
3335 59 4 148
3336 58 2 147
3337 57 1 146
3338 56 129 145
3339 55 193 144
3340 54 225 143
3341 90 1 180
3342 89 129 179
3343 88 193 178
3344 87 225 177
3345 86 241 176
3346 85 249 175
3347 84 253 174
3348 83 255 173
3349 82 256 172
3350 81 128 171
3351 80 64 170
3352 79 32 169
3353 78 16 168
3354 77 8 167
3355 76 4 166
3356 75 2 165
3357 74 1 164
3358 73 129 163
3359 72 193 162
3360 71 225 161
3361 70 241 160
3362 69 249 159
3363 68 253 158
3364 67 255 157
3365 66 256 156
3366 65 128 155
3367 64 64 154
3368 63 32 153
3369 62 16 152
3370 61 8 151
3371 60 4 150
3372 59 2 149
3373 58 1 148
3374 57 129 147
3375 56 193 146
3376 91 1 182
3377 90 129 181
3378 89 193 180
3379 88 225 179
3380 87 241 178
3381 86 249 177
3382 85 253 176
3383 84 255 175
3384 83 256 174
3385 82 128 173
3386 81 64 172
3387 80 32 171
3388 79 16 170
3389 78 8 169
3390 77 4 168
3391 76 2 167
3392 75 1 166
3393 74 129 165
3394 73 193 164
3395 72 225 163
3396 71 241 162
3397 70 249 161
3398 69 253 160
3399 68 255 159
3400 67 256 158
3401 66 128 157
3402 65 64 156
3403 64 32 155
3404 63 16 154
3405 62 8 153
3406 61 4 152
3407 60 2 151
3408 59 1 150
3409 58 129 149
3410 92 1 184
3411 91 129 183
3412 90 193 182
3413 89 225 181
3414 88 241 180
3415 87 249 179
3416 86 253 178
3417 85 255 177
3418 84 256 176
3419 83 128 175
3420 82 64 174
3421 81 32 173
3422 80 16 172
3423 79 8 171
3424 78 4 170
3425 77 2 169
3426 76 1 168
3427 75 129 167
3428 74 193 166
3429 73 225 165
3430 72 241 164
3431 71 249 163
3432 70 253 162
3433 69 255 161
3434 68 256 160
3435 67 128 159
3436 66 64 158
3437 65 32 157
3438 64 16 156
3439 63 8 155
3440 62 4 154
3441 61 2 153
3442 60 1 152
3443 93 1 186
3444 92 129 185
3445 91 193 184
3446 90 225 183
3447 89 241 182
3448 88 249 181
3449 87 253 180
3450 86 255 179
3451 85 256 178
3452 84 128 177
3453 83 64 176
3454 82 32 175
3455 81 16 174
3456 80 8 173
3457 79 4 172
3458 78 2 171
3459 77 1 170
3460 76 129 169
3461 75 193 168
3462 74 225 167
3463 73 241 166
3464 72 249 165
3465 71 253 164
3466 70 255 163
3467 69 256 162
3468 68 128 161
3469 67 64 160
3470 66 32 159
3471 65 16 158
3472 64 8 157
3473 63 4 156
3474 62 2 155
3475 94 1 188
3476 93 129 187
3477 92 193 186
3478 91 225 185
3479 90 241 184
3480 89 249 183
3481 88 253 182
3482 87 255 181
3483 86 256 180
3484 85 128 179
3485 84 64 178
3486 83 32 177
3487 82 16 176
3488 81 8 175
3489 80 4 174
3490 79 2 173
3491 78 1 172
3492 77 129 171
3493 76 193 170
3494 75 225 169
3495 74 241 168
3496 73 249 167
3497 72 253 166
3498 71 255 165
3499 70 256 164
3500 69 128 163
3501 68 64 162
3502 67 32 161
3503 66 16 160
3504 65 8 159
3505 64 4 158
3506 95 1 190
3507 94 129 189
3508 93 193 188
3509 92 225 187
3510 91 241 186
3511 90 249 185
3512 89 253 184
3513 88 255 183
3514 87 256 182
3515 86 128 181
3516 85 64 180
3517 84 32 179
3518 83 16 178
3519 82 8 177
3520 81 4 176
3521 80 2 175
3522 79 1 174
3523 78 129 173
3524 77 193 172
3525 76 225 171
3526 75 241 170
3527 74 249 169
3528 73 253 168
3529 72 255 167
3530 71 256 166
3531 70 128 165
3532 69 64 164
3533 68 32 163
3534 67 16 162
3535 66 8 161
3536 96 1 192
3537 95 129 191
3538 94 193 190
3539 93 225 189
3540 92 241 188
3541 91 249 187
3542 90 253 186
3543 89 255 185
3544 88 256 184
3545 87 128 183
3546 86 64 182
3547 85 32 181
3548 84 16 180
3549 83 8 179
3550 82 4 178
3551 81 2 177
3552 80 1 176
3553 79 129 175
3554 78 193 174
3555 77 225 173
3556 76 241 172
3557 75 249 171
3558 74 253 170
3559 73 255 169
3560 72 256 168
3561 71 128 167
3562 70 64 166
3563 69 32 165
3564 68 16 164
3565 97 1 194
3566 96 129 193
3567 95 193 192
3568 94 225 191
3569 93 241 190
3570 92 249 189
3571 91 253 188
3572 90 255 187
3573 89 256 186
3574 88 128 185
3575 87 64 184
3576 86 32 183
3577 85 16 182
3578 84 8 181
3579 83 4 180
3580 82 2 179
3581 81 1 178
3582 80 129 177
3583 79 193 176
3584 78 225 175
3585 77 241 174
3586 76 249 173
3587 75 253 172
3588 74 255 171
3589 73 256 170
3590 72 128 169
3591 71 64 168
3592 70 32 167
3593 98 1 196
3594 97 129 195
3595 96 193 194
3596 95 225 193
3597 94 241 192
3598 93 249 191
3599 92 253 190
3600 91 255 189
3601 90 256 188
3602 89 128 187
3603 88 64 186
3604 87 32 185
3605 86 16 184
3606 85 8 183
3607 84 4 182
3608 83 2 181
3609 82 1 180
3610 81 129 179
3611 80 193 178
3612 79 225 177
3613 78 241 176
3614 77 249 175
3615 76 253 174
3616 75 255 173
3617 74 256 172
3618 73 128 171
3619 72 64 170
3620 99 1 198
3621 98 129 197
3622 97 193 196
3623 96 225 195
3624 95 241 194
3625 94 249 193
3626 93 253 192
3627 92 255 191
3628 91 256 190
3629 90 128 189
3630 89 64 188
3631 88 32 187
3632 87 16 186
3633 86 8 185
3634 85 4 184
3635 84 2 183
3636 83 1 182
3637 82 129 181
3638 81 193 180
3639 80 225 179
3640 79 241 178
3641 78 249 177
3642 77 253 176
3643 76 255 175
3644 75 256 174
3645 74 128 173
3646 100 1 200
3647 99 129 199
3648 98 193 198
3649 97 225 197
3650 96 241 196
3651 95 249 195
3652 94 253 194
3653 93 255 193
3654 92 256 192
3655 91 128 191
3656 90 64 190
3657 89 32 189
3658 88 16 188
3659 87 8 187
3660 86 4 186
3661 85 2 185
3662 84 1 184
3663 83 129 183
3664 82 193 182
3665 81 225 181
3666 80 241 180
3667 79 249 179
3668 78 253 178
3669 77 255 177
3670 76 256 176
3671 101 1 202
3672 100 129 201
3673 99 193 200
3674 98 225 199
3675 97 241 198
3676 96 249 197
3677 95 253 196
3678 94 255 195
3679 93 256 194
3680 92 128 193
3681 91 64 192
3682 90 32 191
3683 89 16 190
3684 88 8 189
3685 87 4 188
3686 86 2 187
3687 85 1 186
3688 84 129 185
3689 83 193 184
3690 82 225 183
3691 81 241 182
3692 80 249 181
3693 79 253 180
3694 78 255 179
3695 102 1 204
3696 101 129 203
3697 100 193 202
3698 99 225 201
3699 98 241 200
3700 97 249 199
3701 96 253 198
3702 95 255 197
3703 94 256 196
3704 93 128 195
3705 92 64 194
3706 91 32 193
3707 90 16 192
3708 89 8 191
3709 88 4 190
3710 87 2 189
3711 86 1 188
3712 85 129 187
3713 84 193 186
3714 83 225 185
3715 82 241 184
3716 81 249 183
3717 80 253 182
3718 103 1 206
3719 102 129 205
3720 101 193 204
3721 100 225 203
3722 99 241 202
3723 98 249 201
3724 97 253 200
3725 96 255 199
3726 95 256 198
3727 94 128 197
3728 93 64 196
3729 92 32 195
3730 91 16 194
3731 90 8 193
3732 89 4 192
3733 88 2 191
3734 87 1 190
3735 86 129 189
3736 85 193 188
3737 84 225 187
3738 83 241 186
3739 82 249 185
3740 104 1 208
3741 103 129 207
3742 102 193 206
3743 101 225 205
3744 100 241 204
3745 99 249 203
3746 98 253 202
3747 97 255 201
3748 96 256 200
3749 95 128 199
3750 94 64 198
3751 93 32 197
3752 92 16 196
3753 91 8 195
3754 90 4 194
3755 89 2 193
3756 88 1 192
3757 87 129 191
3758 86 193 190
3759 85 225 189
3760 84 241 188
3761 105 1 210
3762 104 129 209
3763 103 193 208
3764 102 225 207
3765 101 241 206
3766 100 249 205
3767 99 253 204
3768 98 255 203
3769 97 256 202
3770 96 128 201
3771 95 64 200
3772 94 32 199
3773 93 16 198
3774 92 8 197
3775 91 4 196
3776 90 2 195
3777 89 1 194
3778 88 129 193
3779 87 193 192
3780 86 225 191
3781 106 1 212
3782 105 129 211
3783 104 193 210
3784 103 225 209
3785 102 241 208
3786 101 249 207
3787 100 253 206
3788 99 255 205
3789 98 256 204
3790 97 128 203
3791 96 64 202
3792 95 32 201
3793 94 16 200
3794 93 8 199
3795 92 4 198
3796 91 2 197
3797 90 1 196
3798 89 129 195
3799 88 193 194
3800 107 1 214
3801 106 129 213
3802 105 193 212
3803 104 225 211
3804 103 241 210
3805 102 249 209
3806 101 253 208
3807 100 255 207
3808 99 256 206
3809 98 128 205
3810 97 64 204
3811 96 32 203
3812 95 16 202
3813 94 8 201
3814 93 4 200
3815 92 2 199
3816 91 1 198
3817 90 129 197
3818 108 1 216
3819 107 129 215
3820 106 193 214
3821 105 225 213
3822 104 241 212
3823 103 249 211
3824 102 253 210
3825 101 255 209
3826 100 256 208
3827 99 128 207
3828 98 64 206
3829 97 32 205
3830 96 16 204
3831 95 8 203
3832 94 4 202
3833 93 2 201
3834 92 1 200
3835 109 1 218
3836 108 129 217
3837 107 193 216
3838 106 225 215
3839 105 241 214
3840 104 249 213
3841 103 253 212
3842 102 255 211
3843 101 256 210
3844 100 128 209
3845 99 64 208
3846 98 32 207
3847 97 16 206
3848 96 8 205
3849 95 4 204
3850 94 2 203
3851 110 1 220
3852 109 129 219
3853 108 193 218
3854 107 225 217
3855 106 241 216
3856 105 249 215
3857 104 253 214
3858 103 255 213
3859 102 256 212
3860 101 128 211
3861 100 64 210
3862 99 32 209
3863 98 16 208
3864 97 8 207
3865 96 4 206
3866 111 1 222
3867 110 129 221
3868 109 193 220
3869 108 225 219
3870 107 241 218
3871 106 249 217
3872 105 253 216
3873 104 255 215
3874 103 256 214
3875 102 128 213
3876 101 64 212
3877 100 32 211
3878 99 16 210
3879 98 8 209
3880 112 1 224
3881 111 129 223
3882 110 193 222
3883 109 225 221
3884 108 241 220
3885 107 249 219
3886 106 253 218
3887 105 255 217
3888 104 256 216
3889 103 128 215
3890 102 64 214
3891 101 32 213
3892 100 16 212
3893 113 1 226
3894 112 129 225
3895 111 193 224
3896 110 225 223
3897 109 241 222
3898 108 249 221
3899 107 253 220
3900 106 255 219
3901 105 256 218
3902 104 128 217
3903 103 64 216
3904 102 32 215
3905 114 1 228
3906 113 129 227
3907 112 193 226
3908 111 225 225
3909 110 241 224
3910 109 249 223
3911 108 253 222
3912 107 255 221
3913 106 256 220
3914 105 128 219
3915 104 64 218
3916 115 1 230
3917 114 129 229
3918 113 193 228
3919 112 225 227
3920 111 241 226
3921 110 249 225
3922 109 253 224
3923 108 255 223
3924 107 256 222
3925 106 128 221
3926 116 1 232
3927 115 129 231
3928 114 193 230
3929 113 225 229
3930 112 241 228
3931 111 249 227
3932 110 253 226
3933 109 255 225
3934 108 256 224
3935 117 1 234
3936 116 129 233
3937 115 193 232
3938 114 225 231
3939 113 241 230
3940 112 249 229
3941 111 253 228
3942 110 255 227
3943 118 1 236
3944 117 129 235
3945 116 193 234
3946 115 225 233
3947 114 241 232
3948 113 249 231
3949 112 253 230
3950 119 1 238
3951 118 129 237
3952 117 193 236
3953 116 225 235
3954 115 241 234
3955 114 249 233
3956 120 1 240
3957 119 129 239
3958 118 193 238
3959 117 225 237
3960 116 241 236
3961 121 1 242
3962 120 129 241
3963 119 193 240
3964 118 225 239
3965 122 1 244
3966 121 129 243
3967 120 193 242
3968 123 1 246
3969 122 129 245
3970 124 1 248
3971 0 1 64
3972 0 1 65
3973 0 1 66
3974 0 1 67
3975 0 1 68
3976 0 1 69
3977 0 1 70
3978 0 1 71
3979 0 1 72
3980 0 1 73
3981 0 1 74
3982 0 1 75
3983 0 1 76
3984 0 1 77
3985 0 1 78
3986 0 1 79
3987 0 1 80
3988 0 1 81
3989 0 1 82
3990 0 1 83
3991 0 1 84
3992 0 1 85
3993 0 1 86
3994 0 1 87
3995 0 1 88
3996 0 1 89
3997 0 1 90
3998 0 1 91
3999 0 1 92
4000 0 1 93
4001 0 1 94
4002 0 1 95
4003 0 1 96
4004 0 1 97
4005 0 1 98
4006 0 1 99
4007 0 1 100
4008 0 1 101
4009 0 1 102
4010 0 1 103
4011 0 1 104
4012 0 1 105
4013 0 1 106
4014 0 1 107
4015 0 1 108
4016 0 1 109
4017 0 1 110
4018 0 1 111
4019 0 1 112
4020 0 1 113
4021 0 1 114
4022 0 1 115
4023 0 1 116
4024 0 1 117
4025 0 1 118
4026 0 1 119
4027 0 1 120
4028 1 1 65
4029 1 1 66
4030 1 1 67
4031 1 1 68
4032 1 1 69
4033 1 1 70
4034 1 1 71
4035 1 1 72
4036 1 1 73
4037 1 1 74
4038 1 1 75
4039 1 1 76
4040 1 1 77
4041 1 1 78
4042 1 1 79
4043 1 1 80
4044 1 1 81
4045 1 1 82
4046 1 1 83
4047 1 1 84
4048 1 1 85
4049 1 1 86
4050 1 1 87
4051 1 1 88
4052 1 1 89
4053 1 1 90
4054 1 1 91
4055 1 1 92
4056 1 1 93
4057 1 1 94
4058 1 1 95
4059 1 1 96
4060 1 1 97
4061 1 1 98
4062 1 1 99
4063 1 1 100
4064 1 1 101
4065 1 1 102
4066 1 1 103
4067 1 1 104
4068 1 1 105
4069 1 1 106
4070 1 1 107
4071 1 1 108
4072 1 1 109
4073 1 1 110
4074 1 1 111
4075 1 1 112
4076 1 1 113
4077 1 1 114
4078 1 1 115
4079 1 1 116
4080 1 1 117
4081 1 1 118
4082 1 1 119
4083 1 1 120
4084 2 1 66
4085 2 1 67
4086 2 1 68
4087 2 1 69
4088 2 1 70
4089 2 1 71
4090 2 1 72
4091 2 1 73
4092 2 1 74
4093 2 1 75
4094 2 1 76
4095 2 1 77
4096 2 1 78
4097 2 1 79
4098 2 1 80
4099 2 1 81
4100 2 1 82
4101 2 1 83
4102 2 1 84
4103 2 1 85
4104 2 1 86
4105 2 1 87
4106 2 1 88
4107 2 1 89
4108 2 1 90
4109 2 1 91
4110 2 1 92
4111 2 1 93
4112 2 1 94
4113 2 1 95
4114 2 1 96
4115 2 1 97
4116 2 1 98
4117 2 1 99
4118 2 1 100
4119 2 1 101
4120 2 1 102
4121 2 1 103
4122 2 1 104
4123 2 1 105
4124 2 1 106
4125 2 1 107
4126 2 1 108
4127 2 1 109
4128 2 1 110
4129 2 1 111
4130 2 1 112
4131 2 1 113
4132 2 1 114
4133 2 1 115
4134 2 1 116
4135 2 1 117
4136 2 1 118
4137 2 1 119
4138 2 1 120
4139 3 1 67
4140 3 1 68
4141 3 1 69
4142 3 1 70
4143 3 1 71
4144 3 1 72
4145 3 1 73
4146 3 1 74
4147 3 1 75
4148 3 1 76
4149 3 1 77
4150 3 1 78
4151 3 1 79
4152 3 1 80
4153 3 1 81
4154 3 1 82
4155 3 1 83
4156 3 1 84
4157 3 1 85
4158 3 1 86
4159 3 1 87
4160 3 1 88
4161 3 1 89
4162 3 1 90
4163 3 1 91
4164 3 1 92
4165 3 1 93
4166 3 1 94
4167 3 1 95
4168 3 1 96
4169 3 1 97
4170 3 1 98
4171 3 1 99
4172 3 1 100
4173 3 1 101
4174 3 1 102
4175 3 1 103
4176 3 1 104
4177 3 1 105
4178 3 1 106
4179 3 1 107
4180 3 1 108
4181 3 1 109
4182 3 1 110
4183 3 1 111
4184 3 1 112
4185 3 1 113
4186 3 1 114
4187 3 1 115
4188 3 1 116
4189 3 1 117
4190 3 1 118
4191 3 1 119
4192 3 1 120
4193 4 1 69
4194 4 1 70
4195 5 255 70
4196 4 1 71
4197 4 1 72
4198 4 1 73
4199 4 1 74
4200 4 1 75
4201 4 1 76
4202 4 1 77
4203 4 1 78
4204 4 1 79
4205 4 1 80
4206 4 1 81
4207 4 1 82
4208 4 1 83
4209 4 1 84
4210 4 1 85
4211 4 1 86
4212 4 1 87
4213 4 1 88
4214 4 1 89
4215 4 1 90
4216 4 1 91
4217 4 1 92
4218 4 1 93
4219 4 1 94
4220 4 1 95
4221 4 1 96
4222 4 1 97
4223 4 1 98
4224 4 1 99
4225 4 1 100
4226 4 1 101
4227 4 1 102
4228 4 1 103
4229 4 1 104
4230 4 1 105
4231 4 1 106
4232 4 1 107
4233 4 1 108
4234 4 1 109
4235 4 1 110
4236 4 1 111
4237 4 1 112
4238 4 1 113
4239 4 1 114
4240 4 1 115
4241 4 1 116
4242 4 1 117
4243 4 1 118
4244 4 1 119
4245 4 1 120
4246 5 1 71
4247 5 1 72
4248 6 255 72
4249 5 1 73
4250 7 4 73
4251 5 1 74
4252 5 1 75
4253 5 1 76
4254 5 1 77
4255 5 1 78
4256 5 1 79
4257 5 1 80
4258 5 1 81
4259 5 1 82
4260 5 1 83
4261 5 1 84
4262 5 1 85
4263 5 1 86
4264 5 1 87
4265 5 1 88
4266 5 1 89
4267 5 1 90
4268 5 1 91
4269 5 1 92
4270 5 1 93
4271 5 1 94
4272 5 1 95
4273 5 1 96
4274 5 1 97
4275 5 1 98
4276 5 1 99
4277 5 1 100
4278 5 1 101
4279 5 1 102
4280 5 1 103
4281 5 1 104
4282 5 1 105
4283 5 1 106
4284 5 1 107
4285 5 1 108
4286 5 1 109
4287 5 1 110
4288 5 1 111
4289 5 1 112
4290 5 1 113
4291 5 1 114
4292 5 1 115
4293 5 1 116
4294 5 1 117
4295 5 1 118
4296 5 1 119
4297 5 1 120
4298 6 1 73
4299 6 1 74
4300 7 255 74
4301 6 1 75
4302 8 4 75
4303 6 1 76
4304 9 249 76
4305 6 1 77
4306 6 1 78
4307 6 1 79
4308 6 1 80
4309 6 1 81
4310 6 1 82
4311 6 1 83
4312 6 1 84
4313 6 1 85
4314 6 1 86
4315 6 1 87
4316 6 1 88
4317 6 1 89
4318 6 1 90
4319 6 1 91
4320 6 1 92
4321 6 1 93
4322 6 1 94
4323 6 1 95
4324 6 1 96
4325 6 1 97
4326 6 1 98
4327 6 1 99
4328 6 1 100
4329 6 1 101
4330 6 1 102
4331 6 1 103
4332 6 1 104
4333 6 1 105
4334 6 1 106
4335 6 1 107
4336 6 1 108
4337 6 1 109
4338 6 1 110
4339 6 1 111
4340 6 1 112
4341 6 1 113
4342 6 1 114
4343 6 1 115
4344 6 1 116
4345 6 1 117
4346 6 1 118
4347 6 1 119
4348 6 1 120
4349 7 1 75
4350 7 1 76
4351 8 255 76
4352 7 1 77
4353 9 4 77
4354 7 1 78
4355 10 249 78
4356 7 1 79
4357 11 16 79
4358 7 1 80
4359 7 1 81
4360 7 1 82
4361 7 1 83
4362 7 1 84
4363 7 1 85
4364 7 1 86
4365 7 1 87
4366 7 1 88
4367 7 1 89
4368 7 1 90
4369 7 1 91
4370 7 1 92
4371 7 1 93
4372 7 1 94
4373 7 1 95
4374 7 1 96
4375 7 1 97
4376 7 1 98
4377 7 1 99
4378 7 1 100
4379 7 1 101
4380 7 1 102
4381 7 1 103
4382 7 1 104
4383 7 1 105
4384 7 1 106
4385 7 1 107
4386 7 1 108
4387 7 1 109
4388 7 1 110
4389 7 1 111
4390 7 1 112
4391 7 1 113
4392 7 1 114
4393 7 1 115
4394 7 1 116
4395 7 1 117
4396 7 1 118
4397 7 1 119
4398 7 1 120
4399 8 1 77
4400 8 1 78
4401 9 255 78
4402 8 1 79
4403 10 4 79
4404 8 1 80
4405 11 249 80
4406 8 1 81
4407 12 16 81
4408 8 1 82
4409 13 225 82
4410 8 1 83
4411 8 1 84
4412 8 1 85
4413 8 1 86
4414 8 1 87
4415 8 1 88
4416 8 1 89
4417 8 1 90
4418 8 1 91
4419 8 1 92
4420 8 1 93
4421 8 1 94
4422 8 1 95
4423 8 1 96
4424 8 1 97
4425 8 1 98
4426 8 1 99
4427 8 1 100
4428 8 1 101
4429 8 1 102
4430 8 1 103
4431 8 1 104
4432 8 1 105
4433 8 1 106
4434 8 1 107
4435 8 1 108
4436 8 1 109
4437 8 1 110
4438 8 1 111
4439 8 1 112
4440 8 1 113
4441 8 1 114
4442 8 1 115
4443 8 1 116
4444 8 1 117
4445 8 1 118
4446 8 1 119
4447 8 1 120
4448 9 1 79
4449 9 1 80
4450 10 255 80
4451 9 1 81
4452 11 4 81
4453 9 1 82
4454 12 249 82
4455 9 1 83
4456 13 16 83
4457 9 1 84
4458 14 225 84
4459 9 1 85
4460 15 64 85
4461 9 1 86
4462 9 1 87
4463 9 1 88
4464 9 1 89
4465 9 1 90
4466 9 1 91
4467 9 1 92
4468 9 1 93
4469 9 1 94
4470 9 1 95
4471 9 1 96
4472 9 1 97
4473 9 1 98
4474 9 1 99
4475 9 1 100
4476 9 1 101
4477 9 1 102
4478 9 1 103
4479 9 1 104
4480 9 1 105
4481 9 1 106
4482 9 1 107
4483 9 1 108
4484 9 1 109
4485 9 1 110
4486 9 1 111
4487 9 1 112
4488 9 1 113
4489 9 1 114
4490 9 1 115
4491 9 1 116
4492 9 1 117
4493 9 1 118
4494 9 1 119
4495 9 1 120
4496 10 1 81
4497 10 1 82
4498 11 255 82
4499 10 1 83
4500 12 4 83
4501 10 1 84
4502 13 249 84
4503 10 1 85
4504 14 16 85
4505 10 1 86
4506 15 225 86
4507 10 1 87
4508 16 64 87
4509 10 1 88
4510 17 129 88
4511 10 1 89
4512 10 1 90
4513 10 1 91
4514 10 1 92
4515 10 1 93
4516 10 1 94
4517 10 1 95
4518 10 1 96
4519 10 1 97
4520 10 1 98
4521 10 1 99
4522 10 1 100
4523 10 1 101
4524 10 1 102
4525 10 1 103
4526 10 1 104
4527 10 1 105
4528 10 1 106
4529 10 1 107
4530 10 1 108
4531 10 1 109
4532 10 1 110
4533 10 1 111
4534 10 1 112
4535 10 1 113
4536 10 1 114
4537 10 1 115
4538 10 1 116
4539 10 1 117
4540 10 1 118
4541 10 1 119
4542 10 1 120
4543 11 1 83
4544 11 1 84
4545 12 255 84
4546 11 1 85
4547 13 4 85
4548 11 1 86
4549 14 249 86
4550 11 1 87
4551 15 16 87
4552 11 1 88
4553 16 225 88
4554 11 1 89
4555 17 64 89
4556 11 1 90
4557 18 129 90
4558 11 1 91
4559 19 256 91
4560 11 1 92
4561 11 1 93
4562 11 1 94
4563 11 1 95
4564 11 1 96
4565 11 1 97
4566 11 1 98
4567 11 1 99
4568 11 1 100
4569 11 1 101
4570 11 1 102
4571 11 1 103
4572 11 1 104
4573 11 1 105
4574 11 1 106
4575 11 1 107
4576 11 1 108
4577 11 1 109
4578 11 1 110
4579 11 1 111
4580 11 1 112
4581 11 1 113
4582 11 1 114
4583 11 1 115
4584 11 1 116
4585 11 1 117
4586 11 1 118
4587 11 1 119
4588 11 1 120
4589 12 1 85
4590 12 1 86
4591 13 255 86
4592 12 1 87
4593 14 4 87
4594 12 1 88
4595 15 249 88
4596 12 1 89
4597 16 16 89
4598 12 1 90
4599 17 225 90
4600 12 1 91
4601 18 64 91
4602 12 1 92
4603 19 129 92
4604 12 1 93
4605 20 256 93
4606 12 1 94
4607 21 2 94
4608 12 1 95
4609 12 1 96
4610 12 1 97
4611 12 1 98
4612 12 1 99
4613 12 1 100
4614 12 1 101
4615 12 1 102
4616 12 1 103
4617 12 1 104
4618 12 1 105
4619 12 1 106
4620 12 1 107
4621 12 1 108
4622 12 1 109
4623 12 1 110
4624 12 1 111
4625 12 1 112
4626 12 1 113
4627 12 1 114
4628 12 1 115
4629 12 1 116
4630 12 1 117
4631 12 1 118
4632 12 1 119
4633 12 1 120
4634 13 1 87
4635 13 1 88
4636 14 255 88
4637 13 1 89
4638 15 4 89
4639 13 1 90
4640 16 249 90
4641 13 1 91
4642 17 16 91
4643 13 1 92
4644 18 225 92
4645 13 1 93
4646 19 64 93
4647 13 1 94
4648 20 129 94
4649 13 1 95
4650 21 256 95
4651 13 1 96
4652 22 2 96
4653 13 1 97
4654 23 253 97
4655 13 1 98
4656 13 1 99
4657 13 1 100
4658 13 1 101
4659 13 1 102
4660 13 1 103
4661 13 1 104
4662 13 1 105
4663 13 1 106
4664 13 1 107
4665 13 1 108
4666 13 1 109
4667 13 1 110
4668 13 1 111
4669 13 1 112
4670 13 1 113
4671 13 1 114
4672 13 1 115
4673 13 1 116
4674 13 1 117
4675 13 1 118
4676 13 1 119
4677 13 1 120
4678 14 1 89
4679 14 1 90
4680 15 255 90
4681 14 1 91
4682 16 4 91
4683 14 1 92
4684 17 249 92
4685 14 1 93
4686 18 16 93
4687 14 1 94
4688 19 225 94
4689 14 1 95
4690 20 64 95
4691 14 1 96
4692 21 129 96
4693 14 1 97
4694 22 256 97
4695 14 1 98
4696 23 2 98
4697 14 1 99
4698 24 253 99
4699 14 1 100
4700 25 8 100
4701 14 1 101
4702 14 1 102
4703 14 1 103
4704 14 1 104
4705 14 1 105
4706 14 1 106
4707 14 1 107
4708 14 1 108
4709 14 1 109
4710 14 1 110
4711 14 1 111
4712 14 1 112
4713 14 1 113
4714 14 1 114
4715 14 1 115
4716 14 1 116
4717 14 1 117
4718 14 1 118
4719 14 1 119
4720 14 1 120
4721 15 1 91
4722 15 1 92
4723 16 255 92
4724 15 1 93
4725 17 4 93
4726 15 1 94
4727 18 249 94
4728 15 1 95
4729 19 16 95
4730 15 1 96
4731 20 225 96
4732 15 1 97
4733 21 64 97
4734 15 1 98
4735 22 129 98
4736 15 1 99
4737 23 256 99
4738 15 1 100
4739 24 2 100
4740 15 1 101
4741 25 253 101
4742 15 1 102
4743 26 8 102
4744 15 1 103
4745 27 241 103
4746 15 1 104
4747 15 1 105
4748 15 1 106
4749 15 1 107
4750 15 1 108
4751 15 1 109
4752 15 1 110
4753 15 1 111
4754 15 1 112
4755 15 1 113
4756 15 1 114
4757 15 1 115
4758 15 1 116
4759 15 1 117
4760 15 1 118
4761 15 1 119
4762 15 1 120
4763 16 1 93
4764 16 1 94
4765 17 255 94
4766 16 1 95
4767 18 4 95
4768 16 1 96
4769 19 249 96
4770 16 1 97
4771 20 16 97
4772 16 1 98
4773 21 225 98
4774 16 1 99
4775 22 64 99
4776 16 1 100
4777 23 129 100
4778 16 1 101
4779 24 256 101
4780 16 1 102
4781 25 2 102
4782 16 1 103
4783 26 253 103
4784 16 1 104
4785 27 8 104
4786 16 1 105
4787 28 241 105
4788 16 1 106
4789 29 32 106
4790 16 1 107
4791 16 1 108
4792 16 1 109
4793 16 1 110
4794 16 1 111
4795 16 1 112
4796 16 1 113
4797 16 1 114
4798 16 1 115
4799 16 1 116
4800 16 1 117
4801 16 1 118
4802 16 1 119
4803 16 1 120
4804 17 1 95
4805 17 1 96
4806 18 255 96
4807 17 1 97
4808 19 4 97
4809 17 1 98
4810 20 249 98
4811 17 1 99
4812 21 16 99
4813 17 1 100
4814 22 225 100
4815 17 1 101
4816 23 64 101
4817 17 1 102
4818 24 129 102
4819 17 1 103
4820 25 256 103
4821 17 1 104
4822 26 2 104
4823 17 1 105
4824 27 253 105
4825 17 1 106
4826 28 8 106
4827 17 1 107
4828 29 241 107
4829 17 1 108
4830 30 32 108
4831 17 1 109
4832 31 193 109
4833 17 1 110
4834 17 1 111
4835 17 1 112
4836 17 1 113
4837 17 1 114
4838 17 1 115
4839 17 1 116
4840 17 1 117
4841 17 1 118
4842 17 1 119
4843 17 1 120
4844 18 1 97
4845 18 1 98
4846 19 255 98
4847 18 1 99
4848 20 4 99
4849 18 1 100
4850 21 249 100
4851 18 1 101
4852 22 16 101
4853 18 1 102
4854 23 225 102
4855 18 1 103
4856 24 64 103
4857 18 1 104
4858 25 129 104
4859 18 1 105
4860 26 256 105
4861 18 1 106
4862 27 2 106
4863 18 1 107
4864 28 253 107
4865 18 1 108
4866 29 8 108
4867 18 1 109
4868 30 241 109
4869 18 1 110
4870 31 32 110
4871 18 1 111
4872 32 193 111
4873 18 1 112
4874 33 128 112
4875 18 1 113
4876 18 1 114
4877 18 1 115
4878 18 1 116
4879 18 1 117
4880 18 1 118
4881 18 1 119
4882 18 1 120
4883 19 1 99
4884 19 1 100
4885 20 255 100
4886 19 1 101
4887 21 4 101
4888 19 1 102
4889 22 249 102
4890 19 1 103
4891 23 16 103
4892 19 1 104
4893 24 225 104
4894 19 1 105
4895 25 64 105
4896 19 1 106
4897 26 129 106
4898 19 1 107
4899 27 256 107
4900 19 1 108
4901 28 2 108
4902 19 1 109
4903 29 253 109
4904 19 1 110
4905 30 8 110
4906 19 1 111
4907 31 241 111
4908 19 1 112
4909 32 32 112
4910 19 1 113
4911 33 193 113
4912 19 1 114
4913 34 128 114
4914 19 1 115
4915 35 1 115
4916 19 1 116
4917 19 1 117
4918 19 1 118
4919 19 1 119
4920 19 1 120
4921 20 1 101
4922 20 1 102
4923 21 255 102
4924 20 1 103
4925 22 4 103
4926 20 1 104
4927 23 249 104
4928 20 1 105
4929 24 16 105
4930 20 1 106
4931 25 225 106
4932 20 1 107
4933 26 64 107
4934 20 1 108
4935 27 129 108
4936 20 1 109
4937 28 256 109
4938 20 1 110
4939 29 2 110
4940 20 1 111
4941 30 253 111
4942 20 1 112
4943 31 8 112
4944 20 1 113
4945 32 241 113
4946 20 1 114
4947 33 32 114
4948 20 1 115
4949 34 193 115
4950 20 1 116
4951 35 128 116
4952 20 1 117
4953 36 1 117
4954 20 1 118
4955 37 255 118
4956 20 1 119
4957 20 1 120
4958 21 1 103
4959 21 1 104
4960 22 255 104
4961 21 1 105
4962 23 4 105
4963 21 1 106
4964 24 249 106
4965 21 1 107
4966 25 16 107
4967 21 1 108
4968 26 225 108
4969 21 1 109
4970 27 64 109
4971 21 1 110
4972 28 129 110
4973 21 1 111
4974 29 256 111
4975 21 1 112
4976 30 2 112
4977 21 1 113
4978 31 253 113
4979 21 1 114
4980 32 8 114
4981 21 1 115
4982 33 241 115
4983 21 1 116
4984 34 32 116
4985 21 1 117
4986 35 193 117
4987 21 1 118
4988 36 128 118
4989 21 1 119
4990 37 1 119
4991 21 1 120
4992 38 255 120
4993 21 1 121
4994 22 1 105
4995 22 1 106
4996 23 255 106
4997 22 1 107
4998 24 4 107
4999 22 1 108
5000 25 249 108
5001 22 1 109
5002 26 16 109
5003 22 1 110
5004 27 225 110
5005 22 1 111
5006 28 64 111
5007 22 1 112
5008 29 129 112
5009 22 1 113
5010 30 256 113
5011 22 1 114
5012 31 2 114
5013 22 1 115
5014 32 253 115
5015 22 1 116
5016 33 8 116
5017 22 1 117
5018 34 241 117
5019 22 1 118
5020 35 32 118
5021 22 1 119
5022 36 193 119
5023 22 1 120
5024 37 128 120
5025 19 102 121
5026 20 231 121
5027 22 1 121
5028 39 221 121
5029 23 1 107
5030 23 1 108
5031 24 255 108
5032 23 1 109
5033 25 4 109
5034 23 1 110
5035 26 249 110
5036 23 1 111
5037 27 16 111
5038 23 1 112
5039 28 225 112
5040 23 1 113
5041 29 64 113
5042 23 1 114
5043 30 129 114
5044 23 1 115
5045 31 256 115
5046 23 1 116
5047 32 2 116
5048 23 1 117
5049 33 253 117
5050 23 1 118
5051 34 8 118
5052 23 1 119
5053 35 241 119
5054 23 1 120
5055 36 32 120
5056 17 183 121
5057 18 10 121
5058 23 1 121
5059 38 94 121
5060 21 97 122
5061 22 197 122
5062 23 1 122
5063 24 1 109
5064 24 1 110
5065 25 255 110
5066 24 1 111
5067 26 4 111
5068 24 1 112
5069 27 249 112
5070 24 1 113
5071 28 16 113
5072 24 1 114
5073 29 225 114
5074 24 1 115
5075 30 64 115
5076 24 1 116
5077 31 129 116
5078 24 1 117
5079 32 256 117
5080 24 1 118
5081 33 2 118
5082 24 1 119
5083 34 253 119
5084 24 1 120
5085 35 8 120
5086 15 59 121
5087 16 217 121
5088 24 1 121
5089 37 18 121
5090 19 141 122
5091 20 231 122
5092 24 1 122
5093 39 50 122
5094 23 174 123
5095 24 1 123
5096 25 1 111
5097 25 1 112
5098 26 255 112
5099 25 1 113
5100 27 4 113
5101 25 1 114
5102 28 249 114
5103 25 1 115
5104 29 16 115
5105 25 1 116
5106 30 225 116
5107 25 1 117
5108 31 64 117
5109 25 1 118
5110 32 129 118
5111 25 1 119
5112 33 256 119
5113 25 1 120
5114 34 2 120
5115 13 37 121
5116 14 243 121
5117 25 1 121
5118 36 171 121
5119 17 83 122
5120 18 253 122
5121 25 1 122
5122 38 57 122
5123 21 117 123
5124 22 137 123
5125 25 1 123
5126 40 168 123
5127 25 1 124
5128 26 1 113
5129 26 1 114
5130 27 255 114
5131 26 1 115
5132 28 4 115
5133 26 1 116
5134 29 249 116
5135 26 1 117
5136 30 16 117
5137 26 1 118
5138 31 225 118
5139 26 1 119
5140 32 64 119
5141 26 1 120
5142 33 129 120
5143 11 49 121
5144 12 248 121
5145 26 1 121
5146 35 122 121
5147 15 28 122
5148 16 170 122
5149 26 1 122
5150 37 123 122
5151 19 31 123
5152 20 175 123
5153 26 1 123
5154 39 51 123
5155 23 132 124
5156 24 3 124
5157 26 1 124
5158 41 118 124
5159 27 1 115
5160 27 1 116
5161 28 255 116
5162 27 1 117
5163 29 4 117
5164 27 1 118
5165 30 249 118
5166 27 1 119
5167 31 16 119
5168 27 1 120
5169 32 225 120
5170 9 124 121
5171 10 230 121
5172 27 1 121
5173 34 73 121
5174 13 168 122
5175 14 116 122
5176 27 1 122
5177 36 85 122
5178 17 57 123
5179 18 34 123
5180 27 1 123
5181 38 3 123
5182 21 96 124
5183 22 144 124
5184 27 1 124
5185 40 24 124
5186 25 66 125
5187 26 130 125
5188 27 1 125
5189 28 1 117
5190 28 1 118
5191 29 255 118
5192 28 1 119
5193 30 4 119
5194 28 1 120
5195 31 249 120
5196 7 256 121
5197 8 118 121
5198 28 1 121
5199 33 176 121
5200 11 89 122
5201 12 20 122
5202 28 1 122
5203 35 227 122
5204 15 32 123
5205 16 120 123
5206 28 1 123
5207 37 248 123
5208 19 18 124
5209 20 146 124
5210 28 1 124
5211 39 228 124
5212 23 151 125
5213 24 98 125
5214 28 1 125
5215 41 128 125
5216 27 44 126
5217 28 1 126
5218 29 1 119
5219 29 1 120
5220 30 255 120
5221 5 232 121
5222 6 171 121
5223 29 1 121
5224 32 61 121
5225 9 107 122
5226 10 224 122
5227 29 1 122
5228 34 25 122
5229 13 133 123
5230 14 27 123
5231 29 1 123
5232 36 212 123
5233 17 61 124
5234 18 36 124
5235 29 1 124
5236 38 60 124
5237 21 8 125
5238 22 122 125
5239 29 1 125
5240 40 132 125
5241 25 255 126
5242 26 254 126
5243 29 1 126
5244 42 189 126
5245 29 1 127
5246 4 64 121
5247 30 1 121
5248 31 111 121
5249 7 255 122
5250 8 209 122
5251 30 1 122
5252 33 33 122
5253 11 108 123
5254 12 106 123
5255 30 1 123
5256 35 244 123
5257 15 38 124
5258 16 228 124
5259 30 1 124
5260 37 168 124
5261 19 188 125
5262 20 191 125
5263 30 1 125
5264 39 120 125
5265 23 171 126
5266 24 102 126
5267 30 1 126
5268 41 114 126
5269 27 204 127
5270 28 49 127
5271 30 1 127
5272 43 76 127
5273 6 84 122
5274 31 1 122
5275 32 212 122
5276 9 171 123
5277 10 249 123
5278 31 1 123
5279 34 205 123
5280 13 193 124
5281 14 99 124
5282 31 1 124
5283 36 256 124
5284 17 118 125
5285 18 194 125
5286 31 1 125
5287 38 9 125
5288 21 133 126
5289 22 49 126
5290 31 1 126
5291 40 255 126
5292 25 64 127
5293 26 205 127
5294 31 1 127
5295 42 42 127
5296 29 204 128
5297 30 49 128
5298 31 1 128
5299 8 34 123
5300 32 1 123
5301 33 143 123
5302 11 134 124
5303 12 132 124
5304 32 1 124
5305 35 48 124
5306 15 98 125
5307 16 1 125
5308 32 1 125
5309 37 170 125
5310 19 8 126
5311 20 48 126
5312 32 1 126
5313 39 225 126
5314 23 109 127
5315 24 216 127
5316 32 1 127
5317 41 179 127
5318 27 94 128
5319 28 20 128
5320 32 1 128
5321 43 196 128
5322 31 172 129
5323 32 1 129
5324 10 137 124
5325 33 1 124
5326 34 21 124
5327 13 2 125
5328 14 48 125
5329 33 1 125
5330 36 56 125
5331 17 49 126
5332 18 129 126
5333 33 1 126
5334 38 194 126
5335 21 91 127
5336 22 32 127
5337 33 1 127
5338 40 254 127
5339 25 256 128
5340 26 189 128
5341 33 1 128
5342 42 62 128
5343 29 34 129
5344 30 133 129
5345 33 1 129
5346 44 246 129
5347 33 1 130
5348 12 70 125
5349 34 1 125
5350 35 22 125
5351 15 209 126
5352 16 133 126
5353 34 1 126
5354 37 81 126
5355 19 58 127
5356 20 95 127
5357 34 1 127
5358 39 150 127
5359 23 211 128
5360 24 238 128
5361 34 1 128
5362 41 166 128
5363 27 136 129
5364 28 253 129
5365 34 1 129
5366 43 225 129
5367 31 225 130
5368 32 26 130
5369 34 1 130
5370 45 125 130
5371 14 172 126
5372 35 1 126
5373 36 203 126
5374 17 74 127
5375 18 234 127
5376 35 1 127
5377 38 48 127
5378 21 245 128
5379 22 131 128
5380 35 1 128
5381 40 84 128
5382 25 211 129
5383 26 238 129
5384 35 1 129
5385 42 247 129
5386 29 28 130
5387 30 105 130
5388 35 1 130
5389 44 153 130
5390 33 118 131
5391 34 129 131
5392 35 1 131
5393 16 135 127
5394 36 1 127
5395 37 119 127
5396 19 41 128
5397 20 213 128
5398 36 1 128
5399 39 109 128
5400 23 155 129
5401 24 214 129
5402 36 1 129
5403 41 239 129
5404 27 99 130
5405 28 80 130
5406 36 1 130
5407 43 237 130
5408 31 221 131
5409 32 122 131
5410 36 1 131
5411 45 98 131
5412 35 236 132
5413 36 1 132
5414 18 223 128
5415 37 1 128
5416 38 197 128
5417 21 65 129
5418 22 18 129
5419 37 1 129
5420 40 114 129
5421 25 78 130
5422 26 48 130
5423 37 1 130
5424 42 230 130
5425 29 68 131
5426 30 151 131
5427 37 1 131
5428 44 128 131
5429 33 191 132
5430 34 138 132
5431 37 1 132
5432 46 25 132
5433 37 1 133
5434 20 39 129
5435 38 1 129
5436 39 133 129
5437 23 220 130
5438 24 140 130
5439 38 1 130
5440 41 81 130
5441 27 104 131
5442 28 64 131
5443 38 1 131
5444 43 215 131
5445 31 36 132
5446 32 216 132
5447 38 1 132
5448 45 153 132
5449 35 113 133
5450 36 231 133
5451 38 1 133
5452 47 250 133
5453 22 39 130
5454 39 1 130
5455 40 61 130
5456 25 18 131
5457 26 175 131
5458 39 1 131
5459 42 37 131
5460 29 90 132
5461 30 174 132
5462 39 1 132
5463 44 253 132
5464 33 72 133
5465 34 175 133
5466 39 1 133
5467 46 228 133
5468 37 191 134
5469 38 138 134
5470 39 1 134
5471 24 61 131
5472 40 1 131
5473 41 185 131
5474 27 232 132
5475 28 171 132
5476 40 1 132
5477 43 234 132
5478 31 8 133
5479 32 84 133
5480 40 1 133
5481 45 140 133
5482 35 30 134
5483 36 180 134
5484 40 1 134
5485 47 246 134
5486 39 223 135
5487 40 1 135
5488 26 116 132
5489 41 1 132
5490 42 33 132
5491 29 104 133
5492 30 183 133
5493 41 1 133
5494 44 150 133
5495 33 103 134
5496 34 182 134
5497 41 1 134
5498 46 171 134
5499 37 84 135
5500 38 247 135
5501 41 1 135
5502 48 79 135
5503 41 1 136
5504 28 237 133
5505 42 1 133
5506 43 253 133
5507 31 208 134
5508 32 109 134
5509 42 1 134
5510 45 200 134
5511 35 122 135
5512 36 253 135
5513 42 1 135
5514 47 85 135
5515 39 23 136
5516 40 138 136
5517 42 1 136
5518 49 118 136
5519 30 73 134
5520 43 1 134
5521 44 167 134
5522 33 57 135
5523 34 83 135
5524 43 1 135
5525 46 18 135
5526 37 109 136
5527 38 245 136
5528 43 1 136
5529 48 127 136
5530 41 92 137
5531 42 38 137
5532 43 1 137
5533 32 177 135
5534 44 1 135
5535 45 42 135
5536 35 62 136
5537 36 203 136
5538 44 1 136
5539 47 246 136
5540 39 102 137
5541 40 43 137
5542 44 1 137
5543 49 253 137
5544 43 43 138
5545 44 1 138
5546 34 57 136
5547 45 1 136
5548 46 149 136
5549 37 147 137
5550 38 187 137
5551 45 1 137
5552 48 112 137
5553 41 48 138
5554 42 247 138
5555 45 1 138
5556 50 243 138
5557 45 1 139
5558 36 49 137
5559 46 1 137
5560 47 137 137
5561 39 127 138
5562 40 221 138
5563 46 1 138
5564 49 25 138
5565 43 100 139
5566 44 22 139
5567 46 1 139
5568 51 173 139
5569 38 218 138
5570 47 1 138
5571 48 122 138
5572 41 186 139
5573 42 95 139
5574 47 1 139
5575 50 108 139
5576 45 205 140
5577 46 225 140
5578 47 1 140
5579 40 101 139
5580 48 1 139
5581 49 66 139
5582 43 202 140
5583 44 222 140
5584 48 1 140
5585 51 216 140
5586 47 98 141
5587 48 1 141
5588 42 30 140
5589 49 1 140
5590 50 77 140
5591 45 233 141
5592 46 195 141
5593 49 1 141
5594 52 26 141
5595 49 1 142
5596 44 98 141
5597 50 1 141
5598 51 41 141
5599 47 4 142
5600 48 96 142
5601 50 1 142
5602 53 104 142
5603 46 172 142
5604 51 1 142
5605 52 244 142
5606 49 44 143
5607 50 28 143
5608 51 1 143
5609 48 23 143
5610 52 1 143
5611 53 154 143
5612 51 75 144
5613 52 1 144
5614 50 136 144
5615 53 1 144
5616 54 231 144
5617 53 1 145
5618 52 120 145
5619 54 1 145
5620 55 205 145
5621 54 173 146
5622 55 1 146
5623 56 1 147
5624 57 45 148
5625 56 15 148
5626 55 5 147
5627 54 173 147
5628 53 229 146
5629 52 162 146
5630 51 54 145
5631 50 18 145
5632 49 6 144
5633 48 2 144
5634 47 172 143
5635 46 143 143
5636 45 219 142
5637 44 73 142
5638 43 110 141
5639 42 208 141
5640 41 155 140
5641 40 223 140
5642 39 160 139
5643 38 139 139
5644 37 132 138
5645 36 44 138
5646 35 186 137
5647 34 62 137
5648 33 192 136
5649 32 64 136
5650 31 107 135
5651 30 207 135
5652 29 69 134
5653 28 23 134
5654 27 179 133
5655 26 231 133
5656 25 77 132
5657 24 197 132
5658 23 237 131
5659 22 79 131
5660 21 112 130
5661 20 123 130
5662 19 41 129
5663 18 185 129
5664 17 233 128
5665 16 249 128
5666 15 83 127
5667 14 199 127
5668 13 152 126
5669 12 222 126
5670 58 45 150
5671 57 15 149
5672 56 5 149
5673 55 173 148
5674 54 229 148
5675 53 162 147
5676 52 54 147
5677 51 18 146
5678 50 6 146
5679 49 2 145
5680 48 172 145
5681 47 143 144
5682 46 219 144
5683 45 73 143
5684 44 110 143
5685 43 208 142
5686 42 155 142
5687 41 223 141
5688 40 160 141
5689 39 139 140
5690 38 132 140
5691 37 44 139
5692 36 186 139
5693 35 62 138
5694 34 192 138
5695 33 64 137
5696 32 107 137
5697 31 207 136
5698 30 69 136
5699 29 23 135
5700 28 179 135
5701 27 231 134
5702 26 77 134
5703 25 197 133
5704 24 237 133
5705 23 79 132
5706 22 112 132
5707 21 123 131
5708 20 41 131
5709 19 185 130
5710 18 233 130
5711 17 249 129
5712 16 83 129
5713 15 199 128
5714 14 152 128
5715 59 45 151
5716 58 15 151
5717 57 5 150
5718 56 173 150
5719 55 229 149
5720 54 162 149
5721 53 54 148
5722 52 18 148
5723 51 6 147
5724 50 2 147
5725 49 172 146
5726 48 143 146
5727 47 219 145
5728 46 73 145
5729 45 110 144
5730 44 208 144
5731 43 155 143
5732 42 223 143
5733 41 160 142
5734 40 139 142
5735 39 132 141
5736 38 44 141
5737 37 186 140
5738 36 62 140
5739 35 192 139
5740 34 64 139
5741 33 107 138
5742 32 207 138
5743 31 69 137
5744 30 23 137
5745 29 179 136
5746 28 231 136
5747 27 77 135
5748 26 197 135
5749 25 237 134
5750 24 79 134
5751 23 112 133
5752 22 123 133
5753 21 41 132
5754 20 185 132
5755 19 233 131
5756 18 249 131
5757 17 83 130
5758 16 199 130
5759 60 45 153
5760 59 15 152
5761 58 5 152
5762 57 173 151
5763 56 229 151
5764 55 162 150
5765 54 54 150
5766 53 18 149
5767 52 6 149
5768 51 2 148
5769 50 172 148
5770 49 143 147
5771 48 219 147
5772 47 73 146
5773 46 110 146
5774 45 208 145
5775 44 155 145
5776 43 223 144
5777 42 160 144
5778 41 139 143
5779 40 132 143
5780 39 44 142
5781 38 186 142
5782 37 62 141
5783 36 192 141
5784 35 64 140
5785 34 107 140
5786 33 207 139
5787 32 69 139
5788 31 23 138
5789 30 179 138
5790 29 231 137
5791 28 77 137
5792 27 197 136
5793 26 237 136
5794 25 79 135
5795 24 112 135
5796 23 123 134
5797 22 41 134
5798 21 185 133
5799 20 233 133
5800 19 249 132
5801 18 83 132
5802 61 45 154
5803 60 15 154
5804 59 5 153
5805 58 173 153
5806 57 229 152
5807 56 162 152
5808 55 54 151
5809 54 18 151
5810 53 6 150
5811 52 2 150
5812 51 172 149
5813 50 143 149
5814 49 219 148
5815 48 73 148
5816 47 110 147
5817 46 208 147
5818 45 155 146
5819 44 223 146
5820 43 160 145
5821 42 139 145
5822 41 132 144
5823 40 44 144
5824 39 186 143
5825 38 62 143
5826 37 192 142
5827 36 64 142
5828 35 107 141
5829 34 207 141
5830 33 69 140
5831 32 23 140
5832 31 179 139
5833 30 231 139
5834 29 77 138
5835 28 197 138
5836 27 237 137
5837 26 79 137
5838 25 112 136
5839 24 123 136
5840 23 41 135
5841 22 185 135
5842 21 233 134
5843 20 249 134
5844 62 45 156
5845 61 15 155
5846 60 5 155
5847 59 173 154
5848 58 229 154
5849 57 162 153
5850 56 54 153
5851 55 18 152
5852 54 6 152
5853 53 2 151
5854 52 172 151
5855 51 143 150
5856 50 219 150
5857 49 73 149
5858 48 110 149
5859 47 208 148
5860 46 155 148
5861 45 223 147
5862 44 160 147
5863 43 139 146
5864 42 132 146
5865 41 44 145
5866 40 186 145
5867 39 62 144
5868 38 192 144
5869 37 64 143
5870 36 107 143
5871 35 207 142
5872 34 69 142
5873 33 23 141
5874 32 179 141
5875 31 231 140
5876 30 77 140
5877 29 197 139
5878 28 237 139
5879 27 79 138
5880 26 112 138
5881 25 123 137
5882 24 41 137
5883 23 185 136
5884 22 233 136
5885 63 45 157
5886 62 15 157
5887 61 5 156
5888 60 173 156
5889 59 229 155
5890 58 162 155
5891 57 54 154
5892 56 18 154
5893 55 6 153
5894 54 2 153
5895 53 172 152
5896 52 143 152
5897 51 219 151
5898 50 73 151
5899 49 110 150
5900 48 208 150
5901 47 155 149
5902 46 223 149
5903 45 160 148
5904 44 139 148
5905 43 132 147
5906 42 44 147
5907 41 186 146
5908 40 62 146
5909 39 192 145
5910 38 64 145
5911 37 107 144
5912 36 207 144
5913 35 69 143
5914 34 23 143
5915 33 179 142
5916 32 231 142
5917 31 77 141
5918 30 197 141
5919 29 237 140
5920 28 79 140
5921 27 112 139
5922 26 123 139
5923 25 41 138
5924 24 185 138
5925 64 45 159
5926 63 15 158
5927 62 5 158
5928 61 173 157
5929 60 229 157
5930 59 162 156
5931 58 54 156
5932 57 18 155
5933 56 6 155
5934 55 2 154
5935 54 172 154
5936 53 143 153
5937 52 219 153
5938 51 73 152
5939 50 110 152
5940 49 208 151
5941 48 155 151
5942 47 223 150
5943 46 160 150
5944 45 139 149
5945 44 132 149
5946 43 44 148
5947 42 186 148
5948 41 62 147
5949 40 192 147
5950 39 64 146
5951 38 107 146
5952 37 207 145
5953 36 69 145
5954 35 23 144
5955 34 179 144
5956 33 231 143
5957 32 77 143
5958 31 197 142
5959 30 237 142
5960 29 79 141
5961 28 112 141
5962 27 123 140
5963 26 41 140
5964 65 45 160
5965 64 15 160
5966 63 5 159
5967 62 173 159
5968 61 229 158
5969 60 162 158
5970 59 54 157
5971 58 18 157
5972 57 6 156
5973 56 2 156
5974 55 172 155
5975 54 143 155
5976 53 219 154
5977 52 73 154
5978 51 110 153
5979 50 208 153
5980 49 155 152
5981 48 223 152
5982 47 160 151
5983 46 139 151
5984 45 132 150
5985 44 44 150
5986 43 186 149
5987 42 62 149
5988 41 192 148
5989 40 64 148
5990 39 107 147
5991 38 207 147
5992 37 69 146
5993 36 23 146
5994 35 179 145
5995 34 231 145
5996 33 77 144
5997 32 197 144
5998 31 237 143
5999 30 79 143
6000 29 112 142
6001 28 123 142
6002 66 45 162
6003 65 15 161
6004 64 5 161
6005 63 173 160
6006 62 229 160
6007 61 162 159
6008 60 54 159
6009 59 18 158
6010 58 6 158
6011 57 2 157
6012 56 172 157
6013 55 143 156
6014 54 219 156
6015 53 73 155
6016 52 110 155
6017 51 208 154
6018 50 155 154
6019 49 223 153
6020 48 160 153
6021 47 139 152
6022 46 132 152
6023 45 44 151
6024 44 186 151
6025 43 62 150
6026 42 192 150
6027 41 64 149
6028 40 107 149
6029 39 207 148
6030 38 69 148
6031 37 23 147
6032 36 179 147
6033 35 231 146
6034 34 77 146
6035 33 197 145
6036 32 237 145
6037 31 79 144
6038 30 112 144
6039 67 45 163
6040 66 15 163
6041 65 5 162
6042 64 173 162
6043 63 229 161
6044 62 162 161
6045 61 54 160
6046 60 18 160
6047 59 6 159
6048 58 2 159
6049 57 172 158
6050 56 143 158
6051 55 219 157
6052 54 73 157
6053 53 110 156
6054 52 208 156
6055 51 155 155
6056 50 223 155
6057 49 160 154
6058 48 139 154
6059 47 132 153
6060 46 44 153
6061 45 186 152
6062 44 62 152
6063 43 192 151
6064 42 64 151
6065 41 107 150
6066 40 207 150
6067 39 69 149
6068 38 23 149
6069 37 179 148
6070 36 231 148
6071 35 77 147
6072 34 197 147
6073 33 237 146
6074 32 79 146
6075 68 45 165
6076 67 15 164
6077 66 5 164
6078 65 173 163
6079 64 229 163
6080 63 162 162
6081 62 54 162
6082 61 18 161
6083 60 6 161
6084 59 2 160
6085 58 172 160
6086 57 143 159
6087 56 219 159
6088 55 73 158
6089 54 110 158
6090 53 208 157
6091 52 155 157
6092 51 223 156
6093 50 160 156
6094 49 139 155
6095 48 132 155
6096 47 44 154
6097 46 186 154
6098 45 62 153
6099 44 192 153
6100 43 64 152
6101 42 107 152
6102 41 207 151
6103 40 69 151
6104 39 23 150
6105 38 179 150
6106 37 231 149
6107 36 77 149
6108 35 197 148
6109 34 237 148
6110 69 45 166
6111 68 15 166
6112 67 5 165
6113 66 173 165
6114 65 229 164
6115 64 162 164
6116 63 54 163
6117 62 18 163
6118 61 6 162
6119 60 2 162
6120 59 172 161
6121 58 143 161
6122 57 219 160
6123 56 73 160
6124 55 110 159
6125 54 208 159
6126 53 155 158
6127 52 223 158
6128 51 160 157
6129 50 139 157
6130 49 132 156
6131 48 44 156
6132 47 186 155
6133 46 62 155
6134 45 192 154
6135 44 64 154
6136 43 107 153
6137 42 207 153
6138 41 69 152
6139 40 23 152
6140 39 179 151
6141 38 231 151
6142 37 77 150
6143 36 197 150
6144 70 45 168
6145 69 15 167
6146 68 5 167
6147 67 173 166
6148 66 229 166
6149 65 162 165
6150 64 54 165
6151 63 18 164
6152 62 6 164
6153 61 2 163
6154 60 172 163
6155 59 143 162
6156 58 219 162
6157 57 73 161
6158 56 110 161
6159 55 208 160
6160 54 155 160
6161 53 223 159
6162 52 160 159
6163 51 139 158
6164 50 132 158
6165 49 44 157
6166 48 186 157
6167 47 62 156
6168 46 192 156
6169 45 64 155
6170 44 107 155
6171 43 207 154
6172 42 69 154
6173 41 23 153
6174 40 179 153
6175 39 231 152
6176 38 77 152
6177 71 45 169
6178 70 15 169
6179 69 5 168
6180 68 173 168
6181 67 229 167
6182 66 162 167
6183 65 54 166
6184 64 18 166
6185 63 6 165
6186 62 2 165
6187 61 172 164
6188 60 143 164
6189 59 219 163
6190 58 73 163
6191 57 110 162
6192 56 208 162
6193 55 155 161
6194 54 223 161
6195 53 160 160
6196 52 139 160
6197 51 132 159
6198 50 44 159
6199 49 186 158
6200 48 62 158
6201 47 192 157
6202 46 64 157
6203 45 107 156
6204 44 207 156
6205 43 69 155
6206 42 23 155
6207 41 179 154
6208 40 231 154
6209 72 45 171
6210 71 15 170
6211 70 5 170
6212 69 173 169
6213 68 229 169
6214 67 162 168
6215 66 54 168
6216 65 18 167
6217 64 6 167
6218 63 2 166
6219 62 172 166
6220 61 143 165
6221 60 219 165
6222 59 73 164
6223 58 110 164
6224 57 208 163
6225 56 155 163
6226 55 223 162
6227 54 160 162
6228 53 139 161
6229 52 132 161
6230 51 44 160
6231 50 186 160
6232 49 62 159
6233 48 192 159
6234 47 64 158
6235 46 107 158
6236 45 207 157
6237 44 69 157
6238 43 23 156
6239 42 179 156
6240 73 45 172
6241 72 15 172
6242 71 5 171
6243 70 173 171
6244 69 229 170
6245 68 162 170
6246 67 54 169
6247 66 18 169
6248 65 6 168
6249 64 2 168
6250 63 172 167
6251 62 143 167
6252 61 219 166
6253 60 73 166
6254 59 110 165
6255 58 208 165
6256 57 155 164
6257 56 223 164
6258 55 160 163
6259 54 139 163
6260 53 132 162
6261 52 44 162
6262 51 186 161
6263 50 62 161
6264 49 192 160
6265 48 64 160
6266 47 107 159
6267 46 207 159
6268 45 69 158
6269 44 23 158
6270 74 45 174
6271 73 15 173
6272 72 5 173
6273 71 173 172
6274 70 229 172
6275 69 162 171
6276 68 54 171
6277 67 18 170
6278 66 6 170
6279 65 2 169
6280 64 172 169
6281 63 143 168
6282 62 219 168
6283 61 73 167
6284 60 110 167
6285 59 208 166
6286 58 155 166
6287 57 223 165
6288 56 160 165
6289 55 139 164
6290 54 132 164
6291 53 44 163
6292 52 186 163
6293 51 62 162
6294 50 192 162
6295 49 64 161
6296 48 107 161
6297 47 207 160
6298 46 69 160
6299 75 45 175
6300 74 15 175
6301 73 5 174
6302 72 173 174
6303 71 229 173
6304 70 162 173
6305 69 54 172
6306 68 18 172
6307 67 6 171
6308 66 2 171
6309 65 172 170
6310 64 143 170
6311 63 219 169
6312 62 73 169
6313 61 110 168
6314 60 208 168
6315 59 155 167
6316 58 223 167
6317 57 160 166
6318 56 139 166
6319 55 132 165
6320 54 44 165
6321 53 186 164
6322 52 62 164
6323 51 192 163
6324 50 64 163
6325 49 107 162
6326 48 207 162
6327 76 45 177
6328 75 15 176
6329 74 5 176
6330 73 173 175
6331 72 229 175
6332 71 162 174
6333 70 54 174
6334 69 18 173
6335 68 6 173
6336 67 2 172
6337 66 172 172
6338 65 143 171
6339 64 219 171
6340 63 73 170
6341 62 110 170
6342 61 208 169
6343 60 155 169
6344 59 223 168
6345 58 160 168
6346 57 139 167
6347 56 132 167
6348 55 44 166
6349 54 186 166
6350 53 62 165
6351 52 192 165
6352 51 64 164
6353 50 107 164
6354 77 45 178
6355 76 15 178
6356 75 5 177
6357 74 173 177
6358 73 229 176
6359 72 162 176
6360 71 54 175
6361 70 18 175
6362 69 6 174
6363 68 2 174
6364 67 172 173
6365 66 143 173
6366 65 219 172
6367 64 73 172
6368 63 110 171
6369 62 208 171
6370 61 155 170
6371 60 223 170
6372 59 160 169
6373 58 139 169
6374 57 132 168
6375 56 44 168
6376 55 186 167
6377 54 62 167
6378 53 192 166
6379 52 64 166
6380 78 45 180
6381 77 15 179
6382 76 5 179
6383 75 173 178
6384 74 229 178
6385 73 162 177
6386 72 54 177
6387 71 18 176
6388 70 6 176
6389 69 2 175
6390 68 172 175
6391 67 143 174
6392 66 219 174
6393 65 73 173
6394 64 110 173
6395 63 208 172
6396 62 155 172
6397 61 223 171
6398 60 160 171
6399 59 139 170
6400 58 132 170
6401 57 44 169
6402 56 186 169
6403 55 62 168
6404 54 192 168
6405 79 45 181
6406 78 15 181
6407 77 5 180
6408 76 173 180
6409 75 229 179
6410 74 162 179
6411 73 54 178
6412 72 18 178
6413 71 6 177
6414 70 2 177
6415 69 172 176
6416 68 143 176
6417 67 219 175
6418 66 73 175
6419 65 110 174
6420 64 208 174
6421 63 155 173
6422 62 223 173
6423 61 160 172
6424 60 139 172
6425 59 132 171
6426 58 44 171
6427 57 186 170
6428 56 62 170
6429 80 45 183
6430 79 15 182
6431 78 5 182
6432 77 173 181
6433 76 229 181
6434 75 162 180
6435 74 54 180
6436 73 18 179
6437 72 6 179
6438 71 2 178
6439 70 172 178
6440 69 143 177
6441 68 219 177
6442 67 73 176
6443 66 110 176
6444 65 208 175
6445 64 155 175
6446 63 223 174
6447 62 160 174
6448 61 139 173
6449 60 132 173
6450 59 44 172
6451 58 186 172
6452 81 45 184
6453 80 15 184
6454 79 5 183
6455 78 173 183
6456 77 229 182
6457 76 162 182
6458 75 54 181
6459 74 18 181
6460 73 6 180
6461 72 2 180
6462 71 172 179
6463 70 143 179
6464 69 219 178
6465 68 73 178
6466 67 110 177
6467 66 208 177
6468 65 155 176
6469 64 223 176
6470 63 160 175
6471 62 139 175
6472 61 132 174
6473 60 44 174
6474 82 45 186
6475 81 15 185
6476 80 5 185
6477 79 173 184
6478 78 229 184
6479 77 162 183
6480 76 54 183
6481 75 18 182
6482 74 6 182
6483 73 2 181
6484 72 172 181
6485 71 143 180
6486 70 219 180
6487 69 73 179
6488 68 110 179
6489 67 208 178
6490 66 155 178
6491 65 223 177
6492 64 160 177
6493 63 139 176
6494 62 132 176
6495 83 45 187
6496 82 15 187
6497 81 5 186
6498 80 173 186
6499 79 229 185
6500 78 162 185
6501 77 54 184
6502 76 18 184
6503 75 6 183
6504 74 2 183
6505 73 172 182
6506 72 143 182
6507 71 219 181
6508 70 73 181
6509 69 110 180
6510 68 208 180
6511 67 155 179
6512 66 223 179
6513 65 160 178
6514 64 139 178
6515 84 45 189
6516 83 15 188
6517 82 5 188
6518 81 173 187
6519 80 229 187
6520 79 162 186
6521 78 54 186
6522 77 18 185
6523 76 6 185
6524 75 2 184
6525 74 172 184
6526 73 143 183
6527 72 219 183
6528 71 73 182
6529 70 110 182
6530 69 208 181
6531 68 155 181
6532 67 223 180
6533 66 160 180
6534 85 45 190
6535 84 15 190
6536 83 5 189
6537 82 173 189
6538 81 229 188
6539 80 162 188
6540 79 54 187
6541 78 18 187
6542 77 6 186
6543 76 2 186
6544 75 172 185
6545 74 143 185
6546 73 219 184
6547 72 73 184
6548 71 110 183
6549 70 208 183
6550 69 155 182
6551 68 223 182
6552 86 45 192
6553 85 15 191
6554 84 5 191
6555 83 173 190
6556 82 229 190
6557 81 162 189
6558 80 54 189
6559 79 18 188
6560 78 6 188
6561 77 2 187
6562 76 172 187
6563 75 143 186
6564 74 219 186
6565 73 73 185
6566 72 110 185
6567 71 208 184
6568 70 155 184
6569 87 45 193
6570 86 15 193
6571 85 5 192
6572 84 173 192
6573 83 229 191
6574 82 162 191
6575 81 54 190
6576 80 18 190
6577 79 6 189
6578 78 2 189
6579 77 172 188
6580 76 143 188
6581 75 219 187
6582 74 73 187
6583 73 110 186
6584 72 208 186
6585 88 45 195
6586 87 15 194
6587 86 5 194
6588 85 173 193
6589 84 229 193
6590 83 162 192
6591 82 54 192
6592 81 18 191
6593 80 6 191
6594 79 2 190
6595 78 172 190
6596 77 143 189
6597 76 219 189
6598 75 73 188
6599 74 110 188
6600 89 45 196
6601 88 15 196
6602 87 5 195
6603 86 173 195
6604 85 229 194
6605 84 162 194
6606 83 54 193
6607 82 18 193
6608 81 6 192
6609 80 2 192
6610 79 172 191
6611 78 143 191
6612 77 219 190
6613 76 73 190
6614 90 45 198
6615 89 15 197
6616 88 5 197
6617 87 173 196
6618 86 229 196
6619 85 162 195
6620 84 54 195
6621 83 18 194
6622 82 6 194
6623 81 2 193
6624 80 172 193
6625 79 143 192
6626 78 219 192
6627 91 45 199
6628 90 15 199
6629 89 5 198
6630 88 173 198
6631 87 229 197
6632 86 162 197
6633 85 54 196
6634 84 18 196
6635 83 6 195
6636 82 2 195
6637 81 172 194
6638 80 143 194
6639 92 45 201
6640 91 15 200
6641 90 5 200
6642 89 173 199
6643 88 229 199
6644 87 162 198
6645 86 54 198
6646 85 18 197
6647 84 6 197
6648 83 2 196
6649 82 172 196
6650 93 45 202
6651 92 15 202
6652 91 5 201
6653 90 173 201
6654 89 229 200
6655 88 162 200
6656 87 54 199
6657 86 18 199
6658 85 6 198
6659 84 2 198
6660 94 45 204
6661 93 15 203
6662 92 5 203
6663 91 173 202
6664 90 229 202
6665 89 162 201
6666 88 54 201
6667 87 18 200
6668 86 6 200
6669 95 45 205
6670 94 15 205
6671 93 5 204
6672 92 173 204
6673 91 229 203
6674 90 162 203
6675 89 54 202
6676 88 18 202
6677 96 45 207
6678 95 15 206
6679 94 5 206
6680 93 173 205
6681 92 229 205
6682 91 162 204
6683 90 54 204
6684 97 45 208
6685 96 15 208
6686 95 5 207
6687 94 173 207
6688 93 229 206
6689 92 162 206
6690 98 45 210
6691 97 15 209
6692 96 5 209
6693 95 173 208
6694 94 229 208
6695 99 45 211
6696 98 15 211
6697 97 5 210
6698 96 173 210
6699 100 45 213
6700 99 15 212
6701 98 5 212
6702 101 45 214
6703 100 15 214
6704 102 45 216
6705 103 4 217
6706 101 1 215
6707 99 193 213
6708 97 241 211
6709 95 253 209
6710 93 256 207
6711 91 64 205
6712 89 16 203
6713 87 4 201
6714 85 1 199
6715 83 193 197
6716 81 241 195
6717 79 253 193
6718 77 256 191
6719 75 64 189
6720 73 16 187
6721 71 4 185
6722 69 1 183
6723 67 193 181
6724 65 241 179
6725 63 253 177
6726 61 256 175
6727 59 64 173
6728 57 16 171
6729 55 4 169
6730 53 1 167
6731 51 193 165
6732 49 241 163
6733 47 253 161
6734 45 256 159
6735 43 64 157
6736 41 16 155
6737 39 4 153
6738 37 1 151
6739 35 193 149
6740 33 241 147
6741 31 253 145
6742 29 256 143
6743 27 64 141
6744 25 16 139
6745 23 4 137
6746 21 1 135
6747 19 193 133
6748 17 241 131
6749 15 253 129
6750 104 4 219
6751 102 1 217
6752 100 193 215
6753 98 241 213
6754 96 253 211
6755 94 256 209
6756 92 64 207
6757 90 16 205
6758 88 4 203
6759 86 1 201
6760 84 193 199
6761 82 241 197
6762 80 253 195
6763 78 256 193
6764 76 64 191
6765 74 16 189
6766 72 4 187
6767 70 1 185
6768 68 193 183
6769 66 241 181
6770 64 253 179
6771 62 256 177
6772 60 64 175
6773 58 16 173
6774 56 4 171
6775 54 1 169
6776 52 193 167
6777 50 241 165
6778 48 253 163
6779 46 256 161
6780 44 64 159
6781 42 16 157
6782 40 4 155
6783 38 1 153
6784 36 193 151
6785 34 241 149
6786 32 253 147
6787 30 256 145
6788 28 64 143
6789 26 16 141
6790 24 4 139
6791 22 1 137
6792 20 193 135
6793 105 4 220
6794 103 1 218
6795 101 193 216
6796 99 241 214
6797 97 253 212
6798 95 256 210
6799 93 64 208
6800 91 16 206
6801 89 4 204
6802 87 1 202
6803 85 193 200
6804 83 241 198
6805 81 253 196
6806 79 256 194
6807 77 64 192
6808 75 16 190
6809 73 4 188
6810 71 1 186
6811 69 193 184
6812 67 241 182
6813 65 253 180
6814 63 256 178
6815 61 64 176
6816 59 16 174
6817 57 4 172
6818 55 1 170
6819 53 193 168
6820 51 241 166
6821 49 253 164
6822 47 256 162
6823 45 64 160
6824 43 16 158
6825 41 4 156
6826 39 1 154
6827 37 193 152
6828 35 241 150
6829 33 253 148
6830 31 256 146
6831 29 64 144
6832 27 16 142
6833 25 4 140
6834 106 4 222
6835 104 1 220
6836 102 193 218
6837 100 241 216
6838 98 253 214
6839 96 256 212
6840 94 64 210
6841 92 16 208
6842 90 4 206
6843 88 1 204
6844 86 193 202
6845 84 241 200
6846 82 253 198
6847 80 256 196
6848 78 64 194
6849 76 16 192
6850 74 4 190
6851 72 1 188
6852 70 193 186
6853 68 241 184
6854 66 253 182
6855 64 256 180
6856 62 64 178
6857 60 16 176
6858 58 4 174
6859 56 1 172
6860 54 193 170
6861 52 241 168
6862 50 253 166
6863 48 256 164
6864 46 64 162
6865 44 16 160
6866 42 4 158
6867 40 1 156
6868 38 193 154
6869 36 241 152
6870 34 253 150
6871 32 256 148
6872 30 64 146
6873 107 4 223
6874 105 1 221
6875 103 193 219
6876 101 241 217
6877 99 253 215
6878 97 256 213
6879 95 64 211
6880 93 16 209
6881 91 4 207
6882 89 1 205
6883 87 193 203
6884 85 241 201
6885 83 253 199
6886 81 256 197
6887 79 64 195
6888 77 16 193
6889 75 4 191
6890 73 1 189
6891 71 193 187
6892 69 241 185
6893 67 253 183
6894 65 256 181
6895 63 64 179
6896 61 16 177
6897 59 4 175
6898 57 1 173
6899 55 193 171
6900 53 241 169
6901 51 253 167
6902 49 256 165
6903 47 64 163
6904 45 16 161
6905 43 4 159
6906 41 1 157
6907 39 193 155
6908 37 241 153
6909 35 253 151
6910 108 4 225
6911 106 1 223
6912 104 193 221
6913 102 241 219
6914 100 253 217
6915 98 256 215
6916 96 64 213
6917 94 16 211
6918 92 4 209
6919 90 1 207
6920 88 193 205
6921 86 241 203
6922 84 253 201
6923 82 256 199
6924 80 64 197
6925 78 16 195
6926 76 4 193
6927 74 1 191
6928 72 193 189
6929 70 241 187
6930 68 253 185
6931 66 256 183
6932 64 64 181
6933 62 16 179
6934 60 4 177
6935 58 1 175
6936 56 193 173
6937 54 241 171
6938 52 253 169
6939 50 256 167
6940 48 64 165
6941 46 16 163
6942 44 4 161
6943 42 1 159
6944 40 193 157
6945 109 4 226
6946 107 1 224
6947 105 193 222
6948 103 241 220
6949 101 253 218
6950 99 256 216
6951 97 64 214
6952 95 16 212
6953 93 4 210
6954 91 1 208
6955 89 193 206
6956 87 241 204
6957 85 253 202
6958 83 256 200
6959 81 64 198
6960 79 16 196
6961 77 4 194
6962 75 1 192
6963 73 193 190
6964 71 241 188
6965 69 253 186
6966 67 256 184
6967 65 64 182
6968 63 16 180
6969 61 4 178
6970 59 1 176
6971 57 193 174
6972 55 241 172
6973 53 253 170
6974 51 256 168
6975 49 64 166
6976 47 16 164
6977 45 4 162
6978 110 4 228
6979 108 1 226
6980 106 193 224
6981 104 241 222
6982 102 253 220
6983 100 256 218
6984 98 64 216
6985 96 16 214
6986 94 4 212
6987 92 1 210
6988 90 193 208
6989 88 241 206
6990 86 253 204
6991 84 256 202
6992 82 64 200
6993 80 16 198
6994 78 4 196
6995 76 1 194
6996 74 193 192
6997 72 241 190
6998 70 253 188
6999 68 256 186
7000 66 64 184
7001 64 16 182
7002 62 4 180
7003 60 1 178
7004 58 193 176
7005 56 241 174
7006 54 253 172
7007 52 256 170
7008 50 64 168
7009 111 4 229
7010 109 1 227
7011 107 193 225
7012 105 241 223
7013 103 253 221
7014 101 256 219
7015 99 64 217
7016 97 16 215
7017 95 4 213
7018 93 1 211
7019 91 193 209
7020 89 241 207
7021 87 253 205
7022 85 256 203
7023 83 64 201
7024 81 16 199
7025 79 4 197
7026 77 1 195
7027 75 193 193
7028 73 241 191
7029 71 253 189
7030 69 256 187
7031 67 64 185
7032 65 16 183
7033 63 4 181
7034 61 1 179
7035 59 193 177
7036 57 241 175
7037 55 253 173
7038 112 4 231
7039 110 1 229
7040 108 193 227
7041 106 241 225
7042 104 253 223
7043 102 256 221
7044 100 64 219
7045 98 16 217
7046 96 4 215
7047 94 1 213
7048 92 193 211
7049 90 241 209
7050 88 253 207
7051 86 256 205
7052 84 64 203
7053 82 16 201
7054 80 4 199
7055 78 1 197
7056 76 193 195
7057 74 241 193
7058 72 253 191
7059 70 256 189
7060 68 64 187
7061 66 16 185
7062 64 4 183
7063 62 1 181
7064 60 193 179
7065 113 4 232
7066 111 1 230
7067 109 193 228
7068 107 241 226
7069 105 253 224
7070 103 256 222
7071 101 64 220
7072 99 16 218
7073 97 4 216
7074 95 1 214
7075 93 193 212
7076 91 241 210
7077 89 253 208
7078 87 256 206
7079 85 64 204
7080 83 16 202
7081 81 4 200
7082 79 1 198
7083 77 193 196
7084 75 241 194
7085 73 253 192
7086 71 256 190
7087 69 64 188
7088 67 16 186
7089 65 4 184
7090 114 4 234
7091 112 1 232
7092 110 193 230
7093 108 241 228
7094 106 253 226
7095 104 256 224
7096 102 64 222
7097 100 16 220
7098 98 4 218
7099 96 1 216
7100 94 193 214
7101 92 241 212
7102 90 253 210
7103 88 256 208
7104 86 64 206
7105 84 16 204
7106 82 4 202
7107 80 1 200
7108 78 193 198
7109 76 241 196
7110 74 253 194
7111 72 256 192
7112 70 64 190
7113 115 4 235
7114 113 1 233
7115 111 193 231
7116 109 241 229
7117 107 253 227
7118 105 256 225
7119 103 64 223
7120 101 16 221
7121 99 4 219
7122 97 1 217
7123 95 193 215
7124 93 241 213
7125 91 253 211
7126 89 256 209
7127 87 64 207
7128 85 16 205
7129 83 4 203
7130 81 1 201
7131 79 193 199
7132 77 241 197
7133 75 253 195
7134 116 4 237
7135 114 1 235
7136 112 193 233
7137 110 241 231
7138 108 253 229
7139 106 256 227
7140 104 64 225
7141 102 16 223
7142 100 4 221
7143 98 1 219
7144 96 193 217
7145 94 241 215
7146 92 253 213
7147 90 256 211
7148 88 64 209
7149 86 16 207
7150 84 4 205
7151 82 1 203
7152 80 193 201
7153 117 4 238
7154 115 1 236
7155 113 193 234
7156 111 241 232
7157 109 253 230
7158 107 256 228
7159 105 64 226
7160 103 16 224
7161 101 4 222
7162 99 1 220
7163 97 193 218
7164 95 241 216
7165 93 253 214
7166 91 256 212
7167 89 64 210
7168 87 16 208
7169 85 4 206
7170 118 4 240
7171 116 1 238
7172 114 193 236
7173 112 241 234
7174 110 253 232
7175 108 256 230
7176 106 64 228
7177 104 16 226
7178 102 4 224
7179 100 1 222
7180 98 193 220
7181 96 241 218
7182 94 253 216
7183 92 256 214
7184 90 64 212
7185 119 4 241
7186 117 1 239
7187 115 193 237
7188 113 241 235
7189 111 253 233
7190 109 256 231
7191 107 64 229
7192 105 16 227
7193 103 4 225
7194 101 1 223
7195 99 193 221
7196 97 241 219
7197 95 253 217
7198 120 4 243
7199 118 1 241
7200 116 193 239
7201 114 241 237
7202 112 253 235
7203 110 256 233
7204 108 64 231
7205 106 16 229
7206 104 4 227
7207 102 1 225
7208 100 193 223
7209 121 4 244
7210 119 1 242
7211 117 193 240
7212 115 241 238
7213 113 253 236
7214 111 256 234
7215 109 64 232
7216 107 16 230
7217 105 4 228
7218 122 4 246
7219 120 1 244
7220 118 193 242
7221 116 241 240
7222 114 253 238
7223 112 256 236
7224 110 64 234
7225 123 4 247
7226 121 1 245
7227 119 193 243
7228 117 241 241
7229 115 253 239
7230 124 4 249
7231 122 1 247
7232 120 193 245
7233 125 4 250
7234 0 1 121
7235 0 1 122
7236 0 1 123
7237 0 1 124
7238 0 1 125
7239 0 1 126
7240 0 1 127
7241 0 1 128
7242 0 1 129
7243 0 1 130
7244 0 1 131
7245 0 1 132
7246 0 1 133
7247 0 1 134
7248 0 1 135
7249 0 1 136
7250 0 1 137
7251 0 1 138
7252 0 1 139
7253 0 1 140
7254 0 1 141
7255 0 1 142
7256 0 1 143
7257 0 1 144
7258 0 1 145
7259 0 1 146
7260 0 1 147
7261 0 1 148
7262 0 1 149
7263 0 1 150
7264 0 1 151
7265 0 1 152
7266 0 1 153
7267 0 1 154
7268 0 1 155
7269 0 1 156
7270 0 1 157
7271 0 1 158
7272 0 1 159
7273 0 1 160
7274 0 1 161
7275 0 1 162
7276 1 129 121
7277 1 129 122
7278 1 129 123
7279 1 129 124
7280 1 129 125
7281 1 129 126
7282 1 129 127
7283 1 129 128
7284 1 129 129
7285 1 129 130
7286 1 129 131
7287 1 129 132
7288 1 129 133
7289 1 129 134
7290 1 129 135
7291 1 129 136
7292 1 129 137
7293 1 129 138
7294 1 129 139
7295 1 129 140
7296 1 129 141
7297 1 129 142
7298 1 129 143
7299 1 129 144
7300 1 129 145
7301 1 129 146
7302 1 129 147
7303 1 129 148
7304 1 129 149
7305 1 129 150
7306 1 129 151
7307 1 129 152
7308 1 129 153
7309 1 129 154
7310 1 129 155
7311 1 129 156
7312 1 129 157
7313 1 129 158
7314 1 129 159
7315 1 129 160
7316 1 129 161
7317 2 193 121
7318 2 193 122
7319 2 193 123
7320 2 193 124
7321 2 193 125
7322 2 193 126
7323 2 193 127
7324 2 193 128
7325 2 193 129
7326 2 193 130
7327 2 193 131
7328 2 193 132
7329 2 193 133
7330 2 193 134
7331 2 193 135
7332 2 193 136
7333 2 193 137
7334 2 193 138
7335 2 193 139
7336 2 193 140
7337 2 193 141
7338 2 193 142
7339 2 193 143
7340 2 193 144
7341 2 193 145
7342 2 193 146
7343 2 193 147
7344 2 193 148
7345 2 193 149
7346 2 193 150
7347 2 193 151
7348 2 193 152
7349 2 193 153
7350 2 193 154
7351 2 193 155
7352 2 193 156
7353 2 193 157
7354 2 193 158
7355 2 193 159
7356 2 193 160
7357 3 225 121
7358 3 225 122
7359 3 225 123
7360 3 225 124
7361 3 225 125
7362 3 225 126
7363 3 225 127
7364 3 225 128
7365 3 225 129
7366 3 225 130
7367 3 225 131
7368 3 225 132
7369 3 225 133
7370 3 225 134
7371 3 225 135
7372 3 225 136
7373 3 225 137
7374 3 225 138
7375 3 225 139
7376 3 225 140
7377 3 225 141
7378 3 225 142
7379 3 225 143
7380 3 225 144
7381 3 225 145
7382 3 225 146
7383 3 225 147
7384 3 225 148
7385 3 225 149
7386 3 225 150
7387 3 225 151
7388 3 225 152
7389 3 225 153
7390 3 225 154
7391 3 225 155
7392 3 225 156
7393 3 225 157
7394 3 225 158
7395 3 225 159
7396 4 225 122
7397 5 16 122
7398 4 241 123
7399 4 241 124
7400 4 241 125
7401 4 241 126
7402 4 241 127
7403 4 241 128
7404 4 241 129
7405 4 241 130
7406 4 241 131
7407 4 241 132
7408 4 241 133
7409 4 241 134
7410 4 241 135
7411 4 241 136
7412 4 241 137
7413 4 241 138
7414 4 241 139
7415 4 241 140
7416 4 241 141
7417 4 241 142
7418 4 241 143
7419 4 241 144
7420 4 241 145
7421 4 241 146
7422 4 241 147
7423 4 241 148
7424 4 241 149
7425 4 241 150
7426 4 241 151
7427 4 241 152
7428 4 241 153
7429 4 241 154
7430 4 241 155
7431 4 241 156
7432 4 241 157
7433 4 241 158
7434 5 225 123
7435 6 16 123
7436 7 249 123
7437 5 249 124
7438 5 249 125
7439 5 249 126
7440 5 249 127
7441 5 249 128
7442 5 249 129
7443 5 249 130
7444 5 249 131
7445 5 249 132
7446 5 249 133
7447 5 249 134
7448 5 249 135
7449 5 249 136
7450 5 249 137
7451 5 249 138
7452 5 249 139
7453 5 249 140
7454 5 249 141
7455 5 249 142
7456 5 249 143
7457 5 249 144
7458 5 249 145
7459 5 249 146
7460 5 249 147
7461 5 249 148
7462 5 249 149
7463 5 249 150
7464 5 249 151
7465 5 249 152
7466 5 249 153
7467 5 249 154
7468 5 249 155
7469 5 249 156
7470 5 249 157
7471 6 225 124
7472 7 16 124
7473 8 249 124
7474 9 4 124
7475 6 253 125
7476 6 253 126
7477 6 253 127
7478 6 253 128
7479 6 253 129
7480 6 253 130
7481 6 253 131
7482 6 253 132
7483 6 253 133
7484 6 253 134
7485 6 253 135
7486 6 253 136
7487 6 253 137
7488 6 253 138
7489 6 253 139
7490 6 253 140
7491 6 253 141
7492 6 253 142
7493 6 253 143
7494 6 253 144
7495 6 253 145
7496 6 253 146
7497 6 253 147
7498 6 253 148
7499 6 253 149
7500 6 253 150
7501 6 253 151
7502 6 253 152
7503 6 253 153
7504 6 253 154
7505 6 253 155
7506 6 253 156
7507 7 225 125
7508 8 16 125
7509 9 249 125
7510 10 4 125
7511 11 255 125
7512 7 255 126
7513 7 255 127
7514 7 255 128
7515 7 255 129
7516 7 255 130
7517 7 255 131
7518 7 255 132
7519 7 255 133
7520 7 255 134
7521 7 255 135
7522 7 255 136
7523 7 255 137
7524 7 255 138
7525 7 255 139
7526 7 255 140
7527 7 255 141
7528 7 255 142
7529 7 255 143
7530 7 255 144
7531 7 255 145
7532 7 255 146
7533 7 255 147
7534 7 255 148
7535 7 255 149
7536 7 255 150
7537 7 255 151
7538 7 255 152
7539 7 255 153
7540 7 255 154
7541 7 255 155
7542 8 225 126
7543 9 16 126
7544 10 249 126
7545 11 4 126
7546 8 253 127
7547 12 256 127
7548 13 129 127
7549 8 256 128
7550 8 256 129
7551 8 256 130
7552 8 256 131
7553 8 256 132
7554 8 256 133
7555 8 256 134
7556 8 256 135
7557 8 256 136
7558 8 256 137
7559 8 256 138
7560 8 256 139
7561 8 256 140
7562 8 256 141
7563 8 256 142
7564 8 256 143
7565 8 256 144
7566 8 256 145
7567 8 256 146
7568 8 256 147
7569 8 256 148
7570 8 256 149
7571 8 256 150
7572 8 256 151
7573 8 256 152
7574 8 256 153
7575 8 256 154
7576 9 225 127
7577 10 16 127
7578 11 249 127
7579 9 249 128
7580 12 2 128
7581 13 256 128
7582 9 255 129
7583 14 193 129
7584 9 256 130
7585 15 16 130
7586 9 128 131
7587 9 128 132
7588 9 128 133
7589 9 128 134
7590 9 128 135
7591 9 128 136
7592 9 128 137
7593 9 128 138
7594 9 128 139
7595 9 128 140
7596 9 128 141
7597 9 128 142
7598 9 128 143
7599 9 128 144
7600 9 128 145
7601 9 128 146
7602 9 128 147
7603 9 128 148
7604 9 128 149
7605 9 128 150
7606 9 128 151
7607 9 128 152
7608 9 128 153
7609 10 225 128
7610 11 16 128
7611 10 241 129
7612 12 253 129
7613 13 2 129
7614 10 253 130
7615 14 128 130
7616 10 255 131
7617 15 225 131
7618 16 16 131
7619 10 128 132
7620 17 253 132
7621 10 64 133
7622 10 64 134
7623 10 64 135
7624 10 64 136
7625 10 64 137
7626 10 64 138
7627 10 64 139
7628 10 64 140
7629 10 64 141
7630 10 64 142
7631 10 64 143
7632 10 64 144
7633 10 64 145
7634 10 64 146
7635 10 64 147
7636 10 64 148
7637 10 64 149
7638 10 64 150
7639 10 64 151
7640 10 64 152
7641 11 225 129
7642 11 225 130
7643 12 8 130
7644 13 253 130
7645 11 249 131
7646 14 1 131
7647 11 253 132
7648 15 64 132
7649 16 225 132
7650 11 256 133
7651 17 8 133
7652 18 253 133
7653 11 64 134
7654 19 1 134
7655 11 32 135
7656 11 32 136
7657 11 32 137
7658 11 32 138
7659 11 32 139
7660 11 32 140
7661 11 32 141
7662 11 32 142
7663 11 32 143
7664 11 32 144
7665 11 32 145
7666 11 32 146
7667 11 32 147
7668 11 32 148
7669 11 32 149
7670 11 32 150
7671 11 32 151
7672 12 225 131
7673 13 177 131
7674 12 119 132
7675 13 238 132
7676 14 255 132
7677 12 249 133
7678 15 129 133
7679 16 64 133
7680 12 255 134
7681 17 241 134
7682 18 8 134
7683 12 128 135
7684 19 255 135
7685 12 64 136
7686 20 129 136
7687 21 64 136
7688 12 16 137
7689 12 16 138
7690 12 16 139
7691 12 16 140
7692 12 16 141
7693 12 16 142
7694 12 16 143
7695 12 16 144
7696 12 16 145
7697 12 16 146
7698 12 16 147
7699 12 16 148
7700 12 16 149
7701 12 16 150
7702 13 225 133
7703 14 177 133
7704 13 119 134
7705 14 238 134
7706 15 255 134
7707 16 227 134
7708 13 9 135
7709 16 15 135
7710 17 32 135
7711 18 241 135
7712 13 256 136
7713 19 4 136
7714 13 128 137
7715 20 256 137
7716 21 129 137
7717 13 32 138
7718 22 32 138
7719 23 241 138
7720 13 8 139
7721 13 8 140
7722 13 8 141
7723 13 8 142
7724 13 8 143
7725 13 8 144
7726 13 8 145
7727 13 8 146
7728 13 8 147
7729 13 8 148
7730 13 8 149
7731 14 225 135
7732 15 177 135
7733 14 119 136
7734 15 238 136
7735 16 255 136
7736 17 227 136
7737 18 32 136
7738 14 242 137
7739 17 2 137
7740 18 201 137
7741 19 249 137
7742 14 256 138
7743 20 2 138
7744 21 256 138
7745 14 64 139
7746 22 193 139
7747 23 32 139
7748 14 16 140
7749 24 249 140
7750 14 8 141
7751 25 2 141
7752 14 4 142
7753 14 4 143
7754 14 4 144
7755 14 4 145
7756 14 4 146
7757 14 4 147
7758 14 4 148
7759 15 225 137
7760 16 177 137
7761 15 119 138
7762 16 238 138
7763 17 255 138
7764 18 227 138
7765 19 32 138
7766 15 242 139
7767 18 2 139
7768 19 201 139
7769 20 249 139
7770 21 15 139
7771 15 239 140
7772 21 159 140
7773 22 128 140
7774 23 193 140
7775 15 32 141
7776 24 16 141
7777 15 16 142
7778 25 253 142
7779 26 2 142
7780 15 4 143
7781 27 128 143
7782 15 2 144
7783 15 2 145
7784 15 2 146
7785 15 2 147
7786 16 225 139
7787 17 177 139
7788 16 119 140
7789 17 238 140
7790 18 255 140
7791 19 227 140
7792 20 32 140
7793 16 242 141
7794 19 2 141
7795 20 201 141
7796 21 249 141
7797 22 15 141
7798 23 72 141
7799 16 220 142
7800 22 20 142
7801 23 47 142
7802 24 225 142
7803 16 32 143
7804 25 8 143
7805 26 253 143
7806 16 8 144
7807 27 1 144
7808 28 128 144
7809 16 2 145
7810 29 225 145
7811 16 1 146
7812 17 225 141
7813 18 177 141
7814 17 119 142
7815 18 238 142
7816 19 255 142
7817 20 227 142
7818 21 32 142
7819 17 242 143
7820 20 2 143
7821 21 201 143
7822 22 249 143
7823 23 15 143
7824 24 72 143
7825 17 220 144
7826 23 20 144
7827 24 47 144
7828 25 225 144
7829 26 95 144
7830 17 78 145
7831 26 237 145
7832 27 255 145
7833 28 1 145
7834 17 4 146
7835 29 64 146
7836 16 26 147
7837 18 225 143
7838 19 177 143
7839 18 119 144
7840 19 238 144
7841 20 255 144
7842 21 227 144
7843 22 32 144
7844 18 242 145
7845 21 2 145
7846 22 201 145
7847 23 249 145
7848 24 15 145
7849 25 72 145
7850 18 220 146
7851 24 20 146
7852 25 47 146
7853 26 225 146
7854 27 95 146
7855 28 203 146
7856 17 96 147
7857 18 226 147
7858 27 229 147
7859 28 155 147
7860 30 127 147
7861 19 225 145
7862 20 177 145
7863 19 119 146
7864 20 238 146
7865 21 255 146
7866 22 227 146
7867 23 32 146
7868 19 242 147
7869 22 2 147
7870 23 201 147
7871 24 249 147
7872 25 15 147
7873 26 72 147
7874 29 175 147
7875 31 17 147
7876 15 64 148
7877 16 170 148
7878 17 65 148
7879 18 130 148
7880 19 190 148
7881 25 72 148
7882 26 218 148
7883 27 108 148
7884 20 225 147
7885 21 177 147
7886 20 119 148
7887 21 238 148
7888 22 255 148
7889 23 227 148
7890 24 32 148
7891 28 49 148
7892 29 191 148
7893 30 237 148
7894 31 98 148
7895 14 210 149
7896 15 127 149
7897 16 196 149
7898 17 173 149
7899 18 68 149
7900 19 135 149
7901 20 18 149
7902 23 75 149
7903 24 150 149
7904 25 173 149
7905 26 76 149
7906 21 225 149
7907 22 177 149
7908 27 254 149
7909 28 5 149
7910 29 59 149
7911 30 187 149
7912 31 6 149
7913 32 117 149
7914 33 26 149
7915 13 44 150
7916 14 158 150
7917 15 232 150
7918 16 203 150
7919 17 12 150
7920 18 150 150
7921 19 79 150
7922 20 196 150
7923 21 154 150
7924 22 155 150
7925 23 82 150
7926 24 96 150
7927 25 190 150
7928 26 183 150
7929 27 254 150
7930 28 26 150
7931 29 57 150
7932 30 185 150
7933 31 90 150
7934 32 35 150
7935 33 96 150
7936 12 91 151
7937 13 213 151
7938 14 66 151
7939 15 187 151
7940 16 9 151
7941 17 169 151
7942 18 79 151
7943 19 131 151
7944 20 77 151
7945 21 213 151
7946 22 243 151
7947 23 254 151
7948 24 164 151
7949 25 87 151
7950 26 188 151
7951 27 90 151
7952 28 26 151
7953 29 48 151
7954 30 156 151
7955 31 32 151
7956 32 242 151
7957 33 164 151
7958 34 102 151
7959 11 120 152
7960 12 135 152
7961 13 143 152
7962 14 24 152
7963 15 58 152
7964 16 74 152
7965 17 232 152
7966 18 146 152
7967 19 42 152
7968 20 76 152
7969 21 237 152
7970 22 123 152
7971 23 117 152
7972 24 206 152
7973 25 148 152
7974 26 230 152
7975 27 180 152
7976 28 228 152
7977 29 26 152
7978 30 156 152
7979 31 146 152
7980 32 195 152
7981 33 122 152
7982 34 254 152
7983 35 182 152
7984 10 154 153
7985 11 210 153
7986 12 159 153
7987 13 108 153
7988 14 33 153
7989 15 236 153
7990 16 243 153
7991 17 59 153
7992 18 15 153
7993 19 26 153
7994 20 143 153
7995 21 21 153
7996 22 180 153
7997 23 251 153
7998 24 135 153
7999 25 21 153
8000 26 71 153
8001 27 117 153
8002 28 208 153
8003 29 155 153
8004 30 59 153
8005 31 48 153
8006 32 154 153
8007 33 211 153
8008 34 129 153
8009 35 74 153
8010 36 88 153
8011 9 61 154
8012 10 107 154
8013 11 13 154
8014 12 47 154
8015 13 96 154
8016 14 128 154
8017 15 62 154
8018 16 187 154
8019 17 250 154
8020 18 253 154
8021 19 211 154
8022 20 232 154
8023 21 213 154
8024 22 171 154
8025 23 19 154
8026 24 82 154
8027 25 169 154
8028 26 114 154
8029 27 183 154
8030 28 255 154
8031 29 155 154
8032 30 84 154
8033 31 103 154
8034 32 57 154
8035 33 195 154
8036 34 149 154
8037 35 1 154
8038 36 187 154
8039 37 254 154
8040 8 138 155
8041 9 131 155
8042 10 179 155
8043 11 96 155
8044 12 185 155
8045 13 66 155
8046 14 85 155
8047 15 235 155
8048 16 23 155
8049 17 163 155
8050 18 41 155
8051 19 142 155
8052 20 68 155
8053 21 62 155
8054 22 86 155
8055 23 212 155
8056 24 50 155
8057 25 15 155
8058 26 73 155
8059 27 162 155
8060 28 128 155
8061 29 135 155
8062 30 47 155
8063 31 204 155
8064 32 234 155
8065 33 54 155
8066 34 223 155
8067 35 146 155
8068 36 10 155
8069 37 73 155
8070 38 230 155
8071 7 129 156
8072 8 139 156
8073 9 71 156
8074 10 57 156
8075 12 123 156
8076 14 103 156
8077 15 76 156
8078 16 139 156
8079 17 117 156
8080 18 12 156
8081 19 195 156
8082 20 253 156
8083 21 180 156
8084 22 120 156
8085 23 32 156
8086 24 87 156
8087 25 83 156
8088 26 5 156
8089 27 27 156
8090 28 182 156
8091 29 55 156
8092 30 103 156
8093 31 79 156
8094 32 204 156
8095 33 139 156
8096 34 79 156
8097 35 3 156
8098 36 237 156
8099 37 64 156
8100 38 191 156
8101 39 20 156
8102 6 147 157
8103 7 186 157
8104 8 110 157
8105 20 218 157
8106 22 117 157
8107 24 37 157
8108 25 184 157
8109 26 40 157
8110 27 234 157
8111 28 202 157
8112 29 72 157
8113 30 168 157
8114 31 102 157
8115 32 254 157
8116 33 107 157
8117 34 85 157
8118 35 185 157
8119 36 69 157
8120 37 36 157
8121 38 20 157
8122 39 64 157
8123 5 138 158
8124 6 44 158
8125 30 173 158
8126 32 3 158
8127 34 123 158
8128 35 68 158
8129 36 99 158
8130 37 210 158
8131 38 245 158
8132 39 1 158
8133 40 72 158
8134 41 131 158
8135 4 185 159
8136 40 224 159
8137 42 193 160
8138 41 241 159
8139 40 249 160
8140 39 255 159
8141 38 256 159
8142 37 64 159
8143 36 32 159
8144 35 8 159
8145 34 4 159
8146 33 1 158
8147 32 129 159
8148 31 225 158
8149 30 241 159
8150 29 253 158
8151 28 255 158
8152 27 128 158
8153 26 64 158
8154 25 16 158
8155 24 8 158
8156 23 2 157
8157 22 1 158
8158 21 193 157
8159 20 225 158
8160 19 249 157
8161 18 253 157
8162 17 256 157
8163 16 128 157
8164 15 32 157
8165 14 16 157
8166 13 4 156
8167 12 2 157
8168 11 129 156
8169 10 193 157
8170 9 241 157
8171 11 50 157
8172 13 38 157
8173 7 146 158
8174 8 130 158
8175 9 141 158
8176 10 148 158
8177 11 205 158
8178 13 172 158
8179 15 235 158
8180 17 27 158
8181 18 4 158
8182 43 225 160
8183 42 241 161
8184 41 253 160
8185 40 255 161
8186 39 128 160
8187 38 64 160
8188 37 16 160
8189 36 8 160
8190 35 2 160
8191 34 1 160
8192 33 193 159
8193 32 225 160
8194 31 249 159
8195 30 253 160
8196 29 256 159
8197 28 128 159
8198 27 32 159
8199 26 16 159
8200 25 4 159
8201 24 2 159
8202 23 129 158
8203 22 193 159
8204 21 241 158
8205 20 249 159
8206 19 255 158
8207 5 160 159
8208 6 241 159
8209 16 32 158
8210 7 167 159
8211 14 4 158
8212 8 14 159
8213 12 129 158
8214 9 204 159
8215 10 241 159
8216 11 81 159
8217 12 232 159
8218 13 78 159
8219 14 160 159
8220 15 222 159
8221 16 8 159
8222 17 82 159
8223 18 215 159
8224 19 226 159
8225 21 216 159
8226 44 225 162
8227 43 249 161
8228 42 253 162
8229 41 256 161
8230 40 128 162
8231 39 32 161
8232 38 16 161
8233 37 4 161
8234 36 2 161
8235 35 129 161
8236 34 193 161
8237 33 241 160
8238 32 249 161
8239 31 255 160
8240 30 256 161
8241 29 64 160
8242 28 32 160
8243 27 8 160
8244 26 4 160
8245 25 1 160
8246 24 129 160
8247 23 225 159
8248 22 241 160
8249 3 227 160
8250 20 255 160
8251 4 207 160
8252 5 39 160
8253 6 116 160
8254 7 72 160
8255 8 37 160
8256 9 243 160
8257 10 196 160
8258 11 191 160
8259 12 64 160
8260 13 65 160
8261 14 223 160
8262 15 239 160
8263 16 153 160
8264 17 115 160
8265 18 115 160
8266 19 89 160
8267 21 165 160
8268 23 230 160
8269 45 241 163
8270 44 249 163
8271 43 255 162
8272 42 256 163
8273 41 64 162
8274 40 32 163
8275 39 8 162
8276 38 4 162
8277 37 1 162
8278 36 129 162
8279 35 225 162
8280 34 241 162
8281 33 253 161
8282 32 255 162
8283 31 128 161
8284 30 64 162
8285 29 16 161
8286 28 8 161
8287 27 2 161
8288 26 1 161
8289 25 193 161
8290 24 225 161
8291 2 26 161
8292 22 253 161
8293 3 28 161
8294 20 128 161
8295 4 120 161
8296 5 90 161
8297 6 201 161
8298 7 91 161
8299 8 46 161
8300 9 202 161
8301 10 171 161
8302 11 236 161
8303 12 225 161
8304 13 226 161
8305 14 17 161
8306 15 98 161
8307 16 3 161
8308 17 236 161
8309 18 106 161
8310 19 49 161
8311 46 241 164
8312 45 253 164
8313 44 255 164
8314 43 128 163
8315 42 64 164
8316 41 16 163
8317 40 8 164
8318 39 2 163
8319 38 1 163
8320 37 193 163
8321 36 225 163
8322 35 249 163
8323 34 253 163
8324 33 256 162
8325 32 128 163
8326 31 32 162
8327 30 16 163
8328 29 4 162
8329 28 2 162
8330 27 129 162
8331 26 193 162
8332 25 241 162
8333 24 249 162
8334 23 255 161
8335 22 256 162
8336 21 64 161
8337 20 32 162
8338 1 29 162
8339 2 192 162
8340 3 192 162
8341 4 182 162
8342 5 214 162
8343 6 62 162
8344 7 137 162
8345 8 127 162
8346 9 204 162
8347 10 45 162
8348 12 7 162
8349 11 137 162
8350 13 183 162
8351 14 205 162
8352 47 249 165
8353 46 253 165
8354 45 256 165
8355 44 128 165
8356 43 32 164
8357 42 16 165
8358 41 4 164
8359 40 2 165
8360 39 129 164
8361 38 193 164
8362 37 241 164
8363 36 249 164
8364 35 255 164
8365 34 256 164
8366 33 64 163
8367 32 32 164
8368 31 8 163
8369 30 4 164
8370 29 1 163
8371 28 129 163
8372 27 225 163
8373 26 241 163
8374 25 253 163
8375 24 255 163
8376 23 128 162
8377 22 64 163
8378 21 16 162
8379 20 8 163
8380 19 2 162
8381 18 1 162
8382 17 193 162
8383 16 225 162
8384 15 249 162
8385 0 92 163
8386 1 135 163
8387 2 183 163
8388 4 1 163
8389 6 162 163
8390 8 120 163
8391 10 38 163
8392 48 249 166
8393 47 255 166
8394 46 256 166
8395 45 64 166
8396 44 32 166
8397 43 8 165
8398 42 4 166
8399 41 1 165
8400 40 129 166
8401 39 225 165
8402 38 241 165
8403 37 253 165
8404 36 255 165
8405 35 128 165
8406 34 64 165
8407 33 16 164
8408 32 8 165
8409 31 2 164
8410 30 1 165
8411 29 193 164
8412 28 225 164
8413 27 249 164
8414 26 253 164
8415 25 256 164
8416 24 128 164
8417 23 32 163
8418 22 16 164
8419 21 4 163
8420 20 2 164
8421 19 129 163
8422 18 193 163
8423 17 241 163
8424 16 249 163
8425 15 255 163
8426 14 256 163
8427 12 102 163
8428 13 192 163
8429 0 239 164
8430 1 93 164
8431 49 253 167
8432 48 255 167
8433 47 128 167
8434 46 64 167
8435 45 16 167
8436 44 8 167
8437 43 2 166
8438 42 1 167
8439 41 193 166
8440 40 225 167
8441 39 249 166
8442 38 253 166
8443 37 256 166
8444 36 128 166
8445 35 32 166
8446 34 16 166
8447 33 4 165
8448 32 2 166
8449 31 129 165
8450 30 193 166
8451 29 241 165
8452 28 249 165
8453 27 255 165
8454 26 256 165
8455 25 64 165
8456 24 32 165
8457 23 8 164
8458 22 4 165
8459 21 1 164
8460 20 129 165
8461 19 225 164
8462 18 241 164
8463 17 253 164
8464 16 255 164
8465 15 128 164
8466 14 64 164
8467 12 236 164
8468 0 102 165
8469 50 253 169
8470 49 256 168
8471 48 128 168
8472 47 32 168
8473 46 16 168
8474 45 4 168
8475 44 2 168
8476 43 129 167
8477 42 193 168
8478 41 241 167
8479 40 249 168
8480 39 255 167
8481 38 256 167
8482 37 64 167
8483 36 32 167
8484 35 8 167
8485 34 4 167
8486 33 1 166
8487 32 129 167
8488 31 225 166
8489 30 241 167
8490 29 253 166
8491 28 255 166
8492 27 128 166
8493 26 64 166
8494 25 16 166
8495 24 8 166
8496 23 2 165
8497 22 1 166
8498 21 193 165
8499 20 225 166
8500 19 249 165
8501 18 253 165
8502 17 256 165
8503 16 128 165
8504 15 32 165
8505 14 16 165
8506 51 255 169
8507 50 256 170
8508 49 64 169
8509 48 32 169
8510 47 8 169
8511 46 4 169
8512 45 1 169
8513 44 129 169
8514 43 225 168
8515 42 241 169
8516 41 253 168
8517 40 255 169
8518 39 128 168
8519 38 64 168
8520 37 16 168
8521 36 8 168
8522 35 2 168
8523 34 1 168
8524 33 193 167
8525 32 225 168
8526 31 249 167
8527 30 253 168
8528 29 256 167
8529 28 128 167
8530 27 32 167
8531 26 16 167
8532 25 4 167
8533 24 2 167
8534 23 129 166
8535 22 193 167
8536 21 241 166
8537 20 249 167
8538 19 255 166
8539 18 256 166
8540 17 64 166
8541 16 32 166
8542 52 255 171
8543 51 128 170
8544 50 64 171
8545 49 16 170
8546 48 8 170
8547 47 2 170
8548 46 1 170
8549 45 193 170
8550 44 225 170
8551 43 249 169
8552 42 253 170
8553 41 256 169
8554 40 128 170
8555 39 32 169
8556 38 16 169
8557 37 4 169
8558 36 2 169
8559 35 129 169
8560 34 193 169
8561 33 241 168
8562 32 249 169
8563 31 255 168
8564 30 256 169
8565 29 64 168
8566 28 32 168
8567 27 8 168
8568 26 4 168
8569 25 1 168
8570 24 129 168
8571 23 225 167
8572 22 241 168
8573 21 253 167
8574 20 255 168
8575 19 128 167
8576 18 64 167
8577 53 256 171
8578 52 128 172
8579 51 32 171
8580 50 16 172
8581 49 4 171
8582 48 2 171
8583 47 129 171
8584 46 193 171
8585 45 241 171
8586 44 249 171
8587 43 255 170
8588 42 256 171
8589 41 64 170
8590 40 32 171
8591 39 8 170
8592 38 4 170
8593 37 1 170
8594 36 129 170
8595 35 225 170
8596 34 241 170
8597 33 253 169
8598 32 255 170
8599 31 128 169
8600 30 64 170
8601 29 16 169
8602 28 8 169
8603 27 2 169
8604 26 1 169
8605 25 193 169
8606 24 225 169
8607 23 249 168
8608 22 253 169
8609 21 256 168
8610 20 128 169
8611 54 256 173
8612 53 64 172
8613 52 32 173
8614 51 8 172
8615 50 4 173
8616 49 1 172
8617 48 129 172
8618 47 225 172
8619 46 241 172
8620 45 253 172
8621 44 255 172
8622 43 128 171
8623 42 64 172
8624 41 16 171
8625 40 8 172
8626 39 2 171
8627 38 1 171
8628 37 193 171
8629 36 225 171
8630 35 249 171
8631 34 253 171
8632 33 256 170
8633 32 128 171
8634 31 32 170
8635 30 16 171
8636 29 4 170
8637 28 2 170
8638 27 129 170
8639 26 193 170
8640 25 241 170
8641 24 249 170
8642 23 255 169
8643 22 256 170
8644 55 128 174
8645 54 64 174
8646 53 16 173
8647 52 8 174
8648 51 2 173
8649 50 1 174
8650 49 193 173
8651 48 225 173
8652 47 249 173
8653 46 253 173
8654 45 256 173
8655 44 128 173
8656 43 32 172
8657 42 16 173
8658 41 4 172
8659 40 2 173
8660 39 129 172
8661 38 193 172
8662 37 241 172
8663 36 249 172
8664 35 255 172
8665 34 256 172
8666 33 64 171
8667 32 32 172
8668 31 8 171
8669 30 4 172
8670 29 1 171
8671 28 129 171
8672 27 225 171
8673 26 241 171
8674 25 253 171
8675 24 255 171
8676 56 128 175
8677 55 32 175
8678 54 16 175
8679 53 4 174
8680 52 2 175
8681 51 129 174
8682 50 193 175
8683 49 241 174
8684 48 249 174
8685 47 255 174
8686 46 256 174
8687 45 64 174
8688 44 32 174
8689 43 8 173
8690 42 4 174
8691 41 1 173
8692 40 129 174
8693 39 225 173
8694 38 241 173
8695 37 253 173
8696 36 255 173
8697 35 128 173
8698 34 64 173
8699 33 16 172
8700 32 8 173
8701 31 2 172
8702 30 1 173
8703 29 193 172
8704 28 225 172
8705 27 249 172
8706 26 253 172
8707 57 64 176
8708 56 32 176
8709 55 8 176
8710 54 4 176
8711 53 1 175
8712 52 129 176
8713 51 225 175
8714 50 241 176
8715 49 253 175
8716 48 255 175
8717 47 128 175
8718 46 64 175
8719 45 16 175
8720 44 8 175
8721 43 2 174
8722 42 1 175
8723 41 193 174
8724 40 225 175
8725 39 249 174
8726 38 253 174
8727 37 256 174
8728 36 128 174
8729 35 32 174
8730 34 16 174
8731 33 4 173
8732 32 2 174
8733 31 129 173
8734 30 193 174
8735 29 241 173
8736 28 249 173
8737 58 64 177
8738 57 16 177
8739 56 8 177
8740 55 2 177
8741 54 1 177
8742 53 193 176
8743 52 225 177
8744 51 249 176
8745 50 253 177
8746 49 256 176
8747 48 128 176
8748 47 32 176
8749 46 16 176
8750 45 4 176
8751 44 2 176
8752 43 129 175
8753 42 193 176
8754 41 241 175
8755 40 249 176
8756 39 255 175
8757 38 256 175
8758 37 64 175
8759 36 32 175
8760 35 8 175
8761 34 4 175
8762 33 1 174
8763 32 129 175
8764 31 225 174
8765 30 241 175
8766 59 32 178
8767 58 16 178
8768 57 4 178
8769 56 2 178
8770 55 129 178
8771 54 193 178
8772 53 241 177
8773 52 249 178
8774 51 255 177
8775 50 256 178
8776 49 64 177
8777 48 32 177
8778 47 8 177
8779 46 4 177
8780 45 1 177
8781 44 129 177
8782 43 225 176
8783 42 241 177
8784 41 253 176
8785 40 255 177
8786 39 128 176
8787 38 64 176
8788 37 16 176
8789 36 8 176
8790 35 2 176
8791 34 1 176
8792 33 193 175
8793 32 225 176
8794 60 32 180
8795 59 8 179
8796 58 4 179
8797 57 1 179
8798 56 129 179
8799 55 225 179
8800 54 241 179
8801 53 253 178
8802 52 255 179
8803 51 128 178
8804 50 64 179
8805 49 16 178
8806 48 8 178
8807 47 2 178
8808 46 1 178
8809 45 193 178
8810 44 225 178
8811 43 249 177
8812 42 253 178
8813 41 256 177
8814 40 128 178
8815 39 32 177
8816 38 16 177
8817 37 4 177
8818 36 2 177
8819 35 129 177
8820 34 193 177
8821 61 16 180
8822 60 8 181
8823 59 2 180
8824 58 1 180
8825 57 193 180
8826 56 225 180
8827 55 249 180
8828 54 253 180
8829 53 256 179
8830 52 128 180
8831 51 32 179
8832 50 16 180
8833 49 4 179
8834 48 2 179
8835 47 129 179
8836 46 193 179
8837 45 241 179
8838 44 249 179
8839 43 255 178
8840 42 256 179
8841 41 64 178
8842 40 32 179
8843 39 8 178
8844 38 4 178
8845 37 1 178
8846 36 129 178
8847 62 16 182
8848 61 4 181
8849 60 2 182
8850 59 129 181
8851 58 193 181
8852 57 241 181
8853 56 249 181
8854 55 255 181
8855 54 256 181
8856 53 64 180
8857 52 32 181
8858 51 8 180
8859 50 4 181
8860 49 1 180
8861 48 129 180
8862 47 225 180
8863 46 241 180
8864 45 253 180
8865 44 255 180
8866 43 128 179
8867 42 64 180
8868 41 16 179
8869 40 8 180
8870 39 2 179
8871 38 1 179
8872 63 8 182
8873 62 4 183
8874 61 1 182
8875 60 129 183
8876 59 225 182
8877 58 241 182
8878 57 253 182
8879 56 255 182
8880 55 128 182
8881 54 64 182
8882 53 16 181
8883 52 8 182
8884 51 2 181
8885 50 1 182
8886 49 193 181
8887 48 225 181
8888 47 249 181
8889 46 253 181
8890 45 256 181
8891 44 128 181
8892 43 32 180
8893 42 16 181
8894 41 4 180
8895 40 2 181
8896 64 8 184
8897 63 2 183
8898 62 1 184
8899 61 193 183
8900 60 225 184
8901 59 249 183
8902 58 253 183
8903 57 256 183
8904 56 128 183
8905 55 32 183
8906 54 16 183
8907 53 4 182
8908 52 2 183
8909 51 129 182
8910 50 193 183
8911 49 241 182
8912 48 249 182
8913 47 255 182
8914 46 256 182
8915 45 64 182
8916 44 32 182
8917 43 8 181
8918 42 4 182
8919 65 4 185
8920 64 2 185
8921 63 129 184
8922 62 193 185
8923 61 241 184
8924 60 249 185
8925 59 255 184
8926 58 256 184
8927 57 64 184
8928 56 32 184
8929 55 8 184
8930 54 4 184
8931 53 1 183
8932 52 129 184
8933 51 225 183
8934 50 241 184
8935 49 253 183
8936 48 255 183
8937 47 128 183
8938 46 64 183
8939 45 16 183
8940 44 8 183
8941 66 4 186
8942 65 1 186
8943 64 129 186
8944 63 225 185
8945 62 241 186
8946 61 253 185
8947 60 255 186
8948 59 128 185
8949 58 64 185
8950 57 16 185
8951 56 8 185
8952 55 2 185
8953 54 1 185
8954 53 193 184
8955 52 225 185
8956 51 249 184
8957 50 253 185
8958 49 256 184
8959 48 128 184
8960 47 32 184
8961 46 16 184
8962 67 2 187
8963 66 1 187
8964 65 193 187
8965 64 225 187
8966 63 249 186
8967 62 253 187
8968 61 256 186
8969 60 128 187
8970 59 32 186
8971 58 16 186
8972 57 4 186
8973 56 2 186
8974 55 129 186
8975 54 193 186
8976 53 241 185
8977 52 249 186
8978 51 255 185
8979 50 256 186
8980 49 64 185
8981 48 32 185
8982 68 2 188
8983 67 129 188
8984 66 193 188
8985 65 241 188
8986 64 249 188
8987 63 255 187
8988 62 256 188
8989 61 64 187
8990 60 32 188
8991 59 8 187
8992 58 4 187
8993 57 1 187
8994 56 129 187
8995 55 225 187
8996 54 241 187
8997 53 253 186
8998 52 255 187
8999 51 128 186
9000 50 64 187
9001 69 1 189
9002 68 129 189
9003 67 225 189
9004 66 241 189
9005 65 253 189
9006 64 255 189
9007 63 128 188
9008 62 64 189
9009 61 16 188
9010 60 8 189
9011 59 2 188
9012 58 1 188
9013 57 193 188
9014 56 225 188
9015 55 249 188
9016 54 253 188
9017 53 256 187
9018 52 128 188
9019 70 1 191
9020 69 193 190
9021 68 225 190
9022 67 249 190
9023 66 253 190
9024 65 256 190
9025 64 128 190
9026 63 32 189
9027 62 16 190
9028 61 4 189
9029 60 2 190
9030 59 129 189
9031 58 193 189
9032 57 241 189
9033 56 249 189
9034 55 255 189
9035 54 256 189
9036 71 129 191
9037 70 193 192
9038 69 241 191
9039 68 249 191
9040 67 255 191
9041 66 256 191
9042 65 64 191
9043 64 32 191
9044 63 8 190
9045 62 4 191
9046 61 1 190
9047 60 129 191
9048 59 225 190
9049 58 241 190
9050 57 253 190
9051 56 255 190
9052 72 129 193
9053 71 225 192
9054 70 241 193
9055 69 253 192
9056 68 255 192
9057 67 128 192
9058 66 64 192
9059 65 16 192
9060 64 8 192
9061 63 2 191
9062 62 1 192
9063 61 193 191
9064 60 225 192
9065 59 249 191
9066 58 253 191
9067 73 193 193
9068 72 225 194
9069 71 249 193
9070 70 253 194
9071 69 256 193
9072 68 128 193
9073 67 32 193
9074 66 16 193
9075 65 4 193
9076 64 2 193
9077 63 129 192
9078 62 193 193
9079 61 241 192
9080 60 249 193
9081 74 193 195
9082 73 241 194
9083 72 249 195
9084 71 255 194
9085 70 256 195
9086 69 64 194
9087 68 32 194
9088 67 8 194
9089 66 4 194
9090 65 1 194
9091 64 129 194
9092 63 225 193
9093 62 241 194
9094 75 225 196
9095 74 241 196
9096 73 253 195
9097 72 255 196
9098 71 128 195
9099 70 64 196
9100 69 16 195
9101 68 8 195
9102 67 2 195
9103 66 1 195
9104 65 193 195
9105 64 225 195
9106 76 225 197
9107 75 249 197
9108 74 253 197
9109 73 256 196
9110 72 128 197
9111 71 32 196
9112 70 16 197
9113 69 4 196
9114 68 2 196
9115 67 129 196
9116 66 193 196
9117 77 241 198
9118 76 249 198
9119 75 255 198
9120 74 256 198
9121 73 64 197
9122 72 32 198
9123 71 8 197
9124 70 4 198
9125 69 1 197
9126 68 129 197
9127 78 241 199
9128 77 253 199
9129 76 255 199
9130 75 128 199
9131 74 64 199
9132 73 16 198
9133 72 8 199
9134 71 2 198
9135 70 1 199
9136 79 249 200
9137 78 253 200
9138 77 256 200
9139 76 128 200
9140 75 32 200
9141 74 16 200
9142 73 4 199
9143 72 2 200
9144 80 249 202
9145 79 255 201
9146 78 256 201
9147 77 64 201
9148 76 32 201
9149 75 8 201
9150 74 4 201
9151 81 253 202
9152 80 255 203
9153 79 128 202
9154 78 64 202
9155 77 16 202
9156 76 8 202
9157 82 253 204
9158 81 256 203
9159 80 128 204
9160 79 32 203
9161 78 16 203
9162 83 255 204
9163 82 256 205
9164 81 64 204
9165 80 32 205
9166 84 255 206
9167 83 128 205
9168 82 64 206
9169 85 256 207
9170 84 128 207
9171 86 256 208
9172 87 196 209
9173 85 204 208
9174 83 34 206
9175 81 177 205
9176 79 158 204
9177 77 112 203
9178 75 190 202
9179 73 203 200
9180 71 248 199
9181 69 127 198
9182 67 64 197
9183 65 182 196
9184 63 116 194
9185 61 105 193
9186 59 146 192
9187 57 110 191
9188 55 104 190
9189 53 103 188
9190 51 60 187
9191 49 10 186
9192 47 173 185
9193 45 243 184
9194 43 169 182
9195 41 71 181
9196 39 226 180
9197 37 209 179
9198 35 249 178
9199 33 170 176
9200 31 114 175
9201 29 19 174
9202 27 46 173
9203 25 179 172
9204 23 244 170
9205 21 212 169
9206 19 121 168
9207 17 63 167
9208 15 139 166
9209 88 196 210
9210 86 204 209
9211 84 34 208
9212 82 177 207
9213 80 158 206
9214 78 112 204
9215 76 190 203
9216 74 203 202
9217 72 248 201
9218 70 127 200
9219 68 64 198
9220 66 182 197
9221 64 116 196
9222 62 105 195
9223 60 146 194
9224 58 110 192
9225 56 104 191
9226 54 103 190
9227 52 60 189
9228 50 10 188
9229 48 173 186
9230 46 243 185
9231 44 169 184
9232 42 71 183
9233 40 226 182
9234 38 209 180
9235 36 249 179
9236 34 170 178
9237 32 114 177
9238 30 19 176
9239 28 46 174
9240 26 179 173
9241 24 244 172
9242 22 212 171
9243 20 121 170
9244 18 63 168
9245 89 98 211
9246 87 102 210
9247 85 17 209
9248 83 217 207
9249 81 79 206
9250 79 56 205
9251 77 95 204
9252 75 230 203
9253 73 124 201
9254 71 192 200
9255 69 32 199
9256 67 91 198
9257 65 58 197
9258 63 181 195
9259 61 73 194
9260 59 55 193
9261 57 52 192
9262 55 180 191
9263 53 30 189
9264 51 5 188
9265 49 215 187
9266 47 250 186
9267 45 213 185
9268 43 164 183
9269 41 113 182
9270 39 233 181
9271 37 253 180
9272 35 85 179
9273 33 57 177
9274 31 138 176
9275 29 23 175
9276 27 218 174
9277 25 122 173
9278 23 106 171
9279 21 189 170
9280 90 98 213
9281 88 102 211
9282 86 17 210
9283 84 217 209
9284 82 79 208
9285 80 56 207
9286 78 95 205
9287 76 230 204
9288 74 124 203
9289 72 192 202
9290 70 32 201
9291 68 91 199
9292 66 58 198
9293 64 181 197
9294 62 73 196
9295 60 55 195
9296 58 52 193
9297 56 180 192
9298 54 30 191
9299 52 5 190
9300 50 215 189
9301 48 250 187
9302 46 213 186
9303 44 164 185
9304 42 113 184
9305 40 233 183
9306 38 253 181
9307 36 85 180
9308 34 57 179
9309 32 138 178
9310 30 23 177
9311 28 218 175
9312 26 122 174
9313 24 106 173
9314 91 49 213
9315 89 51 212
9316 87 137 211
9317 85 237 210
9318 83 168 208
9319 81 28 207
9320 79 176 206
9321 77 115 205
9322 75 62 204
9323 73 96 202
9324 71 16 201
9325 69 174 200
9326 67 29 199
9327 65 219 198
9328 63 165 196
9329 61 156 195
9330 59 26 194
9331 57 90 193
9332 55 15 192
9333 53 131 190
9334 51 236 189
9335 49 125 188
9336 47 235 187
9337 45 82 186
9338 43 185 184
9339 41 245 183
9340 39 255 182
9341 37 171 181
9342 35 157 180
9343 33 69 178
9344 31 140 177
9345 29 109 176
9346 27 61 175
9347 92 49 215
9348 90 51 214
9349 88 137 212
9350 86 237 211
9351 84 168 210
9352 82 28 209
9353 80 176 208
9354 78 115 206
9355 76 62 205
9356 74 96 204
9357 72 16 203
9358 70 174 202
9359 68 29 200
9360 66 219 199
9361 64 165 198
9362 62 156 197
9363 60 26 196
9364 58 90 194
9365 56 15 193
9366 54 131 192
9367 52 236 191
9368 50 125 190
9369 48 235 188
9370 46 82 187
9371 44 185 186
9372 42 245 185
9373 40 255 184
9374 38 171 182
9375 36 157 181
9376 34 69 180
9377 32 140 179
9378 30 109 178
9379 93 153 215
9380 91 154 214
9381 89 197 213
9382 87 247 212
9383 85 84 211
9384 83 14 209
9385 81 88 208
9386 79 186 207
9387 77 31 206
9388 75 48 205
9389 73 8 203
9390 71 87 202
9391 69 143 201
9392 67 238 200
9393 65 211 199
9394 63 78 197
9395 61 13 196
9396 59 45 195
9397 57 136 194
9398 55 194 193
9399 53 118 191
9400 51 191 190
9401 49 246 189
9402 47 41 188
9403 45 221 187
9404 43 251 185
9405 41 256 184
9406 39 214 183
9407 37 207 182
9408 35 163 181
9409 33 70 179
9410 94 153 217
9411 92 154 216
9412 90 197 215
9413 88 247 213
9414 86 84 212
9415 84 14 211
9416 82 88 210
9417 80 186 209
9418 78 31 207
9419 76 48 206
9420 74 8 205
9421 72 87 204
9422 70 143 203
9423 68 238 201
9424 66 211 200
9425 64 78 199
9426 62 13 198
9427 60 45 197
9428 58 136 195
9429 56 194 194
9430 54 118 193
9431 52 191 192
9432 50 246 191
9433 48 41 189
9434 46 221 188
9435 44 251 187
9436 42 256 186
9437 40 214 185
9438 38 207 183
9439 36 163 182
9440 95 205 218
9441 93 77 216
9442 91 227 215
9443 89 252 214
9444 87 42 213
9445 85 7 212
9446 83 44 210
9447 81 93 209
9448 79 144 208
9449 77 24 207
9450 75 4 206
9451 73 172 204
9452 71 200 203
9453 69 119 202
9454 67 234 201
9455 65 39 200
9456 63 135 198
9457 61 151 197
9458 59 68 196
9459 57 97 195
9460 55 59 194
9461 53 224 192
9462 51 123 191
9463 49 149 190
9464 47 239 189
9465 45 254 188
9466 43 128 186
9467 41 107 185
9468 39 232 184
9469 96 205 219
9470 94 77 218
9471 92 227 217
9472 90 252 216
9473 88 42 214
9474 86 7 213
9475 84 44 212
9476 82 93 211
9477 80 144 210
9478 78 24 208
9479 76 4 207
9480 74 172 206
9481 72 200 205
9482 70 119 204
9483 68 234 202
9484 66 39 201
9485 64 135 200
9486 62 151 199
9487 60 68 198
9488 58 97 196
9489 56 59 195
9490 54 224 194
9491 52 123 193
9492 50 149 192
9493 48 239 190
9494 46 254 189
9495 44 128 188
9496 42 107 187
9497 97 231 220
9498 95 167 219
9499 93 242 217
9500 91 126 216
9501 89 21 215
9502 87 132 214
9503 85 22 213
9504 83 175 211
9505 81 72 210
9506 79 12 209
9507 77 2 208
9508 75 86 207
9509 73 100 205
9510 71 188 204
9511 69 117 203
9512 67 148 202
9513 65 196 201
9514 63 204 199
9515 61 34 198
9516 59 177 197
9517 57 158 196
9518 55 112 195
9519 53 190 193
9520 51 203 192
9521 49 248 191
9522 47 127 190
9523 45 64 189
9524 98 231 221
9525 96 167 220
9526 94 242 219
9527 92 126 218
9528 90 21 217
9529 88 132 215
9530 86 22 214
9531 84 175 213
9532 82 72 212
9533 80 12 211
9534 78 2 209
9535 76 86 208
9536 74 100 207
9537 72 188 206
9538 70 117 205
9539 68 148 203
9540 66 196 202
9541 64 204 201
9542 62 34 200
9543 60 177 199
9544 58 158 197
9545 56 112 196
9546 54 190 195
9547 52 203 194
9548 50 248 193
9549 48 127 191
9550 99 244 222
9551 97 212 221
9552 95 121 220
9553 93 63 218
9554 91 139 217
9555 89 66 216
9556 87 11 215
9557 85 216 214
9558 83 36 212
9559 81 6 211
9560 79 1 210
9561 77 43 209
9562 75 50 208
9563 73 94 206
9564 71 187 205
9565 69 74 204
9566 67 98 203
9567 65 102 202
9568 63 17 200
9569 61 217 199
9570 59 79 198
9571 57 56 197
9572 55 95 196
9573 53 230 194
9574 51 124 193
9575 100 244 224
9576 98 212 222
9577 96 121 221
9578 94 63 220
9579 92 139 219
9580 90 66 218
9581 88 11 216
9582 86 216 215
9583 84 36 214
9584 82 6 213
9585 80 1 212
9586 78 43 210
9587 76 50 209
9588 74 94 208
9589 72 187 207
9590 70 74 206
9591 68 98 204
9592 66 102 203
9593 64 17 202
9594 62 217 201
9595 60 79 200
9596 58 56 198
9597 56 95 197
9598 54 230 196
9599 101 122 224
9600 99 106 223
9601 97 189 222
9602 95 160 221
9603 93 198 219
9604 91 33 218
9605 89 134 217
9606 87 108 216
9607 85 18 215
9608 83 3 213
9609 81 129 212
9610 79 150 211
9611 77 25 210
9612 75 47 209
9613 73 222 207
9614 71 37 206
9615 69 49 205
9616 67 51 204
9617 65 137 203
9618 63 237 201
9619 61 168 200
9620 59 28 199
9621 57 176 198
9622 102 122 226
9623 100 106 225
9624 98 189 223
9625 96 160 222
9626 94 198 221
9627 92 33 220
9628 90 134 219
9629 88 108 217
9630 86 18 216
9631 84 3 215
9632 82 129 214
9633 80 150 213
9634 78 25 211
9635 76 47 210
9636 74 222 209
9637 72 37 208
9638 70 49 207
9639 68 51 205
9640 66 137 204
9641 64 237 203
9642 62 168 202
9643 60 28 201
9644 103 61 226
9645 101 53 225
9646 99 223 224
9647 97 80 223
9648 95 99 222
9649 93 145 220
9650 91 67 219
9651 89 54 218
9652 87 9 217
9653 85 130 216
9654 83 193 214
9655 81 75 213
9656 79 141 212
9657 77 152 211
9658 75 111 210
9659 73 147 208
9660 71 153 207
9661 69 154 206
9662 67 197 205
9663 65 247 204
9664 63 84 202
9665 104 61 228
9666 102 53 227
9667 100 223 226
9668 98 80 224
9669 96 99 223
9670 94 145 222
9671 92 67 221
9672 90 54 220
9673 88 9 218
9674 86 130 217
9675 84 193 216
9676 82 75 215
9677 80 141 214
9678 78 152 212
9679 76 111 211
9680 74 147 210
9681 72 153 209
9682 70 154 208
9683 68 197 206
9684 66 247 205
9685 105 159 229
9686 103 155 227
9687 101 240 226
9688 99 40 225
9689 97 178 224
9690 95 201 223
9691 93 162 221
9692 91 27 220
9693 89 133 219
9694 87 65 218
9695 85 225 217
9696 83 166 215
9697 81 199 214
9698 79 76 213
9699 77 184 212
9700 75 202 211
9701 73 205 209
9702 71 77 208
9703 69 227 207
9704 106 159 230
9705 104 155 229
9706 102 240 228
9707 100 40 227
9708 98 178 225
9709 96 201 224
9710 94 162 223
9711 92 27 222
9712 90 133 221
9713 88 65 219
9714 86 225 218
9715 84 166 217
9716 82 199 216
9717 80 76 215
9718 78 184 213
9719 76 202 212
9720 74 205 211
9721 72 77 210
9722 107 208 231
9723 105 206 230
9724 103 120 228
9725 101 20 227
9726 99 89 226
9727 97 229 225
9728 95 81 224
9729 93 142 222
9730 91 195 221
9731 89 161 220
9732 87 241 219
9733 85 83 218
9734 83 228 216
9735 81 38 215
9736 79 92 214
9737 77 101 213
9738 75 231 212
9739 108 208 232
9740 106 206 231
9741 104 120 230
9742 102 20 229
9743 100 89 228
9744 98 229 226
9745 96 81 225
9746 94 142 224
9747 92 195 223
9748 90 161 222
9749 88 241 220
9750 86 83 219
9751 84 228 218
9752 82 38 217
9753 80 92 216
9754 78 101 214
9755 109 104 233
9756 107 103 232
9757 105 60 231
9758 103 10 229
9759 101 173 228
9760 99 243 227
9761 97 169 226
9762 95 71 225
9763 93 226 223
9764 91 209 222
9765 89 249 221
9766 87 170 220
9767 85 114 219
9768 83 19 217
9769 81 46 216
9770 110 104 235
9771 108 103 233
9772 106 60 232
9773 104 10 231
9774 102 173 230
9775 100 243 229
9776 98 169 227
9777 96 71 226
9778 94 226 225
9779 92 209 224
9780 90 249 223
9781 88 170 221
9782 86 114 220
9783 84 19 219
9784 111 52 235
9785 109 180 234
9786 107 30 233
9787 105 5 232
9788 103 215 230
9789 101 250 229
9790 99 213 228
9791 97 164 227
9792 95 113 226
9793 93 233 224
9794 91 253 223
9795 89 85 222
9796 87 57 221
9797 112 52 237
9798 110 180 236
9799 108 30 234
9800 106 5 233
9801 104 215 232
9802 102 250 231
9803 100 213 230
9804 98 164 228
9805 96 113 227
9806 94 233 226
9807 92 253 225
9808 90 85 224
9809 113 26 237
9810 111 90 236
9811 109 15 235
9812 107 131 234
9813 105 236 233
9814 103 125 231
9815 101 235 230
9816 99 82 229
9817 97 185 228
9818 95 245 227
9819 93 255 225
9820 114 26 239
9821 112 90 238
9822 110 15 237
9823 108 131 235
9824 106 236 234
9825 104 125 233
9826 102 235 232
9827 100 82 231
9828 98 185 229
9829 96 245 228
9830 115 13 240
9831 113 45 238
9832 111 136 237
9833 109 194 236
9834 107 118 235
9835 105 191 234
9836 103 246 232
9837 101 41 231
9838 99 221 230
9839 116 13 241
9840 114 45 240
9841 112 136 239
9842 110 194 238
9843 108 118 236
9844 106 191 235
9845 104 246 234
9846 102 41 233
9847 117 135 242
9848 115 151 241
9849 113 68 239
9850 111 97 238
9851 109 59 237
9852 107 224 236
9853 105 123 235
9854 118 135 243
9855 116 151 242
9856 114 68 241
9857 112 97 240
9858 110 59 239
9859 108 224 237
9860 119 196 244
9861 117 204 243
9862 115 34 242
9863 113 177 240
9864 111 158 239
9865 120 196 246
9866 118 204 244
9867 116 34 243
9868 114 177 242
9869 121 98 246
9870 119 102 245
9871 117 17 244
9872 122 98 248
9873 120 102 247
9874 123 49 248
9875 3 1 163
9876 2 128 164
9877 1 193 165
9878 0 32 166
9879 0 32 167
9880 0 32 168
9881 0 32 169
9882 0 32 170
9883 0 32 171
9884 0 32 172
9885 0 32 173
9886 0 32 174
9887 0 32 175
9888 0 32 176
9889 0 32 177
9890 0 32 178
9891 0 32 179
9892 0 32 180
9893 0 32 181
9894 0 32 182
9895 0 32 183
9896 0 32 184
9897 0 32 185
9898 0 32 186
9899 0 32 187
9900 0 32 188
9901 0 32 189
9902 0 32 190
9903 0 32 191
9904 0 32 192
9905 0 32 193
9906 0 32 194
9907 5 213 163
9908 3 58 164
9909 4 179 164
9910 2 75 165
9911 1 91 166
9912 1 91 167
9913 1 91 168
9914 1 91 169
9915 1 91 170
9916 1 91 171
9917 1 91 172
9918 1 91 173
9919 1 91 174
9920 1 91 175
9921 1 91 176
9922 1 91 177
9923 1 91 178
9924 1 91 179
9925 1 91 180
9926 1 91 181
9927 1 91 182
9928 1 91 183
9929 1 91 184
9930 1 91 185
9931 1 91 186
9932 1 91 187
9933 1 91 188
9934 1 91 189
9935 1 91 190
9936 1 91 191
9937 1 91 192
9938 7 137 163
9939 5 18 164
9940 6 91 164
9941 3 213 165
9942 4 53 165
9943 2 58 166
9944 2 58 167
9945 2 58 168
9946 2 58 169
9947 2 58 170
9948 2 58 171
9949 2 58 172
9950 2 58 173
9951 2 58 174
9952 2 58 175
9953 2 58 176
9954 2 58 177
9955 2 58 178
9956 2 58 179
9957 2 58 180
9958 2 58 181
9959 2 58 182
9960 2 58 183
9961 2 58 184
9962 2 58 185
9963 2 58 186
9964 2 58 187
9965 2 58 188
9966 2 58 189
9967 2 58 190
9968 9 140 163
9969 7 236 164
9970 8 108 164
9971 5 137 165
9972 6 238 165
9973 3 158 166
9974 4 74 166
9975 3 181 167
9976 3 181 168
9977 3 181 169
9978 3 181 170
9979 3 181 171
9980 3 181 172
9981 3 181 173
9982 3 181 174
9983 3 181 175
9984 3 181 176
9985 3 181 177
9986 3 181 178
9987 3 181 179
9988 3 181 180
9989 3 181 181
9990 3 181 182
9991 3 181 183
9992 3 181 184
9993 3 181 185
9994 3 181 186
9995 3 181 187
9996 3 181 188
9997 11 8 163
9998 9 153 164
9999 10 131 164
10000 7 140 165
10001 8 65 165
10002 5 244 166
10003 6 85 166
10004 4 33 167
10005 5 8 167
10006 4 73 168
10007 4 73 169
10008 4 73 170
10009 4 73 171
10010 4 73 172
10011 4 73 173
10012 4 73 174
10013 4 73 175
10014 4 73 176
10015 4 73 177
10016 4 73 178
10017 4 73 179
10018 4 73 180
10019 4 73 181
10020 4 73 182
10021 4 73 183
10022 4 73 184
10023 4 73 185
10024 4 73 186
10025 11 85 164
10026 13 12 164
10027 9 244 165
10028 10 191 165
10029 12 149 165
10030 7 58 166
10031 8 115 166
10032 6 90 167
10033 7 162 167
10034 5 33 168
10035 6 134 168
10036 5 55 169
10037 5 55 170
10038 5 55 171
10039 5 55 172
10040 5 55 173
10041 5 55 174
10042 5 55 175
10043 5 55 176
10044 5 55 177
10045 5 55 178
10046 5 55 179
10047 5 55 180
10048 5 55 181
10049 5 55 182
10050 5 55 183
10051 5 55 184
10052 11 100 165
10053 13 256 165
10054 9 151 166
10055 10 134 166
10056 12 9 166
10057 14 103 166
10058 8 176 167
10059 9 21 167
10060 16 28 167
10061 7 90 168
10062 8 15 168
10063 6 135 169
10064 7 186 169
10065 6 52 170
10066 6 52 171
10067 6 52 172
10068 6 52 173
10069 6 52 174
10070 6 52 175
10071 6 52 176
10072 6 52 177
10073 6 52 178
10074 6 52 179
10075 6 52 180
10076 6 52 181
10077 6 52 182
10078 11 163 166
10079 13 150 166
10080 10 91 167
10081 11 211 167
10082 12 192 167
10083 14 227 167
10084 15 197 167
10085 9 103 168
10086 10 196 168
10087 17 81 168
10088 8 34 169
10089 9 31 169
10090 19 32 169
10091 7 123 170
10092 8 138 170
10093 7 180 171
10094 7 180 172
10095 7 180 173
10096 7 180 174
10097 7 180 175
10098 7 180 176
10099 7 180 177
10100 7 180 178
10101 7 180 179
10102 7 180 180
10103 13 164 167
10104 11 147 168
10105 12 77 168
10106 13 239 168
10107 14 225 168
10108 15 185 168
10109 16 253 168
10110 10 140 169
10111 11 46 169
10112 12 127 169
10113 18 230 169
10114 9 17 170
10115 10 179 170
10116 8 159 171
10117 9 66 171
10118 20 153 171
10119 8 30 172
10120 22 37 172
10121 8 30 173
10122 8 30 174
10123 8 30 175
10124 8 30 176
10125 8 30 177
10126 8 30 178
10127 13 75 169
10128 14 56 169
10129 15 220 169
10130 16 88 169
10131 17 88 169
10132 11 229 170
10133 12 74 170
10134 13 207 170
10135 14 36 170
10136 15 8 170
10137 19 23 170
10138 11 237 171
10139 10 90 171
10140 12 21 171
10141 21 116 171
10142 9 4 172
10143 10 93 172
10144 23 49 172
10145 9 5 173
10146 9 5 174
10147 25 183 174
10148 9 5 175
10149 9 5 176
10150 16 213 170
10151 17 231 170
10152 18 206 170
10153 13 201 171
10154 14 152 171
10155 15 47 171
10156 16 52 171
10157 17 152 171
10158 18 89 171
10159 11 251 172
10160 12 226 172
10161 13 187 172
10162 14 180 172
10163 20 74 172
10164 10 200 173
10165 11 207 173
10166 12 125 173
10167 22 137 173
10168 10 215 174
10169 24 102 174
10170 10 215 175
10171 26 196 175
10172 19 204 171
10173 15 209 172
10174 16 94 172
10175 17 157 172
10176 18 136 172
10177 19 7 172
10178 21 23 172
10179 13 225 173
10180 14 129 173
10181 15 142 173
10182 16 126 173
10183 17 100 173
10184 18 169 173
10185 23 185 173
10186 11 32 174
10187 12 136 174
10188 13 46 174
10189 14 97 174
10190 11 80 175
10191 12 106 175
10192 25 240 175
10193 19 250 173
10194 20 101 173
10195 21 145 173
10196 15 241 174
10197 16 99 174
10198 17 133 174
10199 18 175 174
10200 19 29 174
10201 20 187 174
10202 21 248 174
10203 22 161 174
10204 23 151 174
10205 13 197 175
10206 14 11 175
10207 15 144 175
10208 16 172 175
10209 24 168 175
10210 10 65 176
10211 11 78 176
10212 12 253 176
10213 17 127 175
10214 18 97 175
10215 19 61 175
10216 20 143 175
10217 21 87 175
10218 22 38 175
10219 23 197 175
10220 13 39 176
10221 14 35 176
10222 15 18 176
10223 16 34 176
10224 17 229 176
10225 18 184 176
10226 19 168 176
10227 20 78 176
10228 21 52 176
10229 23 191 176
10230 25 245 176
10231 26 59 176
10232 22 215 176
10233 24 106 176
10234 27 128 176
10235 28 146 176
10236 9 175 177
10237 10 108 177
10238 11 220 177
10239 12 76 177
10240 13 68 177
10241 14 75 177
10242 15 34 177
10243 16 96 177
10244 17 252 177
10245 18 102 177
10246 19 135 177
10247 20 241 177
10248 21 32 177
10249 22 29 177
10250 23 78 177
10251 24 161 177
10252 25 4 177
10253 26 41 177
10254 27 188 177
10255 28 124 177
10256 29 136 177
10257 9 250 178
10258 10 100 178
10259 11 174 178
10260 12 101 178
10261 13 161 178
10262 14 1 178
10263 15 204 178
10264 16 115 178
10265 17 228 178
10266 18 40 178
10267 19 105 178
10268 20 77 178
10269 21 119 178
10270 22 42 178
10271 23 198 178
10272 24 38 178
10273 25 215 178
10274 26 121 178
10275 27 90 178
10276 28 246 178
10277 29 234 178
10278 31 124 178
10279 8 221 179
10280 9 92 179
10281 10 246 179
10282 11 17 179
10283 12 33 179
10284 13 148 179
10285 14 12 179
10286 15 208 179
10287 16 207 179
10288 17 179 179
10289 18 14 179
10290 19 43 179
10291 20 124 179
10292 21 76 179
10293 22 65 179
10294 23 43 179
10295 24 211 179
10296 25 37 179
10297 26 192 179
10298 27 84 179
10299 28 116 179
10300 29 237 179
10301 30 116 179
10302 31 152 179
10303 8 78 180
10304 9 168 180
10305 10 73 180
10306 11 50 180
10307 12 52 180
10308 13 177 180
10309 14 135 180
10310 15 199 180
10311 16 75 180
10312 17 201 180
10313 18 61 180
10314 19 170 180
10315 20 189 180
10316 21 1 180
10317 22 235 180
10318 23 170 180
10319 24 125 180
10320 25 238 180
10321 26 254 180
10322 27 145 180
10323 28 184 180
10324 29 39 180
10325 30 164 180
10326 31 81 180
10327 32 31 180
10328 33 89 180
10329 7 233 181
10330 8 45 181
10331 9 120 181
10332 10 106 181
10333 11 98 181
10334 12 204 181
10335 13 253 181
10336 14 38 181
10337 15 131 181
10338 16 213 181
10339 17 175 181
10340 18 204 181
10341 19 8 181
10342 20 16 181
10343 21 161 181
10344 22 186 181
10345 23 170 181
10346 24 126 181
10347 25 2 181
10348 26 188 181
10349 27 220 181
10350 28 44 181
10351 29 32 181
10352 30 223 181
10353 31 113 181
10354 32 223 181
10355 33 56 181
10356 34 35 181
10357 7 22 182
10358 8 179 182
10359 9 246 182
10360 10 78 182
10361 11 133 182
10362 12 10 182
10363 13 157 182
10364 14 247 182
10365 15 147 182
10366 16 227 182
10367 17 37 182
10368 18 139 182
10369 19 143 182
10370 20 36 182
10371 21 127 182
10372 22 83 182
10373 23 91 182
10374 24 18 182
10375 25 198 182
10376 26 93 182
10377 27 227 182
10378 28 15 182
10379 29 16 182
10380 30 67 182
10381 31 196 182
10382 32 60 182
10383 33 227 182
10384 34 113 182
10385 35 73 182
10386 6 204 183
10387 7 9 183
10388 8 86 183
10389 9 127 183
10390 10 47 183
10391 11 67 183
10392 12 95 183
10393 13 111 183
10394 14 157 183
10395 15 165 183
10396 16 152 183
10397 17 35 183
10398 18 143 183
10399 19 52 183
10400 6 185 184
10401 20 182 183
10402 5 251 185
10403 21 144 183
10404 22 216 183
10405 23 85 183
10406 24 104 183
10407 25 77 183
10408 26 153 183
10409 27 192 183
10410 28 215 183
10411 29 24 183
10412 30 216 183
10413 32 185 183
10414 31 184 183
10415 33 220 183
10416 34 168 183
10417 35 116 183
10418 36 98 183
10419 37 47 183
10420 7 30 184
10421 8 221 184
10422 9 105 184
10423 10 249 184
10424 11 44 184
10425 12 162 184
10426 13 249 184
10427 14 81 184
10428 15 141 184
10429 16 4 184
10430 17 153 184
10431 18 122 184
10432 19 129 184
10433 20 103 184
10434 21 84 184
10435 22 228 184
10436 23 104 184
10437 24 32 184
10438 25 148 184
10439 26 122 184
10440 27 125 184
10441 28 194 184
10442 29 230 184
10443 30 168 184
10444 31 172 184
10445 32 201 184
10446 33 148 184
10447 34 233 184
10448 35 154 184
10449 36 238 184
10450 37 64 184
10451 38 88 184
10452 6 1 185
10453 7 214 185
10454 8 138 185
10455 9 202 185
10456 10 89 185
10457 11 232 185
10458 12 49 185
10459 13 226 185
10460 14 62 185
10461 15 8 185
10462 16 76 185
10463 17 95 185
10464 18 215 185
10465 19 172 185
10466 20 247 185
10467 21 32 185
10468 22 81 185
10469 23 196 185
10470 24 235 185
10471 25 139 185
10472 26 182 185
10473 27 212 185
10474 28 23 185
10475 29 169 185
10476 30 85 185
10477 31 145 185
10478 32 159 185
10479 33 216 185
10480 34 250 185
10481 35 250 185
10482 36 105 185
10483 37 246 185
10484 38 74 185
10485 39 229 185
10486 5 50 186
10487 6 246 186
10488 7 119 186
10489 8 178 186
10490 9 153 186
10491 10 224 186
10492 11 1 186
10493 12 23 186
10494 13 234 186
10495 14 95 186
10496 15 42 186
10497 16 202 186
10498 17 241 186
10499 18 150 186
10500 19 54 186
10501 20 46 186
10502 21 176 186
10503 22 111 186
10504 23 108 186
10505 24 188 186
10506 25 141 186
10507 26 160 186
10508 27 62 186
10509 28 165 186
10510 29 109 186
10511 30 200 186
10512 31 145 186
10513 32 114 186
10514 33 108 186
10515 34 22 186
10516 35 179 186
10517 36 125 186
10518 37 22 186
10519 38 143 186
10520 39 116 186
10521 40 226 186
10522 41 184 186
10523 4 69 187
10524 5 91 187
10525 6 21 187
10526 7 40 187
10527 8 115 187
10528 9 120 187
10529 10 169 187
10530 11 166 187
10531 12 180 187
10532 13 184 187
10533 14 251 187
10534 15 238 187
10535 16 34 187
10536 17 28 187
10537 18 254 187
10538 19 256 187
10539 20 214 187
10540 21 53 187
10541 22 238 187
10542 23 233 187
10543 24 36 187
10544 25 196 187
10545 26 250 187
10546 27 39 187
10547 28 134 187
10548 29 153 187
10549 30 185 187
10550 31 147 187
10551 32 187 187
10552 33 224 187
10553 34 158 187
10554 35 256 187
10555 36 23 187
10556 37 167 187
10557 38 12 187
10558 39 10 187
10559 40 252 187
10560 41 159 187
10561 43 170 187
10562 4 205 188
10563 5 130 188
10564 6 109 188
10565 7 30 188
10566 8 60 188
10567 9 2 188
10568 10 73 188
10569 11 210 188
10570 12 7 188
10571 13 49 188
10572 14 76 188
10573 15 138 188
10574 16 215 188
10575 17 44 188
10576 18 25 188
10577 19 245 188
10578 20 113 188
10579 21 23 188
10580 22 121 188
10581 23 150 188
10582 24 55 188
10583 25 23 188
10584 26 171 188
10585 27 62 188
10586 28 246 188
10587 29 197 188
10588 30 129 188
10589 31 207 188
10590 32 52 188
10591 33 235 188
10592 34 211 188
10593 35 163 188
10594 36 20 188
10595 37 119 188
10596 38 120 188
10597 39 66 188
10598 40 114 188
10599 41 122 188
10600 42 42 188
10601 43 114 188
10602 3 217 189
10603 4 43 189
10604 5 252 189
10605 6 198 189
10606 7 191 189
10607 8 164 189
10608 9 169 189
10609 10 248 189
10610 11 227 189
10611 12 30 189
10612 13 24 189
10613 14 117 189
10614 15 100 189
10615 16 28 189
10616 17 58 189
10617 18 246 189
10618 19 119 189
10619 20 85 189
10620 21 79 189
10621 22 238 189
10622 23 167 189
10623 24 60 189
10624 25 123 189
10625 26 53 189
10626 27 37 189
10627 28 150 189
10628 29 115 189
10629 30 226 189
10630 31 24 189
10631 32 22 189
10632 33 60 189
10633 34 95 189
10634 35 75 189
10635 36 17 189
10636 37 203 189
10637 38 63 189
10638 39 33 189
10639 40 43 189
10640 41 208 189
10641 42 216 189
10642 43 87 189
10643 44 129 189
10644 3 243 190
10645 4 241 190
10646 5 186 190
10647 6 135 190
10648 7 29 190
10649 8 186 190
10650 9 112 190
10651 10 178 190
10652 11 109 190
10653 12 199 190
10654 13 13 190
10655 14 93 190
10656 15 12 190
10657 16 21 190
10658 17 40 190
10659 18 255 190
10660 19 117 190
10661 20 55 190
10662 21 183 190
10663 22 80 190
10664 23 110 190
10665 24 231 190
10666 25 73 190
10667 26 231 190
10668 27 15 190
10669 28 222 190
10670 29 118 190
10671 30 54 190
10672 31 61 190
10673 32 247 190
10674 33 195 190
10675 34 241 190
10676 35 220 190
10677 36 138 190
10678 37 137 190
10679 38 158 190
10680 39 70 190
10681 40 221 190
10682 41 211 190
10683 42 238 190
10684 43 235 190
10685 44 118 190
10686 45 200 190
10687 46 113 190
10688 2 102 191
10689 3 80 191
10690 4 233 191
10691 5 168 191
10692 6 46 191
10693 7 132 191
10694 8 5 191
10695 9 215 191
10696 10 37 191
10697 11 55 191
10698 12 90 191
10699 13 7 191
10700 14 17 191
10701 15 222 191
10702 16 58 191
10703 17 52 191
10704 18 66 191
10705 19 115 191
10706 20 92 191
10707 21 132 191
10708 22 173 191
10709 23 186 191
10710 24 103 191
10711 25 246 191
10712 26 81 191
10713 27 100 191
10714 28 103 191
10715 29 233 191
10716 30 139 191
10717 31 202 191
10718 32 243 191
10719 33 74 191
10720 34 77 191
10721 35 25 191
10722 36 29 191
10723 37 181 191
10724 38 203 191
10725 39 28 191
10726 40 146 191
10727 41 183 191
10728 42 198 191
10729 43 47 191
10730 44 132 191
10731 45 153 191
10732 46 66 191
10733 47 224 191
10734 2 69 192
10735 3 140 192
10736 4 226 192
10737 5 252 192
10738 6 239 192
10739 7 152 192
10740 8 132 192
10741 9 74 192
10742 10 150 192
10743 11 228 192
10744 12 45 192
10745 13 249 192
10746 14 247 192
10747 15 223 192
10748 16 233 192
10749 17 213 192
10750 18 97 192
10751 19 223 192
10752 20 163 192
10753 21 141 192
10754 22 27 192
10755 23 165 192
10756 24 134 192
10757 25 121 192
10758 26 242 192
10759 27 255 192
10760 28 107 192
10761 29 200 192
10762 30 187 192
10763 31 186 192
10764 32 54 192
10765 33 162 192
10766 34 253 192
10767 35 232 192
10768 36 1 192
10769 37 8 192
10770 38 146 192
10771 39 28 192
10772 40 130 192
10773 41 33 192
10774 42 153 192
10775 43 1 192
10776 44 203 192
10777 45 181 192
10778 46 218 192
10779 47 111 192
10780 48 188 192
10781 49 147 192
10782 1 236 193
10783 2 64 193
10784 3 158 193
10785 4 68 193
10786 5 50 193
10787 6 15 193
10788 7 64 193
10789 8 44 193
10790 9 8 193
10791 10 148 193
10792 11 34 193
10793 12 100 193
10794 13 44 193
10795 14 93 193
10796 15 85 193
10797 16 151 193
10798 17 210 193
10799 19 204 193
10800 18 6 193
10801 20 97 193
10802 21 178 193
10803 22 159 193
10804 23 50 193
10805 24 117 193
10806 25 120 193
10807 26 56 193
10808 27 12 193
10809 28 145 193
10810 29 55 193
10811 30 84 193
10812 31 162 193
10813 32 49 193
10814 33 118 193
10815 34 12 193
10816 35 13 193
10817 36 37 193
10818 37 21 193
10819 38 51 193
10820 39 222 193
10821 40 204 193
10822 41 48 193
10823 42 117 193
10824 43 26 193
10825 44 247 193
10826 45 219 193
10827 46 199 193
10828 47 72 193
10829 48 153 193
10830 49 7 193
10831 1 188 194
10832 2 218 194
10833 20 191 194
10834 22 236 194
10835 24 11 194
10836 25 37 194
10837 26 82 194
10838 27 83 194
10839 28 239 194
10840 29 138 194
10841 30 64 194
10842 31 90 194
10843 32 187 194
10844 33 172 194
10845 34 166 194
10846 35 37 194
10847 36 246 194
10848 37 79 194
10849 38 64 194
10850 39 44 194
10851 40 209 194
10852 41 138 194
10853 42 252 194
10854 43 133 194
10855 44 240 194
10856 45 32 194
10857 46 67 194
10858 47 67 194
10859 48 88 194
10860 49 55 194
10861 50 251 194
10862 51 192 194
10863 24 217 195
10864 26 73 195
10865 27 3 195
10866 28 157 195
10867 29 43 195
10868 30 129 195
10869 31 51 195
10870 32 246 195
10871 33 198 195
10872 34 33 195
10873 35 79 195
10874 36 42 195
10875 37 142 195
10876 38 161 195
10877 39 30 195
10878 40 129 195
10879 41 204 195
10880 42 171 195
10881 43 186 195
10882 44 214 195
10883 45 133 195
10884 46 153 195
10885 47 2 195
10886 48 60 195
10887 49 42 195
10888 50 16 195
10889 51 204 195
10890 52 184 195
10891 53 83 195
10892 30 243 196
10893 31 146 196
10894 32 183 196
10895 33 225 196
10896 34 88 196
10897 35 238 196
10898 36 147 196
10899 37 183 196
10900 38 55 196
10901 39 67 196
10902 40 176 196
10903 41 205 196
10904 42 254 196
10905 43 81 196
10906 44 229 196
10907 45 119 196
10908 46 11 196
10909 47 107 196
10910 48 200 196
10911 49 6 196
10912 50 149 196
10913 51 102 196
10914 52 109 196
10915 53 66 196
10916 32 37 197
10917 34 241 197
10918 35 69 197
10919 36 36 197
10920 37 20 197
10921 38 131 197
10922 39 91 197
10923 40 243 197
10924 41 37 197
10925 42 213 197
10926 43 15 197
10927 44 75 197
10928 45 190 197
10929 46 49 197
10930 47 201 197
10931 48 200 197
10932 49 156 197
10933 50 1 197
10934 51 228 197
10935 52 11 197
10936 53 110 197
10937 54 165 197
10938 55 105 197
10939 36 10 198
10940 38 60 198
10941 39 118 198
10942 40 39 198
10943 41 129 198
10944 42 244 198
10945 43 140 198
10946 44 143 198
10947 45 204 198
10948 46 43 198
10949 47 42 198
10950 48 2 198
10951 49 209 198
10952 50 58 198
10953 51 159 198
10954 52 28 198
10955 53 93 198
10956 54 47 198
10957 55 57 198
10958 56 41 198
10959 40 169 199
10960 42 203 199
10961 43 128 199
10962 44 140 199
10963 45 121 199
10964 46 77 199
10965 47 77 199
10966 48 243 199
10967 49 199 199
10968 50 176 199
10969 54 215 199
10970 51 237 199
10971 52 103 199
10972 53 9 199
10973 55 223 199
10974 56 24 199
10975 57 251 199
10976 58 249 199
10977 44 102 200
10978 45 91 200
10979 46 172 200
10980 47 141 200
10981 48 115 200
10982 50 96 200
10983 52 72 200
10984 51 220 200
10985 53 13 200
10986 49 207 200
10987 54 108 200
10988 55 19 200
10989 57 74 200
10990 56 250 200
10991 58 218 200
10992 59 21 200
10993 48 236 201
10994 50 123 201
10995 51 44 201
10996 52 112 201
10997 53 146 201
10998 54 40 201
10999 57 169 201
11000 56 50 201
11001 55 20 201
11002 58 161 201
11003 59 105 201
11004 61 58 201
11005 50 66 202
11006 52 209 202
11007 54 123 202
11008 57 188 202
11009 56 10 202
11010 55 4 202
11011 58 64 202
11012 60 212 202
11013 61 250 202
11014 59 71 202
11015 54 80 203
11016 57 89 203
11017 56 2 203
11018 62 253 203
11019 60 143 203
11020 61 152 203
11021 59 117 203
11022 58 173 203
11023 63 85 203
11024 62 102 204
11025 60 121 204
11026 61 205 204
11027 64 85 204
11028 63 17 204
11029 62 226 205
11030 65 114 205
11031 64 17 205
11032 66 57 206
11033 67 16 206
11034 65 4 206
11035 63 129 205
11036 60 185 205
11037 59 249 204
11038 57 255 204
11039 55 128 203
11040 53 16 202
11041 51 4 202
11042 49 1 201
11043 47 193 201
11044 45 241 201
11045 42 70 200
11046 41 128 199
11047 39 32 199
11048 37 8 198
11049 35 2 198
11050 33 193 197
11051 30 147 197
11052 29 253 196
11053 27 256 196
11054 25 64 195
11055 23 8 194
11056 21 2 194
11057 3 175 194
11058 4 176 194
11059 5 14 194
11060 6 164 194
11061 7 1 194
11062 8 193 194
11063 9 39 194
11064 10 91 194
11065 11 113 194
11066 12 51 194
11067 13 141 194
11068 14 30 194
11069 15 214 194
11070 16 104 194
11071 17 116 194
11072 18 226 194
11073 68 8 207
11074 66 2 207
11075 64 129 206
11076 62 225 206
11077 61 46 205
11078 58 256 204
11079 56 64 204
11080 54 16 204
11081 52 4 203
11082 50 1 203
11083 48 225 202
11084 46 249 201
11085 44 255 201
11086 43 160 200
11087 40 32 200
11088 38 4 199
11089 36 1 199
11090 34 193 198
11091 32 241 198
11092 31 230 197
11093 28 128 196
11094 26 32 196
11095 24 8 196
11096 22 2 195
11097 20 129 195
11098 19 79 194
11099 0 88 195
11100 1 114 195
11101 2 237 195
11102 3 14 195
11103 4 122 195
11104 5 77 195
11105 6 216 195
11106 7 114 195
11107 8 41 195
11108 9 142 195
11109 10 146 195
11110 11 217 195
11111 12 152 195
11112 69 174 208
11113 67 172 207
11114 65 43 207
11115 63 166 206
11116 60 186 206
11117 59 171 205
11118 57 107 205
11119 55 91 204
11120 53 172 203
11121 51 43 203
11122 49 75 202
11123 47 83 202
11124 45 85 202
11125 42 120 201
11126 41 91 200
11127 39 87 200
11128 37 86 199
11129 35 150 199
11130 33 83 198
11131 30 35 198
11132 29 214 197
11133 27 182 197
11134 25 174 196
11135 23 86 195
11136 21 150 195
11137 13 78 195
11138 14 27 195
11139 15 46 195
11140 16 194 195
11141 17 21 195
11142 18 203 195
11143 19 186 195
11144 0 100 196
11145 1 8 196
11146 2 162 196
11147 3 119 196
11148 4 119 196
11149 5 229 196
11150 70 174 209
11151 68 86 208
11152 66 150 208
11153 64 166 207
11154 62 170 207
11155 61 37 206
11156 58 182 205
11157 56 174 205
11158 54 172 205
11159 52 43 204
11160 50 75 204
11161 48 170 203
11162 46 171 202
11163 44 107 202
11164 43 45 201
11165 40 87 201
11166 38 43 200
11167 36 75 200
11168 34 83 199
11169 32 85 199
11170 31 252 198
11171 28 91 197
11172 26 87 197
11173 24 86 197
11174 22 150 196
11175 20 166 196
11176 6 22 196
11177 7 115 196
11178 8 124 196
11179 9 237 196
11180 10 14 196
11181 11 217 196
11182 12 164 196
11183 13 113 196
11184 14 155 196
11185 15 209 196
11186 16 34 196
11187 71 29 209
11188 69 200 209
11189 67 50 208
11190 65 141 208
11191 63 114 207
11192 60 226 207
11193 59 232 206
11194 57 58 206
11195 55 143 205
11196 53 50 204
11197 51 141 204
11198 49 228 203
11199 47 57 203
11200 45 207 203
11201 42 134 202
11202 41 143 201
11203 39 100 201
11204 37 25 200
11205 35 199 200
11206 33 57 199
11207 30 173 199
11208 29 116 198
11209 27 29 198
11210 25 200 197
11211 23 25 196
11212 21 199 196
11213 17 67 196
11214 18 168 196
11215 19 58 196
11216 0 89 197
11217 1 48 197
11218 2 52 197
11219 3 190 197
11220 4 219 197
11221 5 68 197
11222 6 11 197
11223 73 187 210
11224 70 200 210
11225 68 25 209
11226 66 199 209
11227 64 114 208
11228 62 157 208
11229 61 202 207
11230 58 29 206
11231 56 200 206
11232 54 50 206
11233 52 141 205
11234 50 228 205
11235 48 157 204
11236 46 232 203
11237 44 58 203
11238 43 82 202
11239 40 100 202
11240 38 141 201
11241 36 228 201
11242 34 57 200
11243 32 207 200
11244 31 9 199
11245 28 143 198
11246 26 100 198
11247 24 25 198
11248 22 199 197
11249 20 114 197
11250 7 104 197
11251 8 139 197
11252 9 64 197
11253 10 203 197
11254 11 88 197
11255 12 132 197
11256 13 113 197
11257 14 122 197
11258 72 43 211
11259 71 119 210
11260 69 94 210
11261 67 152 209
11262 65 38 209
11263 63 69 208
11264 60 255 208
11265 59 181 207
11266 57 238 207
11267 55 188 206
11268 53 152 205
11269 51 38 205
11270 49 138 204
11271 47 163 204
11272 45 105 204
11273 42 30 203
11274 41 188 202
11275 39 47 202
11276 37 76 201
11277 35 19 201
11278 33 163 200
11279 30 103 200
11280 29 219 199
11281 27 119 199
11282 25 94 198
11283 23 76 197
11284 21 19 197
11285 15 211 197
11286 16 38 197
11287 17 130 197
11288 18 50 197
11289 19 144 197
11290 0 23 198
11291 1 254 198
11292 74 219 212
11293 73 151 211
11294 70 94 211
11295 68 76 210
11296 66 19 210
11297 64 69 209
11298 62 210 209
11299 61 19 208
11300 58 119 207
11301 56 94 207
11302 54 152 207
11303 52 38 206
11304 50 138 206
11305 48 210 205
11306 46 181 204
11307 44 238 204
11308 43 241 203
11309 40 47 203
11310 38 38 202
11311 36 138 202
11312 34 163 201
11313 32 105 201
11314 31 177 200
11315 28 188 199
11316 26 47 199
11317 24 76 199
11318 22 19 198
11319 20 69 198
11320 2 41 198
11321 3 210 198
11322 4 32 198
11323 5 16 198
11324 6 244 198
11325 75 73 213
11326 72 253 212
11327 71 187 211
11328 69 111 211
11329 67 92 210
11330 65 23 210
11331 63 35 209
11332 60 35 209
11333 59 211 208
11334 57 117 208
11335 55 222 207
11336 53 92 206
11337 51 23 206
11338 49 70 205
11339 47 146 205
11340 45 165 205
11341 42 154 204
11342 41 222 203
11343 39 184 203
11344 37 46 202
11345 35 140 202
11346 33 146 201
11347 30 18 201
11348 29 234 200
11349 27 187 200
11350 25 111 199
11351 23 46 198
11352 21 140 198
11353 7 36 198
11354 8 203 198
11355 9 96 198
11356 10 94 198
11357 76 165 213
11358 74 234 213
11359 73 60 212
11360 70 111 212
11361 68 46 211
11362 66 140 211
11363 64 35 210
11364 62 73 210
11365 61 227 209
11366 58 187 208
11367 56 111 208
11368 54 92 208
11369 52 23 207
11370 50 70 207
11371 48 73 206
11372 46 211 205
11373 44 117 205
11374 43 235 204
11375 40 184 204
11376 38 23 203
11377 36 70 203
11378 34 146 202
11379 32 165 202
11380 31 83 201
11381 28 222 200
11382 26 184 200
11383 24 46 200
11384 22 140 199
11385 20 35 199
11386 18 165 198
11387 11 146 198
11388 77 55 214
11389 75 78 214
11390 72 172 213
11391 71 147 212
11392 69 101 212
11393 67 218 211
11394 65 183 211
11395 63 55 210
11396 60 86 210
11397 59 148 209
11398 57 37 209
11399 55 202 208
11400 53 218 207
11401 51 183 207
11402 49 110 206
11403 47 156 206
11404 45 39 206
11405 42 93 205
11406 41 202 204
11407 39 179 204
11408 37 109 203
11409 35 220 203
11410 33 156 202
11411 30 17 202
11412 29 74 201
11413 27 147 201
11414 25 101 200
11415 23 109 199
11416 21 220 199
11417 19 55 198
11418 78 156 215
11419 76 39 214
11420 74 74 214
11421 73 15 213
11422 70 101 213
11423 68 109 212
11424 66 220 212
11425 64 55 211
11426 62 78 211
11427 61 163 210
11428 58 147 209
11429 56 101 209
11430 54 218 209
11431 52 183 208
11432 50 110 208
11433 48 78 207
11434 46 148 206
11435 44 37 206
11436 43 91 205
11437 40 179 205
11438 38 183 204
11439 36 110 204
11440 34 156 203
11441 32 39 203
11442 31 107 202
11443 28 202 201
11444 26 179 201
11445 24 109 201
11446 22 220 200
11447 79 52 215
11448 77 13 215
11449 75 196 215
11450 72 94 214
11451 71 231 213
11452 69 122 213
11453 67 159 212
11454 65 104 212
11455 63 13 211
11456 60 68 211
11457 59 49 210
11458 57 205 210
11459 55 244 209
11460 53 159 208
11461 51 104 208
11462 49 26 207
11463 47 135 207
11464 45 98 207
11465 42 42 206
11466 41 244 205
11467 39 61 205
11468 37 208 204
11469 35 52 204
11470 33 135 203
11471 30 158 203
11472 29 153 202
11473 27 231 202
11474 25 122 201
11475 80 52 217
11476 78 135 216
11477 76 98 215
11478 74 153 215
11479 73 135 214
11480 70 122 214
11481 68 208 213
11482 66 52 213
11483 64 13 212
11484 62 196 212
11485 61 193 211
11486 58 231 210
11487 56 122 210
11488 54 159 210
11489 52 104 209
11490 50 26 209
11491 48 196 208
11492 46 49 207
11493 44 205 207
11494 43 162 206
11495 40 61 206
11496 38 104 205
11497 36 26 205
11498 34 135 204
11499 32 98 204
11500 31 210 203
11501 28 244 202
11502 81 180 217
11503 79 45 216
11504 77 204 216
11505 75 51 216
11506 72 154 215
11507 71 106 214
11508 69 155 214
11509 67 103 213
11510 65 90 213
11511 63 204 212
11512 60 27 212
11513 59 77 211
11514 57 212 211
11515 55 53 210
11516 53 103 209
11517 51 90 209
11518 49 151 208
11519 47 102 208
11520 45 154 208
11521 42 182 207
11522 41 53 206
11523 39 206 206
11524 37 180 205
11525 35 45 205
11526 33 102 204
11527 30 42 204
11528 82 180 218
11529 80 45 218
11530 78 102 217
11531 76 154 216
11532 74 167 216
11533 73 125 215
11534 70 155 215
11535 68 180 214
11536 66 45 214
11537 64 204 213
11538 62 51 213
11539 61 10 212
11540 58 106 211
11541 56 155 211
11542 54 103 211
11543 52 90 210
11544 50 151 210
11545 48 51 209
11546 46 77 208
11547 44 212 208
11548 43 211 207
11549 40 206 207
11550 38 90 206
11551 36 151 206
11552 34 102 205
11553 83 30 218
11554 81 136 218
11555 79 34 217
11556 77 137 217
11557 75 227 217
11558 72 70 216
11559 71 240 215
11560 69 60 215
11561 67 15 214
11562 65 68 214
11563 63 137 213
11564 60 231 213
11565 59 121 212
11566 57 223 212
11567 55 120 211
11568 53 15 210
11569 51 68 210
11570 49 17 209
11571 47 197 209
11572 45 242 209
11573 42 229 208
11574 41 120 207
11575 39 30 207
11576 37 136 206
11577 84 30 220
11578 82 136 219
11579 80 34 219
11580 78 197 218
11581 76 242 217
11582 74 189 217
11583 73 49 216
11584 70 60 216
11585 68 136 215
11586 66 34 215
11587 64 137 214
11588 62 227 214
11589 61 158 213
11590 58 240 212
11591 56 60 212
11592 54 15 212
11593 52 68 211
11594 50 17 211
11595 48 227 210
11596 46 121 209
11597 44 223 209
11598 43 111 208
11599 40 30 208
11600 85 10 220
11601 83 194 219
11602 81 177 219
11603 79 237 218
11604 77 252 218
11605 75 63 218
11606 72 145 217
11607 71 10 216
11608 69 131 216
11609 67 97 215
11610 65 217 215
11611 63 252 214
11612 60 77 214
11613 59 80 213
11614 57 20 213
11615 55 5 212
11616 53 97 211
11617 51 217 211
11618 49 247 210
11619 47 126 210
11620 45 160 210
11621 42 27 209
11622 86 5 221
11623 84 194 221
11624 82 177 220
11625 80 237 220
11626 78 126 219
11627 76 160 218
11628 74 40 218
11629 73 181 217
11630 70 131 217
11631 68 177 216
11632 66 237 216
11633 64 252 215
11634 62 63 215
11635 61 89 214
11636 58 10 213
11637 56 131 213
11638 54 97 213
11639 52 217 212
11640 50 247 212
11641 48 63 211
11642 46 80 210
11643 87 173 222
11644 85 236 221
11645 83 158 220
11646 81 168 220
11647 79 42 219
11648 77 139 219
11649 75 99 219
11650 72 16 218
11651 71 236 217
11652 69 59 217
11653 67 79 216
11654 65 84 216
11655 63 139 215
11656 60 194 215
11657 59 89 214
11658 57 215 214
11659 55 118 213
11660 53 79 212
11661 51 84 212
11662 49 21 211
11663 88 215 222
11664 86 118 222
11665 84 158 222
11666 82 168 221
11667 80 42 221
11668 78 198 220
11669 76 178 219
11670 74 173 219
11671 73 44 218
11672 70 59 218
11673 68 168 217
11674 66 42 217
11675 64 139 216
11676 62 99 216
11677 61 199 215
11678 58 236 214
11679 56 59 214
11680 54 79 214
11681 52 84 213
11682 89 243 223
11683 87 125 223
11684 85 224 222
11685 83 28 221
11686 81 7 221
11687 79 66 220
11688 77 145 220
11689 75 229 220
11690 72 194 219
11691 71 224 218
11692 69 56 218
11693 67 14 217
11694 65 132 217
11695 63 145 216
11696 60 152 216
11697 59 250 215
11698 57 191 215
11699 55 112 214
11700 91 16 224
11701 88 191 223
11702 86 112 223
11703 84 28 223
11704 82 7 222
11705 80 66 222
11706 78 201 221
11707 76 243 220
11708 74 125 220
11709 73 27 219
11710 70 56 219
11711 68 7 218
11712 66 66 218
11713 64 145 217
11714 62 229 217
11715 61 49 216
11716 58 224 215
11717 90 180 225
11718 89 235 224
11719 87 123 224
11720 85 95 223
11721 83 44 222
11722 81 11 222
11723 79 67 221
11724 77 81 221
11725 75 213 221
11726 72 236 220
11727 71 95 219
11728 69 88 219
11729 67 22 218
11730 65 134 218
11731 63 81 217
11732 60 214 217
11733 92 169 226
11734 91 46 225
11735 88 190 224
11736 86 176 224
11737 84 44 224
11738 82 11 223
11739 80 67 223
11740 78 169 222
11741 76 235 221
11742 74 123 221
11743 73 186 220
11744 70 88 220
11745 68 11 219
11746 66 67 219
11747 64 81 218
11748 93 71 226
11749 90 218 226
11750 89 149 225
11751 87 230 225
11752 85 186 224
11753 83 216 223
11754 81 54 223
11755 79 142 222
11756 77 164 222
11757 75 41 222
11758 72 134 221
11759 71 186 220
11760 69 175 220
11761 67 108 219
11762 94 71 227
11763 92 82 227
11764 91 168 226
11765 88 115 225
11766 86 93 225
11767 84 216 225
11768 82 54 224
11769 80 142 224
11770 78 82 223
11771 76 149 222
11772 74 230 222
11773 73 156 221
11774 70 175 221
11775 95 195 228
11776 93 185 227
11777 90 172 227
11778 89 124 226
11779 87 31 226
11780 85 72 225
11781 83 9 224
11782 81 195 224
11783 79 113 223
11784 77 221 223
11785 75 248 223
11786 72 52 222
11787 96 226 229
11788 94 185 228
11789 92 239 228
11790 91 63 227
11791 88 144 226
11792 86 36 226
11793 84 9 226
11794 82 195 225
11795 80 113 225
11796 78 239 224
11797 76 124 223
11798 97 161 229
11799 95 233 229
11800 93 254 228
11801 90 234 228
11802 89 48 227
11803 87 12 227
11804 85 3 226
11805 83 161 225
11806 81 233 225
11807 79 251 224
11808 98 209 230
11809 96 245 230
11810 94 254 229
11811 92 192 229
11812 91 187 228
11813 88 6 227
11814 86 130 227
11815 84 161 227
11816 82 233 226
11817 99 241 231
11818 97 253 230
11819 95 256 230
11820 93 32 229
11821 90 145 229
11822 89 2 228
11823 87 129 228
11824 85 225 227
11825 100 241 232
11826 98 255 231
11827 96 128 231
11828 94 32 230
11829 92 8 230
11830 91 65 229
11831 88 193 228
11832 101 83 232
11833 99 85 232
11834 97 214 231
11835 95 182 231
11836 93 87 230
11837 90 199 230
11838 103 123 233
11839 100 85 233
11840 98 107 232
11841 96 91 232
11842 94 87 231
11843 102 53 234
11844 101 57 233
11845 99 207 233
11846 97 116 232
11847 104 228 235
11848 103 206 234
11849 100 207 234
11850 105 76 236
11851 102 124 235
11852 106 38 236
11853 107 167 237
11854 104 212 236
11855 101 121 234
11856 98 189 233
11857 95 63 232
11858 92 160 231
11859 89 198 229
11860 86 99 228
11861 83 145 226
11862 80 145 226
11863 77 67 224
11864 74 162 223
11865 71 27 221
11866 68 142 220
11867 65 133 219
11868 62 195 218
11869 59 161 216
11870 56 209 215
11871 53 249 213
11872 50 249 213
11873 47 170 211
11874 44 85 210
11875 41 57 208
11876 38 157 207
11877 35 138 206
11878 32 69 205
11879 29 140 203
11880 26 70 202
11881 23 183 200
11882 20 183 200
11883 17 159 198
11884 15 208 198
11885 12 22 198
11886 108 212 238
11887 105 242 237
11888 103 75 235
11889 99 63 234
11890 96 160 233
11891 93 198 231
11892 91 182 230
11893 87 33 229
11894 84 145 228
11895 81 67 226
11896 78 162 225
11897 75 54 224
11898 73 77 222
11899 69 133 221
11900 66 195 220
11901 63 161 218
11902 61 207 217
11903 57 241 216
11904 54 249 215
11905 51 170 213
11906 48 85 212
11907 45 114 211
11908 43 67 209
11909 39 138 208
11910 36 69 207
11911 33 140 205
11912 31 47 204
11913 27 109 203
11914 24 183 202
11915 21 159 200
11916 18 208 199
11917 109 242 238
11918 106 121 237
11919 102 32 236
11920 100 63 235
11921 97 139 233
11922 94 198 232
11923 90 46 231
11924 88 145 229
11925 85 134 228
11926 82 67 227
11927 79 54 225
11928 76 27 224
11929 72 187 223
11930 70 133 222
11931 67 65 220
11932 64 161 219
11933 60 41 218
11934 58 249 216
11935 55 83 215
11936 52 170 214
11937 49 114 212
11938 46 57 211
11939 42 247 210
11940 40 138 209
11941 37 23 207
11942 34 140 206
11943 30 244 205
11944 28 183 203
11945 25 61 202
11946 110 242 240
11947 107 126 238
11948 104 63 237
11949 101 139 235
11950 98 198 234
11951 95 66 233
11952 92 33 232
11953 89 134 230
11954 86 67 229
11955 83 54 227
11956 80 54 227
11957 77 9 225
11958 74 133 224
11959 71 65 222
11960 68 161 221
11961 65 225 220
11962 62 241 219
11963 59 83 217
11964 56 170 216
11965 53 114 214
11966 50 114 214
11967 47 19 212
11968 44 138 211
11969 41 23 209
11970 38 140 208
11971 35 218 207
11972 32 109 206
11973 111 126 240
11974 108 63 239
11975 105 21 238
11976 103 48 236
11977 99 66 235
11978 96 33 234
11979 93 134 232
11980 91 75 231
11981 87 108 230
11982 84 54 229
11983 81 9 227
11984 78 133 226
11985 75 130 225
11986 73 61 223
11987 69 225 222
11988 66 241 221
11989 63 83 219
11990 61 178 218
11991 57 228 217
11992 54 114 216
11993 51 19 214
11994 48 138 213
11995 45 46 212
11996 43 234 210
11997 39 218 209
11998 112 126 241
11999 109 21 239
12000 106 139 238
12001 102 98 237
12002 100 66 236
12003 97 11 234
12004 94 134 233
12005 90 136 232
12006 88 54 230
12007 85 18 229
12008 82 9 228
12009 79 130 226
12010 76 65 225
12011 72 131 224
12012 70 225 223
12013 67 166 221
12014 64 83 220
12015 60 194 219
12016 58 114 217
12017 55 38 216
12018 52 19 215
12019 49 46 213
12020 46 23 212
12021 113 21 241
12022 110 21 241
12023 107 132 239
12024 104 66 238
12025 101 11 236
12026 98 134 235
12027 95 216 234
12028 92 108 233
12029 89 18 231
12030 86 9 230
12031 83 130 228
12032 80 130 228
12033 77 193 226
12034 74 225 225
12035 71 166 223
12036 68 83 222
12037 65 199 221
12038 62 228 220
12039 59 38 218
12040 56 19 217
12041 53 46 215
12042 114 21 243
12043 111 132 241
12044 108 66 240
12045 105 22 239
12046 103 27 237
12047 99 216 236
12048 96 108 235
12049 93 18 233
12050 91 194 232
12051 87 3 231
12052 84 130 230
12053 81 193 228
12054 78 225 227
12055 75 75 226
12056 73 182 224
12057 69 199 223
12058 66 228 222
12059 63 38 220
12060 61 165 219
12061 115 7 243
12062 112 132 242
12063 109 22 240
12064 106 11 239
12065 102 169 238
12066 100 216 237
12067 97 36 235
12068 94 18 234
12069 90 111 233
12070 88 130 231
12071 85 129 230
12072 82 193 229
12073 79 75 227
12074 76 166 226
12075 72 228 225
12076 70 199 224
12077 67 76 222
12078 116 132 244
12079 113 22 242
12080 110 22 242
12081 107 175 240
12082 104 216 239
12083 101 36 237
12084 98 18 236
12085 95 6 235
12086 92 3 234
12087 89 129 232
12088 86 193 231
12089 83 75 229
12090 80 75 229
12091 77 141 227
12092 74 199 226
12093 117 44 245
12094 114 22 244
12095 111 175 242
12096 108 216 241
12097 105 72 240
12098 103 149 238
12099 99 6 237
12100 96 3 236
12101 93 129 234
12102 91 235 233
12103 87 150 232
12104 84 75 231
12105 81 141 229
12106 118 22 245
12107 115 93 244
12108 112 175 243
12109 109 72 241
12110 106 36 240
12111 102 2 239
12112 100 6 238
12113 97 1 236
12114 94 129 235
12115 90 202 234
12116 88 75 232
12117 119 93 246
12118 116 175 245
12119 113 72 243
12120 110 72 243
12121 107 12 241
12122 104 6 240
12123 101 1 238
12124 98 129 237
12125 95 43 236
12126 121 184 247
12127 117 144 246
12128 114 72 245
12129 111 12 243
12130 108 6 242
12131 105 2 241
12132 103 85 239
12133 120 106 248
12134 118 72 246
12135 115 24 245
12136 112 12 244
12137 109 2 242
12138 122 144 249
12139 119 24 247
12140 116 12 246
12141 123 24 249
12142 13 204 198
12143 14 159 198
12144 16 57 198
12145 0 168 199
12146 1 235 199
12147 0 77 200
12148 0 77 201
12149 0 77 202
12150 0 77 203
12151 0 77 204
12152 0 77 205
12153 0 77 206
12154 0 77 207
12155 0 77 208
12156 0 77 209
12157 0 77 210
12158 0 77 211
12159 0 77 212
12160 0 77 213
12161 0 77 214
12162 0 77 215
12163 0 77 216
12164 0 77 217
12165 0 77 218
12166 0 77 219
12167 2 188 199
12168 3 55 199
12169 4 252 199
12170 5 170 199
12171 6 134 199
12172 7 253 199
12173 8 95 199
12174 1 121 200
12175 1 121 201
12176 1 121 202
12177 1 121 203
12178 1 121 204
12179 1 121 205
12180 1 121 206
12181 1 121 207
12182 1 121 208
12183 1 121 209
12184 1 121 210
12185 1 121 211
12186 1 121 212
12187 1 121 213
12188 1 121 214
12189 1 121 215
12190 1 121 216
12191 9 95 199
12192 10 230 199
12193 11 106 199
12194 12 61 199
12195 13 214 199
12196 14 30 199
12197 15 185 199
12198 16 88 199
12199 19 56 199
12200 2 80 200
12201 2 80 201
12202 2 80 202
12203 2 80 203
12204 2 80 204
12205 2 80 205
12206 2 80 206
12207 2 80 207
12208 2 80 208
12209 2 80 209
12210 2 80 210
12211 2 80 211
12212 2 80 212
12213 2 80 213
12214 17 47 199
12215 3 192 200
12216 4 30 200
12217 5 109 200
12218 6 57 200
12219 7 245 200
12220 8 104 200
12221 9 103 200
12222 10 131 200
12223 11 31 200
12224 3 89 201
12225 20 243 201
12226 22 179 201
12227 3 89 202
12228 3 89 203
12229 3 89 204
12230 3 89 205
12231 3 89 206
12232 3 89 207
12233 3 89 208
12234 3 89 209
12235 3 89 210
12236 12 168 200
12237 13 158 200
12238 14 42 200
12239 15 96 200
12240 16 121 200
12241 17 159 200
12242 18 218 200
12243 19 169 200
12244 4 88 201
12245 5 62 201
12246 6 119 201
12247 7 77 201
12248 21 22 201
12249 23 196 201
12250 4 250 202
12251 4 250 203
12252 26 195 203
12253 4 250 204
12254 4 250 205
12255 4 250 206
12256 4 250 207
12257 8 8 201
12258 9 102 201
12259 10 247 201
12260 11 234 201
12261 12 212 201
12262 13 86 201
12263 14 83 201
12264 15 172 201
12265 16 222 201
12266 17 236 201
12267 18 134 201
12268 19 188 201
12269 5 221 202
12270 6 112 202
12271 22 134 202
12272 5 246 203
12273 24 208 203
12274 5 246 204
12275 27 209 204
12276 29 63 204
12277 7 50 202
12278 8 169 202
12279 9 166 202
12280 10 55 202
12281 11 140 202
12282 12 255 202
12283 13 223 202
12284 14 208 202
12285 15 246 202
12286 16 242 202
12287 17 231 202
12288 18 138 202
12289 19 9 202
12290 20 94 202
12291 21 227 202
12292 23 230 202
12293 6 203 203
12294 25 154 203
12295 6 203 204
12296 7 193 203
12297 8 166 203
12298 9 43 203
12299 10 205 203
12300 11 72 203
12301 12 95 203
12302 13 174 203
12303 14 234 203
12304 15 207 203
12305 16 54 203
12306 17 145 203
12307 18 24 203
12308 19 42 203
12309 20 166 203
12310 21 195 203
12311 22 117 203
12312 23 98 203
12313 7 62 204
12314 8 37 204
12315 9 87 204
12316 10 147 204
12317 11 80 204
12318 12 39 204
12319 13 125 204
12320 14 246 204
12321 15 97 204
12322 16 37 204
12323 17 151 204
12324 18 93 204
12325 19 220 204
12326 20 111 204
12327 21 49 204
12328 22 210 204
12329 23 220 204
12330 24 5 204
12331 25 245 204
12332 26 70 204
12333 28 254 204
12334 5 252 205
12335 6 205 205
12336 7 174 205
12337 8 111 205
12338 9 10 205
12339 10 250 205
12340 11 14 205
12341 12 175 205
12342 13 110 205
12343 14 129 205
12344 15 139 205
12345 16 205 205
12346 17 254 205
12347 18 94 205
12348 19 108 205
12349 20 38 205
12350 21 39 205
12351 22 197 205
12352 23 10 205
12353 24 40 205
12354 25 109 205
12355 26 179 205
12356 27 101 205
12357 28 242 205
12358 29 246 205
12359 31 71 205
12360 5 158 206
12361 6 79 206
12362 7 123 206
12363 8 175 206
12364 9 50 206
12365 10 202 206
12366 11 119 206
12367 12 56 206
12368 13 71 206
12369 14 160 206
12370 15 256 206
12371 16 43 206
12372 17 227 206
12373 18 89 206
12374 20 213 206
12375 19 172 206
12376 21 153 206
12377 22 155 206
12378 23 53 206
12379 24 52 206
12380 25 220 206
12381 26 156 206
12382 27 41 206
12383 28 64 206
12384 29 108 206
12385 30 58 206
12386 31 34 206
12387 33 63 206
12388 5 255 207
12389 6 237 207
12390 7 43 207
12391 8 121 207
12392 9 198 207
12393 10 96 207
12394 11 247 207
12395 12 75 207
12396 13 173 207
12397 14 111 207
12398 15 66 207
12399 16 56 207
12400 17 42 207
12401 18 19 207
12402 19 74 207
12403 20 218 207
12404 21 239 207
12405 22 171 207
12406 23 37 207
12407 24 111 207
12408 25 47 207
12409 26 12 207
12410 27 181 207
12411 28 194 207
12412 29 34 207
12413 30 203 207
12414 31 77 207
12415 32 40 207
12416 33 1 207
12417 34 47 207
12418 4 157 208
12419 5 11 208
12420 6 59 208
12421 7 125 208
12422 8 114 208
12423 9 119 208
12424 10 77 208
12425 11 162 208
12426 12 158 208
12427 13 249 208
12428 14 178 208
12429 15 130 208
12430 16 212 208
12431 17 102 208
12432 18 135 208
12433 19 31 208
12434 20 80 208
12435 21 181 208
12436 22 69 208
12437 23 58 208
12438 24 249 208
12439 25 229 208
12440 26 151 208
12441 27 68 208
12442 28 7 208
12443 29 135 208
12444 30 78 208
12445 31 95 208
12446 32 148 208
12447 33 250 208
12448 34 55 208
12449 35 152 208
12450 36 15 208
12451 37 250 208
12452 4 63 209
12453 5 58 209
12454 6 68 209
12455 7 113 209
12456 8 6 209
12457 9 244 209
12458 10 20 209
12459 11 152 209
12460 12 73 209
12461 13 250 209
12462 14 242 209
12463 15 12 209
12464 16 31 209
12465 17 68 209
12466 18 136 209
12467 19 186 209
12468 20 53 209
12469 21 16 209
12470 22 192 209
12471 23 104 209
12472 24 171 209
12473 25 19 209
12474 26 141 209
12475 27 15 209
12476 28 240 209
12477 29 7 209
12478 30 190 209
12479 31 198 209
12480 32 180 209
12481 33 69 209
12482 34 189 209
12483 35 253 209
12484 36 100 209
12485 37 236 209
12486 38 114 209
12487 4 13 210
12488 5 67 210
12489 6 119 210
12490 7 51 210
12491 8 62 210
12492 9 103 210
12493 10 194 210
12494 11 106 210
12495 12 178 210
12496 13 103 210
12497 14 249 210
12498 15 12 210
12499 16 89 210
12500 17 235 210
12501 18 235 210
12502 19 148 210
12503 20 254 210
12504 21 119 210
12505 22 219 210
12506 23 10 210
12507 24 159 210
12508 25 112 210
12509 26 74 210
12510 27 232 210
12511 28 59 210
12512 29 185 210
12513 30 45 210
12514 31 21 210
12515 32 112 210
12516 33 60 210
12517 34 158 210
12518 35 51 210
12519 36 93 210
12520 37 190 210
12521 38 38 210
12522 39 223 210
12523 40 191 210
12524 41 222 210
12525 3 107 211
12526 4 11 211
12527 5 6 211
12528 6 125 211
12529 7 248 211
12530 8 112 211
12531 9 58 211
12532 10 40 211
12533 11 87 211
12534 12 23 211
12535 13 64 211
12536 14 123 211
12537 15 111 211
12538 16 128 211
12539 17 50 211
12540 18 67 211
12541 19 55 211
12542 20 64 211
12543 21 178 211
12544 22 144 211
12545 23 13 211
12546 24 249 211
12547 25 181 211
12548 26 22 211
12549 27 69 211
12550 28 254 211
12551 29 79 211
12552 30 228 211
12553 31 214 211
12554 32 149 211
12555 33 39 211
12556 34 24 211
12557 35 19 211
12558 36 149 211
12559 37 79 211
12560 38 207 211
12561 39 45 211
12562 40 48 211
12563 41 201 211
12564 42 151 211
12565 43 103 211
12566 3 149 212
12567 4 227 212
12568 5 126 212
12569 6 141 212
12570 7 184 212
12571 8 91 212
12572 9 150 212
12573 10 94 212
12574 11 114 212
12575 12 112 212
12576 13 41 212
12577 14 22 212
12578 15 13 212
12579 16 194 212
12580 17 137 212
12581 18 53 212
12582 19 181 212
12583 20 22 212
12584 21 160 212
12585 22 222 212
12586 23 18 212
12587 24 128 212
12588 25 93 212
12589 26 213 212
12590 27 142 212
12591 28 246 212
12592 29 40 212
12593 30 236 212
12594 31 39 212
12595 32 214 212
12596 33 50 212
12597 34 159 212
12598 35 3 212
12599 36 237 212
12600 37 238 212
12601 38 228 212
12602 39 96 212
12603 40 26 212
12604 41 84 212
12605 42 116 212
12606 43 42 212
12607 44 86 212
12608 3 214 213
12609 4 229 213
12610 5 243 213
12611 6 101 213
12612 7 252 213
12613 8 113 213
12614 9 97 213
12615 10 79 213
12616 11 31 213
12617 12 221 213
12618 13 53 213
12619 14 153 213
12620 15 165 213
12621 16 251 213
12622 17 19 213
12623 18 137 213
12624 19 204 213
12625 20 147 213
12626 21 82 213
12627 22 236 213
12628 23 48 213
12629 24 182 213
12630 25 53 213
12631 26 165 213
12632 27 30 213
12633 28 70 213
12634 29 251 213
12635 30 152 213
12636 31 84 213
12637 32 140 213
12638 33 183 213
12639 34 78 213
12640 35 216 213
12641 36 180 213
12642 37 26 213
12643 38 116 213
12644 39 63 213
12645 40 33 213
12646 41 46 213
12647 42 68 213
12648 43 174 213
12649 44 35 213
12650 45 208 213
12651 46 5 213
12652 47 20 213
12653 2 178 214
12654 3 221 214
12655 4 136 214
12656 5 247 214
12657 6 43 214
12658 7 76 214
12659 8 155 214
12660 9 223 214
12661 10 175 214
12662 11 61 214
12663 12 37 214
12664 13 253 214
12665 14 105 214
12666 15 161 214
12667 16 233 214
12668 17 125 214
12669 18 172 214
12670 19 245 214
12671 20 123 214
12672 21 21 214
12673 22 231 214
12674 23 113 214
12675 24 95 214
12676 25 163 214
12677 26 172 214
12678 27 167 214
12679 28 213 214
12680 29 58 214
12681 30 89 214
12682 31 19 214
12683 32 228 214
12684 33 150 214
12685 34 169 214
12686 35 137 214
12687 36 136 214
12688 37 247 214
12689 38 185 214
12690 39 250 214
12691 40 102 214
12692 41 114 214
12693 42 70 214
12694 43 5 214
12695 44 173 214
12696 45 45 214
12697 46 93 214
12698 47 232 214
12699 48 165 214
12700 49 66 214
12701 2 81 215
12702 3 241 215
12703 4 162 215
12704 5 154 215
12705 6 10 215
12706 7 11 215
12707 8 55 215
12708 9 146 215
12709 10 62 215
12710 11 27 215
12711 12 52 215
12712 13 129 215
12713 14 224 215
12714 15 29 215
12715 16 2 215
12716 17 212 215
12717 18 58 215
12718 19 167 215
12719 20 223 215
12720 21 25 215
12721 22 225 215
12722 23 57 215
12723 24 187 215
12724 25 223 215
12725 26 166 215
12726 27 12 215
12727 28 114 215
12728 29 194 215
12729 30 87 215
12730 31 123 215
12731 32 138 215
12732 33 196 215
12733 34 32 215
12734 35 143 215
12735 36 62 215
12736 37 160 215
12737 38 118 215
12738 39 8 215
12739 40 66 215
12740 41 203 215
12741 42 243 215
12742 43 145 215
12743 44 71 215
12744 45 41 215
12745 46 77 215
12746 47 112 215
12747 48 24 215
12748 49 139 215
12749 50 127 215
12750 51 234 215
12751 2 177 216
12752 3 106 216
12753 4 230 216
12754 5 229 216
12755 6 164 216
12756 7 208 216
12757 8 92 216
12758 9 224 216
12759 10 120 216
12760 11 255 216
12761 12 151 216
12762 13 41 216
12763 14 238 216
12764 15 142 216
12765 16 186 216
12766 17 167 216
12767 18 184 216
12768 19 88 216
12769 20 215 216
12770 21 197 216
12771 22 155 216
12772 23 20 216
12773 24 28 216
12774 25 164 216
12775 26 86 216
12776 27 242 216
12777 28 193 216
12778 29 216 216
12779 30 72 216
12780 31 142 216
12781 32 235 216
12782 33 23 216
12783 34 169 216
12784 35 76 216
12785 36 244 216
12786 37 116 216
12787 38 225 216
12788 39 16 216
12789 40 84 216
12790 41 241 216
12791 42 162 216
12792 43 22 216
12793 44 156 216
12794 45 70 216
12795 46 97 216
12796 47 41 216
12797 48 248 216
12798 49 11 216
12799 50 149 216
12800 51 251 216
12801 52 38 216
12802 53 2 216
12803 1 220 217
12804 2 131 217
12805 3 101 217
12806 4 112 217
12807 5 41 217
12808 6 43 217
12809 7 86 217
12810 8 1 217
12811 9 38 217
12812 10 213 217
12813 11 123 217
12814 12 18 217
12815 13 219 217
12816 14 256 217
12817 15 166 217
12818 16 86 217
12819 17 154 217
12820 18 28 217
12821 19 118 217
12822 20 193 217
12823 21 108 217
12824 22 174 217
12825 23 80 217
12826 24 195 217
12827 25 256 217
12828 26 154 217
12829 27 120 217
12830 28 82 217
12831 29 119 217
12832 30 21 217
12833 31 104 217
12834 32 248 217
12835 33 126 217
12836 34 214 217
12837 35 251 217
12838 36 88 217
12839 37 98 217
12840 38 54 217
12841 39 130 217
12842 40 36 217
12843 41 227 217
12844 42 70 217
12845 43 124 217
12846 44 44 217
12847 45 28 217
12848 46 231 217
12849 47 68 217
12850 48 188 217
12851 49 8 217
12852 50 161 217
12853 51 256 217
12854 52 200 217
12855 53 172 217
12856 54 216 217
12857 55 88 217
12858 1 182 218
12859 2 100 218
12860 3 246 218
12861 4 84 218
12862 5 184 218
12863 6 39 218
12864 7 116 218
12865 8 24 218
12866 9 62 218
12867 10 223 218
12868 11 73 218
12869 12 161 218
12870 13 176 218
12871 14 21 218
12872 15 155 218
12873 17 181 218
12874 16 91 218
12875 18 148 218
12876 19 210 218
12877 20 256 218
12878 21 87 218
12879 22 154 218
12880 23 151 218
12881 24 129 218
12882 25 107 218
12883 26 212 218
12884 27 6 218
12885 28 256 218
12886 29 237 218
12887 30 252 218
12888 31 35 218
12889 32 101 218
12890 33 169 218
12891 34 66 218
12892 35 78 218
12893 36 45 218
12894 37 252 218
12895 38 180 218
12896 39 28 218
12897 40 28 218
12898 41 218 218
12899 42 67 218
12900 43 52 218
12901 44 188 218
12902 45 175 218
12903 46 14 218
12904 47 95 218
12905 48 182 218
12906 49 119 218
12907 50 46 218
12908 51 247 218
12909 52 195 218
12910 53 195 218
12911 54 245 218
12912 55 206 218
12913 56 231 218
12914 57 233 218
12915 58 85 218
12916 1 178 219
12917 2 186 219
12918 3 76 219
12919 4 241 219
12920 5 219 219
12921 6 4 219
12922 7 158 219
12923 8 78 219
12924 9 36 219
12925 10 145 219
12926 11 79 219
12927 12 109 219
12928 13 95 219
12929 14 100 219
12930 15 224 219
12931 16 176 219
12932 17 26 219
12933 18 10 219
12934 19 46 219
12935 20 169 219
12936 21 253 219
12937 22 193 219
12938 23 150 219
12939 24 71 219
12940 25 164 219
12941 26 235 219
12942 27 223 219
12943 28 112 219
12944 29 250 219
12945 30 102 219
12946 31 248 219
12947 32 153 219
12948 33 185 219
12949 34 163 219
12950 35 46 219
12951 36 79 219
12952 37 36 219
12953 38 98 219
12954 39 208 219
12955 40 191 219
12956 41 177 219
12957 42 246 219
12958 43 110 219
12959 44 43 219
12960 45 149 219
12961 46 59 219
12962 47 118 219
12963 48 243 219
12964 49 126 219
12965 50 8 219
12966 51 16 219
12967 52 217 219
12968 53 8 219
12969 54 80 219
12970 55 47 219
12971 56 51 219
12972 57 42 219
12973 58 96 219
12974 59 80 219
12975 0 49 220
12976 1 80 220
12977 2 162 220
12978 3 32 220
12979 4 188 220
12980 5 117 220
12981 6 5 220
12982 7 60 220
12983 8 5 220
12984 9 168 220
12985 10 161 220
12986 11 129 220
12987 12 186 220
12988 13 85 220
12989 14 253 220
12990 15 138 220
12991 16 214 220
12992 17 141 220
12993 18 35 220
12994 19 229 220
12995 20 242 220
12996 21 174 220
12997 22 204 220
12998 23 68 220
12999 24 203 220
13000 25 201 220
13001 26 62 220
13002 27 221 220
13003 28 121 220
13004 29 128 220
13005 30 241 220
13006 31 127 220
13007 32 132 220
13008 33 2 220
13009 34 71 220
13010 35 255 220
13011 36 72 220
13012 37 104 220
13013 38 4 220
13014 39 207 220
13015 40 82 220
13016 41 98 220
13017 42 76 220
13018 43 111 220
13019 44 186 220
13020 45 179 220
13021 46 182 220
13022 47 9 220
13023 48 256 220
13024 49 168 220
13025 50 118 220
13026 51 5 220
13027 52 83 220
13028 53 134 220
13029 54 67 220
13030 55 220 220
13031 56 15 220
13032 57 222 220
13033 58 106 220
13034 59 182 220
13035 60 93 220
13036 61 83 220
13037 0 43 221
13038 1 241 221
13039 2 216 221
13040 3 136 221
13041 4 189 221
13042 5 240 221
13043 6 65 221
13044 7 42 221
13045 8 178 221
13046 9 8 221
13047 10 121 221
13048 11 36 221
13049 12 161 221
13050 13 72 221
13051 14 53 221
13052 15 173 221
13053 16 10 221
13054 17 78 221
13055 18 209 221
13056 19 166 221
13057 20 17 221
13058 21 19 221
13059 22 215 221
13060 23 134 221
13061 24 71 221
13062 25 214 221
13063 26 64 221
13064 27 227 221
13065 28 85 221
13066 29 124 221
13067 30 62 221
13068 31 164 221
13069 32 112 221
13070 33 164 221
13071 34 215 221
13072 35 93 221
13073 36 230 221
13074 37 196 221
13075 38 16 221
13076 39 36 221
13077 40 218 221
13078 41 182 221
13079 42 165 221
13080 43 246 221
13081 44 40 221
13082 45 40 221
13083 46 216 221
13084 47 76 221
13085 48 218 221
13086 49 144 221
13087 50 213 221
13088 51 31 221
13089 52 35 221
13090 53 166 221
13091 54 171 221
13092 55 211 221
13093 56 26 221
13094 57 168 221
13095 58 78 221
13096 59 3 221
13097 60 54 221
13098 61 69 221
13099 62 117 221
13100 63 172 221
13101 64 171 221
13102 0 137 222
13103 1 96 222
13104 2 237 222
13105 3 63 222
13106 5 211 222
13107 4 144 222
13108 6 177 222
13109 7 18 222
13110 8 98 222
13111 9 2 222
13112 10 91 222
13113 11 176 222
13114 12 26 222
13115 13 6 222
13116 14 106 222
13117 15 9 222
13118 16 217 222
13119 17 6 222
13120 18 210 222
13121 19 235 222
13122 20 57 222
13123 21 230 222
13124 22 10 222
13125 23 51 222
13126 24 183 222
13127 25 51 222
13128 26 212 222
13129 27 8 222
13130 28 224 222
13131 29 49 222
13132 30 132 222
13133 31 209 222
13134 32 72 222
13135 33 164 222
13136 34 119 222
13137 35 141 222
13138 36 170 222
13139 37 198 222
13140 38 254 222
13141 39 187 222
13142 40 27 222
13143 41 179 222
13144 42 88 222
13145 43 54 222
13146 44 46 222
13147 45 127 222
13148 46 129 222
13149 47 204 222
13150 48 122 222
13151 49 126 222
13152 50 126 222
13153 51 210 222
13154 52 199 222
13155 53 111 222
13156 54 61 222
13157 55 216 222
13158 56 139 222
13159 57 232 222
13160 58 191 222
13161 59 13 222
13162 60 109 222
13163 61 206 222
13164 62 169 222
13165 63 238 222
13166 64 46 222
13167 65 134 222
13168 0 182 223
13169 1 167 223
13170 2 241 223
13171 3 145 223
13172 4 40 223
13173 5 146 223
13174 6 88 223
13175 7 30 223
13176 8 121 223
13177 9 70 223
13178 10 161 223
13179 11 39 223
13180 12 179 223
13181 13 1 223
13182 14 148 223
13183 15 139 223
13184 16 112 223
13185 17 218 223
13186 18 144 223
13187 19 26 223
13188 20 5 223
13189 21 2 223
13190 22 197 223
13191 23 201 223
13192 24 96 223
13193 25 120 223
13194 26 109 223
13195 27 35 223
13196 28 178 223
13197 29 201 223
13198 30 79 223
13199 31 27 223
13200 32 194 223
13201 33 95 223
13202 34 10 223
13203 35 185 223
13204 36 59 223
13205 37 253 223
13206 38 225 223
13207 39 206 223
13208 40 38 223
13209 41 234 223
13210 42 49 223
13211 43 152 223
13212 44 174 223
13213 45 44 223
13214 46 247 223
13215 47 4 223
13216 48 125 223
13217 49 150 223
13218 50 173 223
13219 51 33 223
13220 52 208 223
13221 53 234 223
13222 54 18 223
13223 55 2 223
13224 66 97 223
13225 56 12 223
13226 62 74 223
13227 60 149 223
13228 57 43 223
13229 58 9 223
13230 59 220 223
13231 61 124 223
13232 63 19 223
13233 64 64 223
13234 65 96 223
13235 67 1 223
13236 68 219 223
13237 0 52 224
13238 1 226 224
13239 2 180 224
13240 3 129 224
13241 4 220 224
13242 5 9 224
13243 6 63 224
13244 7 129 224
13245 8 81 224
13246 9 110 224
13247 10 22 224
13248 11 190 224
13249 12 20 224
13250 13 229 224
13251 14 81 224
13252 15 196 224
13253 16 252 224
13254 17 28 224
13255 18 90 224
13256 19 13 224
13257 20 218 224
13258 21 246 224
13259 22 122 224
13260 23 210 224
13261 32 234 224
13262 30 104 224
13263 35 118 224
13264 66 253 224
13265 39 31 224
13266 62 246 224
13267 60 77 224
13268 45 165 224
13269 56 161 224
13270 54 148 224
13271 52 250 224
13272 50 150 224
13273 48 30 224
13274 46 9 224
13275 44 211 224
13276 42 77 224
13277 40 2 224
13278 38 206 224
13279 36 175 224
13280 34 181 224
13281 69 84 224
13282 67 128 224
13283 65 231 224
13284 63 149 224
13285 61 226 224
13286 59 217 224
13287 57 233 224
13288 55 147 224
13289 53 235 224
13290 51 141 224
13291 49 68 224
13292 47 195 224
13293 58 235 224
13294 43 248 224
13295 41 43 224
13296 64 25 224
13297 37 54 224
13298 71 181 224
13299 68 214 224
13300 66 77 225
13301 39 29 225
13302 62 19 225
13303 60 241 225
13304 45 189 225
13305 56 49 225
13306 54 235 225
13307 52 199 225
13308 50 68 225
13309 48 65 225
13310 46 148 225
13311 44 243 225
13312 42 42 225
13313 40 90 225
13314 70 100 225
13315 69 182 225
13316 67 106 225
13317 65 115 225
13318 63 23 225
13319 61 210 225
13320 59 256 225
13321 57 205 225
13322 55 190 225
13323 53 38 225
13324 51 177 225
13325 49 233 225
13326 47 37 225
13327 58 192 225
13328 43 126 225
13329 73 167 225
13330 71 70 225
13331 68 121 225
13332 66 124 226
13333 64 140 225
13334 62 84 226
13335 60 176 226
13336 45 69 226
13337 56 149 226
13338 54 38 226
13339 52 217 226
13340 50 233 226
13341 48 98 226
13342 46 235 226
13343 72 128 226
13344 70 245 226
13345 69 223 226
13346 67 144 226
13347 65 35 226
13348 63 7 226
13349 61 218 226
13350 59 212 226
13351 57 230 226
13352 55 69 226
13353 53 168 226
13354 51 255 226
13355 49 205 226
13356 74 134 227
13357 73 186 226
13358 71 89 226
13359 68 48 226
13360 66 183 227
13361 64 132 226
13362 62 182 227
13363 60 181 227
13364 58 124 226
13365 56 23 227
13366 54 168 227
13367 52 256 227
13368 75 162 227
13369 72 121 227
13370 70 102 227
13371 69 12 227
13372 67 55 227
13373 65 33 227
13374 63 58 227
13375 61 176 227
13376 59 31 227
13377 57 70 227
13378 55 21 227
13379 76 27 227
13380 74 119 228
13381 73 72 227
13382 71 157 227
13383 68 104 227
13384 66 11 228
13385 64 29 227
13386 62 223 228
13387 60 158 228
13388 58 183 227
13389 77 71 228
13390 75 94 228
13391 72 183 228
13392 70 54 228
13393 69 26 228
13394 67 162 228
13395 65 200 228
13396 63 40 228
13397 61 152 228
13398 78 195 228
13399 76 187 228
13400 79 157 228
13401 73 167 228
13402 71 184 228
13403 68 54 228
13404 66 238 229
13405 64 20 228
13406 74 205 229
13407 77 111 229
13408 75 118 229
13409 72 118 229
13410 70 217 229
13411 69 142 229
13412 67 94 229
13413 80 185 230
13414 78 37 229
13415 76 191 229
13416 79 217 229
13417 73 43 229
13418 71 96 229
13419 81 251 230
13420 74 175 230
13421 77 112 230
13422 75 170 230
13423 72 18 230
13424 82 254 230
13425 83 32 230
13426 78 123 230
13427 76 114 230
13428 80 55 231
13429 81 244 231
13430 79 176 230
13431 85 215 231
13432 82 122 231
13433 84 208 232
13434 86 243 232
13435 83 169 231
13436 80 81 232
13437 77 142 231
13438 74 9 231
13439 70 27 230
13440 68 1 229
13441 65 129 229
13442 62 86 229
13443 59 100 228
13444 56 238 228
13445 53 211 227
13446 50 165 227
13447 47 156 226
13448 44 104 226
13449 41 103 225
13450 38 240 225
13451 35 120 225
13452 33 51 224
13453 24 73 224
13454 25 167 224
13455 26 137 224
13456 27 83 224
13457 28 139 224
13458 29 207 224
13459 31 30 224
13460 0 201 225
13461 1 256 225
13462 2 113 225
13463 3 163 225
13464 4 243 225
13465 5 5 225
13466 6 24 225
13467 7 38 225
13468 8 162 225
13469 9 103 225
13470 10 56 225
13471 11 144 225
13472 12 217 225
13473 87 125 233
13474 85 181 232
13475 81 71 232
13476 78 133 231
13477 75 195 231
13478 73 246 230
13479 69 193 230
13480 66 43 230
13481 63 50 229
13482 60 255 229
13483 57 188 228
13484 54 211 228
13485 51 78 227
13486 48 52 227
13487 45 26 227
13488 42 12 226
13489 39 60 226
13490 36 40 225
13491 32 134 225
13492 13 255 225
13493 14 15 225
13494 15 40 225
13495 16 47 225
13496 17 157 225
13497 18 73 225
13498 19 183 225
13499 20 158 225
13500 21 72 225
13501 22 244 225
13502 23 8 225
13503 24 239 225
13504 25 193 225
13505 26 168 225
13506 27 200 225
13507 28 223 225
13508 29 110 225
13509 30 87 225
13510 31 248 225
13511 88 235 233
13512 84 148 233
13513 82 164 232
13514 79 113 231
13515 76 161 231
13516 72 138 231
13517 71 234 230
13518 67 166 230
13519 64 25 229
13520 61 220 229
13521 58 117 228
13522 55 187 228
13523 52 39 228
13524 49 135 227
13525 46 90 227
13526 43 193 226
13527 40 30 226
13528 37 5 225
13529 34 89 225
13530 33 6 225
13531 0 90 226
13532 1 241 226
13533 2 194 226
13534 3 151 226
13535 4 231 226
13536 5 229 226
13537 6 91 226
13538 7 252 226
13539 8 196 226
13540 9 203 226
13541 10 197 226
13542 11 14 226
13543 12 6 226
13544 13 71 226
13545 14 31 226
13546 15 248 226
13547 16 88 226
13548 89 123 233
13549 86 82 233
13550 83 185 232
13551 80 113 233
13552 77 233 232
13553 74 241 232
13554 70 108 231
13555 68 141 230
13556 65 199 230
13557 62 47 230
13558 59 222 229
13559 56 148 229
13560 53 196 228
13561 50 135 228
13562 47 151 227
13563 44 15 227
13564 41 131 226
13565 38 173 226
13566 35 215 226
13567 17 249 226
13568 18 81 226
13569 19 77 226
13570 20 209 226
13571 21 164 226
13572 22 160 226
13573 23 42 226
13574 24 2 226
13575 25 145 226
13576 26 105 226
13577 27 170 226
13578 28 209 226
13579 29 134 226
13580 30 236 226
13581 31 216 226
13582 32 10 226
13583 33 58 226
13584 91 180 234
13585 87 149 234
13586 85 155 233
13587 81 245 233
13588 78 249 232
13589 75 253 232
13590 73 103 231
13591 69 228 231
13592 66 152 231
13593 63 111 230
13594 60 57 230
13595 57 37 229
13596 54 196 229
13597 51 204 228
13598 48 136 228
13599 45 68 228
13600 42 45 227
13601 39 236 227
13602 36 243 226
13603 34 64 226
13604 37 253 226
13605 0 140 227
13606 1 58 227
13607 2 214 227
13608 3 131 227
13609 4 91 227
13610 5 128 227
13611 6 243 227
13612 7 203 227
13613 8 3 227
13614 9 183 227
13615 10 197 227
13616 11 4 227
13617 12 37 227
13618 13 107 227
13619 90 57 235
13620 88 239 234
13621 84 218 234
13622 82 251 233
13623 79 256 232
13624 76 85 232
13625 72 246 232
13626 71 31 231
13627 67 19 231
13628 64 184 230
13629 61 151 230
13630 58 49 229
13631 55 153 229
13632 52 102 229
13633 49 17 228
13634 46 97 228
13635 43 246 227
13636 40 118 227
13637 14 71 227
13638 15 143 227
13639 16 192 227
13640 17 9 227
13641 18 222 227
13642 19 136 227
13643 20 142 227
13644 21 237 227
13645 22 219 227
13646 23 43 227
13647 24 68 227
13648 25 232 227
13649 26 178 227
13650 27 100 227
13651 28 161 227
13652 29 101 227
13653 92 230 235
13654 89 124 234
13655 86 254 234
13656 83 128 233
13657 80 256 234
13658 77 214 233
13659 74 57 233
13660 70 106 232
13661 68 92 231
13662 65 46 231
13663 62 202 231
13664 59 205 230
13665 56 51 230
13666 53 137 229
13667 50 17 229
13668 47 217 228
13669 44 59 228
13670 41 224 227
13671 38 235 227
13672 35 246 227
13673 30 40 227
13674 31 60 227
13675 32 207 227
13676 33 211 227
13677 34 112 227
13678 36 255 227
13679 37 53 227
13680 0 12 228
13681 1 220 228
13682 2 78 228
13683 3 58 228
13684 4 2 228
13685 5 179 228
13686 93 62 235
13687 91 126 235
13688 87 192 235
13689 85 73 234
13690 81 107 234
13691 78 157 233
13692 75 207 233
13693 73 246 232
13694 69 23 232
13695 66 101 232
13696 63 231 231
13697 60 67 231
13698 57 77 230
13699 54 137 230
13700 51 237 229
13701 48 158 229
13702 45 79 229
13703 42 21 228
13704 39 123 228
13705 6 202 228
13706 7 64 228
13707 8 26 228
13708 9 17 228
13709 10 200 228
13710 11 211 228
13711 12 122 228
13712 13 105 228
13713 14 147 228
13714 15 158 228
13715 16 61 228
13716 17 49 228
13717 18 212 228
13718 94 31 236
13719 90 222 236
13720 88 32 235
13721 84 67 235
13722 82 182 234
13723 79 116 233
13724 76 163 233
13725 72 224 233
13726 71 64 232
13727 67 109 232
13728 64 244 231
13729 61 150 231
13730 58 227 230
13731 55 242 230
13732 52 247 230
13733 49 84 229
13734 46 56 229
13735 43 71 228
13736 40 190 228
13737 19 41 228
13738 20 6 228
13739 21 40 228
13740 22 123 228
13741 23 15 228
13742 24 10 228
13743 25 195 228
13744 26 99 228
13745 27 228 228
13746 28 64 228
13747 29 78 228
13748 30 8 228
13749 95 72 237
13750 92 48 236
13751 89 8 235
13752 86 91 235
13753 83 58 234
13754 80 116 235
13755 77 105 234
13756 74 70 234
13757 70 194 233
13758 68 122 232
13759 65 61 232
13760 62 212 232
13761 59 121 231
13762 56 252 231
13763 53 42 230
13764 50 84 230
13765 47 14 229
13766 44 95 229
13767 41 230 228
13768 38 239 228
13769 35 248 228
13770 31 35 228
13771 32 75 228
13772 33 128 228
13773 34 219 228
13774 36 185 228
13775 37 118 228
13776 0 238 229
13777 1 161 229
13778 2 212 229
13779 96 24 237
13780 93 4 236
13781 91 211 236
13782 87 87 236
13783 85 158 235
13784 81 181 235
13785 78 35 234
13786 75 146 234
13787 73 15 233
13788 69 159 233
13789 66 106 233
13790 63 189 232
13791 60 29 232
13792 57 63 231
13793 54 42 231
13794 51 7 230
13795 48 176 230
13796 45 88 230
13797 42 240 229
13798 39 124 229
13799 3 237 229
13800 4 180 229
13801 5 147 229
13802 6 8 229
13803 7 222 229
13804 8 88 229
13805 9 143 229
13806 10 92 229
13807 11 112 229
13808 97 3 237
13809 94 2 237
13810 90 82 237
13811 88 143 236
13812 84 99 236
13813 82 219 235
13814 79 165 234
13815 76 110 234
13816 72 119 234
13817 71 33 233
13818 67 206 233
13819 64 223 232
13820 61 192 232
13821 58 139 231
13822 55 198 231
13823 52 132 231
13824 49 22 230
13825 46 186 230
13826 43 19 229
13827 40 62 229
13828 12 35 229
13829 13 138 229
13830 14 204 229
13831 15 131 229
13832 16 172 229
13833 17 59 229
13834 18 228 229
13835 19 134 229
13836 98 1 238
13837 95 129 238
13838 92 86 237
13839 89 100 236
13840 86 238 236
13841 83 211 235
13842 80 165 236
13843 77 156 235
13844 74 104 235
13845 70 114 234
13846 68 240 233
13847 65 120 233
13848 62 80 233
13849 59 99 232
13850 56 66 232
13851 53 11 231
13852 50 22 231
13853 47 175 230
13854 44 31 230
13855 41 48 229
13856 38 32 229
13857 35 16 229
13858 20 186 229
13859 21 31 229
13860 22 51 229
13861 23 221 229
13862 24 253 229
13863 99 193 238
13864 96 43 238
13865 93 50 237
13866 91 108 237
13867 87 188 237
13868 85 61 236
13869 81 78 236
13870 78 52 235
13871 75 26 235
13872 73 102 234
13873 69 60 234
13874 66 40 234
13875 63 178 233
13876 60 215 233
13877 57 145 232
13878 54 11 232
13879 51 216 231
13880 48 144 231
13881 45 72 231
13882 42 213 230
13883 39 8 230
13884 36 91 229
13885 32 135 229
13886 25 91 229
13887 26 161 229
13888 27 25 229
13889 100 225 239
13890 97 166 238
13891 94 25 238
13892 90 223 238
13893 88 117 237
13894 84 200 237
13895 82 39 236
13896 79 135 235
13897 76 90 235
13898 72 68 235
13899 71 77 234
13900 67 5 234
13901 64 89 233
13902 61 66 233
13903 58 67 232
13904 55 162 232
13905 52 108 232
13906 49 18 231
13907 46 12 231
13908 43 138 230
13909 40 4 230
13910 37 172 229
13911 34 29 229
13912 30 35 229
13913 28 53 229
13914 101 83 239
13915 98 141 239
13916 95 199 239
13917 92 47 238
13918 89 222 237
13919 86 148 237
13920 83 196 236
13921 80 135 237
13922 77 151 236
13923 74 15 236
13924 70 236 235
13925 68 173 234
13926 65 215 234
13927 62 229 234
13928 59 81 233
13929 56 54 233
13930 53 9 232
13931 50 18 232
13932 47 3 231
13933 44 2 231
13934 41 86 230
13935 38 143 230
13936 35 200 230
13937 33 111 229
13938 102 104 240
13939 99 228 239
13940 96 152 239
13941 93 111 238
13942 91 250 238
13943 87 37 238
13944 85 96 237
13945 81 204 237
13946 78 136 236
13947 75 68 236
13948 73 142 235
13949 69 236 235
13950 66 243 235
13951 63 169 234
13952 60 137 234
13953 57 142 233
13954 54 9 233
13955 51 130 232
13956 48 1 232
13957 45 129 232
13958 42 207 231
13959 39 100 231
13960 36 238 230
13961 103 216 240
13962 100 114 240
13963 97 19 239
13964 94 184 239
13965 90 18 239
13966 88 49 238
13967 84 41 238
13968 82 102 237
13969 79 17 236
13970 76 97 236
13971 72 208 236
13972 71 174 235
13973 67 191 235
13974 64 213 234
13975 61 172 234
13976 58 195 233
13977 55 226 233
13978 52 65 233
13979 49 225 232
13980 46 150 232
13981 43 214 231
13982 40 50 231
13983 104 57 241
13984 101 138 240
13985 98 92 240
13986 95 46 240
13987 92 202 239
13988 89 205 238
13989 86 51 238
13990 83 137 237
13991 80 17 238
13992 77 217 237
13993 74 59 237
13994 70 111 236
13995 68 235 235
13996 65 246 235
13997 62 164 235
13998 59 113 234
13999 56 161 234
14000 53 241 233
14001 50 225 233
14002 47 166 232
14003 44 25 232
14004 106 98 241
14005 102 59 241
14006 99 23 240
14007 96 101 240
14008 93 231 239
14009 91 169 239
14010 87 77 239
14011 85 129 238
14012 81 237 238
14013 78 158 237
14014 75 79 237
14015 73 77 236
14016 69 123 236
14017 66 82 236
14018 63 185 235
14019 60 93 235
14020 57 233 234
14021 54 241 234
14022 51 83 233
14023 48 141 233
14024 105 251 242
14025 103 216 241
14026 100 140 241
14027 97 109 240
14028 94 244 240
14029 90 85 240
14030 88 227 239
14031 84 255 239
14032 82 247 238
14033 79 84 237
14034 76 56 237
14035 72 4 237
14036 71 93 236
14037 67 203 236
14038 64 221 235
14039 61 1 235
14040 58 253 234
14041 55 255 234
14042 52 170 234
14043 107 105 242
14044 104 70 242
14045 101 183 241
14046 98 122 241
14047 95 61 241
14048 92 212 240
14049 89 121 239
14050 86 252 239
14051 83 42 238
14052 80 84 239
14053 77 14 238
14054 74 95 238
14055 70 22 237
14056 68 239 236
14057 65 248 236
14058 62 251 236
14059 59 256 235
14060 56 85 235
14061 108 35 243
14062 106 84 242
14063 102 131 242
14064 99 159 241
14065 96 106 241
14066 93 189 240
14067 91 243 240
14068 87 63 240
14069 85 47 239
14070 81 7 239
14071 78 176 238
14072 75 88 238
14073 73 169 237
14074 69 124 237
14075 66 254 237
14076 63 128 236
14077 60 1 236
14078 109 165 243
14079 105 127 243
14080 103 57 242
14081 100 208 242
14082 97 206 241
14083 94 223 241
14084 90 104 241
14085 88 139 240
14086 84 91 240
14087 82 132 239
14088 79 22 238
14089 76 186 238
14090 72 192 238
14091 71 195 237
14092 67 96 237
14093 64 64 236
14094 110 165 244
14095 107 156 243
14096 104 104 243
14097 101 103 242
14098 98 240 242
14099 95 120 242
14100 92 80 241
14101 89 99 240
14102 86 66 240
14103 83 11 239
14104 80 22 240
14105 77 175 239
14106 74 31 239
14107 70 48 238
14108 68 32 237
14109 111 78 244
14110 108 52 244
14111 106 23 243
14112 102 160 243
14113 99 60 242
14114 96 40 242
14115 93 178 241
14116 91 36 241
14117 87 145 241
14118 85 101 240
14119 81 216 240
14120 78 144 239
14121 75 72 239
14122 73 225 238
14123 113 49 244
14124 109 135 244
14125 105 10 244
14126 103 98 243
14127 100 30 243
14128 97 5 242
14129 94 89 242
14130 90 77 242
14131 88 67 241
14132 84 219 241
14133 82 108 240
14134 79 18 239
14135 76 12 239
14136 112 101 245
14137 110 135 245
14138 107 151 244
14139 104 15 244
14140 101 131 243
14141 98 173 243
14142 95 215 243
14143 92 229 242
14144 89 81 241
14145 86 54 241
14146 83 9 240
14147 80 18 241
14148 114 196 246
14149 111 204 245
14150 108 136 245
14151 106 43 244
14152 102 172 244
14153 99 236 243
14154 96 243 243
14155 93 169 242
14156 91 132 242
14157 87 142 242
14158 84 9 242
14159 115 153 246
14160 113 140 245
14161 109 17 245
14162 105 2 245
14163 103 157 244
14164 100 118 244
14165 97 191 243
14166 94 213 243
14167 90 133 243
14168 88 195 242
14169 116 51 247
14170 112 14 246
14171 110 17 246
14172 107 217 245
14173 104 59 245
14174 101 224 244
14175 98 235 244
14176 95 246 244
14177 92 164 243
14178 117 77 247
14179 114 137 247
14180 111 237 246
14181 108 158 246
14182 106 244 245
14183 102 117 245
14184 99 123 244
14185 96 82 244
14186 118 227 247
14187 115 242 247
14188 113 20 246
14189 109 84 246
14190 105 24 246
14191 103 105 245
14192 100 190 245
14193 119 121 248
14194 116 252 248
14195 112 21 247
14196 110 84 247
14197 107 14 246
14198 104 95 246
14199 121 73 248
14200 117 63 248
14201 114 42 248
14202 111 7 247
14203 108 176 247
14204 120 142 249
14205 118 139 248
14206 115 198 248
14207 113 213 247
14208 122 80 250
14209 119 99 249
14210 116 66 249
14211 123 178 250
14212 121 224 249
14213 124 89 250
14214 29 32 229
14215 31 156 229
14216 0 173 230
14217 1 122 230
14218 2 214 230
14219 3 161 230
14220 4 125 230
14221 5 15 230
14222 6 216 230
14223 7 95 230
14224 8 238 230
14225 0 205 231
14226 0 205 232
14227 0 205 233
14228 0 205 234
14229 0 205 235
14230 0 205 236
14231 0 205 237
14232 0 205 238
14233 9 78 230
14234 10 77 230
14235 11 206 230
14236 12 241 230
14237 13 250 230
14238 14 55 230
14239 15 157 230
14240 16 173 230
14241 17 64 230
14242 18 102 230
14243 19 159 230
14244 20 147 230
14245 21 31 230
14246 22 82 230
14247 1 248 231
14248 1 248 232
14249 1 248 233
14250 1 248 234
14251 23 82 230
14252 24 38 230
14253 25 57 230
14254 26 233 230
14255 27 117 230
14256 28 225 230
14257 29 224 230
14258 30 214 230
14259 31 24 230
14260 32 99 230
14261 33 194 230
14262 34 225 230
14263 37 161 230
14264 2 27 231
14265 3 29 231
14266 4 166 231
14267 5 222 231
14268 6 252 231
14269 7 159 231
14270 8 252 231
14271 9 76 231
14272 10 62 231
14273 11 192 231
14274 12 250 231
14275 13 134 231
14276 14 64 231
14277 15 29 231
14278 16 86 231
14279 17 227 231
14280 18 75 231
14281 19 12 231
14282 20 165 231
14283 21 210 231
14284 22 246 231
14285 23 179 231
14286 24 116 231
14287 25 138 231
14288 26 219 231
14289 27 161 231
14290 28 153 231
14291 29 70 231
14292 30 121 231
14293 31 128 231
14294 32 55 231
14295 33 216 231
14296 34 105 231
14297 36 106 231
14298 35 219 231
14299 37 167 231
14300 38 211 231
14301 41 152 231
14302 2 199 232
14303 3 221 232
14304 4 256 232
14305 5 17 232
14306 6 198 232
14307 7 218 232
14308 8 197 232
14309 9 126 232
14310 10 213 232
14311 11 145 232
14312 12 72 232
14313 13 117 232
14314 14 219 232
14315 15 195 232
14316 16 231 232
14317 17 236 232
14318 18 210 232
14319 19 204 232
14320 20 34 232
14321 21 253 232
14322 22 39 232
14323 23 38 232
14324 24 21 232
14325 25 248 232
14326 26 98 232
14327 27 175 232
14328 28 61 232
14329 29 229 232
14330 30 214 232
14331 31 82 232
14332 32 132 232
14333 33 166 232
14334 34 192 232
14335 35 225 232
14336 36 90 232
14337 37 196 232
14338 38 80 232
14339 39 34 232
14340 40 240 232
14341 41 99 232
14342 42 8 232
14343 43 224 232
14344 2 151 233
14345 3 102 233
14346 4 65 233
14347 5 55 233
14348 6 44 233
14349 7 200 233
14350 8 133 233
14351 9 31 233
14352 10 158 233
14353 11 125 233
14354 12 33 233
14355 13 159 233
14356 14 81 233
14357 15 21 233
14358 16 40 233
14359 17 158 233
14360 18 112 233
14361 19 230 233
14362 20 195 233
14363 21 98 233
14364 22 216 233
14365 23 178 233
14366 24 236 233
14367 25 132 233
14368 26 245 233
14369 27 104 233
14370 28 74 233
14371 29 44 233
14372 30 28 233
14373 31 223 233
14374 32 18 233
14375 33 149 233
14376 34 256 233
14377 35 106 233
14378 36 217 233
14379 37 249 233
14380 38 162 233
14381 39 59 233
14382 40 106 233
14383 41 236 233
14384 42 195 233
14385 43 228 233
14386 44 210 233
14387 45 67 233
14388 46 225 233
14389 47 169 233
14390 49 27 233
14391 2 239 234
14392 3 254 234
14393 4 192 234
14394 5 145 234
14395 6 98 234
14396 7 152 234
14397 8 189 234
14398 9 240 234
14399 10 115 234
14400 11 52 234
14401 12 151 234
14402 13 103 234
14403 14 2 234
14404 15 64 234
14405 16 151 234
14406 17 61 234
14407 18 123 234
14408 19 154 234
14409 20 67 234
14410 21 160 234
14411 22 56 234
14412 23 8 234
14413 24 72 234
14414 25 197 234
14415 26 196 234
14416 27 69 234
14417 28 224 234
14418 29 60 234
14419 30 112 234
14420 31 139 234
14421 32 103 234
14422 33 208 234
14423 34 153 234
14424 35 129 234
14425 36 52 234
14426 37 19 234
14427 38 40 234
14428 39 66 234
14429 40 86 234
14430 41 29 234
14431 42 21 234
14432 43 151 234
14433 44 162 234
14434 45 211 234
14435 46 121 234
14436 47 39 234
14437 48 187 234
14438 49 121 234
14439 50 120 234
14440 51 88 234
14441 53 96 234
14442 1 46 235
14443 2 181 235
14444 3 148 235
14445 4 218 235
14446 5 123 235
14447 6 11 235
14448 7 221 235
14449 8 49 235
14450 9 168 235
14451 10 95 235
14452 11 212 235
14453 12 7 235
14454 13 158 235
14455 14 208 235
14456 15 103 235
14457 16 4 235
14458 17 91 235
14459 18 78 235
14460 19 79 235
14461 20 222 235
14462 21 35 235
14463 22 50 235
14464 23 116 235
14465 24 6 235
14466 25 78 235
14467 26 31 235
14468 27 68 235
14469 28 246 235
14470 29 8 235
14471 30 250 235
14472 31 153 235
14473 32 56 235
14474 33 121 235
14475 34 71 235
14476 35 159 235
14477 36 104 235
14478 37 72 235
14479 38 93 235
14480 39 22 235
14481 40 175 235
14482 41 130 235
14483 42 76 235
14484 43 226 235
14485 44 85 235
14486 45 89 235
14487 46 171 235
14488 47 233 235
14489 48 169 235
14490 49 110 235
14491 50 159 235
14492 51 148 235
14493 52 105 235
14494 53 139 235
14495 54 50 235
14496 55 67 235
14497 57 11 235
14498 58 177 235
14499 1 146 236
14500 2 172 236
14501 3 72 236
14502 4 244 236
14503 5 117 236
14504 6 148 236
14505 7 201 236
14506 8 20 236
14507 9 235 236
14508 10 250 236
14509 11 123 236
14510 12 86 236
14511 13 73 236
14512 14 101 236
14513 15 102 236
14514 16 125 236
14515 17 234 236
14516 18 126 236
14517 19 74 236
14518 20 161 236
14519 21 31 236
14520 22 64 236
14521 23 241 236
14522 24 122 236
14523 25 169 236
14524 26 12 236
14525 27 236 236
14526 28 125 236
14527 29 102 236
14528 30 166 236
14529 31 29 236
14530 32 256 236
14531 33 38 236
14532 34 153 236
14533 35 53 236
14534 36 75 236
14535 37 223 236
14536 38 71 236
14537 39 26 236
14538 40 90 236
14539 41 247 236
14540 42 109 236
14541 43 253 236
14542 44 250 236
14543 45 252 236
14544 46 159 236
14545 47 106 236
14546 48 13 236
14547 49 81 236
14548 50 123 236
14549 51 54 236
14550 52 57 236
14551 53 244 236
14552 54 117 236
14553 55 144 236
14554 56 180 236
14555 57 12 236
14556 58 193 236
14557 59 100 236
14558 61 208 236
14559 1 48 237
14560 2 55 237
14561 3 122 237
14562 4 204 237
14563 5 149 237
14564 6 11 237
14565 7 62 237
14566 8 188 237
14567 9 217 237
14568 10 236 237
14569 11 186 237
14570 12 156 237
14571 13 141 237
14572 14 41 237
14573 15 224 237
14574 16 159 237
14575 17 166 237
14576 18 190 237
14577 19 43 237
14578 20 82 237
14579 21 83 237
14580 22 122 237
14581 23 37 237
14582 24 42 237
14583 25 241 237
14584 26 19 237
14585 27 234 237
14586 28 112 237
14587 30 253 237
14588 29 69 237
14589 31 123 237
14590 32 12 237
14591 33 174 237
14592 34 235 237
14593 35 185 237
14594 36 70 237
14595 37 240 237
14596 38 34 237
14597 39 110 237
14598 40 13 237
14599 41 46 237
14600 42 118 237
14601 43 199 237
14602 44 217 237
14603 45 82 237
14604 46 137 237
14605 47 181 237
14606 48 101 237
14607 49 208 237
14608 50 78 237
14609 51 96 237
14610 52 65 237
14611 53 202 237
14612 54 128 237
14613 55 97 237
14614 56 89 237
14615 57 187 237
14616 58 151 237
14617 59 134 237
14618 60 135 237
14619 61 154 237
14620 62 178 237
14621 63 237 237
14622 64 182 237
14623 65 35 237
14624 1 103 238
14625 2 254 238
14626 3 26 238
14627 4 42 238
14628 5 8 238
14629 6 20 238
14630 7 29 238
14631 8 250 238
14632 9 77 238
14633 10 242 238
14634 11 84 238
14635 12 158 238
14636 13 171 238
14637 14 48 238
14638 15 41 238
14639 16 114 238
14640 17 76 238
14641 18 163 238
14642 19 19 238
14643 20 215 238
14644 21 215 238
14645 22 206 238
14646 23 160 238
14647 24 216 238
14648 25 36 238
14649 26 65 238
14650 27 42 238
14651 28 247 238
14652 29 44 238
14653 30 60 238
14654 31 241 238
14655 32 69 238
14656 33 7 238
14657 34 139 238
14658 35 30 238
14659 36 254 238
14660 37 86 238
14661 38 130 238
14662 39 179 238
14663 40 178 238
14664 41 26 238
14665 42 226 238
14666 43 98 238
14667 44 77 238
14668 45 15 238
14669 46 217 238
14670 47 180 238
14671 48 211 238
14672 49 231 238
14673 50 74 238
14674 51 48 238
14675 52 192 238
14676 53 102 238
14677 54 234 238
14678 55 117 238
14679 56 219 238
14680 57 106 238
14681 58 108 238
14682 59 247 238
14683 60 129 238
14684 61 44 238
14685 62 26 238
14686 63 29 238
14687 64 168 238
14688 65 154 238
14689 66 190 238
14690 67 57 238
14691 68 139 238
14692 71 63 238
14693 69 229 238
14694 0 227 239
14695 1 122 239
14696 2 207 239
14697 3 192 239
14698 4 241 239
14699 5 55 239
14700 6 10 239
14701 7 93 239
14702 8 45 239
14703 9 158 239
14704 10 40 239
14705 11 79 239
14706 12 73 239
14707 13 166 239
14708 14 121 239
14709 15 116 239
14710 16 8 239
14711 17 209 239
14712 18 164 239
14713 19 92 239
14714 20 43 239
14715 21 13 239
14716 22 205 239
14717 23 178 239
14718 24 251 239
14719 25 29 239
14720 26 134 239
14721 27 70 239
14722 28 140 239
14723 29 143 239
14724 30 210 239
14725 31 12 239
14726 32 172 239
14727 33 40 239
14728 34 113 239
14729 35 38 239
14730 36 167 239
14731 37 17 239
14732 38 46 239
14733 39 52 239
14734 40 203 239
14735 41 162 239
14736 42 36 239
14737 43 70 239
14738 44 54 239
14739 45 120 239
14740 46 152 239
14741 47 14 239
14742 48 153 239
14743 49 183 239
14744 50 153 239
14745 51 248 239
14746 52 118 239
14747 53 61 239
14748 54 230 239
14749 55 100 239
14750 56 91 239
14751 57 73 239
14752 58 26 239
14753 59 235 239
14754 60 77 239
14755 61 148 239
14756 62 135 239
14757 63 58 239
14758 64 75 239
14759 65 179 239
14760 66 108 239
14761 67 99 239
14762 68 90 239
14763 69 10 239
14764 70 199 239
14765 71 96 239
14766 72 95 239
14767 73 139 239
14768 0 105 240
14769 1 227 240
14770 2 155 240
14771 3 135 240
14772 4 40 240
14773 5 141 240
14774 6 126 240
14775 7 131 240
14776 8 50 240
14777 9 251 240
14778 10 165 240
14779 11 137 240
14780 12 146 240
14781 13 249 240
14782 14 233 240
14783 15 182 240
14784 16 254 240
14785 17 99 240
14786 18 144 240
14787 19 83 240
14788 20 115 240
14789 21 232 240
14790 22 125 240
14791 23 194 240
14792 24 169 240
14793 25 227 240
14794 26 147 240
14795 27 88 240
14796 28 185 240
14797 29 98 240
14798 30 64 240
14799 31 59 240
14800 32 174 240
14801 33 41 240
14802 34 256 240
14803 35 49 240
14804 36 15 240
14805 37 208 240
14806 38 182 240
14807 39 71 240
14808 40 245 240
14809 41 231 240
14810 42 221 240
14811 43 129 240
14812 44 51 240
14813 45 101 240
14814 46 206 240
14815 47 105 240
14816 48 219 240
14817 49 46 240
14818 50 53 240
14819 51 171 240
14820 52 129 240
14821 53 252 240
14822 54 171 240
14823 55 61 240
14824 56 66 240
14825 57 50 240
14826 58 127 240
14827 59 187 240
14828 60 52 240
14829 61 18 240
14830 62 157 240
14831 63 123 240
14832 64 98 240
14833 65 161 240
14834 66 31 240
14835 67 81 240
14836 68 140 240
14837 69 107 240
14838 70 94 240
14839 71 136 240
14840 72 50 240
14841 73 89 240
14842 74 33 240
14843 75 185 240
14844 76 16 240
14845 77 72 240
14846 78 23 240
14847 79 153 240
14848 0 250 241
14849 1 37 241
14850 2 134 241
14851 3 191 241
14852 4 45 241
14853 5 25 241
14854 6 86 241
14855 7 30 241
14856 8 55 241
14857 9 168 241
14858 10 63 241
14859 11 36 241
14860 12 91 241
14861 13 107 241
14862 14 10 241
14863 15 81 241
14864 16 152 241
14865 17 88 241
14866 18 126 241
14867 19 95 241
14868 20 69 241
14869 21 143 241
14870 22 141 241
14871 23 171 241
14872 24 138 241
14873 25 84 241
14874 26 13 241
14875 27 227 241
14876 28 67 241
14877 29 60 241
14878 30 190 241
14879 31 245 241
14880 32 104 241
14881 33 181 241
14882 34 198 241
14883 35 122 241
14884 36 256 241
14885 37 204 241
14886 38 149 241
14887 39 115 241
14888 40 28 241
14889 41 131 241
14890 42 194 241
14891 43 176 241
14892 44 244 241
14893 45 165 241
14894 46 217 241
14895 47 229 241
14896 48 112 241
14897 49 180 241
14898 50 139 241
14899 51 233 241
14900 52 224 241
14901 53 44 241
14902 54 77 241
14903 55 155 241
14904 56 147 241
14905 57 235 241
14906 58 225 241
14907 59 151 241
14908 60 163 241
14909 61 205 241
14910 62 160 241
14911 63 232 241
14912 64 167 241
14913 65 38 241
14914 66 126 241
14915 67 101 241
14916 68 143 241
14917 69 151 241
14918 70 124 241
14919 71 160 241
14920 72 58 241
14921 73 94 241
14922 74 64 241
14923 75 59 241
14924 76 99 241
14925 77 159 241
14926 78 149 241
14927 79 227 241
14928 81 238 241
14929 82 190 241
14930 83 89 241
14931 85 200 241
14932 0 102 242
14933 1 249 242
14934 2 101 242
14935 3 88 242
14936 4 117 242
14937 5 146 242
14938 6 151 242
14939 7 165 242
14940 8 9 242
14941 9 57 242
14942 10 21 242
14943 11 26 242
14944 12 249 242
14945 13 72 242
14946 14 94 242
14947 15 75 242
14948 16 120 242
14949 17 35 242
14950 18 245 242
14951 19 37 242
14952 20 128 242
14953 21 218 242
14954 22 83 242
14955 23 233 242
14956 24 251 242
14957 25 127 242
14958 26 85 242
14959 27 117 242
14960 28 237 242
14961 29 161 242
14962 30 161 242
14963 31 14 242
14964 32 180 242
14965 33 94 242
14966 34 148 242
14967 35 126 242
14968 36 35 242
14969 37 144 242
14970 38 107 242
14971 39 19 242
14972 40 16 242
14973 41 196 242
14974 42 18 242
14975 43 79 242
14976 44 191 242
14977 45 150 242
14978 46 242 242
14979 47 184 242
14980 48 70 242
14981 49 139 242
14982 50 223 242
14983 51 141 242
14984 52 58 242
14985 53 185 242
14986 54 197 242
14987 55 100 242
14988 56 203 242
14989 57 82 242
14990 58 109 242
14991 59 216 242
14992 60 223 242
14993 61 181 242
14994 62 185 242
14995 63 95 242
14996 64 168 242
14997 65 14 242
14998 66 51 242
14999 67 187 242
15000 68 48 242
15001 69 235 242
15002 70 169 242
15003 71 58 242
15004 72 61 242
15005 73 149 242
15006 74 174 242
15007 75 14 242
15008 76 91 242
15009 77 251 242
15010 78 23 242
15011 79 30 242
15012 80 83 242
15013 81 138 242
15014 82 7 242
15015 83 252 242
15016 85 196 242
15017 86 41 242
15018 89 6 242
15019 0 92 243
15020 1 224 243
15021 2 164 243
15022 3 212 243
15023 4 165 243
15024 5 49 243
15025 6 25 243
15026 7 32 243
15027 8 13 243
15028 9 17 243
15029 10 250 243
15030 11 202 243
15031 12 19 243
15032 13 98 243
15033 14 224 243
15034 15 67 243
15035 17 170 243
15036 16 60 243
15037 18 77 243
15038 19 20 243
15039 20 46 243
15040 21 36 243
15041 22 23 243
15042 23 142 243
15043 24 67 243
15044 25 253 243
15045 26 58 243
15046 27 47 243
15047 28 90 243
15048 29 14 243
15049 30 197 243
15050 31 103 243
15051 32 179 243
15052 33 188 243
15053 34 190 243
15054 35 204 243
15055 36 69 243
15056 37 67 243
15057 38 184 243
15058 39 212 243
15059 40 80 243
15060 41 225 243
15061 42 131 243
15062 43 68 243
15063 44 151 243
15064 45 245 243
15065 46 118 243
15066 47 173 243
15067 48 74 243
15068 49 185 243
15069 50 8 243
15070 51 90 243
15071 52 253 243
15072 53 184 243
15073 54 83 243
15074 55 249 243
15075 56 152 243
15076 57 157 243
15077 58 216 243
15078 59 143 243
15079 60 83 243
15080 61 75 243
15081 62 229 243
15082 63 52 243
15083 64 153 243
15084 65 70 243
15085 66 86 243
15086 67 49 243
15087 68 81 243
15088 69 76 243
15089 70 208 243
15090 71 133 243
15091 72 58 243
15092 73 84 243
15093 74 206 243
15094 75 11 243
15095 76 73 243
15096 77 7 243
15097 78 55 243
15098 79 27 243
15099 80 70 243
15100 81 110 243
15101 82 134 243
15102 83 155 243
15103 84 12 243
15104 85 93 243
15105 86 256 243
15106 87 149 243
15107 88 7 243
15108 89 209 243
15109 91 81 243
15110 93 93 243
15111 0 167 244
15112 1 18 244
15113 2 23 244
15114 3 92 244
15115 4 116 244
15116 5 195 244
15117 6 57 244
15118 7 88 244
15119 8 194 244
15120 9 65 244
15121 10 247 244
15122 11 12 244
15123 12 134 244
15124 13 13 244
15125 14 62 244
15126 15 109 244
15127 16 31 244
15128 17 239 244
15129 18 120 244
15130 19 155 244
15131 20 4 244
15132 21 209 244
15133 22 43 244
15134 23 150 244
15135 24 230 244
15136 25 120 244
15137 26 196 244
15138 27 194 244
15139 28 159 244
15140 29 32 244
15141 30 27 244
15142 31 133 244
15143 32 221 244
15144 33 196 244
15145 34 4 244
15146 35 218 244
15147 36 74 244
15148 37 104 244
15149 38 29 244
15150 39 37 244
15151 40 26 244
15152 41 187 244
15153 42 255 244
15154 43 103 244
15155 44 232 244
15156 45 15 244
15157 46 94 244
15158 47 198 244
15159 48 27 244
15160 49 29 244
15161 50 162 244
15162 51 14 244
15163 52 164 244
15164 53 83 244
15165 54 161 244
15166 55 10 244
15167 56 158 244
15168 57 221 244
15169 58 122 244
15170 59 208 244
15171 60 139 244
15172 61 57 244
15173 62 87 244
15174 63 28 244
15175 64 31 244
15176 65 10 244
15177 66 231 244
15178 67 2 244
15179 68 243 244
15180 69 152 244
15181 70 240 244
15182 71 174 244
15183 72 215 244
15184 73 89 244
15185 74 111 244
15186 75 206 244
15187 76 245 244
15188 77 61 244
15189 78 189 244
15190 79 58 244
15191 80 152 244
15192 81 199 244
15193 82 166 244
15194 83 148 244
15195 84 84 244
15196 85 215 244
15197 86 109 244
15198 87 125 244
15199 88 59 244
15200 89 154 244
15201 90 15 244
15202 91 34 244
15203 92 126 244
15204 93 68 244
15205 94 69 244
15206 97 194 244
15207 0 245 245
15208 1 93 245
15209 2 209 245
15210 3 252 245
15211 4 203 245
15212 5 242 245
15213 6 179 245
15214 7 215 245
15215 8 114 245
15216 9 199 245
15217 10 94 245
15218 11 211 245
15219 12 255 245
15220 13 140 245
15221 14 182 245
15222 15 113 245
15223 16 63 245
15224 17 222 245
15225 18 19 245
15226 19 144 245
15227 20 231 245
15228 21 132 245
15229 22 179 245
15230 23 154 245
15231 24 70 245
15232 25 92 245
15233 26 27 245
15234 27 212 245
15235 28 60 245
15236 29 251 245
15237 30 220 245
15238 31 180 245
15239 32 79 245
15240 33 186 245
15241 34 144 245
15242 35 250 245
15243 36 94 245
15244 37 57 245
15245 38 131 245
15246 39 27 245
15247 40 6 245
15248 41 13 245
15249 42 150 245
15250 43 224 245
15251 44 148 245
15252 45 127 245
15253 46 22 245
15254 47 124 245
15255 48 110 245
15256 49 196 245
15257 50 128 245
15258 51 149 245
15259 52 251 245
15260 53 20 245
15261 54 75 245
15262 55 90 245
15263 56 36 245
15264 57 115 245
15265 58 154 245
15266 59 61 245
15267 60 221 245
15268 61 116 245
15269 62 150 245
15270 63 106 245
15271 64 106 245
15272 65 39 245
15273 66 224 245
15274 67 186 245
15275 68 114 245
15276 69 144 245
15277 70 175 245
15278 71 256 245
15279 72 66 245
15280 73 206 245
15281 74 61 245
15282 75 42 245
15283 76 233 245
15284 77 242 245
15285 78 31 245
15286 79 184 245
15287 80 28 245
15288 81 201 245
15289 82 201 245
15290 83 90 245
15291 84 40 245
15292 85 37 245
15293 86 77 245
15294 87 199 245
15295 88 155 245
15296 89 20 245
15297 91 9 245
15298 90 185 245
15299 92 173 245
15300 93 103 245
15301 94 244 245
15302 95 110 245
15303 96 29 245
15304 97 21 245
15305 98 134 245
15306 99 253 245
15307 101 243 245
15308 0 132 246
15309 1 189 246
15310 2 46 246
15311 3 176 246
15312 4 220 246
15313 5 17 246
15314 6 41 246
15315 7 175 246
15316 8 51 246
15317 9 122 246
15318 10 68 246
15319 11 44 246
15320 12 132 246
15321 13 249 246
15322 14 7 246
15323 15 193 246
15324 16 206 246
15325 17 198 246
15326 18 73 246
15327 19 65 246
15328 20 192 246
15329 21 123 246
15330 22 214 246
15331 23 164 246
15332 24 81 246
15333 25 153 246
15334 26 224 246
15335 27 250 246
15336 28 186 246
15337 29 46 246
15338 30 128 246
15339 31 26 246
15340 32 249 246
15341 33 118 246
15342 34 136 246
15343 35 7 246
15344 36 176 246
15345 37 246 246
15346 38 99 246
15347 39 81 246
15348 40 44 246
15349 41 223 246
15350 42 253 246
15351 43 211 246
15352 44 194 246
15353 45 221 246
15354 46 218 246
15355 47 204 246
15356 48 40 246
15357 49 215 246
15358 50 57 246
15359 51 19 246
15360 52 78 246
15361 53 220 246
15362 54 196 246
15363 55 173 246
15364 56 76 246
15365 57 176 246
15366 58 243 246
15367 59 111 246
15368 60 232 246
15369 61 168 246
15370 62 253 246
15371 63 152 246
15372 64 147 246
15373 65 236 246
15374 66 156 246
15375 67 90 246
15376 68 38 246
15377 69 78 246
15378 70 136 246
15379 71 97 246
15380 72 73 246
15381 73 198 246
15382 74 68 246
15383 75 91 246
15384 76 108 246
15385 77 27 246
15386 78 215 246
15387 79 109 246
15388 80 241 246
15389 81 50 246
15390 82 252 246
15391 83 211 246
15392 84 63 246
15393 85 169 246
15394 86 74 246
15395 87 71 246
15396 88 243 246
15397 89 197 246
15398 90 132 246
15399 91 17 246
15400 92 54 246
15401 93 123 246
15402 94 33 246
15403 95 64 246
15404 96 156 246
15405 97 97 246
15406 98 165 246
15407 99 52 246
15408 100 242 246
15409 101 121 246
15410 102 206 246
15411 103 22 246
15412 106 218 246
15413 0 247 247
15414 1 120 247
15415 2 13 247
15416 3 215 247
15417 4 193 247
15418 5 227 247
15419 6 81 247
15420 7 158 247
15421 8 22 247
15422 9 91 247
15423 10 153 247
15424 11 61 247
15425 12 191 247
15426 13 207 247
15427 14 154 247
15428 15 31 247
15429 16 239 247
15430 17 204 247
15431 18 163 247
15432 19 31 247
15433 20 135 247
15434 21 133 247
15435 22 116 247
15436 23 71 247
15437 24 123 247
15438 25 243 247
15439 26 93 247
15440 27 85 247
15441 28 232 247
15442 29 26 247
15443 30 13 247
15444 31 48 247
15445 32 34 247
15446 33 214 247
15447 34 51 247
15448 35 167 247
15449 36 8 247
15450 37 6 247
15451 38 77 247
15452 39 57 247
15453 40 16 247
15454 41 241 247
15455 42 34 247
15456 43 158 247
15457 44 127 247
15458 45 177 247
15459 46 179 247
15460 47 186 247
15461 48 162 247
15462 49 150 247
15463 50 192 247
15464 51 245 247
15465 52 148 247
15466 53 100 247
15467 54 182 247
15468 55 32 247
15469 56 194 247
15470 57 183 247
15471 58 101 247
15472 59 37 247
15473 60 52 247
15474 61 38 247
15475 62 182 247
15476 63 35 247
15477 64 231 247
15478 65 60 247
15479 66 174 247
15480 67 217 247
15481 68 128 247
15482 69 75 247
15483 70 103 247
15484 71 138 247
15485 72 150 247
15486 73 68 247
15487 74 8 247
15488 75 177 247
15489 76 154 247
15490 77 106 247
15491 78 231 247
15492 79 250 247
15493 80 153 247
15494 81 18 247
15495 82 189 247
15496 83 163 247
15497 84 75 247
15498 85 68 247
15499 86 250 247
15500 87 127 247
15501 88 25 247
15502 89 150 247
15503 90 107 247
15504 91 237 247
15505 92 124 247
15506 93 17 247
15507 94 246 247
15508 95 256 247
15509 96 95 247
15510 97 32 247
15511 98 24 247
15512 99 157 247
15513 100 225 247
15514 101 195 247
15515 102 238 247
15516 103 16 247
15517 104 41 247
15518 105 105 247
15519 106 113 247
15520 107 84 247
15521 109 64 247
15522 0 68 248
15523 1 145 248
15524 2 244 248
15525 3 19 248
15526 4 218 248
15527 5 182 248
15528 6 161 248
15529 7 141 248
15530 8 161 248
15531 9 244 248
15532 10 252 248
15533 11 106 248
15534 12 161 248
15535 13 1 248
15536 14 202 248
15537 15 187 248
15538 16 244 248
15539 17 141 248
15540 18 31 248
15541 19 185 248
15542 20 121 248
15543 21 118 248
15544 22 227 248
15545 23 56 248
15546 24 169 248
15547 25 202 248
15548 26 206 248
15549 27 40 248
15550 28 203 248
15551 29 89 248
15552 30 239 248
15553 31 194 248
15554 32 149 248
15555 33 92 248
15556 34 244 248
15557 35 205 248
15558 36 247 248
15559 37 26 248
15560 38 100 248
15561 39 248 248
15562 40 108 248
15563 41 130 248
15564 42 51 248
15565 43 55 248
15566 44 53 248
15567 45 181 248
15568 46 83 248
15569 47 18 248
15570 48 226 248
15571 49 122 248
15572 50 159 248
15573 51 34 248
15574 52 168 248
15575 53 182 248
15576 54 129 248
15577 55 190 248
15578 56 176 248
15579 57 126 248
15580 58 13 248
15581 59 143 248
15582 60 5 248
15583 61 237 248
15584 62 72 248
15585 63 106 248
15586 64 112 248
15587 65 180 248
15588 66 13 248
15589 67 252 248
15590 0 5 249
15591 68 191 248
15592 69 39 248
15593 0 173 250
15594 70 51 248
15595 0 229 251
15596 71 69 248
15597 72 206 248
15598 73 139 248
15599 74 246 248
15600 75 165 248
15601 76 68 248
15602 77 171 248
15603 78 142 248
15604 79 138 248
15605 80 92 248
15606 81 14 248
15607 82 47 248
15608 83 32 248
15609 84 167 248
15610 85 18 248
15611 86 87 248
15612 87 193 248
15613 88 224 248
15614 89 207 248
15615 90 76 248
15616 91 236 248
15617 92 185 248
15618 93 43 248
15619 94 28 248
15620 95 230 248
15621 96 124 248
15622 97 148 248
15623 98 241 248
15624 99 187 248
15625 100 234 248
15626 101 185 248
15627 102 82 248
15628 103 109 248
15629 104 238 248
15630 105 187 248
15631 106 250 248
15632 107 114 248
15633 108 175 248
15634 109 252 248
15635 110 89 248
15636 111 100 248
15637 112 45 248
15638 113 198 248
15639 1 83 249
15640 2 213 249
15641 3 2 249
15642 4 71 249
15643 5 37 249
15644 6 98 249
15645 7 89 249
15646 8 136 249
15647 9 209 249
15648 10 43 249
15649 11 189 249
15650 12 12 249
15651 13 24 249
15652 14 135 249
15653 15 245 249
15654 16 254 249
15655 17 243 249
15656 18 97 249
15657 19 252 249
15658 20 63 249
15659 21 126 249
15660 22 173 249
15661 23 199 249
15662 24 22 249
15663 25 246 249
15664 26 212 249
15665 27 66 249
15666 28 7 249
15667 29 21 249
15668 30 134 249
15669 31 132 249
15670 32 202 249
15671 33 228 249
15672 34 60 249
15673 35 202 249
15674 36 130 249
15675 37 191 249
15676 38 55 249
15677 39 234 249
15678 40 207 249
15679 41 243 249
15680 42 11 249
15681 43 45 249
15682 44 147 249
15683 45 214 249
15684 46 128 249
15685 47 219 249
15686 48 160 249
15687 49 254 249
15688 50 112 249
15689 51 155 249
15690 52 196 249
15691 53 82 249
15692 54 70 249
15693 55 10 249
15694 56 154 249
15695 57 96 249
15696 58 120 249
15697 59 151 249
15698 60 181 249
15699 61 130 249
15700 62 189 249
15701 63 20 249
15702 64 79 249
15703 65 161 249
15704 66 120 249
15705 67 242 249
15706 68 134 249
15707 69 153 249
15708 70 113 249
15709 71 101 249
15710 72 11 249
15711 73 155 249
15712 74 38 249
15713 75 84 249
15714 76 138 249
15715 77 237 249
15716 78 69 249
15717 79 189 249
15718 80 212 249
15719 81 51 249
15720 82 115 249
15721 83 180 249
15722 84 86 249
15723 85 77 249
15724 86 33 249
15725 87 95 249
15726 88 84 249
15727 89 1 249
15728 90 117 249
15729 91 203 249
15730 92 15 249
15731 93 196 249
15732 94 28 249
15733 95 222 249
15734 96 218 249
15735 97 195 249
15736 98 205 249
15737 99 189 249
15738 100 167 249
15739 101 243 249
15740 102 148 249
15741 103 216 249
15742 104 186 249
15743 105 47 249
15744 106 129 249
15745 107 49 249
15746 108 9 249
15747 109 141 249
15748 110 26 249
15749 111 239 249
15750 112 117 249
15751 113 246 249
15752 114 111 249
15753 115 80 249
15754 117 250 249
15755 118 34 249
15756 1 249 250
15757 2 210 250
15758 3 37 250
15759 4 149 250
15760 5 242 250
15761 6 12 250
15762 7 18 250
15763 8 16 250
15764 9 197 250
15765 10 23 250
15766 11 19 250
15767 12 146 250
15768 13 219 250
15769 14 42 250
15770 15 49 250
15771 16 143 250
15772 17 34 250
15773 18 47 250
15774 19 131 250
15775 20 93 250
15776 21 226 250
15777 22 151 250
15778 23 252 250
15779 24 250 250
15780 25 3 250
15781 26 163 250
15782 27 213 250
15783 28 20 250
15784 29 173 250
15785 30 86 250
15786 31 28 250
15787 32 181 250
15788 33 228 250
15789 34 238 250
15790 35 165 250
15791 36 196 250
15792 37 237 250
15793 38 21 250
15794 39 187 250
15795 40 194 250
15796 41 102 250
15797 42 193 250
15798 43 11 250
15799 44 93 250
15800 45 211 250
15801 46 168 250
15802 47 240 250
15803 48 181 250
15804 49 164 250
15805 50 5 250
15806 51 226 250
15807 52 130 250
15808 53 56 250
15809 54 219 250
15810 55 157 250
15811 56 123 250
15812 57 2 250
15813 58 207 250
15814 59 5 250
15815 60 228 250
15816 61 76 250
15817 62 7 250
15818 63 255 250
15819 64 126 250
15820 65 187 250
15821 66 5 250
15822 67 246 250
15823 68 24 250
15824 69 35 250
15825 70 133 250
15826 71 130 250
15827 72 166 250
15828 73 69 250
15829 74 237 250
15830 75 145 250
15831 76 30 250
15832 77 218 250
15833 78 68 250
15834 79 238 250
15835 80 121 250
15836 81 192 250
15837 82 147 250
15838 83 88 250
15839 84 162 250
15840 85 30 250
15841 86 146 250
15842 87 86 250
15843 88 212 250
15844 89 10 250
15845 90 67 250
15846 91 49 250
15847 92 221 250
15848 93 182 250
15849 94 87 250
15850 95 72 250
15851 96 177 250
15852 97 95 250
15853 98 176 250
15854 99 42 250
15855 100 32 250
15856 101 154 250
15857 102 90 250
15858 103 176 250
15859 104 94 250
15860 105 215 250
15861 106 112 250
15862 107 65 250
15863 108 222 250
15864 109 99 250
15865 110 12 250
15866 111 140 250
15867 112 6 250
15868 113 51 250
15869 114 232 250
15870 115 95 250
15871 116 95 250
15872 117 218 250
15873 118 14 250
15874 119 206 250
15875 120 230 250
15876 121 92 250
15877 1 88 251
15878 2 204 251
15879 3 10 251
15880 4 66 251
15881 5 113 251
15882 6 168 251
15883 7 102 251
15884 8 118 251
15885 9 29 251
15886 10 197 251
15887 11 233 251
15888 12 77 251
15889 13 121 251
15890 14 1 251
15891 15 34 251
15892 16 248 251
15893 17 156 251
15894 18 58 251
15895 19 164 251
15896 20 176 251
15897 21 224 251
15898 22 43 251
15899 23 36 251
15900 24 54 251
15901 25 165 251
15902 26 221 251
15903 27 70 251
15904 28 237 251
15905 29 88 251
15906 30 208 251
15907 31 87 251
15908 32 236 251
15909 33 107 251
15910 34 176 251
15911 35 152 251
15912 36 168 251
15913 37 209 251
15914 38 107 251
15915 39 5 251
15916 40 162 251
15917 41 52 251
15918 42 55 251
15919 43 149 251
15920 44 243 251
15921 45 185 251
15922 46 96 251
15923 47 230 251
15924 48 183 251
15925 49 195 251
15926 50 126 251
15927 51 227 251
15928 52 142 251
15929 53 87 251
15930 54 215 251
15931 55 19 251
15932 56 23 251
15933 57 170 251
15934 58 22 251
15935 59 210 251
15936 60 147 251
15937 61 42 251
15938 62 110 251
15939 63 256 251
15940 64 116 251
15941 65 45 251
15942 66 29 251
15943 67 159 251
15944 68 46 251
15945 69 96 251
15946 70 27 251
15947 71 185 251
15948 72 93 251
15949 73 103 251
15950 74 221 251
15951 76 230 251
15952 75 29 251
15953 77 121 251
15954 78 65 251
15955 79 22 251
15956 80 83 251
15957 81 113 251
15958 82 138 251
15959 83 154 251
15960 84 30 251
15961 85 151 251
15962 86 37 251
15963 87 178 251
15964 88 189 251
15965 89 231 251
15966 90 176 251
15967 91 117 251
15968 92 195 251
15969 93 243 251
15970 94 186 251
15971 95 43 251
15972 96 109 251
15973 97 47 251
15974 98 39 251
15975 99 206 251
15976 100 131 251
15977 101 216 251
15978 102 129 251
15979 103 70 251
15980 104 87 251
15981 105 172 251
15982 106 45 251
15983 107 163 251
15984 108 60 251
15985 109 132 251
15986 110 133 251
15987 111 46 251
15988 112 205 251
15989 113 207 251
15990 114 193 251
15991 115 110 251
15992 116 119 251
15993 117 227 251
15994 118 27 251
15995 119 9 251
15996 120 218 251
15997 121 168 251
15998 122 171 251
15999 123 160 251
16000 124 242 251
16001 125 84 251
16002 0 174 252
16003 1 34 252
16004 2 221 252
16005 3 173 252
16006 4 71 252
16007 5 142 252
16008 6 137 252
16009 7 222 252
16010 8 214 252
16011 9 36 252
16012 10 26 252
16013 11 23 252
16014 12 75 252
16015 13 240 252
16016 14 45 252
16017 15 195 252
16018 16 157 252
16019 17 137 252
16020 18 66 252
16021 19 44 252
16022 20 69 252
16023 21 21 252
16024 22 110 252
16025 23 80 252
16026 24 216 252
16027 25 246 252
16028 26 187 252
16029 27 36 252
16030 28 188 252
16031 29 111 252
16032 30 193 252
16033 31 123 252
16034 32 213 252
16035 33 123 252
16036 34 219 252
16037 35 252 252
16038 36 159 252
16039 37 114 252
16040 38 100 252
16041 39 123 252
16042 40 238 252
16043 41 52 252
16044 42 125 252
16045 43 110 252
16046 44 230 252
16047 45 70 252
16048 46 93 252
16049 47 127 252
16050 48 111 252
16051 49 124 252
16052 50 186 252
16053 51 109 252
16054 52 169 252
16055 53 139 252
16056 54 32 252
16057 55 199 252
16058 56 84 252
16059 57 162 252
16060 58 245 252
16061 59 53 252
16062 60 169 252
16063 61 9 252
16064 62 34 252
16065 63 28 252
16066 64 134 252
16067 65 45 252
16068 66 92 252
16069 67 66 252
16070 68 218 252
16071 69 48 252
16072 70 64 252
16073 71 50 252
16074 72 109 252
16075 73 86 252
16076 74 184 252
16077 75 201 252
16078 76 244 252
16079 77 97 252
16080 78 105 252
16081 79 250 252
16082 80 249 252
16083 81 120 252
16084 82 67 252
16085 83 147 252
16086 84 113 252
16087 85 219 252
16088 86 39 252
16089 87 96 252
16090 88 151 252
16091 89 138 252
16092 90 180 252
16093 91 3 252
16094 92 247 252
16095 93 174 252
16096 94 40 252
16097 95 198 252
16098 96 189 252
16099 97 77 252
16100 98 35 252
16101 99 186 252
16102 100 83 252
16103 101 101 252
16104 102 69 252
16105 103 175 252
16106 104 181 252
16107 105 186 252
16108 106 172 252
16109 107 129 252
16110 108 142 252
16111 109 93 252
16112 110 219 252
16113 111 52 252
16114 112 231 252
16115 113 251 252
16116 114 99 252
16117 115 186 252
16118 116 174 252
16119 117 74 252
16120 118 109 252
16121 119 47 252
16122 120 104 252
16123 121 251 252
16124 122 12 252
16125 123 151 252
16126 124 228 252
16127 125 235 252
16128 126 71 252
16129 0 204 253
16130 1 56 253
16131 2 113 253
16132 3 231 253
16133 4 13 253
16134 5 160 253
16135 6 137 253
16136 7 202 253
16137 8 96 253
16138 9 36 253
16139 10 129 253
16140 11 38 253
16141 12 22 253
16142 13 174 253
16143 14 206 253
16144 15 88 253
16145 16 153 253
16146 17 252 253
16147 18 239 253
16148 19 220 253
16149 20 140 253
16150 21 230 253
16151 23 5 253
16152 22 92 253
16153 24 184 253
16154 25 93 253
16155 26 124 253
16156 27 159 253
16157 28 147 253
16158 29 16 253
16159 30 90 253
16160 31 147 253
16161 32 28 253
16162 33 12 253
16163 34 160 253
16164 35 90 253
16165 36 247 253
16166 37 78 253
16167 38 89 253
16168 39 121 253
16169 40 3 253
16170 41 231 253
16171 42 192 253
weights 254 254 254 254 254 254 254 254 254 254 254 254 254 254 254 254 254 254 254 254 254 254 254 254 254 254 254 254 254 254 254 254 254 254 254 254 254 254 254 254 254 254 254 253 253 253 253 253 253 253 253 253 253 253 253 253 253 253 253 253 253 253 253 253 253 253 253 253 253 253 253 253 253 253 253 253 253 253 253 253 253 253 253 253 253 253 253 253 253 253 253 253 253 253 253 253 253 253 253 253 253 253 253 253 253 253 253 253 253 253 253 253 253 253 253 253 253 253 253 253 253 253 253 253 253 253 253
